"elec_demand_ER","elec_demand_NER","elec_demand_NR","elec_demand_SR","elec_demand_WR"
29456.4175713318,1989.77965705945,44291.1370751905,49397.2257212073,58799.8976399856
28363.1572437821,1892.51576672267,43074.4330616666,48402.5721257313,57445.5520923186
27882.3343455744,1822.93450306104,42260.2493565224,47539.5342222052,56775.4610607294
27639.4867983299,1784.26901828726,41852.7619996721,47007.3907266509,56638.8837378916
27402.0636600056,1773.16196245114,41535.2584281158,47225.5486505499,56241.6108376736
26775.890088627,1891.07275717014,41656.31338773,48470.4935452242,57085.7633959028
26135.6687364284,2079.92234892339,43238.4752704859,52975.2385972967,61502.5751924691
28195.3085314383,2268.04616644746,48672.4401963899,56465.883202136,64276.6737318485
28699.9910307909,2207.06872495438,50706.963634229,59374.9024689164,67521.6195311611
29066.0991416934,2160.59498475019,51994.6070526903,63268.1843238108,68801.4093342366
29561.9861250308,2130.26693184231,55755.6118290025,64944.5765738991,71449.7656521673
29977.7654434137,2184.60682745577,55734.0096238539,65716.1054790139,71914.17506974
30264.6946358332,2204.53664085416,54625.5575603756,65570.804491773,71441.861922946
30319.2885047664,2217.22068460712,54388.0739398658,64920.7245351501,71558.121228455
30596.1147310499,2246.28383855633,55113.3298277089,65092.5864471229,72314.0114728213
30634.1961614097,2260.82359858356,55160.3166431752,63154.9533203727,72014.3939404843
30077.9576749463,2361.42940993603,55336.8244821356,59843.0660003901,70579.839114326
29430.1020390365,2668.9074171668,55151.5935736627,55682.1355380181,66843.9944553431
31649.795573998,3033.61972045269,52771.6207003838,52729.3028570849,66644.2771354619
31411.5544921673,2921.38088729482,52268.6109314169,52063.6175400386,63680.9143130501
31363.5691939876,2846.25563999856,51656.4437512007,51309.3277252503,62971.9534060404
31288.5609502884,2626.55594060765,50695.5888950776,51135.0176780845,62806.7934694435
30287.058276516,2333.70839487062,47593.6967817531,50591.8898517831,60530.3333731475
29530.5348670406,2163.78905995147,45651.6537226998,49398.247960329,59162.8224192115
29456.4175713318,1989.77965705945,44291.1370751905,49397.2257212073,58799.8976399856
28363.1572437821,1892.51576672267,43074.4330616666,48402.5721257313,57445.5520923186
27882.3343455744,1822.93450306104,42260.2493565224,47539.5342222052,56775.4610607294
27639.4867983299,1784.26901828726,41852.7619996721,47007.3907266509,56638.8837378916
27402.0636600056,1773.16196245114,41535.2584281158,47225.5486505499,56241.6108376736
26775.890088627,1891.07275717014,41656.31338773,48470.4935452242,57085.7633959028
26135.6687364284,2079.92234892339,43238.4752704859,52975.2385972967,61502.5751924691
28195.3085314383,2268.04616644746,48672.4401963899,56465.883202136,64276.6737318485
28699.9910307909,2207.06872495438,50706.963634229,59374.9024689164,67521.6195311611
29066.0991416934,2160.59498475019,51994.6070526903,63268.1843238108,68801.4093342366
29561.9861250308,2130.26693184231,55755.6118290025,64944.5765738991,71449.7656521673
29977.7654434137,2184.60682745577,55734.0096238539,65716.1054790139,71914.17506974
30264.6946358332,2204.53664085416,54625.5575603756,65570.804491773,71441.861922946
30319.2885047664,2217.22068460712,54388.0739398658,64920.7245351501,71558.121228455
30596.1147310499,2246.28383855633,55113.3298277089,65092.5864471229,72314.0114728213
30634.1961614097,2260.82359858356,55160.3166431752,63154.9533203727,72014.3939404843
30077.9576749463,2361.42940993603,55336.8244821356,59843.0660003901,70579.839114326
29430.1020390365,2668.9074171668,55151.5935736627,55682.1355380181,66843.9944553431
31649.795573998,3033.61972045269,52771.6207003838,52729.3028570849,66644.2771354619
31411.5544921673,2921.38088729482,52268.6109314169,52063.6175400386,63680.9143130501
31363.5691939876,2846.25563999856,51656.4437512007,51309.3277252503,62971.9534060404
31288.5609502884,2626.55594060765,50695.5888950776,51135.0176780845,62806.7934694435
30287.058276516,2333.70839487062,47593.6967817531,50591.8898517831,60530.3333731475
29530.5348670406,2163.78905995147,45651.6537226998,49398.247960329,59162.8224192115
29456.4175713318,1989.77965705945,44291.1370751905,49397.2257212073,58799.8976399856
28363.1572437821,1892.51576672267,43074.4330616666,48402.5721257313,57445.5520923186
27882.3343455744,1822.93450306104,42260.2493565224,47539.5342222052,56775.4610607294
27639.4867983299,1784.26901828726,41852.7619996721,47007.3907266509,56638.8837378916
27402.0636600056,1773.16196245114,41535.2584281158,47225.5486505499,56241.6108376736
26775.890088627,1891.07275717014,41656.31338773,48470.4935452242,57085.7633959028
26135.6687364284,2079.92234892339,43238.4752704859,52975.2385972967,61502.5751924691
28195.3085314383,2268.04616644746,48672.4401963899,56465.883202136,64276.6737318485
28699.9910307909,2207.06872495438,50706.963634229,59374.9024689164,67521.6195311611
29066.0991416934,2160.59498475019,51994.6070526903,63268.1843238108,68801.4093342366
29561.9861250308,2130.26693184231,55755.6118290025,64944.5765738991,71449.7656521673
29977.7654434137,2184.60682745577,55734.0096238539,65716.1054790139,71914.17506974
30264.6946358332,2204.53664085416,54625.5575603756,65570.804491773,71441.861922946
30319.2885047664,2217.22068460712,54388.0739398658,64920.7245351501,71558.121228455
30596.1147310499,2246.28383855633,55113.3298277089,65092.5864471229,72314.0114728213
30634.1961614097,2260.82359858356,55160.3166431752,63154.9533203727,72014.3939404843
30077.9576749463,2361.42940993603,55336.8244821356,59843.0660003901,70579.839114326
29430.1020390365,2668.9074171668,55151.5935736627,55682.1355380181,66843.9944553431
31649.795573998,3033.61972045269,52771.6207003838,52729.3028570849,66644.2771354619
31411.5544921673,2921.38088729482,52268.6109314169,52063.6175400386,63680.9143130501
31363.5691939876,2846.25563999856,51656.4437512007,51309.3277252503,62971.9534060404
31288.5609502884,2626.55594060765,50695.5888950776,51135.0176780845,62806.7934694435
30287.058276516,2333.70839487062,47593.6967817531,50591.8898517831,60530.3333731475
29530.5348670406,2163.78905995147,45651.6537226998,49398.247960329,59162.8224192115
29456.4175713318,1989.77965705945,44291.1370751905,49397.2257212073,58799.8976399856
28363.1572437821,1892.51576672267,43074.4330616666,48402.5721257313,57445.5520923186
27882.3343455744,1822.93450306104,42260.2493565224,47539.5342222052,56775.4610607294
27639.4867983299,1784.26901828726,41852.7619996721,47007.3907266509,56638.8837378916
27402.0636600056,1773.16196245114,41535.2584281158,47225.5486505499,56241.6108376736
26775.890088627,1891.07275717014,41656.31338773,48470.4935452242,57085.7633959028
26135.6687364284,2079.92234892339,43238.4752704859,52975.2385972967,61502.5751924691
28195.3085314383,2268.04616644746,48672.4401963899,56465.883202136,64276.6737318485
28699.9910307909,2207.06872495438,50706.963634229,59374.9024689164,67521.6195311611
29066.0991416934,2160.59498475019,51994.6070526903,63268.1843238108,68801.4093342366
29561.9861250308,2130.26693184231,55755.6118290025,64944.5765738991,71449.7656521673
29977.7654434137,2184.60682745577,55734.0096238539,65716.1054790139,71914.17506974
30264.6946358332,2204.53664085416,54625.5575603756,65570.804491773,71441.861922946
30319.2885047664,2217.22068460712,54388.0739398658,64920.7245351501,71558.121228455
30596.1147310499,2246.28383855633,55113.3298277089,65092.5864471229,72314.0114728213
30634.1961614097,2260.82359858356,55160.3166431752,63154.9533203727,72014.3939404843
30077.9576749463,2361.42940993603,55336.8244821356,59843.0660003901,70579.839114326
29430.1020390365,2668.9074171668,55151.5935736627,55682.1355380181,66843.9944553431
31649.795573998,3033.61972045269,52771.6207003838,52729.3028570849,66644.2771354619
31411.5544921673,2921.38088729482,52268.6109314169,52063.6175400386,63680.9143130501
31363.5691939876,2846.25563999856,51656.4437512007,51309.3277252503,62971.9534060404
31288.5609502884,2626.55594060765,50695.5888950776,51135.0176780845,62806.7934694435
30287.058276516,2333.70839487062,47593.6967817531,50591.8898517831,60530.3333731475
29530.5348670406,2163.78905995147,45651.6537226998,49398.247960329,59162.8224192115
29456.4175713318,1989.77965705945,44291.1370751905,49397.2257212073,58799.8976399856
28363.1572437821,1892.51576672267,43074.4330616666,48402.5721257313,57445.5520923186
27882.3343455744,1822.93450306104,42260.2493565224,47539.5342222052,56775.4610607294
27639.4867983299,1784.26901828726,41852.7619996721,47007.3907266509,56638.8837378916
27402.0636600056,1773.16196245114,41535.2584281158,47225.5486505499,56241.6108376736
26775.890088627,1891.07275717014,41656.31338773,48470.4935452242,57085.7633959028
26135.6687364284,2079.92234892339,43238.4752704859,52975.2385972967,61502.5751924691
28195.3085314383,2268.04616644746,48672.4401963899,56465.883202136,64276.6737318485
28699.9910307909,2207.06872495438,50706.963634229,59374.9024689164,67521.6195311611
29066.0991416934,2160.59498475019,51994.6070526903,63268.1843238108,68801.4093342366
29561.9861250308,2130.26693184231,55755.6118290025,64944.5765738991,71449.7656521673
29977.7654434137,2184.60682745577,55734.0096238539,65716.1054790139,71914.17506974
30264.6946358332,2204.53664085416,54625.5575603756,65570.804491773,71441.861922946
30319.2885047664,2217.22068460712,54388.0739398658,64920.7245351501,71558.121228455
30596.1147310499,2246.28383855633,55113.3298277089,65092.5864471229,72314.0114728213
30634.1961614097,2260.82359858356,55160.3166431752,63154.9533203727,72014.3939404843
30077.9576749463,2361.42940993603,55336.8244821356,59843.0660003901,70579.839114326
29430.1020390365,2668.9074171668,55151.5935736627,55682.1355380181,66843.9944553431
31649.795573998,3033.61972045269,52771.6207003838,52729.3028570849,66644.2771354619
31411.5544921673,2921.38088729482,52268.6109314169,52063.6175400386,63680.9143130501
31363.5691939876,2846.25563999856,51656.4437512007,51309.3277252503,62971.9534060404
31288.5609502884,2626.55594060765,50695.5888950776,51135.0176780845,62806.7934694435
30287.058276516,2333.70839487062,47593.6967817531,50591.8898517831,60530.3333731475
29530.5348670406,2163.78905995147,45651.6537226998,49398.247960329,59162.8224192115
29456.4175713318,1989.77965705945,44291.1370751905,49397.2257212073,58799.8976399856
28363.1572437821,1892.51576672267,43074.4330616666,48402.5721257313,57445.5520923186
27882.3343455744,1822.93450306104,42260.2493565224,47539.5342222052,56775.4610607294
27639.4867983299,1784.26901828726,41852.7619996721,47007.3907266509,56638.8837378916
27402.0636600056,1773.16196245114,41535.2584281158,47225.5486505499,56241.6108376736
26775.890088627,1891.07275717014,41656.31338773,48470.4935452242,57085.7633959028
26135.6687364284,2079.92234892339,43238.4752704859,52975.2385972967,61502.5751924691
28195.3085314383,2268.04616644746,48672.4401963899,56465.883202136,64276.6737318485
28699.9910307909,2207.06872495438,50706.963634229,59374.9024689164,67521.6195311611
29066.0991416934,2160.59498475019,51994.6070526903,63268.1843238108,68801.4093342366
29561.9861250308,2130.26693184231,55755.6118290025,64944.5765738991,71449.7656521673
29977.7654434137,2184.60682745577,55734.0096238539,65716.1054790139,71914.17506974
30264.6946358332,2204.53664085416,54625.5575603756,65570.804491773,71441.861922946
30319.2885047664,2217.22068460712,54388.0739398658,64920.7245351501,71558.121228455
30596.1147310499,2246.28383855633,55113.3298277089,65092.5864471229,72314.0114728213
30634.1961614097,2260.82359858356,55160.3166431752,63154.9533203727,72014.3939404843
30077.9576749463,2361.42940993603,55336.8244821356,59843.0660003901,70579.839114326
29430.1020390365,2668.9074171668,55151.5935736627,55682.1355380181,66843.9944553431
31649.795573998,3033.61972045269,52771.6207003838,52729.3028570849,66644.2771354619
31411.5544921673,2921.38088729482,52268.6109314169,52063.6175400386,63680.9143130501
31363.5691939876,2846.25563999856,51656.4437512007,51309.3277252503,62971.9534060404
31288.5609502884,2626.55594060765,50695.5888950776,51135.0176780845,62806.7934694435
30287.058276516,2333.70839487062,47593.6967817531,50591.8898517831,60530.3333731475
29530.5348670406,2163.78905995147,45651.6537226998,49398.247960329,59162.8224192115
29456.4175713318,1989.77965705945,44291.1370751905,49397.2257212073,58799.8976399856
28363.1572437821,1892.51576672267,43074.4330616666,48402.5721257313,57445.5520923186
27882.3343455744,1822.93450306104,42260.2493565224,47539.5342222052,56775.4610607294
27639.4867983299,1784.26901828726,41852.7619996721,47007.3907266509,56638.8837378916
27402.0636600056,1773.16196245114,41535.2584281158,47225.5486505499,56241.6108376736
26775.890088627,1891.07275717014,41656.31338773,48470.4935452242,57085.7633959028
26135.6687364284,2079.92234892339,43238.4752704859,52975.2385972967,61502.5751924691
28195.3085314383,2268.04616644746,48672.4401963899,56465.883202136,64276.6737318485
28699.9910307909,2207.06872495438,50706.963634229,59374.9024689164,67521.6195311611
29066.0991416934,2160.59498475019,51994.6070526903,63268.1843238108,68801.4093342366
29561.9861250308,2130.26693184231,55755.6118290025,64944.5765738991,71449.7656521673
29977.7654434137,2184.60682745577,55734.0096238539,65716.1054790139,71914.17506974
30264.6946358332,2204.53664085416,54625.5575603756,65570.804491773,71441.861922946
30319.2885047664,2217.22068460712,54388.0739398658,64920.7245351501,71558.121228455
30596.1147310499,2246.28383855633,55113.3298277089,65092.5864471229,72314.0114728213
30634.1961614097,2260.82359858356,55160.3166431752,63154.9533203727,72014.3939404843
30077.9576749463,2361.42940993603,55336.8244821356,59843.0660003901,70579.839114326
29430.1020390365,2668.9074171668,55151.5935736627,55682.1355380181,66843.9944553431
31649.795573998,3033.61972045269,52771.6207003838,52729.3028570849,66644.2771354619
31411.5544921673,2921.38088729482,52268.6109314169,52063.6175400386,63680.9143130501
31363.5691939876,2846.25563999856,51656.4437512007,51309.3277252503,62971.9534060404
31288.5609502884,2626.55594060765,50695.5888950776,51135.0176780845,62806.7934694435
30287.058276516,2333.70839487062,47593.6967817531,50591.8898517831,60530.3333731475
29530.5348670406,2163.78905995147,45651.6537226998,49398.247960329,59162.8224192115
29456.4175713318,1989.77965705945,44291.1370751905,49397.2257212073,58799.8976399856
28363.1572437821,1892.51576672267,43074.4330616666,48402.5721257313,57445.5520923186
27882.3343455744,1822.93450306104,42260.2493565224,47539.5342222052,56775.4610607294
27639.4867983299,1784.26901828726,41852.7619996721,47007.3907266509,56638.8837378916
27402.0636600056,1773.16196245114,41535.2584281158,47225.5486505499,56241.6108376736
26775.890088627,1891.07275717014,41656.31338773,48470.4935452242,57085.7633959028
26135.6687364284,2079.92234892339,43238.4752704859,52975.2385972967,61502.5751924691
28195.3085314383,2268.04616644746,48672.4401963899,56465.883202136,64276.6737318485
28699.9910307909,2207.06872495438,50706.963634229,59374.9024689164,67521.6195311611
29066.0991416934,2160.59498475019,51994.6070526903,63268.1843238108,68801.4093342366
29561.9861250308,2130.26693184231,55755.6118290025,64944.5765738991,71449.7656521673
29977.7654434137,2184.60682745577,55734.0096238539,65716.1054790139,71914.17506974
30264.6946358332,2204.53664085416,54625.5575603756,65570.804491773,71441.861922946
30319.2885047664,2217.22068460712,54388.0739398658,64920.7245351501,71558.121228455
30596.1147310499,2246.28383855633,55113.3298277089,65092.5864471229,72314.0114728213
30634.1961614097,2260.82359858356,55160.3166431752,63154.9533203727,72014.3939404843
30077.9576749463,2361.42940993603,55336.8244821356,59843.0660003901,70579.839114326
29430.1020390365,2668.9074171668,55151.5935736627,55682.1355380181,66843.9944553431
31649.795573998,3033.61972045269,52771.6207003838,52729.3028570849,66644.2771354619
31411.5544921673,2921.38088729482,52268.6109314169,52063.6175400386,63680.9143130501
31363.5691939876,2846.25563999856,51656.4437512007,51309.3277252503,62971.9534060404
31288.5609502884,2626.55594060765,50695.5888950776,51135.0176780845,62806.7934694435
30287.058276516,2333.70839487062,47593.6967817531,50591.8898517831,60530.3333731475
29530.5348670406,2163.78905995147,45651.6537226998,49398.247960329,59162.8224192115
29456.4175713318,1989.77965705945,44291.1370751905,49397.2257212073,58799.8976399856
28363.1572437821,1892.51576672267,43074.4330616666,48402.5721257313,57445.5520923186
27882.3343455744,1822.93450306104,42260.2493565224,47539.5342222052,56775.4610607294
27639.4867983299,1784.26901828726,41852.7619996721,47007.3907266509,56638.8837378916
27402.0636600056,1773.16196245114,41535.2584281158,47225.5486505499,56241.6108376736
26775.890088627,1891.07275717014,41656.31338773,48470.4935452242,57085.7633959028
26135.6687364284,2079.92234892339,43238.4752704859,52975.2385972967,61502.5751924691
28195.3085314383,2268.04616644746,48672.4401963899,56465.883202136,64276.6737318485
28699.9910307909,2207.06872495438,50706.963634229,59374.9024689164,67521.6195311611
29066.0991416934,2160.59498475019,51994.6070526903,63268.1843238108,68801.4093342366
29561.9861250308,2130.26693184231,55755.6118290025,64944.5765738991,71449.7656521673
29977.7654434137,2184.60682745577,55734.0096238539,65716.1054790139,71914.17506974
30264.6946358332,2204.53664085416,54625.5575603756,65570.804491773,71441.861922946
30319.2885047664,2217.22068460712,54388.0739398658,64920.7245351501,71558.121228455
30596.1147310499,2246.28383855633,55113.3298277089,65092.5864471229,72314.0114728213
30634.1961614097,2260.82359858356,55160.3166431752,63154.9533203727,72014.3939404843
30077.9576749463,2361.42940993603,55336.8244821356,59843.0660003901,70579.839114326
29430.1020390365,2668.9074171668,55151.5935736627,55682.1355380181,66843.9944553431
31649.795573998,3033.61972045269,52771.6207003838,52729.3028570849,66644.2771354619
31411.5544921673,2921.38088729482,52268.6109314169,52063.6175400386,63680.9143130501
31363.5691939876,2846.25563999856,51656.4437512007,51309.3277252503,62971.9534060404
31288.5609502884,2626.55594060765,50695.5888950776,51135.0176780845,62806.7934694435
30287.058276516,2333.70839487062,47593.6967817531,50591.8898517831,60530.3333731475
29530.5348670406,2163.78905995147,45651.6537226998,49398.247960329,59162.8224192115
29456.4175713318,1989.77965705945,44291.1370751905,49397.2257212073,58799.8976399856
28363.1572437821,1892.51576672267,43074.4330616666,48402.5721257313,57445.5520923186
27882.3343455744,1822.93450306104,42260.2493565224,47539.5342222052,56775.4610607294
27639.4867983299,1784.26901828726,41852.7619996721,47007.3907266509,56638.8837378916
27402.0636600056,1773.16196245114,41535.2584281158,47225.5486505499,56241.6108376736
26775.890088627,1891.07275717014,41656.31338773,48470.4935452242,57085.7633959028
26135.6687364284,2079.92234892339,43238.4752704859,52975.2385972967,61502.5751924691
28195.3085314383,2268.04616644746,48672.4401963899,56465.883202136,64276.6737318485
28699.9910307909,2207.06872495438,50706.963634229,59374.9024689164,67521.6195311611
29066.0991416934,2160.59498475019,51994.6070526903,63268.1843238108,68801.4093342366
29561.9861250308,2130.26693184231,55755.6118290025,64944.5765738991,71449.7656521673
29977.7654434137,2184.60682745577,55734.0096238539,65716.1054790139,71914.17506974
30264.6946358332,2204.53664085416,54625.5575603756,65570.804491773,71441.861922946
30319.2885047664,2217.22068460712,54388.0739398658,64920.7245351501,71558.121228455
30596.1147310499,2246.28383855633,55113.3298277089,65092.5864471229,72314.0114728213
30634.1961614097,2260.82359858356,55160.3166431752,63154.9533203727,72014.3939404843
30077.9576749463,2361.42940993603,55336.8244821356,59843.0660003901,70579.839114326
29430.1020390365,2668.9074171668,55151.5935736627,55682.1355380181,66843.9944553431
31649.795573998,3033.61972045269,52771.6207003838,52729.3028570849,66644.2771354619
31411.5544921673,2921.38088729482,52268.6109314169,52063.6175400386,63680.9143130501
31363.5691939876,2846.25563999856,51656.4437512007,51309.3277252503,62971.9534060404
31288.5609502884,2626.55594060765,50695.5888950776,51135.0176780845,62806.7934694435
30287.058276516,2333.70839487062,47593.6967817531,50591.8898517831,60530.3333731475
29530.5348670406,2163.78905995147,45651.6537226998,49398.247960329,59162.8224192115
29456.4175713318,1989.77965705945,44291.1370751905,49397.2257212073,58799.8976399856
28363.1572437821,1892.51576672267,43074.4330616666,48402.5721257313,57445.5520923186
27882.3343455744,1822.93450306104,42260.2493565224,47539.5342222052,56775.4610607294
27639.4867983299,1784.26901828726,41852.7619996721,47007.3907266509,56638.8837378916
27402.0636600056,1773.16196245114,41535.2584281158,47225.5486505499,56241.6108376736
26775.890088627,1891.07275717014,41656.31338773,48470.4935452242,57085.7633959028
26135.6687364284,2079.92234892339,43238.4752704859,52975.2385972967,61502.5751924691
28195.3085314383,2268.04616644746,48672.4401963899,56465.883202136,64276.6737318485
28699.9910307909,2207.06872495438,50706.963634229,59374.9024689164,67521.6195311611
29066.0991416934,2160.59498475019,51994.6070526903,63268.1843238108,68801.4093342366
29561.9861250308,2130.26693184231,55755.6118290025,64944.5765738991,71449.7656521673
29977.7654434137,2184.60682745577,55734.0096238539,65716.1054790139,71914.17506974
30264.6946358332,2204.53664085416,54625.5575603756,65570.804491773,71441.861922946
30319.2885047664,2217.22068460712,54388.0739398658,64920.7245351501,71558.121228455
30596.1147310499,2246.28383855633,55113.3298277089,65092.5864471229,72314.0114728213
30634.1961614097,2260.82359858356,55160.3166431752,63154.9533203727,72014.3939404843
30077.9576749463,2361.42940993603,55336.8244821356,59843.0660003901,70579.839114326
29430.1020390365,2668.9074171668,55151.5935736627,55682.1355380181,66843.9944553431
31649.795573998,3033.61972045269,52771.6207003838,52729.3028570849,66644.2771354619
31411.5544921673,2921.38088729482,52268.6109314169,52063.6175400386,63680.9143130501
31363.5691939876,2846.25563999856,51656.4437512007,51309.3277252503,62971.9534060404
31288.5609502884,2626.55594060765,50695.5888950776,51135.0176780845,62806.7934694435
30287.058276516,2333.70839487062,47593.6967817531,50591.8898517831,60530.3333731475
29530.5348670406,2163.78905995147,45651.6537226998,49398.247960329,59162.8224192115
29456.4175713318,1989.77965705945,44291.1370751905,49397.2257212073,58799.8976399856
28363.1572437821,1892.51576672267,43074.4330616666,48402.5721257313,57445.5520923186
27882.3343455744,1822.93450306104,42260.2493565224,47539.5342222052,56775.4610607294
27639.4867983299,1784.26901828726,41852.7619996721,47007.3907266509,56638.8837378916
27402.0636600056,1773.16196245114,41535.2584281158,47225.5486505499,56241.6108376736
26775.890088627,1891.07275717014,41656.31338773,48470.4935452242,57085.7633959028
26135.6687364284,2079.92234892339,43238.4752704859,52975.2385972967,61502.5751924691
28195.3085314383,2268.04616644746,48672.4401963899,56465.883202136,64276.6737318485
28699.9910307909,2207.06872495438,50706.963634229,59374.9024689164,67521.6195311611
29066.0991416934,2160.59498475019,51994.6070526903,63268.1843238108,68801.4093342366
29561.9861250308,2130.26693184231,55755.6118290025,64944.5765738991,71449.7656521673
29977.7654434137,2184.60682745577,55734.0096238539,65716.1054790139,71914.17506974
30264.6946358332,2204.53664085416,54625.5575603756,65570.804491773,71441.861922946
30319.2885047664,2217.22068460712,54388.0739398658,64920.7245351501,71558.121228455
30596.1147310499,2246.28383855633,55113.3298277089,65092.5864471229,72314.0114728213
30634.1961614097,2260.82359858356,55160.3166431752,63154.9533203727,72014.3939404843
30077.9576749463,2361.42940993603,55336.8244821356,59843.0660003901,70579.839114326
29430.1020390365,2668.9074171668,55151.5935736627,55682.1355380181,66843.9944553431
31649.795573998,3033.61972045269,52771.6207003838,52729.3028570849,66644.2771354619
31411.5544921673,2921.38088729482,52268.6109314169,52063.6175400386,63680.9143130501
31363.5691939876,2846.25563999856,51656.4437512007,51309.3277252503,62971.9534060404
31288.5609502884,2626.55594060765,50695.5888950776,51135.0176780845,62806.7934694435
30287.058276516,2333.70839487062,47593.6967817531,50591.8898517831,60530.3333731475
29530.5348670406,2163.78905995147,45651.6537226998,49398.247960329,59162.8224192115
29456.4175713318,1989.77965705945,44291.1370751905,49397.2257212073,58799.8976399856
28363.1572437821,1892.51576672267,43074.4330616666,48402.5721257313,57445.5520923186
27882.3343455744,1822.93450306104,42260.2493565224,47539.5342222052,56775.4610607294
27639.4867983299,1784.26901828726,41852.7619996721,47007.3907266509,56638.8837378916
27402.0636600056,1773.16196245114,41535.2584281158,47225.5486505499,56241.6108376736
26775.890088627,1891.07275717014,41656.31338773,48470.4935452242,57085.7633959028
26135.6687364284,2079.92234892339,43238.4752704859,52975.2385972967,61502.5751924691
28195.3085314383,2268.04616644746,48672.4401963899,56465.883202136,64276.6737318485
28699.9910307909,2207.06872495438,50706.963634229,59374.9024689164,67521.6195311611
29066.0991416934,2160.59498475019,51994.6070526903,63268.1843238108,68801.4093342366
29561.9861250308,2130.26693184231,55755.6118290025,64944.5765738991,71449.7656521673
29977.7654434137,2184.60682745577,55734.0096238539,65716.1054790139,71914.17506974
30264.6946358332,2204.53664085416,54625.5575603756,65570.804491773,71441.861922946
30319.2885047664,2217.22068460712,54388.0739398658,64920.7245351501,71558.121228455
30596.1147310499,2246.28383855633,55113.3298277089,65092.5864471229,72314.0114728213
30634.1961614097,2260.82359858356,55160.3166431752,63154.9533203727,72014.3939404843
30077.9576749463,2361.42940993603,55336.8244821356,59843.0660003901,70579.839114326
29430.1020390365,2668.9074171668,55151.5935736627,55682.1355380181,66843.9944553431
31649.795573998,3033.61972045269,52771.6207003838,52729.3028570849,66644.2771354619
31411.5544921673,2921.38088729482,52268.6109314169,52063.6175400386,63680.9143130501
31363.5691939876,2846.25563999856,51656.4437512007,51309.3277252503,62971.9534060404
31288.5609502884,2626.55594060765,50695.5888950776,51135.0176780845,62806.7934694435
30287.058276516,2333.70839487062,47593.6967817531,50591.8898517831,60530.3333731475
29530.5348670406,2163.78905995147,45651.6537226998,49398.247960329,59162.8224192115
29456.4175713318,1989.77965705945,44291.1370751905,49397.2257212073,58799.8976399856
28363.1572437821,1892.51576672267,43074.4330616666,48402.5721257313,57445.5520923186
27882.3343455744,1822.93450306104,42260.2493565224,47539.5342222052,56775.4610607294
27639.4867983299,1784.26901828726,41852.7619996721,47007.3907266509,56638.8837378916
27402.0636600056,1773.16196245114,41535.2584281158,47225.5486505499,56241.6108376736
26775.890088627,1891.07275717014,41656.31338773,48470.4935452242,57085.7633959028
26135.6687364284,2079.92234892339,43238.4752704859,52975.2385972967,61502.5751924691
28195.3085314383,2268.04616644746,48672.4401963899,56465.883202136,64276.6737318485
28699.9910307909,2207.06872495438,50706.963634229,59374.9024689164,67521.6195311611
29066.0991416934,2160.59498475019,51994.6070526903,63268.1843238108,68801.4093342366
29561.9861250308,2130.26693184231,55755.6118290025,64944.5765738991,71449.7656521673
29977.7654434137,2184.60682745577,55734.0096238539,65716.1054790139,71914.17506974
30264.6946358332,2204.53664085416,54625.5575603756,65570.804491773,71441.861922946
30319.2885047664,2217.22068460712,54388.0739398658,64920.7245351501,71558.121228455
30596.1147310499,2246.28383855633,55113.3298277089,65092.5864471229,72314.0114728213
30634.1961614097,2260.82359858356,55160.3166431752,63154.9533203727,72014.3939404843
30077.9576749463,2361.42940993603,55336.8244821356,59843.0660003901,70579.839114326
29430.1020390365,2668.9074171668,55151.5935736627,55682.1355380181,66843.9944553431
31649.795573998,3033.61972045269,52771.6207003838,52729.3028570849,66644.2771354619
31411.5544921673,2921.38088729482,52268.6109314169,52063.6175400386,63680.9143130501
31363.5691939876,2846.25563999856,51656.4437512007,51309.3277252503,62971.9534060404
31288.5609502884,2626.55594060765,50695.5888950776,51135.0176780845,62806.7934694435
30287.058276516,2333.70839487062,47593.6967817531,50591.8898517831,60530.3333731475
29530.5348670406,2163.78905995147,45651.6537226998,49398.247960329,59162.8224192115
29456.4175713318,1989.77965705945,44291.1370751905,49397.2257212073,58799.8976399856
28363.1572437821,1892.51576672267,43074.4330616666,48402.5721257313,57445.5520923186
27882.3343455744,1822.93450306104,42260.2493565224,47539.5342222052,56775.4610607294
27639.4867983299,1784.26901828726,41852.7619996721,47007.3907266509,56638.8837378916
27402.0636600056,1773.16196245114,41535.2584281158,47225.5486505499,56241.6108376736
26775.890088627,1891.07275717014,41656.31338773,48470.4935452242,57085.7633959028
26135.6687364284,2079.92234892339,43238.4752704859,52975.2385972967,61502.5751924691
28195.3085314383,2268.04616644746,48672.4401963899,56465.883202136,64276.6737318485
28699.9910307909,2207.06872495438,50706.963634229,59374.9024689164,67521.6195311611
29066.0991416934,2160.59498475019,51994.6070526903,63268.1843238108,68801.4093342366
29561.9861250308,2130.26693184231,55755.6118290025,64944.5765738991,71449.7656521673
29977.7654434137,2184.60682745577,55734.0096238539,65716.1054790139,71914.17506974
30264.6946358332,2204.53664085416,54625.5575603756,65570.804491773,71441.861922946
30319.2885047664,2217.22068460712,54388.0739398658,64920.7245351501,71558.121228455
30596.1147310499,2246.28383855633,55113.3298277089,65092.5864471229,72314.0114728213
30634.1961614097,2260.82359858356,55160.3166431752,63154.9533203727,72014.3939404843
30077.9576749463,2361.42940993603,55336.8244821356,59843.0660003901,70579.839114326
29430.1020390365,2668.9074171668,55151.5935736627,55682.1355380181,66843.9944553431
31649.795573998,3033.61972045269,52771.6207003838,52729.3028570849,66644.2771354619
31411.5544921673,2921.38088729482,52268.6109314169,52063.6175400386,63680.9143130501
31363.5691939876,2846.25563999856,51656.4437512007,51309.3277252503,62971.9534060404
31288.5609502884,2626.55594060765,50695.5888950776,51135.0176780845,62806.7934694435
30287.058276516,2333.70839487062,47593.6967817531,50591.8898517831,60530.3333731475
29530.5348670406,2163.78905995147,45651.6537226998,49398.247960329,59162.8224192115
29456.4175713318,1989.77965705945,44291.1370751905,49397.2257212073,58799.8976399856
28363.1572437821,1892.51576672267,43074.4330616666,48402.5721257313,57445.5520923186
27882.3343455744,1822.93450306104,42260.2493565224,47539.5342222052,56775.4610607294
27639.4867983299,1784.26901828726,41852.7619996721,47007.3907266509,56638.8837378916
27402.0636600056,1773.16196245114,41535.2584281158,47225.5486505499,56241.6108376736
26775.890088627,1891.07275717014,41656.31338773,48470.4935452242,57085.7633959028
26135.6687364284,2079.92234892339,43238.4752704859,52975.2385972967,61502.5751924691
28195.3085314383,2268.04616644746,48672.4401963899,56465.883202136,64276.6737318485
28699.9910307909,2207.06872495438,50706.963634229,59374.9024689164,67521.6195311611
29066.0991416934,2160.59498475019,51994.6070526903,63268.1843238108,68801.4093342366
29561.9861250308,2130.26693184231,55755.6118290025,64944.5765738991,71449.7656521673
29977.7654434137,2184.60682745577,55734.0096238539,65716.1054790139,71914.17506974
30264.6946358332,2204.53664085416,54625.5575603756,65570.804491773,71441.861922946
30319.2885047664,2217.22068460712,54388.0739398658,64920.7245351501,71558.121228455
30596.1147310499,2246.28383855633,55113.3298277089,65092.5864471229,72314.0114728213
30634.1961614097,2260.82359858356,55160.3166431752,63154.9533203727,72014.3939404843
30077.9576749463,2361.42940993603,55336.8244821356,59843.0660003901,70579.839114326
29430.1020390365,2668.9074171668,55151.5935736627,55682.1355380181,66843.9944553431
31649.795573998,3033.61972045269,52771.6207003838,52729.3028570849,66644.2771354619
31411.5544921673,2921.38088729482,52268.6109314169,52063.6175400386,63680.9143130501
31363.5691939876,2846.25563999856,51656.4437512007,51309.3277252503,62971.9534060404
31288.5609502884,2626.55594060765,50695.5888950776,51135.0176780845,62806.7934694435
30287.058276516,2333.70839487062,47593.6967817531,50591.8898517831,60530.3333731475
29530.5348670406,2163.78905995147,45651.6537226998,49398.247960329,59162.8224192115
29456.4175713318,1989.77965705945,44291.1370751905,49397.2257212073,58799.8976399856
28363.1572437821,1892.51576672267,43074.4330616666,48402.5721257313,57445.5520923186
27882.3343455744,1822.93450306104,42260.2493565224,47539.5342222052,56775.4610607294
27639.4867983299,1784.26901828726,41852.7619996721,47007.3907266509,56638.8837378916
27402.0636600056,1773.16196245114,41535.2584281158,47225.5486505499,56241.6108376736
26775.890088627,1891.07275717014,41656.31338773,48470.4935452242,57085.7633959028
26135.6687364284,2079.92234892339,43238.4752704859,52975.2385972967,61502.5751924691
28195.3085314383,2268.04616644746,48672.4401963899,56465.883202136,64276.6737318485
28699.9910307909,2207.06872495438,50706.963634229,59374.9024689164,67521.6195311611
29066.0991416934,2160.59498475019,51994.6070526903,63268.1843238108,68801.4093342366
29561.9861250308,2130.26693184231,55755.6118290025,64944.5765738991,71449.7656521673
29977.7654434137,2184.60682745577,55734.0096238539,65716.1054790139,71914.17506974
30264.6946358332,2204.53664085416,54625.5575603756,65570.804491773,71441.861922946
30319.2885047664,2217.22068460712,54388.0739398658,64920.7245351501,71558.121228455
30596.1147310499,2246.28383855633,55113.3298277089,65092.5864471229,72314.0114728213
30634.1961614097,2260.82359858356,55160.3166431752,63154.9533203727,72014.3939404843
30077.9576749463,2361.42940993603,55336.8244821356,59843.0660003901,70579.839114326
29430.1020390365,2668.9074171668,55151.5935736627,55682.1355380181,66843.9944553431
31649.795573998,3033.61972045269,52771.6207003838,52729.3028570849,66644.2771354619
31411.5544921673,2921.38088729482,52268.6109314169,52063.6175400386,63680.9143130501
31363.5691939876,2846.25563999856,51656.4437512007,51309.3277252503,62971.9534060404
31288.5609502884,2626.55594060765,50695.5888950776,51135.0176780845,62806.7934694435
30287.058276516,2333.70839487062,47593.6967817531,50591.8898517831,60530.3333731475
29530.5348670406,2163.78905995147,45651.6537226998,49398.247960329,59162.8224192115
29456.4175713318,1989.77965705945,44291.1370751905,49397.2257212073,58799.8976399856
28363.1572437821,1892.51576672267,43074.4330616666,48402.5721257313,57445.5520923186
27882.3343455744,1822.93450306104,42260.2493565224,47539.5342222052,56775.4610607294
27639.4867983299,1784.26901828726,41852.7619996721,47007.3907266509,56638.8837378916
27402.0636600056,1773.16196245114,41535.2584281158,47225.5486505499,56241.6108376736
26775.890088627,1891.07275717014,41656.31338773,48470.4935452242,57085.7633959028
26135.6687364284,2079.92234892339,43238.4752704859,52975.2385972967,61502.5751924691
28195.3085314383,2268.04616644746,48672.4401963899,56465.883202136,64276.6737318485
28699.9910307909,2207.06872495438,50706.963634229,59374.9024689164,67521.6195311611
29066.0991416934,2160.59498475019,51994.6070526903,63268.1843238108,68801.4093342366
29561.9861250308,2130.26693184231,55755.6118290025,64944.5765738991,71449.7656521673
29977.7654434137,2184.60682745577,55734.0096238539,65716.1054790139,71914.17506974
30264.6946358332,2204.53664085416,54625.5575603756,65570.804491773,71441.861922946
30319.2885047664,2217.22068460712,54388.0739398658,64920.7245351501,71558.121228455
30596.1147310499,2246.28383855633,55113.3298277089,65092.5864471229,72314.0114728213
30634.1961614097,2260.82359858356,55160.3166431752,63154.9533203727,72014.3939404843
30077.9576749463,2361.42940993603,55336.8244821356,59843.0660003901,70579.839114326
29430.1020390365,2668.9074171668,55151.5935736627,55682.1355380181,66843.9944553431
31649.795573998,3033.61972045269,52771.6207003838,52729.3028570849,66644.2771354619
31411.5544921673,2921.38088729482,52268.6109314169,52063.6175400386,63680.9143130501
31363.5691939876,2846.25563999856,51656.4437512007,51309.3277252503,62971.9534060404
31288.5609502884,2626.55594060765,50695.5888950776,51135.0176780845,62806.7934694435
30287.058276516,2333.70839487062,47593.6967817531,50591.8898517831,60530.3333731475
29530.5348670406,2163.78905995147,45651.6537226998,49398.247960329,59162.8224192115
29456.4175713318,1989.77965705945,44291.1370751905,49397.2257212073,58799.8976399856
28363.1572437821,1892.51576672267,43074.4330616666,48402.5721257313,57445.5520923186
27882.3343455744,1822.93450306104,42260.2493565224,47539.5342222052,56775.4610607294
27639.4867983299,1784.26901828726,41852.7619996721,47007.3907266509,56638.8837378916
27402.0636600056,1773.16196245114,41535.2584281158,47225.5486505499,56241.6108376736
26775.890088627,1891.07275717014,41656.31338773,48470.4935452242,57085.7633959028
26135.6687364284,2079.92234892339,43238.4752704859,52975.2385972967,61502.5751924691
28195.3085314383,2268.04616644746,48672.4401963899,56465.883202136,64276.6737318485
28699.9910307909,2207.06872495438,50706.963634229,59374.9024689164,67521.6195311611
29066.0991416934,2160.59498475019,51994.6070526903,63268.1843238108,68801.4093342366
29561.9861250308,2130.26693184231,55755.6118290025,64944.5765738991,71449.7656521673
29977.7654434137,2184.60682745577,55734.0096238539,65716.1054790139,71914.17506974
30264.6946358332,2204.53664085416,54625.5575603756,65570.804491773,71441.861922946
30319.2885047664,2217.22068460712,54388.0739398658,64920.7245351501,71558.121228455
30596.1147310499,2246.28383855633,55113.3298277089,65092.5864471229,72314.0114728213
30634.1961614097,2260.82359858356,55160.3166431752,63154.9533203727,72014.3939404843
30077.9576749463,2361.42940993603,55336.8244821356,59843.0660003901,70579.839114326
29430.1020390365,2668.9074171668,55151.5935736627,55682.1355380181,66843.9944553431
31649.795573998,3033.61972045269,52771.6207003838,52729.3028570849,66644.2771354619
31411.5544921673,2921.38088729482,52268.6109314169,52063.6175400386,63680.9143130501
31363.5691939876,2846.25563999856,51656.4437512007,51309.3277252503,62971.9534060404
31288.5609502884,2626.55594060765,50695.5888950776,51135.0176780845,62806.7934694435
30287.058276516,2333.70839487062,47593.6967817531,50591.8898517831,60530.3333731475
29530.5348670406,2163.78905995147,45651.6537226998,49398.247960329,59162.8224192115
29456.4175713318,1989.77965705945,44291.1370751905,49397.2257212073,58799.8976399856
28363.1572437821,1892.51576672267,43074.4330616666,48402.5721257313,57445.5520923186
27882.3343455744,1822.93450306104,42260.2493565224,47539.5342222052,56775.4610607294
27639.4867983299,1784.26901828726,41852.7619996721,47007.3907266509,56638.8837378916
27402.0636600056,1773.16196245114,41535.2584281158,47225.5486505499,56241.6108376736
26775.890088627,1891.07275717014,41656.31338773,48470.4935452242,57085.7633959028
26135.6687364284,2079.92234892339,43238.4752704859,52975.2385972967,61502.5751924691
28195.3085314383,2268.04616644746,48672.4401963899,56465.883202136,64276.6737318485
28699.9910307909,2207.06872495438,50706.963634229,59374.9024689164,67521.6195311611
29066.0991416934,2160.59498475019,51994.6070526903,63268.1843238108,68801.4093342366
29561.9861250308,2130.26693184231,55755.6118290025,64944.5765738991,71449.7656521673
29977.7654434137,2184.60682745577,55734.0096238539,65716.1054790139,71914.17506974
30264.6946358332,2204.53664085416,54625.5575603756,65570.804491773,71441.861922946
30319.2885047664,2217.22068460712,54388.0739398658,64920.7245351501,71558.121228455
30596.1147310499,2246.28383855633,55113.3298277089,65092.5864471229,72314.0114728213
30634.1961614097,2260.82359858356,55160.3166431752,63154.9533203727,72014.3939404843
30077.9576749463,2361.42940993603,55336.8244821356,59843.0660003901,70579.839114326
29430.1020390365,2668.9074171668,55151.5935736627,55682.1355380181,66843.9944553431
31649.795573998,3033.61972045269,52771.6207003838,52729.3028570849,66644.2771354619
31411.5544921673,2921.38088729482,52268.6109314169,52063.6175400386,63680.9143130501
31363.5691939876,2846.25563999856,51656.4437512007,51309.3277252503,62971.9534060404
31288.5609502884,2626.55594060765,50695.5888950776,51135.0176780845,62806.7934694435
30287.058276516,2333.70839487062,47593.6967817531,50591.8898517831,60530.3333731475
29530.5348670406,2163.78905995147,45651.6537226998,49398.247960329,59162.8224192115
29456.4175713318,1989.77965705945,44291.1370751905,49397.2257212073,58799.8976399856
28363.1572437821,1892.51576672267,43074.4330616666,48402.5721257313,57445.5520923186
27882.3343455744,1822.93450306104,42260.2493565224,47539.5342222052,56775.4610607294
27639.4867983299,1784.26901828726,41852.7619996721,47007.3907266509,56638.8837378916
27402.0636600056,1773.16196245114,41535.2584281158,47225.5486505499,56241.6108376736
26775.890088627,1891.07275717014,41656.31338773,48470.4935452242,57085.7633959028
26135.6687364284,2079.92234892339,43238.4752704859,52975.2385972967,61502.5751924691
28195.3085314383,2268.04616644746,48672.4401963899,56465.883202136,64276.6737318485
28699.9910307909,2207.06872495438,50706.963634229,59374.9024689164,67521.6195311611
29066.0991416934,2160.59498475019,51994.6070526903,63268.1843238108,68801.4093342366
29561.9861250308,2130.26693184231,55755.6118290025,64944.5765738991,71449.7656521673
29977.7654434137,2184.60682745577,55734.0096238539,65716.1054790139,71914.17506974
30264.6946358332,2204.53664085416,54625.5575603756,65570.804491773,71441.861922946
30319.2885047664,2217.22068460712,54388.0739398658,64920.7245351501,71558.121228455
30596.1147310499,2246.28383855633,55113.3298277089,65092.5864471229,72314.0114728213
30634.1961614097,2260.82359858356,55160.3166431752,63154.9533203727,72014.3939404843
30077.9576749463,2361.42940993603,55336.8244821356,59843.0660003901,70579.839114326
29430.1020390365,2668.9074171668,55151.5935736627,55682.1355380181,66843.9944553431
31649.795573998,3033.61972045269,52771.6207003838,52729.3028570849,66644.2771354619
31411.5544921673,2921.38088729482,52268.6109314169,52063.6175400386,63680.9143130501
31363.5691939876,2846.25563999856,51656.4437512007,51309.3277252503,62971.9534060404
31288.5609502884,2626.55594060765,50695.5888950776,51135.0176780845,62806.7934694435
30287.058276516,2333.70839487062,47593.6967817531,50591.8898517831,60530.3333731475
29530.5348670406,2163.78905995147,45651.6537226998,49398.247960329,59162.8224192115
29456.4175713318,1989.77965705945,44291.1370751905,49397.2257212073,58799.8976399856
28363.1572437821,1892.51576672267,43074.4330616666,48402.5721257313,57445.5520923186
27882.3343455744,1822.93450306104,42260.2493565224,47539.5342222052,56775.4610607294
27639.4867983299,1784.26901828726,41852.7619996721,47007.3907266509,56638.8837378916
27402.0636600056,1773.16196245114,41535.2584281158,47225.5486505499,56241.6108376736
26775.890088627,1891.07275717014,41656.31338773,48470.4935452242,57085.7633959028
26135.6687364284,2079.92234892339,43238.4752704859,52975.2385972967,61502.5751924691
28195.3085314383,2268.04616644746,48672.4401963899,56465.883202136,64276.6737318485
28699.9910307909,2207.06872495438,50706.963634229,59374.9024689164,67521.6195311611
29066.0991416934,2160.59498475019,51994.6070526903,63268.1843238108,68801.4093342366
29561.9861250308,2130.26693184231,55755.6118290025,64944.5765738991,71449.7656521673
29977.7654434137,2184.60682745577,55734.0096238539,65716.1054790139,71914.17506974
30264.6946358332,2204.53664085416,54625.5575603756,65570.804491773,71441.861922946
30319.2885047664,2217.22068460712,54388.0739398658,64920.7245351501,71558.121228455
30596.1147310499,2246.28383855633,55113.3298277089,65092.5864471229,72314.0114728213
30634.1961614097,2260.82359858356,55160.3166431752,63154.9533203727,72014.3939404843
30077.9576749463,2361.42940993603,55336.8244821356,59843.0660003901,70579.839114326
29430.1020390365,2668.9074171668,55151.5935736627,55682.1355380181,66843.9944553431
31649.795573998,3033.61972045269,52771.6207003838,52729.3028570849,66644.2771354619
31411.5544921673,2921.38088729482,52268.6109314169,52063.6175400386,63680.9143130501
31363.5691939876,2846.25563999856,51656.4437512007,51309.3277252503,62971.9534060404
31288.5609502884,2626.55594060765,50695.5888950776,51135.0176780845,62806.7934694435
30287.058276516,2333.70839487062,47593.6967817531,50591.8898517831,60530.3333731475
29530.5348670406,2163.78905995147,45651.6537226998,49398.247960329,59162.8224192115
29456.4175713318,1989.77965705945,44291.1370751905,49397.2257212073,58799.8976399856
28363.1572437821,1892.51576672267,43074.4330616666,48402.5721257313,57445.5520923186
27882.3343455744,1822.93450306104,42260.2493565224,47539.5342222052,56775.4610607294
27639.4867983299,1784.26901828726,41852.7619996721,47007.3907266509,56638.8837378916
27402.0636600056,1773.16196245114,41535.2584281158,47225.5486505499,56241.6108376736
26775.890088627,1891.07275717014,41656.31338773,48470.4935452242,57085.7633959028
26135.6687364284,2079.92234892339,43238.4752704859,52975.2385972967,61502.5751924691
28195.3085314383,2268.04616644746,48672.4401963899,56465.883202136,64276.6737318485
28699.9910307909,2207.06872495438,50706.963634229,59374.9024689164,67521.6195311611
29066.0991416934,2160.59498475019,51994.6070526903,63268.1843238108,68801.4093342366
29561.9861250308,2130.26693184231,55755.6118290025,64944.5765738991,71449.7656521673
29977.7654434137,2184.60682745577,55734.0096238539,65716.1054790139,71914.17506974
30264.6946358332,2204.53664085416,54625.5575603756,65570.804491773,71441.861922946
30319.2885047664,2217.22068460712,54388.0739398658,64920.7245351501,71558.121228455
30596.1147310499,2246.28383855633,55113.3298277089,65092.5864471229,72314.0114728213
30634.1961614097,2260.82359858356,55160.3166431752,63154.9533203727,72014.3939404843
30077.9576749463,2361.42940993603,55336.8244821356,59843.0660003901,70579.839114326
29430.1020390365,2668.9074171668,55151.5935736627,55682.1355380181,66843.9944553431
31649.795573998,3033.61972045269,52771.6207003838,52729.3028570849,66644.2771354619
31411.5544921673,2921.38088729482,52268.6109314169,52063.6175400386,63680.9143130501
31363.5691939876,2846.25563999856,51656.4437512007,51309.3277252503,62971.9534060404
31288.5609502884,2626.55594060765,50695.5888950776,51135.0176780845,62806.7934694435
30287.058276516,2333.70839487062,47593.6967817531,50591.8898517831,60530.3333731475
29530.5348670406,2163.78905995147,45651.6537226998,49398.247960329,59162.8224192115
29456.4175713318,1989.77965705945,44291.1370751905,49397.2257212073,58799.8976399856
28363.1572437821,1892.51576672267,43074.4330616666,48402.5721257313,57445.5520923186
27882.3343455744,1822.93450306104,42260.2493565224,47539.5342222052,56775.4610607294
27639.4867983299,1784.26901828726,41852.7619996721,47007.3907266509,56638.8837378916
27402.0636600056,1773.16196245114,41535.2584281158,47225.5486505499,56241.6108376736
26775.890088627,1891.07275717014,41656.31338773,48470.4935452242,57085.7633959028
26135.6687364284,2079.92234892339,43238.4752704859,52975.2385972967,61502.5751924691
28195.3085314383,2268.04616644746,48672.4401963899,56465.883202136,64276.6737318485
28699.9910307909,2207.06872495438,50706.963634229,59374.9024689164,67521.6195311611
29066.0991416934,2160.59498475019,51994.6070526903,63268.1843238108,68801.4093342366
29561.9861250308,2130.26693184231,55755.6118290025,64944.5765738991,71449.7656521673
29977.7654434137,2184.60682745577,55734.0096238539,65716.1054790139,71914.17506974
30264.6946358332,2204.53664085416,54625.5575603756,65570.804491773,71441.861922946
30319.2885047664,2217.22068460712,54388.0739398658,64920.7245351501,71558.121228455
30596.1147310499,2246.28383855633,55113.3298277089,65092.5864471229,72314.0114728213
30634.1961614097,2260.82359858356,55160.3166431752,63154.9533203727,72014.3939404843
30077.9576749463,2361.42940993603,55336.8244821356,59843.0660003901,70579.839114326
29430.1020390365,2668.9074171668,55151.5935736627,55682.1355380181,66843.9944553431
31649.795573998,3033.61972045269,52771.6207003838,52729.3028570849,66644.2771354619
31411.5544921673,2921.38088729482,52268.6109314169,52063.6175400386,63680.9143130501
31363.5691939876,2846.25563999856,51656.4437512007,51309.3277252503,62971.9534060404
31288.5609502884,2626.55594060765,50695.5888950776,51135.0176780845,62806.7934694435
30287.058276516,2333.70839487062,47593.6967817531,50591.8898517831,60530.3333731475
29530.5348670406,2163.78905995147,45651.6537226998,49398.247960329,59162.8224192115
29456.4175713318,1989.77965705945,44291.1370751905,49397.2257212073,58799.8976399856
28363.1572437821,1892.51576672267,43074.4330616666,48402.5721257313,57445.5520923186
27882.3343455744,1822.93450306104,42260.2493565224,47539.5342222052,56775.4610607294
27639.4867983299,1784.26901828726,41852.7619996721,47007.3907266509,56638.8837378916
27402.0636600056,1773.16196245114,41535.2584281158,47225.5486505499,56241.6108376736
26775.890088627,1891.07275717014,41656.31338773,48470.4935452242,57085.7633959028
26135.6687364284,2079.92234892339,43238.4752704859,52975.2385972967,61502.5751924691
28195.3085314383,2268.04616644746,48672.4401963899,56465.883202136,64276.6737318485
28699.9910307909,2207.06872495438,50706.963634229,59374.9024689164,67521.6195311611
29066.0991416934,2160.59498475019,51994.6070526903,63268.1843238108,68801.4093342366
29561.9861250308,2130.26693184231,55755.6118290025,64944.5765738991,71449.7656521673
29977.7654434137,2184.60682745577,55734.0096238539,65716.1054790139,71914.17506974
30264.6946358332,2204.53664085416,54625.5575603756,65570.804491773,71441.861922946
30319.2885047664,2217.22068460712,54388.0739398658,64920.7245351501,71558.121228455
30596.1147310499,2246.28383855633,55113.3298277089,65092.5864471229,72314.0114728213
30634.1961614097,2260.82359858356,55160.3166431752,63154.9533203727,72014.3939404843
30077.9576749463,2361.42940993603,55336.8244821356,59843.0660003901,70579.839114326
29430.1020390365,2668.9074171668,55151.5935736627,55682.1355380181,66843.9944553431
31649.795573998,3033.61972045269,52771.6207003838,52729.3028570849,66644.2771354619
31411.5544921673,2921.38088729482,52268.6109314169,52063.6175400386,63680.9143130501
31363.5691939876,2846.25563999856,51656.4437512007,51309.3277252503,62971.9534060404
31288.5609502884,2626.55594060765,50695.5888950776,51135.0176780845,62806.7934694435
30287.058276516,2333.70839487062,47593.6967817531,50591.8898517831,60530.3333731475
29530.5348670406,2163.78905995147,45651.6537226998,49398.247960329,59162.8224192115
29456.4175713318,1989.77965705945,44291.1370751905,49397.2257212073,58799.8976399856
28363.1572437821,1892.51576672267,43074.4330616666,48402.5721257313,57445.5520923186
27882.3343455744,1822.93450306104,42260.2493565224,47539.5342222052,56775.4610607294
27639.4867983299,1784.26901828726,41852.7619996721,47007.3907266509,56638.8837378916
27402.0636600056,1773.16196245114,41535.2584281158,47225.5486505499,56241.6108376736
26775.890088627,1891.07275717014,41656.31338773,48470.4935452242,57085.7633959028
26135.6687364284,2079.92234892339,43238.4752704859,52975.2385972967,61502.5751924691
28195.3085314383,2268.04616644746,48672.4401963899,56465.883202136,64276.6737318485
28699.9910307909,2207.06872495438,50706.963634229,59374.9024689164,67521.6195311611
29066.0991416934,2160.59498475019,51994.6070526903,63268.1843238108,68801.4093342366
29561.9861250308,2130.26693184231,55755.6118290025,64944.5765738991,71449.7656521673
29977.7654434137,2184.60682745577,55734.0096238539,65716.1054790139,71914.17506974
30264.6946358332,2204.53664085416,54625.5575603756,65570.804491773,71441.861922946
30319.2885047664,2217.22068460712,54388.0739398658,64920.7245351501,71558.121228455
30596.1147310499,2246.28383855633,55113.3298277089,65092.5864471229,72314.0114728213
30634.1961614097,2260.82359858356,55160.3166431752,63154.9533203727,72014.3939404843
30077.9576749463,2361.42940993603,55336.8244821356,59843.0660003901,70579.839114326
29430.1020390365,2668.9074171668,55151.5935736627,55682.1355380181,66843.9944553431
31649.795573998,3033.61972045269,52771.6207003838,52729.3028570849,66644.2771354619
31411.5544921673,2921.38088729482,52268.6109314169,52063.6175400386,63680.9143130501
31363.5691939876,2846.25563999856,51656.4437512007,51309.3277252503,62971.9534060404
31288.5609502884,2626.55594060765,50695.5888950776,51135.0176780845,62806.7934694435
30287.058276516,2333.70839487062,47593.6967817531,50591.8898517831,60530.3333731475
29530.5348670406,2163.78905995147,45651.6537226998,49398.247960329,59162.8224192115
29456.4175713318,1989.77965705945,44291.1370751905,49397.2257212073,58799.8976399856
28363.1572437821,1892.51576672267,43074.4330616666,48402.5721257313,57445.5520923186
27882.3343455744,1822.93450306104,42260.2493565224,47539.5342222052,56775.4610607294
27639.4867983299,1784.26901828726,41852.7619996721,47007.3907266509,56638.8837378916
27402.0636600056,1773.16196245114,41535.2584281158,47225.5486505499,56241.6108376736
26775.890088627,1891.07275717014,41656.31338773,48470.4935452242,57085.7633959028
26135.6687364284,2079.92234892339,43238.4752704859,52975.2385972967,61502.5751924691
28195.3085314383,2268.04616644746,48672.4401963899,56465.883202136,64276.6737318485
28699.9910307909,2207.06872495438,50706.963634229,59374.9024689164,67521.6195311611
29066.0991416934,2160.59498475019,51994.6070526903,63268.1843238108,68801.4093342366
29561.9861250308,2130.26693184231,55755.6118290025,64944.5765738991,71449.7656521673
29977.7654434137,2184.60682745577,55734.0096238539,65716.1054790139,71914.17506974
30264.6946358332,2204.53664085416,54625.5575603756,65570.804491773,71441.861922946
30319.2885047664,2217.22068460712,54388.0739398658,64920.7245351501,71558.121228455
30596.1147310499,2246.28383855633,55113.3298277089,65092.5864471229,72314.0114728213
30634.1961614097,2260.82359858356,55160.3166431752,63154.9533203727,72014.3939404843
30077.9576749463,2361.42940993603,55336.8244821356,59843.0660003901,70579.839114326
29430.1020390365,2668.9074171668,55151.5935736627,55682.1355380181,66843.9944553431
31649.795573998,3033.61972045269,52771.6207003838,52729.3028570849,66644.2771354619
31411.5544921673,2921.38088729482,52268.6109314169,52063.6175400386,63680.9143130501
31363.5691939876,2846.25563999856,51656.4437512007,51309.3277252503,62971.9534060404
31288.5609502884,2626.55594060765,50695.5888950776,51135.0176780845,62806.7934694435
30287.058276516,2333.70839487062,47593.6967817531,50591.8898517831,60530.3333731475
29530.5348670406,2163.78905995147,45651.6537226998,49398.247960329,59162.8224192115
29456.4175713318,1989.77965705945,44291.1370751905,49397.2257212073,58799.8976399856
28363.1572437821,1892.51576672267,43074.4330616666,48402.5721257313,57445.5520923186
27882.3343455744,1822.93450306104,42260.2493565224,47539.5342222052,56775.4610607294
27639.4867983299,1784.26901828726,41852.7619996721,47007.3907266509,56638.8837378916
27402.0636600056,1773.16196245114,41535.2584281158,47225.5486505499,56241.6108376736
26775.890088627,1891.07275717014,41656.31338773,48470.4935452242,57085.7633959028
26135.6687364284,2079.92234892339,43238.4752704859,52975.2385972967,61502.5751924691
28195.3085314383,2268.04616644746,48672.4401963899,56465.883202136,64276.6737318485
28699.9910307909,2207.06872495438,50706.963634229,59374.9024689164,67521.6195311611
29066.0991416934,2160.59498475019,51994.6070526903,63268.1843238108,68801.4093342366
29561.9861250308,2130.26693184231,55755.6118290025,64944.5765738991,71449.7656521673
29977.7654434137,2184.60682745577,55734.0096238539,65716.1054790139,71914.17506974
30264.6946358332,2204.53664085416,54625.5575603756,65570.804491773,71441.861922946
30319.2885047664,2217.22068460712,54388.0739398658,64920.7245351501,71558.121228455
30596.1147310499,2246.28383855633,55113.3298277089,65092.5864471229,72314.0114728213
30634.1961614097,2260.82359858356,55160.3166431752,63154.9533203727,72014.3939404843
30077.9576749463,2361.42940993603,55336.8244821356,59843.0660003901,70579.839114326
29430.1020390365,2668.9074171668,55151.5935736627,55682.1355380181,66843.9944553431
31649.795573998,3033.61972045269,52771.6207003838,52729.3028570849,66644.2771354619
31411.5544921673,2921.38088729482,52268.6109314169,52063.6175400386,63680.9143130501
31363.5691939876,2846.25563999856,51656.4437512007,51309.3277252503,62971.9534060404
31288.5609502884,2626.55594060765,50695.5888950776,51135.0176780845,62806.7934694435
30287.058276516,2333.70839487062,47593.6967817531,50591.8898517831,60530.3333731475
29530.5348670406,2163.78905995147,45651.6537226998,49398.247960329,59162.8224192115
29456.4175713318,1989.77965705945,44291.1370751905,49397.2257212073,58799.8976399856
28363.1572437821,1892.51576672267,43074.4330616666,48402.5721257313,57445.5520923186
27882.3343455744,1822.93450306104,42260.2493565224,47539.5342222052,56775.4610607294
27639.4867983299,1784.26901828726,41852.7619996721,47007.3907266509,56638.8837378916
27402.0636600056,1773.16196245114,41535.2584281158,47225.5486505499,56241.6108376736
26775.890088627,1891.07275717014,41656.31338773,48470.4935452242,57085.7633959028
26135.6687364284,2079.92234892339,43238.4752704859,52975.2385972967,61502.5751924691
28195.3085314383,2268.04616644746,48672.4401963899,56465.883202136,64276.6737318485
28699.9910307909,2207.06872495438,50706.963634229,59374.9024689164,67521.6195311611
29066.0991416934,2160.59498475019,51994.6070526903,63268.1843238108,68801.4093342366
29561.9861250308,2130.26693184231,55755.6118290025,64944.5765738991,71449.7656521673
29977.7654434137,2184.60682745577,55734.0096238539,65716.1054790139,71914.17506974
30264.6946358332,2204.53664085416,54625.5575603756,65570.804491773,71441.861922946
30319.2885047664,2217.22068460712,54388.0739398658,64920.7245351501,71558.121228455
30596.1147310499,2246.28383855633,55113.3298277089,65092.5864471229,72314.0114728213
30634.1961614097,2260.82359858356,55160.3166431752,63154.9533203727,72014.3939404843
30077.9576749463,2361.42940993603,55336.8244821356,59843.0660003901,70579.839114326
29430.1020390365,2668.9074171668,55151.5935736627,55682.1355380181,66843.9944553431
31649.795573998,3033.61972045269,52771.6207003838,52729.3028570849,66644.2771354619
31411.5544921673,2921.38088729482,52268.6109314169,52063.6175400386,63680.9143130501
31363.5691939876,2846.25563999856,51656.4437512007,51309.3277252503,62971.9534060404
31288.5609502884,2626.55594060765,50695.5888950776,51135.0176780845,62806.7934694435
30287.058276516,2333.70839487062,47593.6967817531,50591.8898517831,60530.3333731475
29530.5348670406,2163.78905995147,45651.6537226998,49398.247960329,59162.8224192115
29456.4175713318,1989.77965705945,44291.1370751905,49397.2257212073,58799.8976399856
28363.1572437821,1892.51576672267,43074.4330616666,48402.5721257313,57445.5520923186
27882.3343455744,1822.93450306104,42260.2493565224,47539.5342222052,56775.4610607294
27639.4867983299,1784.26901828726,41852.7619996721,47007.3907266509,56638.8837378916
27402.0636600056,1773.16196245114,41535.2584281158,47225.5486505499,56241.6108376736
26775.890088627,1891.07275717014,41656.31338773,48470.4935452242,57085.7633959028
26135.6687364284,2079.92234892339,43238.4752704859,52975.2385972967,61502.5751924691
28195.3085314383,2268.04616644746,48672.4401963899,56465.883202136,64276.6737318485
28699.9910307909,2207.06872495438,50706.963634229,59374.9024689164,67521.6195311611
29066.0991416934,2160.59498475019,51994.6070526903,63268.1843238108,68801.4093342366
29561.9861250308,2130.26693184231,55755.6118290025,64944.5765738991,71449.7656521673
29977.7654434137,2184.60682745577,55734.0096238539,65716.1054790139,71914.17506974
30264.6946358332,2204.53664085416,54625.5575603756,65570.804491773,71441.861922946
30319.2885047664,2217.22068460712,54388.0739398658,64920.7245351501,71558.121228455
30596.1147310499,2246.28383855633,55113.3298277089,65092.5864471229,72314.0114728213
30634.1961614097,2260.82359858356,55160.3166431752,63154.9533203727,72014.3939404843
30077.9576749463,2361.42940993603,55336.8244821356,59843.0660003901,70579.839114326
29430.1020390365,2668.9074171668,55151.5935736627,55682.1355380181,66843.9944553431
31649.795573998,3033.61972045269,52771.6207003838,52729.3028570849,66644.2771354619
31411.5544921673,2921.38088729482,52268.6109314169,52063.6175400386,63680.9143130501
31363.5691939876,2846.25563999856,51656.4437512007,51309.3277252503,62971.9534060404
31288.5609502884,2626.55594060765,50695.5888950776,51135.0176780845,62806.7934694435
30287.058276516,2333.70839487062,47593.6967817531,50591.8898517831,60530.3333731475
29530.5348670406,2163.78905995147,45651.6537226998,49398.247960329,59162.8224192115
29231.1227540469,2158.0771737999,54143.5414515284,42431.9798211518,60032.3553542973
28159.6781310924,2038.64133523918,51187.4971776657,40883.4605131622,58115.2659850832
27771.5797262365,1983.55879757123,50409.6041740366,40023.9513344795,57310.3293591258
27645.2315016566,1958.91745608505,49387.891223967,39466.1497283644,56938.6288215487
27160.7098305556,1993.25500098548,49101.0641863324,39283.1263442409,55933.2036902084
26747.912053077,2137.01944466549,48889.3846468608,40327.855450141,56972.738560102
26730.150252278,2371.8610580806,49209.2350150191,43593.779445848,60501.8940045779
29342.9385635561,2398.01480220438,54946.5386046529,47579.8682458975,63215.6385307164
29559.3035808798,2339.70455687792,56990.514292362,49843.4917608892,65882.0565006393
28900.5205941388,2226.85833635069,58474.5042802524,52511.0787488033,65913.0733967808
28595.7453097912,2138.18806806656,61691.7544103014,53528.2851371622,67307.6083665595
28800.9995838402,2175.85321906309,62395.9956528142,54509.4598131978,67799.9776352283
28966.7691042577,2202.36666333367,62644.1128602923,54579.9557222484,67306.3214686175
29049.9834322173,2202.5874770685,63452.5164896053,54022.2263448778,67669.619163344
29229.1475775376,2239.32669745782,63730.8211952821,54528.0853021486,68816.7840408897
29461.2358923442,2251.08685856872,63187.9284786228,54437.2628652026,69050.1307077113
28937.6802886805,2337.75829515192,61638.0582818788,52174.8642133963,67825.5737614205
28130.5638356004,2623.6808048399,59471.1974280218,49824.5422387865,64514.1501481726
30673.010020557,3039.24340478727,57699.0027660123,49179.841563376,64390.6868989009
31712.715428591,3125.19379499831,59113.5291127237,48751.4035850038,62721.0263587878
31860.2876022834,3057.81869767417,59728.2638631309,47512.1136203358,62251.5805518122
31866.7462187645,2851.75050171437,59745.2469244531,46774.4460693854,62002.338022417
30956.2560151593,2527.05813186891,57475.7205740868,45631.8192461208,61156.6621761151
29471.4030334246,2378.65598545037,55639.1858764921,43703.8474947633,60066.2833861776
29231.1227540469,2158.0771737999,54143.5414515284,42431.9798211518,60032.3553542973
28159.6781310924,2038.64133523918,51187.4971776657,40883.4605131622,58115.2659850832
27771.5797262365,1983.55879757123,50409.6041740366,40023.9513344795,57310.3293591258
27645.2315016566,1958.91745608505,49387.891223967,39466.1497283644,56938.6288215487
27160.7098305556,1993.25500098548,49101.0641863324,39283.1263442409,55933.2036902084
26747.912053077,2137.01944466549,48889.3846468608,40327.855450141,56972.738560102
26730.150252278,2371.8610580806,49209.2350150191,43593.779445848,60501.8940045779
29342.9385635561,2398.01480220438,54946.5386046529,47579.8682458975,63215.6385307164
29559.3035808798,2339.70455687792,56990.514292362,49843.4917608892,65882.0565006393
28900.5205941388,2226.85833635069,58474.5042802524,52511.0787488033,65913.0733967808
28595.7453097912,2138.18806806656,61691.7544103014,53528.2851371622,67307.6083665595
28800.9995838402,2175.85321906309,62395.9956528142,54509.4598131978,67799.9776352283
28966.7691042577,2202.36666333367,62644.1128602923,54579.9557222484,67306.3214686175
29049.9834322173,2202.5874770685,63452.5164896053,54022.2263448778,67669.619163344
29229.1475775376,2239.32669745782,63730.8211952821,54528.0853021486,68816.7840408897
29461.2358923442,2251.08685856872,63187.9284786228,54437.2628652026,69050.1307077113
28937.6802886805,2337.75829515192,61638.0582818788,52174.8642133963,67825.5737614205
28130.5638356004,2623.6808048399,59471.1974280218,49824.5422387865,64514.1501481726
30673.010020557,3039.24340478727,57699.0027660123,49179.841563376,64390.6868989009
31712.715428591,3125.19379499831,59113.5291127237,48751.4035850038,62721.0263587878
31860.2876022834,3057.81869767417,59728.2638631309,47512.1136203358,62251.5805518122
31866.7462187645,2851.75050171437,59745.2469244531,46774.4460693854,62002.338022417
30956.2560151593,2527.05813186891,57475.7205740868,45631.8192461208,61156.6621761151
29471.4030334246,2378.65598545037,55639.1858764921,43703.8474947633,60066.2833861776
29231.1227540469,2158.0771737999,54143.5414515284,42431.9798211518,60032.3553542973
28159.6781310924,2038.64133523918,51187.4971776657,40883.4605131622,58115.2659850832
27771.5797262365,1983.55879757123,50409.6041740366,40023.9513344795,57310.3293591258
27645.2315016566,1958.91745608505,49387.891223967,39466.1497283644,56938.6288215487
27160.7098305556,1993.25500098548,49101.0641863324,39283.1263442409,55933.2036902084
26747.912053077,2137.01944466549,48889.3846468608,40327.855450141,56972.738560102
26730.150252278,2371.8610580806,49209.2350150191,43593.779445848,60501.8940045779
29342.9385635561,2398.01480220438,54946.5386046529,47579.8682458975,63215.6385307164
29559.3035808798,2339.70455687792,56990.514292362,49843.4917608892,65882.0565006393
28900.5205941388,2226.85833635069,58474.5042802524,52511.0787488033,65913.0733967808
28595.7453097912,2138.18806806656,61691.7544103014,53528.2851371622,67307.6083665595
28800.9995838402,2175.85321906309,62395.9956528142,54509.4598131978,67799.9776352283
28966.7691042577,2202.36666333367,62644.1128602923,54579.9557222484,67306.3214686175
29049.9834322173,2202.5874770685,63452.5164896053,54022.2263448778,67669.619163344
29229.1475775376,2239.32669745782,63730.8211952821,54528.0853021486,68816.7840408897
29461.2358923442,2251.08685856872,63187.9284786228,54437.2628652026,69050.1307077113
28937.6802886805,2337.75829515192,61638.0582818788,52174.8642133963,67825.5737614205
28130.5638356004,2623.6808048399,59471.1974280218,49824.5422387865,64514.1501481726
30673.010020557,3039.24340478727,57699.0027660123,49179.841563376,64390.6868989009
31712.715428591,3125.19379499831,59113.5291127237,48751.4035850038,62721.0263587878
31860.2876022834,3057.81869767417,59728.2638631309,47512.1136203358,62251.5805518122
31866.7462187645,2851.75050171437,59745.2469244531,46774.4460693854,62002.338022417
30956.2560151593,2527.05813186891,57475.7205740868,45631.8192461208,61156.6621761151
29471.4030334246,2378.65598545037,55639.1858764921,43703.8474947633,60066.2833861776
29231.1227540469,2158.0771737999,54143.5414515284,42431.9798211518,60032.3553542973
28159.6781310924,2038.64133523918,51187.4971776657,40883.4605131622,58115.2659850832
27771.5797262365,1983.55879757123,50409.6041740366,40023.9513344795,57310.3293591258
27645.2315016566,1958.91745608505,49387.891223967,39466.1497283644,56938.6288215487
27160.7098305556,1993.25500098548,49101.0641863324,39283.1263442409,55933.2036902084
26747.912053077,2137.01944466549,48889.3846468608,40327.855450141,56972.738560102
26730.150252278,2371.8610580806,49209.2350150191,43593.779445848,60501.8940045779
29342.9385635561,2398.01480220438,54946.5386046529,47579.8682458975,63215.6385307164
29559.3035808798,2339.70455687792,56990.514292362,49843.4917608892,65882.0565006393
28900.5205941388,2226.85833635069,58474.5042802524,52511.0787488033,65913.0733967808
28595.7453097912,2138.18806806656,61691.7544103014,53528.2851371622,67307.6083665595
28800.9995838402,2175.85321906309,62395.9956528142,54509.4598131978,67799.9776352283
28966.7691042577,2202.36666333367,62644.1128602923,54579.9557222484,67306.3214686175
29049.9834322173,2202.5874770685,63452.5164896053,54022.2263448778,67669.619163344
29229.1475775376,2239.32669745782,63730.8211952821,54528.0853021486,68816.7840408897
29461.2358923442,2251.08685856872,63187.9284786228,54437.2628652026,69050.1307077113
28937.6802886805,2337.75829515192,61638.0582818788,52174.8642133963,67825.5737614205
28130.5638356004,2623.6808048399,59471.1974280218,49824.5422387865,64514.1501481726
30673.010020557,3039.24340478727,57699.0027660123,49179.841563376,64390.6868989009
31712.715428591,3125.19379499831,59113.5291127237,48751.4035850038,62721.0263587878
31860.2876022834,3057.81869767417,59728.2638631309,47512.1136203358,62251.5805518122
31866.7462187645,2851.75050171437,59745.2469244531,46774.4460693854,62002.338022417
30956.2560151593,2527.05813186891,57475.7205740868,45631.8192461208,61156.6621761151
29471.4030334246,2378.65598545037,55639.1858764921,43703.8474947633,60066.2833861776
29231.1227540469,2158.0771737999,54143.5414515284,42431.9798211518,60032.3553542973
28159.6781310924,2038.64133523918,51187.4971776657,40883.4605131622,58115.2659850832
27771.5797262365,1983.55879757123,50409.6041740366,40023.9513344795,57310.3293591258
27645.2315016566,1958.91745608505,49387.891223967,39466.1497283644,56938.6288215487
27160.7098305556,1993.25500098548,49101.0641863324,39283.1263442409,55933.2036902084
26747.912053077,2137.01944466549,48889.3846468608,40327.855450141,56972.738560102
26730.150252278,2371.8610580806,49209.2350150191,43593.779445848,60501.8940045779
29342.9385635561,2398.01480220438,54946.5386046529,47579.8682458975,63215.6385307164
29559.3035808798,2339.70455687792,56990.514292362,49843.4917608892,65882.0565006393
28900.5205941388,2226.85833635069,58474.5042802524,52511.0787488033,65913.0733967808
28595.7453097912,2138.18806806656,61691.7544103014,53528.2851371622,67307.6083665595
28800.9995838402,2175.85321906309,62395.9956528142,54509.4598131978,67799.9776352283
28966.7691042577,2202.36666333367,62644.1128602923,54579.9557222484,67306.3214686175
29049.9834322173,2202.5874770685,63452.5164896053,54022.2263448778,67669.619163344
29229.1475775376,2239.32669745782,63730.8211952821,54528.0853021486,68816.7840408897
29461.2358923442,2251.08685856872,63187.9284786228,54437.2628652026,69050.1307077113
28937.6802886805,2337.75829515192,61638.0582818788,52174.8642133963,67825.5737614205
28130.5638356004,2623.6808048399,59471.1974280218,49824.5422387865,64514.1501481726
30673.010020557,3039.24340478727,57699.0027660123,49179.841563376,64390.6868989009
31712.715428591,3125.19379499831,59113.5291127237,48751.4035850038,62721.0263587878
31860.2876022834,3057.81869767417,59728.2638631309,47512.1136203358,62251.5805518122
31866.7462187645,2851.75050171437,59745.2469244531,46774.4460693854,62002.338022417
30956.2560151593,2527.05813186891,57475.7205740868,45631.8192461208,61156.6621761151
29471.4030334246,2378.65598545037,55639.1858764921,43703.8474947633,60066.2833861776
29231.1227540469,2158.0771737999,54143.5414515284,42431.9798211518,60032.3553542973
28159.6781310924,2038.64133523918,51187.4971776657,40883.4605131622,58115.2659850832
27771.5797262365,1983.55879757123,50409.6041740366,40023.9513344795,57310.3293591258
27645.2315016566,1958.91745608505,49387.891223967,39466.1497283644,56938.6288215487
27160.7098305556,1993.25500098548,49101.0641863324,39283.1263442409,55933.2036902084
26747.912053077,2137.01944466549,48889.3846468608,40327.855450141,56972.738560102
26730.150252278,2371.8610580806,49209.2350150191,43593.779445848,60501.8940045779
29342.9385635561,2398.01480220438,54946.5386046529,47579.8682458975,63215.6385307164
29559.3035808798,2339.70455687792,56990.514292362,49843.4917608892,65882.0565006393
28900.5205941388,2226.85833635069,58474.5042802524,52511.0787488033,65913.0733967808
28595.7453097912,2138.18806806656,61691.7544103014,53528.2851371622,67307.6083665595
28800.9995838402,2175.85321906309,62395.9956528142,54509.4598131978,67799.9776352283
28966.7691042577,2202.36666333367,62644.1128602923,54579.9557222484,67306.3214686175
29049.9834322173,2202.5874770685,63452.5164896053,54022.2263448778,67669.619163344
29229.1475775376,2239.32669745782,63730.8211952821,54528.0853021486,68816.7840408897
29461.2358923442,2251.08685856872,63187.9284786228,54437.2628652026,69050.1307077113
28937.6802886805,2337.75829515192,61638.0582818788,52174.8642133963,67825.5737614205
28130.5638356004,2623.6808048399,59471.1974280218,49824.5422387865,64514.1501481726
30673.010020557,3039.24340478727,57699.0027660123,49179.841563376,64390.6868989009
31712.715428591,3125.19379499831,59113.5291127237,48751.4035850038,62721.0263587878
31860.2876022834,3057.81869767417,59728.2638631309,47512.1136203358,62251.5805518122
31866.7462187645,2851.75050171437,59745.2469244531,46774.4460693854,62002.338022417
30956.2560151593,2527.05813186891,57475.7205740868,45631.8192461208,61156.6621761151
29471.4030334246,2378.65598545037,55639.1858764921,43703.8474947633,60066.2833861776
29231.1227540469,2158.0771737999,54143.5414515284,42431.9798211518,60032.3553542973
28159.6781310924,2038.64133523918,51187.4971776657,40883.4605131622,58115.2659850832
27771.5797262365,1983.55879757123,50409.6041740366,40023.9513344795,57310.3293591258
27645.2315016566,1958.91745608505,49387.891223967,39466.1497283644,56938.6288215487
27160.7098305556,1993.25500098548,49101.0641863324,39283.1263442409,55933.2036902084
26747.912053077,2137.01944466549,48889.3846468608,40327.855450141,56972.738560102
26730.150252278,2371.8610580806,49209.2350150191,43593.779445848,60501.8940045779
29342.9385635561,2398.01480220438,54946.5386046529,47579.8682458975,63215.6385307164
29559.3035808798,2339.70455687792,56990.514292362,49843.4917608892,65882.0565006393
28900.5205941388,2226.85833635069,58474.5042802524,52511.0787488033,65913.0733967808
28595.7453097912,2138.18806806656,61691.7544103014,53528.2851371622,67307.6083665595
28800.9995838402,2175.85321906309,62395.9956528142,54509.4598131978,67799.9776352283
28966.7691042577,2202.36666333367,62644.1128602923,54579.9557222484,67306.3214686175
29049.9834322173,2202.5874770685,63452.5164896053,54022.2263448778,67669.619163344
29229.1475775376,2239.32669745782,63730.8211952821,54528.0853021486,68816.7840408897
29461.2358923442,2251.08685856872,63187.9284786228,54437.2628652026,69050.1307077113
28937.6802886805,2337.75829515192,61638.0582818788,52174.8642133963,67825.5737614205
28130.5638356004,2623.6808048399,59471.1974280218,49824.5422387865,64514.1501481726
30673.010020557,3039.24340478727,57699.0027660123,49179.841563376,64390.6868989009
31712.715428591,3125.19379499831,59113.5291127237,48751.4035850038,62721.0263587878
31860.2876022834,3057.81869767417,59728.2638631309,47512.1136203358,62251.5805518122
31866.7462187645,2851.75050171437,59745.2469244531,46774.4460693854,62002.338022417
30956.2560151593,2527.05813186891,57475.7205740868,45631.8192461208,61156.6621761151
29471.4030334246,2378.65598545037,55639.1858764921,43703.8474947633,60066.2833861776
29231.1227540469,2158.0771737999,54143.5414515284,42431.9798211518,60032.3553542973
28159.6781310924,2038.64133523918,51187.4971776657,40883.4605131622,58115.2659850832
27771.5797262365,1983.55879757123,50409.6041740366,40023.9513344795,57310.3293591258
27645.2315016566,1958.91745608505,49387.891223967,39466.1497283644,56938.6288215487
27160.7098305556,1993.25500098548,49101.0641863324,39283.1263442409,55933.2036902084
26747.912053077,2137.01944466549,48889.3846468608,40327.855450141,56972.738560102
26730.150252278,2371.8610580806,49209.2350150191,43593.779445848,60501.8940045779
29342.9385635561,2398.01480220438,54946.5386046529,47579.8682458975,63215.6385307164
29559.3035808798,2339.70455687792,56990.514292362,49843.4917608892,65882.0565006393
28900.5205941388,2226.85833635069,58474.5042802524,52511.0787488033,65913.0733967808
28595.7453097912,2138.18806806656,61691.7544103014,53528.2851371622,67307.6083665595
28800.9995838402,2175.85321906309,62395.9956528142,54509.4598131978,67799.9776352283
28966.7691042577,2202.36666333367,62644.1128602923,54579.9557222484,67306.3214686175
29049.9834322173,2202.5874770685,63452.5164896053,54022.2263448778,67669.619163344
29229.1475775376,2239.32669745782,63730.8211952821,54528.0853021486,68816.7840408897
29461.2358923442,2251.08685856872,63187.9284786228,54437.2628652026,69050.1307077113
28937.6802886805,2337.75829515192,61638.0582818788,52174.8642133963,67825.5737614205
28130.5638356004,2623.6808048399,59471.1974280218,49824.5422387865,64514.1501481726
30673.010020557,3039.24340478727,57699.0027660123,49179.841563376,64390.6868989009
31712.715428591,3125.19379499831,59113.5291127237,48751.4035850038,62721.0263587878
31860.2876022834,3057.81869767417,59728.2638631309,47512.1136203358,62251.5805518122
31866.7462187645,2851.75050171437,59745.2469244531,46774.4460693854,62002.338022417
30956.2560151593,2527.05813186891,57475.7205740868,45631.8192461208,61156.6621761151
29471.4030334246,2378.65598545037,55639.1858764921,43703.8474947633,60066.2833861776
29231.1227540469,2158.0771737999,54143.5414515284,42431.9798211518,60032.3553542973
28159.6781310924,2038.64133523918,51187.4971776657,40883.4605131622,58115.2659850832
27771.5797262365,1983.55879757123,50409.6041740366,40023.9513344795,57310.3293591258
27645.2315016566,1958.91745608505,49387.891223967,39466.1497283644,56938.6288215487
27160.7098305556,1993.25500098548,49101.0641863324,39283.1263442409,55933.2036902084
26747.912053077,2137.01944466549,48889.3846468608,40327.855450141,56972.738560102
26730.150252278,2371.8610580806,49209.2350150191,43593.779445848,60501.8940045779
29342.9385635561,2398.01480220438,54946.5386046529,47579.8682458975,63215.6385307164
29559.3035808798,2339.70455687792,56990.514292362,49843.4917608892,65882.0565006393
28900.5205941388,2226.85833635069,58474.5042802524,52511.0787488033,65913.0733967808
28595.7453097912,2138.18806806656,61691.7544103014,53528.2851371622,67307.6083665595
28800.9995838402,2175.85321906309,62395.9956528142,54509.4598131978,67799.9776352283
28966.7691042577,2202.36666333367,62644.1128602923,54579.9557222484,67306.3214686175
29049.9834322173,2202.5874770685,63452.5164896053,54022.2263448778,67669.619163344
29229.1475775376,2239.32669745782,63730.8211952821,54528.0853021486,68816.7840408897
29461.2358923442,2251.08685856872,63187.9284786228,54437.2628652026,69050.1307077113
28937.6802886805,2337.75829515192,61638.0582818788,52174.8642133963,67825.5737614205
28130.5638356004,2623.6808048399,59471.1974280218,49824.5422387865,64514.1501481726
30673.010020557,3039.24340478727,57699.0027660123,49179.841563376,64390.6868989009
31712.715428591,3125.19379499831,59113.5291127237,48751.4035850038,62721.0263587878
31860.2876022834,3057.81869767417,59728.2638631309,47512.1136203358,62251.5805518122
31866.7462187645,2851.75050171437,59745.2469244531,46774.4460693854,62002.338022417
30956.2560151593,2527.05813186891,57475.7205740868,45631.8192461208,61156.6621761151
29471.4030334246,2378.65598545037,55639.1858764921,43703.8474947633,60066.2833861776
29231.1227540469,2158.0771737999,54143.5414515284,42431.9798211518,60032.3553542973
28159.6781310924,2038.64133523918,51187.4971776657,40883.4605131622,58115.2659850832
27771.5797262365,1983.55879757123,50409.6041740366,40023.9513344795,57310.3293591258
27645.2315016566,1958.91745608505,49387.891223967,39466.1497283644,56938.6288215487
27160.7098305556,1993.25500098548,49101.0641863324,39283.1263442409,55933.2036902084
26747.912053077,2137.01944466549,48889.3846468608,40327.855450141,56972.738560102
26730.150252278,2371.8610580806,49209.2350150191,43593.779445848,60501.8940045779
29342.9385635561,2398.01480220438,54946.5386046529,47579.8682458975,63215.6385307164
29559.3035808798,2339.70455687792,56990.514292362,49843.4917608892,65882.0565006393
28900.5205941388,2226.85833635069,58474.5042802524,52511.0787488033,65913.0733967808
28595.7453097912,2138.18806806656,61691.7544103014,53528.2851371622,67307.6083665595
28800.9995838402,2175.85321906309,62395.9956528142,54509.4598131978,67799.9776352283
28966.7691042577,2202.36666333367,62644.1128602923,54579.9557222484,67306.3214686175
29049.9834322173,2202.5874770685,63452.5164896053,54022.2263448778,67669.619163344
29229.1475775376,2239.32669745782,63730.8211952821,54528.0853021486,68816.7840408897
29461.2358923442,2251.08685856872,63187.9284786228,54437.2628652026,69050.1307077113
28937.6802886805,2337.75829515192,61638.0582818788,52174.8642133963,67825.5737614205
28130.5638356004,2623.6808048399,59471.1974280218,49824.5422387865,64514.1501481726
30673.010020557,3039.24340478727,57699.0027660123,49179.841563376,64390.6868989009
31712.715428591,3125.19379499831,59113.5291127237,48751.4035850038,62721.0263587878
31860.2876022834,3057.81869767417,59728.2638631309,47512.1136203358,62251.5805518122
31866.7462187645,2851.75050171437,59745.2469244531,46774.4460693854,62002.338022417
30956.2560151593,2527.05813186891,57475.7205740868,45631.8192461208,61156.6621761151
29471.4030334246,2378.65598545037,55639.1858764921,43703.8474947633,60066.2833861776
29231.1227540469,2158.0771737999,54143.5414515284,42431.9798211518,60032.3553542973
28159.6781310924,2038.64133523918,51187.4971776657,40883.4605131622,58115.2659850832
27771.5797262365,1983.55879757123,50409.6041740366,40023.9513344795,57310.3293591258
27645.2315016566,1958.91745608505,49387.891223967,39466.1497283644,56938.6288215487
27160.7098305556,1993.25500098548,49101.0641863324,39283.1263442409,55933.2036902084
26747.912053077,2137.01944466549,48889.3846468608,40327.855450141,56972.738560102
26730.150252278,2371.8610580806,49209.2350150191,43593.779445848,60501.8940045779
29342.9385635561,2398.01480220438,54946.5386046529,47579.8682458975,63215.6385307164
29559.3035808798,2339.70455687792,56990.514292362,49843.4917608892,65882.0565006393
28900.5205941388,2226.85833635069,58474.5042802524,52511.0787488033,65913.0733967808
28595.7453097912,2138.18806806656,61691.7544103014,53528.2851371622,67307.6083665595
28800.9995838402,2175.85321906309,62395.9956528142,54509.4598131978,67799.9776352283
28966.7691042577,2202.36666333367,62644.1128602923,54579.9557222484,67306.3214686175
29049.9834322173,2202.5874770685,63452.5164896053,54022.2263448778,67669.619163344
29229.1475775376,2239.32669745782,63730.8211952821,54528.0853021486,68816.7840408897
29461.2358923442,2251.08685856872,63187.9284786228,54437.2628652026,69050.1307077113
28937.6802886805,2337.75829515192,61638.0582818788,52174.8642133963,67825.5737614205
28130.5638356004,2623.6808048399,59471.1974280218,49824.5422387865,64514.1501481726
30673.010020557,3039.24340478727,57699.0027660123,49179.841563376,64390.6868989009
31712.715428591,3125.19379499831,59113.5291127237,48751.4035850038,62721.0263587878
31860.2876022834,3057.81869767417,59728.2638631309,47512.1136203358,62251.5805518122
31866.7462187645,2851.75050171437,59745.2469244531,46774.4460693854,62002.338022417
30956.2560151593,2527.05813186891,57475.7205740868,45631.8192461208,61156.6621761151
29471.4030334246,2378.65598545037,55639.1858764921,43703.8474947633,60066.2833861776
29231.1227540469,2158.0771737999,54143.5414515284,42431.9798211518,60032.3553542973
28159.6781310924,2038.64133523918,51187.4971776657,40883.4605131622,58115.2659850832
27771.5797262365,1983.55879757123,50409.6041740366,40023.9513344795,57310.3293591258
27645.2315016566,1958.91745608505,49387.891223967,39466.1497283644,56938.6288215487
27160.7098305556,1993.25500098548,49101.0641863324,39283.1263442409,55933.2036902084
26747.912053077,2137.01944466549,48889.3846468608,40327.855450141,56972.738560102
26730.150252278,2371.8610580806,49209.2350150191,43593.779445848,60501.8940045779
29342.9385635561,2398.01480220438,54946.5386046529,47579.8682458975,63215.6385307164
29559.3035808798,2339.70455687792,56990.514292362,49843.4917608892,65882.0565006393
28900.5205941388,2226.85833635069,58474.5042802524,52511.0787488033,65913.0733967808
28595.7453097912,2138.18806806656,61691.7544103014,53528.2851371622,67307.6083665595
28800.9995838402,2175.85321906309,62395.9956528142,54509.4598131978,67799.9776352283
28966.7691042577,2202.36666333367,62644.1128602923,54579.9557222484,67306.3214686175
29049.9834322173,2202.5874770685,63452.5164896053,54022.2263448778,67669.619163344
29229.1475775376,2239.32669745782,63730.8211952821,54528.0853021486,68816.7840408897
29461.2358923442,2251.08685856872,63187.9284786228,54437.2628652026,69050.1307077113
28937.6802886805,2337.75829515192,61638.0582818788,52174.8642133963,67825.5737614205
28130.5638356004,2623.6808048399,59471.1974280218,49824.5422387865,64514.1501481726
30673.010020557,3039.24340478727,57699.0027660123,49179.841563376,64390.6868989009
31712.715428591,3125.19379499831,59113.5291127237,48751.4035850038,62721.0263587878
31860.2876022834,3057.81869767417,59728.2638631309,47512.1136203358,62251.5805518122
31866.7462187645,2851.75050171437,59745.2469244531,46774.4460693854,62002.338022417
30956.2560151593,2527.05813186891,57475.7205740868,45631.8192461208,61156.6621761151
29471.4030334246,2378.65598545037,55639.1858764921,43703.8474947633,60066.2833861776
29231.1227540469,2158.0771737999,54143.5414515284,42431.9798211518,60032.3553542973
28159.6781310924,2038.64133523918,51187.4971776657,40883.4605131622,58115.2659850832
27771.5797262365,1983.55879757123,50409.6041740366,40023.9513344795,57310.3293591258
27645.2315016566,1958.91745608505,49387.891223967,39466.1497283644,56938.6288215487
27160.7098305556,1993.25500098548,49101.0641863324,39283.1263442409,55933.2036902084
26747.912053077,2137.01944466549,48889.3846468608,40327.855450141,56972.738560102
26730.150252278,2371.8610580806,49209.2350150191,43593.779445848,60501.8940045779
29342.9385635561,2398.01480220438,54946.5386046529,47579.8682458975,63215.6385307164
29559.3035808798,2339.70455687792,56990.514292362,49843.4917608892,65882.0565006393
28900.5205941388,2226.85833635069,58474.5042802524,52511.0787488033,65913.0733967808
28595.7453097912,2138.18806806656,61691.7544103014,53528.2851371622,67307.6083665595
28800.9995838402,2175.85321906309,62395.9956528142,54509.4598131978,67799.9776352283
28966.7691042577,2202.36666333367,62644.1128602923,54579.9557222484,67306.3214686175
29049.9834322173,2202.5874770685,63452.5164896053,54022.2263448778,67669.619163344
29229.1475775376,2239.32669745782,63730.8211952821,54528.0853021486,68816.7840408897
29461.2358923442,2251.08685856872,63187.9284786228,54437.2628652026,69050.1307077113
28937.6802886805,2337.75829515192,61638.0582818788,52174.8642133963,67825.5737614205
28130.5638356004,2623.6808048399,59471.1974280218,49824.5422387865,64514.1501481726
30673.010020557,3039.24340478727,57699.0027660123,49179.841563376,64390.6868989009
31712.715428591,3125.19379499831,59113.5291127237,48751.4035850038,62721.0263587878
31860.2876022834,3057.81869767417,59728.2638631309,47512.1136203358,62251.5805518122
31866.7462187645,2851.75050171437,59745.2469244531,46774.4460693854,62002.338022417
30956.2560151593,2527.05813186891,57475.7205740868,45631.8192461208,61156.6621761151
29471.4030334246,2378.65598545037,55639.1858764921,43703.8474947633,60066.2833861776
29231.1227540469,2158.0771737999,54143.5414515284,42431.9798211518,60032.3553542973
28159.6781310924,2038.64133523918,51187.4971776657,40883.4605131622,58115.2659850832
27771.5797262365,1983.55879757123,50409.6041740366,40023.9513344795,57310.3293591258
27645.2315016566,1958.91745608505,49387.891223967,39466.1497283644,56938.6288215487
27160.7098305556,1993.25500098548,49101.0641863324,39283.1263442409,55933.2036902084
26747.912053077,2137.01944466549,48889.3846468608,40327.855450141,56972.738560102
26730.150252278,2371.8610580806,49209.2350150191,43593.779445848,60501.8940045779
29342.9385635561,2398.01480220438,54946.5386046529,47579.8682458975,63215.6385307164
29559.3035808798,2339.70455687792,56990.514292362,49843.4917608892,65882.0565006393
28900.5205941388,2226.85833635069,58474.5042802524,52511.0787488033,65913.0733967808
28595.7453097912,2138.18806806656,61691.7544103014,53528.2851371622,67307.6083665595
28800.9995838402,2175.85321906309,62395.9956528142,54509.4598131978,67799.9776352283
28966.7691042577,2202.36666333367,62644.1128602923,54579.9557222484,67306.3214686175
29049.9834322173,2202.5874770685,63452.5164896053,54022.2263448778,67669.619163344
29229.1475775376,2239.32669745782,63730.8211952821,54528.0853021486,68816.7840408897
29461.2358923442,2251.08685856872,63187.9284786228,54437.2628652026,69050.1307077113
28937.6802886805,2337.75829515192,61638.0582818788,52174.8642133963,67825.5737614205
28130.5638356004,2623.6808048399,59471.1974280218,49824.5422387865,64514.1501481726
30673.010020557,3039.24340478727,57699.0027660123,49179.841563376,64390.6868989009
31712.715428591,3125.19379499831,59113.5291127237,48751.4035850038,62721.0263587878
31860.2876022834,3057.81869767417,59728.2638631309,47512.1136203358,62251.5805518122
31866.7462187645,2851.75050171437,59745.2469244531,46774.4460693854,62002.338022417
30956.2560151593,2527.05813186891,57475.7205740868,45631.8192461208,61156.6621761151
29471.4030334246,2378.65598545037,55639.1858764921,43703.8474947633,60066.2833861776
29231.1227540469,2158.0771737999,54143.5414515284,42431.9798211518,60032.3553542973
28159.6781310924,2038.64133523918,51187.4971776657,40883.4605131622,58115.2659850832
27771.5797262365,1983.55879757123,50409.6041740366,40023.9513344795,57310.3293591258
27645.2315016566,1958.91745608505,49387.891223967,39466.1497283644,56938.6288215487
27160.7098305556,1993.25500098548,49101.0641863324,39283.1263442409,55933.2036902084
26747.912053077,2137.01944466549,48889.3846468608,40327.855450141,56972.738560102
26730.150252278,2371.8610580806,49209.2350150191,43593.779445848,60501.8940045779
29342.9385635561,2398.01480220438,54946.5386046529,47579.8682458975,63215.6385307164
29559.3035808798,2339.70455687792,56990.514292362,49843.4917608892,65882.0565006393
28900.5205941388,2226.85833635069,58474.5042802524,52511.0787488033,65913.0733967808
28595.7453097912,2138.18806806656,61691.7544103014,53528.2851371622,67307.6083665595
28800.9995838402,2175.85321906309,62395.9956528142,54509.4598131978,67799.9776352283
28966.7691042577,2202.36666333367,62644.1128602923,54579.9557222484,67306.3214686175
29049.9834322173,2202.5874770685,63452.5164896053,54022.2263448778,67669.619163344
29229.1475775376,2239.32669745782,63730.8211952821,54528.0853021486,68816.7840408897
29461.2358923442,2251.08685856872,63187.9284786228,54437.2628652026,69050.1307077113
28937.6802886805,2337.75829515192,61638.0582818788,52174.8642133963,67825.5737614205
28130.5638356004,2623.6808048399,59471.1974280218,49824.5422387865,64514.1501481726
30673.010020557,3039.24340478727,57699.0027660123,49179.841563376,64390.6868989009
31712.715428591,3125.19379499831,59113.5291127237,48751.4035850038,62721.0263587878
31860.2876022834,3057.81869767417,59728.2638631309,47512.1136203358,62251.5805518122
31866.7462187645,2851.75050171437,59745.2469244531,46774.4460693854,62002.338022417
30956.2560151593,2527.05813186891,57475.7205740868,45631.8192461208,61156.6621761151
29471.4030334246,2378.65598545037,55639.1858764921,43703.8474947633,60066.2833861776
29231.1227540469,2158.0771737999,54143.5414515284,42431.9798211518,60032.3553542973
28159.6781310924,2038.64133523918,51187.4971776657,40883.4605131622,58115.2659850832
27771.5797262365,1983.55879757123,50409.6041740366,40023.9513344795,57310.3293591258
27645.2315016566,1958.91745608505,49387.891223967,39466.1497283644,56938.6288215487
27160.7098305556,1993.25500098548,49101.0641863324,39283.1263442409,55933.2036902084
26747.912053077,2137.01944466549,48889.3846468608,40327.855450141,56972.738560102
26730.150252278,2371.8610580806,49209.2350150191,43593.779445848,60501.8940045779
29342.9385635561,2398.01480220438,54946.5386046529,47579.8682458975,63215.6385307164
29559.3035808798,2339.70455687792,56990.514292362,49843.4917608892,65882.0565006393
28900.5205941388,2226.85833635069,58474.5042802524,52511.0787488033,65913.0733967808
28595.7453097912,2138.18806806656,61691.7544103014,53528.2851371622,67307.6083665595
28800.9995838402,2175.85321906309,62395.9956528142,54509.4598131978,67799.9776352283
28966.7691042577,2202.36666333367,62644.1128602923,54579.9557222484,67306.3214686175
29049.9834322173,2202.5874770685,63452.5164896053,54022.2263448778,67669.619163344
29229.1475775376,2239.32669745782,63730.8211952821,54528.0853021486,68816.7840408897
29461.2358923442,2251.08685856872,63187.9284786228,54437.2628652026,69050.1307077113
28937.6802886805,2337.75829515192,61638.0582818788,52174.8642133963,67825.5737614205
28130.5638356004,2623.6808048399,59471.1974280218,49824.5422387865,64514.1501481726
30673.010020557,3039.24340478727,57699.0027660123,49179.841563376,64390.6868989009
31712.715428591,3125.19379499831,59113.5291127237,48751.4035850038,62721.0263587878
31860.2876022834,3057.81869767417,59728.2638631309,47512.1136203358,62251.5805518122
31866.7462187645,2851.75050171437,59745.2469244531,46774.4460693854,62002.338022417
30956.2560151593,2527.05813186891,57475.7205740868,45631.8192461208,61156.6621761151
29471.4030334246,2378.65598545037,55639.1858764921,43703.8474947633,60066.2833861776
29231.1227540469,2158.0771737999,54143.5414515284,42431.9798211518,60032.3553542973
28159.6781310924,2038.64133523918,51187.4971776657,40883.4605131622,58115.2659850832
27771.5797262365,1983.55879757123,50409.6041740366,40023.9513344795,57310.3293591258
27645.2315016566,1958.91745608505,49387.891223967,39466.1497283644,56938.6288215487
27160.7098305556,1993.25500098548,49101.0641863324,39283.1263442409,55933.2036902084
26747.912053077,2137.01944466549,48889.3846468608,40327.855450141,56972.738560102
26730.150252278,2371.8610580806,49209.2350150191,43593.779445848,60501.8940045779
29342.9385635561,2398.01480220438,54946.5386046529,47579.8682458975,63215.6385307164
29559.3035808798,2339.70455687792,56990.514292362,49843.4917608892,65882.0565006393
28900.5205941388,2226.85833635069,58474.5042802524,52511.0787488033,65913.0733967808
28595.7453097912,2138.18806806656,61691.7544103014,53528.2851371622,67307.6083665595
28800.9995838402,2175.85321906309,62395.9956528142,54509.4598131978,67799.9776352283
28966.7691042577,2202.36666333367,62644.1128602923,54579.9557222484,67306.3214686175
29049.9834322173,2202.5874770685,63452.5164896053,54022.2263448778,67669.619163344
29229.1475775376,2239.32669745782,63730.8211952821,54528.0853021486,68816.7840408897
29461.2358923442,2251.08685856872,63187.9284786228,54437.2628652026,69050.1307077113
28937.6802886805,2337.75829515192,61638.0582818788,52174.8642133963,67825.5737614205
28130.5638356004,2623.6808048399,59471.1974280218,49824.5422387865,64514.1501481726
30673.010020557,3039.24340478727,57699.0027660123,49179.841563376,64390.6868989009
31712.715428591,3125.19379499831,59113.5291127237,48751.4035850038,62721.0263587878
31860.2876022834,3057.81869767417,59728.2638631309,47512.1136203358,62251.5805518122
31866.7462187645,2851.75050171437,59745.2469244531,46774.4460693854,62002.338022417
30956.2560151593,2527.05813186891,57475.7205740868,45631.8192461208,61156.6621761151
29471.4030334246,2378.65598545037,55639.1858764921,43703.8474947633,60066.2833861776
29231.1227540469,2158.0771737999,54143.5414515284,42431.9798211518,60032.3553542973
28159.6781310924,2038.64133523918,51187.4971776657,40883.4605131622,58115.2659850832
27771.5797262365,1983.55879757123,50409.6041740366,40023.9513344795,57310.3293591258
27645.2315016566,1958.91745608505,49387.891223967,39466.1497283644,56938.6288215487
27160.7098305556,1993.25500098548,49101.0641863324,39283.1263442409,55933.2036902084
26747.912053077,2137.01944466549,48889.3846468608,40327.855450141,56972.738560102
26730.150252278,2371.8610580806,49209.2350150191,43593.779445848,60501.8940045779
29342.9385635561,2398.01480220438,54946.5386046529,47579.8682458975,63215.6385307164
29559.3035808798,2339.70455687792,56990.514292362,49843.4917608892,65882.0565006393
28900.5205941388,2226.85833635069,58474.5042802524,52511.0787488033,65913.0733967808
28595.7453097912,2138.18806806656,61691.7544103014,53528.2851371622,67307.6083665595
28800.9995838402,2175.85321906309,62395.9956528142,54509.4598131978,67799.9776352283
28966.7691042577,2202.36666333367,62644.1128602923,54579.9557222484,67306.3214686175
29049.9834322173,2202.5874770685,63452.5164896053,54022.2263448778,67669.619163344
29229.1475775376,2239.32669745782,63730.8211952821,54528.0853021486,68816.7840408897
29461.2358923442,2251.08685856872,63187.9284786228,54437.2628652026,69050.1307077113
28937.6802886805,2337.75829515192,61638.0582818788,52174.8642133963,67825.5737614205
28130.5638356004,2623.6808048399,59471.1974280218,49824.5422387865,64514.1501481726
30673.010020557,3039.24340478727,57699.0027660123,49179.841563376,64390.6868989009
31712.715428591,3125.19379499831,59113.5291127237,48751.4035850038,62721.0263587878
31860.2876022834,3057.81869767417,59728.2638631309,47512.1136203358,62251.5805518122
31866.7462187645,2851.75050171437,59745.2469244531,46774.4460693854,62002.338022417
30956.2560151593,2527.05813186891,57475.7205740868,45631.8192461208,61156.6621761151
29471.4030334246,2378.65598545037,55639.1858764921,43703.8474947633,60066.2833861776
29231.1227540469,2158.0771737999,54143.5414515284,42431.9798211518,60032.3553542973
28159.6781310924,2038.64133523918,51187.4971776657,40883.4605131622,58115.2659850832
27771.5797262365,1983.55879757123,50409.6041740366,40023.9513344795,57310.3293591258
27645.2315016566,1958.91745608505,49387.891223967,39466.1497283644,56938.6288215487
27160.7098305556,1993.25500098548,49101.0641863324,39283.1263442409,55933.2036902084
26747.912053077,2137.01944466549,48889.3846468608,40327.855450141,56972.738560102
26730.150252278,2371.8610580806,49209.2350150191,43593.779445848,60501.8940045779
29342.9385635561,2398.01480220438,54946.5386046529,47579.8682458975,63215.6385307164
29559.3035808798,2339.70455687792,56990.514292362,49843.4917608892,65882.0565006393
28900.5205941388,2226.85833635069,58474.5042802524,52511.0787488033,65913.0733967808
28595.7453097912,2138.18806806656,61691.7544103014,53528.2851371622,67307.6083665595
28800.9995838402,2175.85321906309,62395.9956528142,54509.4598131978,67799.9776352283
28966.7691042577,2202.36666333367,62644.1128602923,54579.9557222484,67306.3214686175
29049.9834322173,2202.5874770685,63452.5164896053,54022.2263448778,67669.619163344
29229.1475775376,2239.32669745782,63730.8211952821,54528.0853021486,68816.7840408897
29461.2358923442,2251.08685856872,63187.9284786228,54437.2628652026,69050.1307077113
28937.6802886805,2337.75829515192,61638.0582818788,52174.8642133963,67825.5737614205
28130.5638356004,2623.6808048399,59471.1974280218,49824.5422387865,64514.1501481726
30673.010020557,3039.24340478727,57699.0027660123,49179.841563376,64390.6868989009
31712.715428591,3125.19379499831,59113.5291127237,48751.4035850038,62721.0263587878
31860.2876022834,3057.81869767417,59728.2638631309,47512.1136203358,62251.5805518122
31866.7462187645,2851.75050171437,59745.2469244531,46774.4460693854,62002.338022417
30956.2560151593,2527.05813186891,57475.7205740868,45631.8192461208,61156.6621761151
29471.4030334246,2378.65598545037,55639.1858764921,43703.8474947633,60066.2833861776
29231.1227540469,2158.0771737999,54143.5414515284,42431.9798211518,60032.3553542973
28159.6781310924,2038.64133523918,51187.4971776657,40883.4605131622,58115.2659850832
27771.5797262365,1983.55879757123,50409.6041740366,40023.9513344795,57310.3293591258
27645.2315016566,1958.91745608505,49387.891223967,39466.1497283644,56938.6288215487
27160.7098305556,1993.25500098548,49101.0641863324,39283.1263442409,55933.2036902084
26747.912053077,2137.01944466549,48889.3846468608,40327.855450141,56972.738560102
26730.150252278,2371.8610580806,49209.2350150191,43593.779445848,60501.8940045779
29342.9385635561,2398.01480220438,54946.5386046529,47579.8682458975,63215.6385307164
29559.3035808798,2339.70455687792,56990.514292362,49843.4917608892,65882.0565006393
28900.5205941388,2226.85833635069,58474.5042802524,52511.0787488033,65913.0733967808
28595.7453097912,2138.18806806656,61691.7544103014,53528.2851371622,67307.6083665595
28800.9995838402,2175.85321906309,62395.9956528142,54509.4598131978,67799.9776352283
28966.7691042577,2202.36666333367,62644.1128602923,54579.9557222484,67306.3214686175
29049.9834322173,2202.5874770685,63452.5164896053,54022.2263448778,67669.619163344
29229.1475775376,2239.32669745782,63730.8211952821,54528.0853021486,68816.7840408897
29461.2358923442,2251.08685856872,63187.9284786228,54437.2628652026,69050.1307077113
28937.6802886805,2337.75829515192,61638.0582818788,52174.8642133963,67825.5737614205
28130.5638356004,2623.6808048399,59471.1974280218,49824.5422387865,64514.1501481726
30673.010020557,3039.24340478727,57699.0027660123,49179.841563376,64390.6868989009
31712.715428591,3125.19379499831,59113.5291127237,48751.4035850038,62721.0263587878
31860.2876022834,3057.81869767417,59728.2638631309,47512.1136203358,62251.5805518122
31866.7462187645,2851.75050171437,59745.2469244531,46774.4460693854,62002.338022417
30956.2560151593,2527.05813186891,57475.7205740868,45631.8192461208,61156.6621761151
29471.4030334246,2378.65598545037,55639.1858764921,43703.8474947633,60066.2833861776
29231.1227540469,2158.0771737999,54143.5414515284,42431.9798211518,60032.3553542973
28159.6781310924,2038.64133523918,51187.4971776657,40883.4605131622,58115.2659850832
27771.5797262365,1983.55879757123,50409.6041740366,40023.9513344795,57310.3293591258
27645.2315016566,1958.91745608505,49387.891223967,39466.1497283644,56938.6288215487
27160.7098305556,1993.25500098548,49101.0641863324,39283.1263442409,55933.2036902084
26747.912053077,2137.01944466549,48889.3846468608,40327.855450141,56972.738560102
26730.150252278,2371.8610580806,49209.2350150191,43593.779445848,60501.8940045779
29342.9385635561,2398.01480220438,54946.5386046529,47579.8682458975,63215.6385307164
29559.3035808798,2339.70455687792,56990.514292362,49843.4917608892,65882.0565006393
28900.5205941388,2226.85833635069,58474.5042802524,52511.0787488033,65913.0733967808
28595.7453097912,2138.18806806656,61691.7544103014,53528.2851371622,67307.6083665595
28800.9995838402,2175.85321906309,62395.9956528142,54509.4598131978,67799.9776352283
28966.7691042577,2202.36666333367,62644.1128602923,54579.9557222484,67306.3214686175
29049.9834322173,2202.5874770685,63452.5164896053,54022.2263448778,67669.619163344
29229.1475775376,2239.32669745782,63730.8211952821,54528.0853021486,68816.7840408897
29461.2358923442,2251.08685856872,63187.9284786228,54437.2628652026,69050.1307077113
28937.6802886805,2337.75829515192,61638.0582818788,52174.8642133963,67825.5737614205
28130.5638356004,2623.6808048399,59471.1974280218,49824.5422387865,64514.1501481726
30673.010020557,3039.24340478727,57699.0027660123,49179.841563376,64390.6868989009
31712.715428591,3125.19379499831,59113.5291127237,48751.4035850038,62721.0263587878
31860.2876022834,3057.81869767417,59728.2638631309,47512.1136203358,62251.5805518122
31866.7462187645,2851.75050171437,59745.2469244531,46774.4460693854,62002.338022417
30956.2560151593,2527.05813186891,57475.7205740868,45631.8192461208,61156.6621761151
29471.4030334246,2378.65598545037,55639.1858764921,43703.8474947633,60066.2833861776
29231.1227540469,2158.0771737999,54143.5414515284,42431.9798211518,60032.3553542973
28159.6781310924,2038.64133523918,51187.4971776657,40883.4605131622,58115.2659850832
27771.5797262365,1983.55879757123,50409.6041740366,40023.9513344795,57310.3293591258
27645.2315016566,1958.91745608505,49387.891223967,39466.1497283644,56938.6288215487
27160.7098305556,1993.25500098548,49101.0641863324,39283.1263442409,55933.2036902084
26747.912053077,2137.01944466549,48889.3846468608,40327.855450141,56972.738560102
26730.150252278,2371.8610580806,49209.2350150191,43593.779445848,60501.8940045779
29342.9385635561,2398.01480220438,54946.5386046529,47579.8682458975,63215.6385307164
29559.3035808798,2339.70455687792,56990.514292362,49843.4917608892,65882.0565006393
28900.5205941388,2226.85833635069,58474.5042802524,52511.0787488033,65913.0733967808
28595.7453097912,2138.18806806656,61691.7544103014,53528.2851371622,67307.6083665595
28800.9995838402,2175.85321906309,62395.9956528142,54509.4598131978,67799.9776352283
28966.7691042577,2202.36666333367,62644.1128602923,54579.9557222484,67306.3214686175
29049.9834322173,2202.5874770685,63452.5164896053,54022.2263448778,67669.619163344
29229.1475775376,2239.32669745782,63730.8211952821,54528.0853021486,68816.7840408897
29461.2358923442,2251.08685856872,63187.9284786228,54437.2628652026,69050.1307077113
28937.6802886805,2337.75829515192,61638.0582818788,52174.8642133963,67825.5737614205
28130.5638356004,2623.6808048399,59471.1974280218,49824.5422387865,64514.1501481726
30673.010020557,3039.24340478727,57699.0027660123,49179.841563376,64390.6868989009
31712.715428591,3125.19379499831,59113.5291127237,48751.4035850038,62721.0263587878
31860.2876022834,3057.81869767417,59728.2638631309,47512.1136203358,62251.5805518122
31866.7462187645,2851.75050171437,59745.2469244531,46774.4460693854,62002.338022417
30956.2560151593,2527.05813186891,57475.7205740868,45631.8192461208,61156.6621761151
29471.4030334246,2378.65598545037,55639.1858764921,43703.8474947633,60066.2833861776
29231.1227540469,2158.0771737999,54143.5414515284,42431.9798211518,60032.3553542973
28159.6781310924,2038.64133523918,51187.4971776657,40883.4605131622,58115.2659850832
27771.5797262365,1983.55879757123,50409.6041740366,40023.9513344795,57310.3293591258
27645.2315016566,1958.91745608505,49387.891223967,39466.1497283644,56938.6288215487
27160.7098305556,1993.25500098548,49101.0641863324,39283.1263442409,55933.2036902084
26747.912053077,2137.01944466549,48889.3846468608,40327.855450141,56972.738560102
26730.150252278,2371.8610580806,49209.2350150191,43593.779445848,60501.8940045779
29342.9385635561,2398.01480220438,54946.5386046529,47579.8682458975,63215.6385307164
29559.3035808798,2339.70455687792,56990.514292362,49843.4917608892,65882.0565006393
28900.5205941388,2226.85833635069,58474.5042802524,52511.0787488033,65913.0733967808
28595.7453097912,2138.18806806656,61691.7544103014,53528.2851371622,67307.6083665595
28800.9995838402,2175.85321906309,62395.9956528142,54509.4598131978,67799.9776352283
28966.7691042577,2202.36666333367,62644.1128602923,54579.9557222484,67306.3214686175
29049.9834322173,2202.5874770685,63452.5164896053,54022.2263448778,67669.619163344
29229.1475775376,2239.32669745782,63730.8211952821,54528.0853021486,68816.7840408897
29461.2358923442,2251.08685856872,63187.9284786228,54437.2628652026,69050.1307077113
28937.6802886805,2337.75829515192,61638.0582818788,52174.8642133963,67825.5737614205
28130.5638356004,2623.6808048399,59471.1974280218,49824.5422387865,64514.1501481726
30673.010020557,3039.24340478727,57699.0027660123,49179.841563376,64390.6868989009
31712.715428591,3125.19379499831,59113.5291127237,48751.4035850038,62721.0263587878
31860.2876022834,3057.81869767417,59728.2638631309,47512.1136203358,62251.5805518122
31866.7462187645,2851.75050171437,59745.2469244531,46774.4460693854,62002.338022417
30956.2560151593,2527.05813186891,57475.7205740868,45631.8192461208,61156.6621761151
29471.4030334246,2378.65598545037,55639.1858764921,43703.8474947633,60066.2833861776
29231.1227540469,2158.0771737999,54143.5414515284,42431.9798211518,60032.3553542973
28159.6781310924,2038.64133523918,51187.4971776657,40883.4605131622,58115.2659850832
27771.5797262365,1983.55879757123,50409.6041740366,40023.9513344795,57310.3293591258
27645.2315016566,1958.91745608505,49387.891223967,39466.1497283644,56938.6288215487
27160.7098305556,1993.25500098548,49101.0641863324,39283.1263442409,55933.2036902084
26747.912053077,2137.01944466549,48889.3846468608,40327.855450141,56972.738560102
26730.150252278,2371.8610580806,49209.2350150191,43593.779445848,60501.8940045779
29342.9385635561,2398.01480220438,54946.5386046529,47579.8682458975,63215.6385307164
29559.3035808798,2339.70455687792,56990.514292362,49843.4917608892,65882.0565006393
28900.5205941388,2226.85833635069,58474.5042802524,52511.0787488033,65913.0733967808
28595.7453097912,2138.18806806656,61691.7544103014,53528.2851371622,67307.6083665595
28800.9995838402,2175.85321906309,62395.9956528142,54509.4598131978,67799.9776352283
28966.7691042577,2202.36666333367,62644.1128602923,54579.9557222484,67306.3214686175
29049.9834322173,2202.5874770685,63452.5164896053,54022.2263448778,67669.619163344
29229.1475775376,2239.32669745782,63730.8211952821,54528.0853021486,68816.7840408897
29461.2358923442,2251.08685856872,63187.9284786228,54437.2628652026,69050.1307077113
28937.6802886805,2337.75829515192,61638.0582818788,52174.8642133963,67825.5737614205
28130.5638356004,2623.6808048399,59471.1974280218,49824.5422387865,64514.1501481726
30673.010020557,3039.24340478727,57699.0027660123,49179.841563376,64390.6868989009
31712.715428591,3125.19379499831,59113.5291127237,48751.4035850038,62721.0263587878
31860.2876022834,3057.81869767417,59728.2638631309,47512.1136203358,62251.5805518122
31866.7462187645,2851.75050171437,59745.2469244531,46774.4460693854,62002.338022417
30956.2560151593,2527.05813186891,57475.7205740868,45631.8192461208,61156.6621761151
29471.4030334246,2378.65598545037,55639.1858764921,43703.8474947633,60066.2833861776
29231.1227540469,2158.0771737999,54143.5414515284,42431.9798211518,60032.3553542973
28159.6781310924,2038.64133523918,51187.4971776657,40883.4605131622,58115.2659850832
27771.5797262365,1983.55879757123,50409.6041740366,40023.9513344795,57310.3293591258
27645.2315016566,1958.91745608505,49387.891223967,39466.1497283644,56938.6288215487
27160.7098305556,1993.25500098548,49101.0641863324,39283.1263442409,55933.2036902084
26747.912053077,2137.01944466549,48889.3846468608,40327.855450141,56972.738560102
26730.150252278,2371.8610580806,49209.2350150191,43593.779445848,60501.8940045779
29342.9385635561,2398.01480220438,54946.5386046529,47579.8682458975,63215.6385307164
29559.3035808798,2339.70455687792,56990.514292362,49843.4917608892,65882.0565006393
28900.5205941388,2226.85833635069,58474.5042802524,52511.0787488033,65913.0733967808
28595.7453097912,2138.18806806656,61691.7544103014,53528.2851371622,67307.6083665595
28800.9995838402,2175.85321906309,62395.9956528142,54509.4598131978,67799.9776352283
28966.7691042577,2202.36666333367,62644.1128602923,54579.9557222484,67306.3214686175
29049.9834322173,2202.5874770685,63452.5164896053,54022.2263448778,67669.619163344
29229.1475775376,2239.32669745782,63730.8211952821,54528.0853021486,68816.7840408897
29461.2358923442,2251.08685856872,63187.9284786228,54437.2628652026,69050.1307077113
28937.6802886805,2337.75829515192,61638.0582818788,52174.8642133963,67825.5737614205
28130.5638356004,2623.6808048399,59471.1974280218,49824.5422387865,64514.1501481726
30673.010020557,3039.24340478727,57699.0027660123,49179.841563376,64390.6868989009
31712.715428591,3125.19379499831,59113.5291127237,48751.4035850038,62721.0263587878
31860.2876022834,3057.81869767417,59728.2638631309,47512.1136203358,62251.5805518122
31866.7462187645,2851.75050171437,59745.2469244531,46774.4460693854,62002.338022417
30956.2560151593,2527.05813186891,57475.7205740868,45631.8192461208,61156.6621761151
29471.4030334246,2378.65598545037,55639.1858764921,43703.8474947633,60066.2833861776
29231.1227540469,2158.0771737999,54143.5414515284,42431.9798211518,60032.3553542973
28159.6781310924,2038.64133523918,51187.4971776657,40883.4605131622,58115.2659850832
27771.5797262365,1983.55879757123,50409.6041740366,40023.9513344795,57310.3293591258
27645.2315016566,1958.91745608505,49387.891223967,39466.1497283644,56938.6288215487
27160.7098305556,1993.25500098548,49101.0641863324,39283.1263442409,55933.2036902084
26747.912053077,2137.01944466549,48889.3846468608,40327.855450141,56972.738560102
26730.150252278,2371.8610580806,49209.2350150191,43593.779445848,60501.8940045779
29342.9385635561,2398.01480220438,54946.5386046529,47579.8682458975,63215.6385307164
29559.3035808798,2339.70455687792,56990.514292362,49843.4917608892,65882.0565006393
28900.5205941388,2226.85833635069,58474.5042802524,52511.0787488033,65913.0733967808
28595.7453097912,2138.18806806656,61691.7544103014,53528.2851371622,67307.6083665595
28800.9995838402,2175.85321906309,62395.9956528142,54509.4598131978,67799.9776352283
28966.7691042577,2202.36666333367,62644.1128602923,54579.9557222484,67306.3214686175
29049.9834322173,2202.5874770685,63452.5164896053,54022.2263448778,67669.619163344
29229.1475775376,2239.32669745782,63730.8211952821,54528.0853021486,68816.7840408897
29461.2358923442,2251.08685856872,63187.9284786228,54437.2628652026,69050.1307077113
28937.6802886805,2337.75829515192,61638.0582818788,52174.8642133963,67825.5737614205
28130.5638356004,2623.6808048399,59471.1974280218,49824.5422387865,64514.1501481726
30673.010020557,3039.24340478727,57699.0027660123,49179.841563376,64390.6868989009
31712.715428591,3125.19379499831,59113.5291127237,48751.4035850038,62721.0263587878
31860.2876022834,3057.81869767417,59728.2638631309,47512.1136203358,62251.5805518122
31866.7462187645,2851.75050171437,59745.2469244531,46774.4460693854,62002.338022417
30956.2560151593,2527.05813186891,57475.7205740868,45631.8192461208,61156.6621761151
29471.4030334246,2378.65598545037,55639.1858764921,43703.8474947633,60066.2833861776
29231.1227540469,2158.0771737999,54143.5414515284,42431.9798211518,60032.3553542973
28159.6781310924,2038.64133523918,51187.4971776657,40883.4605131622,58115.2659850832
27771.5797262365,1983.55879757123,50409.6041740366,40023.9513344795,57310.3293591258
27645.2315016566,1958.91745608505,49387.891223967,39466.1497283644,56938.6288215487
27160.7098305556,1993.25500098548,49101.0641863324,39283.1263442409,55933.2036902084
26747.912053077,2137.01944466549,48889.3846468608,40327.855450141,56972.738560102
26730.150252278,2371.8610580806,49209.2350150191,43593.779445848,60501.8940045779
29342.9385635561,2398.01480220438,54946.5386046529,47579.8682458975,63215.6385307164
29559.3035808798,2339.70455687792,56990.514292362,49843.4917608892,65882.0565006393
28900.5205941388,2226.85833635069,58474.5042802524,52511.0787488033,65913.0733967808
28595.7453097912,2138.18806806656,61691.7544103014,53528.2851371622,67307.6083665595
28800.9995838402,2175.85321906309,62395.9956528142,54509.4598131978,67799.9776352283
28966.7691042577,2202.36666333367,62644.1128602923,54579.9557222484,67306.3214686175
29049.9834322173,2202.5874770685,63452.5164896053,54022.2263448778,67669.619163344
29229.1475775376,2239.32669745782,63730.8211952821,54528.0853021486,68816.7840408897
29461.2358923442,2251.08685856872,63187.9284786228,54437.2628652026,69050.1307077113
28937.6802886805,2337.75829515192,61638.0582818788,52174.8642133963,67825.5737614205
28130.5638356004,2623.6808048399,59471.1974280218,49824.5422387865,64514.1501481726
30673.010020557,3039.24340478727,57699.0027660123,49179.841563376,64390.6868989009
31712.715428591,3125.19379499831,59113.5291127237,48751.4035850038,62721.0263587878
31860.2876022834,3057.81869767417,59728.2638631309,47512.1136203358,62251.5805518122
31866.7462187645,2851.75050171437,59745.2469244531,46774.4460693854,62002.338022417
30956.2560151593,2527.05813186891,57475.7205740868,45631.8192461208,61156.6621761151
29471.4030334246,2378.65598545037,55639.1858764921,43703.8474947633,60066.2833861776
29231.1227540469,2158.0771737999,54143.5414515284,42431.9798211518,60032.3553542973
28159.6781310924,2038.64133523918,51187.4971776657,40883.4605131622,58115.2659850832
27771.5797262365,1983.55879757123,50409.6041740366,40023.9513344795,57310.3293591258
27645.2315016566,1958.91745608505,49387.891223967,39466.1497283644,56938.6288215487
27160.7098305556,1993.25500098548,49101.0641863324,39283.1263442409,55933.2036902084
26747.912053077,2137.01944466549,48889.3846468608,40327.855450141,56972.738560102
26730.150252278,2371.8610580806,49209.2350150191,43593.779445848,60501.8940045779
29342.9385635561,2398.01480220438,54946.5386046529,47579.8682458975,63215.6385307164
29559.3035808798,2339.70455687792,56990.514292362,49843.4917608892,65882.0565006393
28900.5205941388,2226.85833635069,58474.5042802524,52511.0787488033,65913.0733967808
28595.7453097912,2138.18806806656,61691.7544103014,53528.2851371622,67307.6083665595
28800.9995838402,2175.85321906309,62395.9956528142,54509.4598131978,67799.9776352283
28966.7691042577,2202.36666333367,62644.1128602923,54579.9557222484,67306.3214686175
29049.9834322173,2202.5874770685,63452.5164896053,54022.2263448778,67669.619163344
29229.1475775376,2239.32669745782,63730.8211952821,54528.0853021486,68816.7840408897
29461.2358923442,2251.08685856872,63187.9284786228,54437.2628652026,69050.1307077113
28937.6802886805,2337.75829515192,61638.0582818788,52174.8642133963,67825.5737614205
28130.5638356004,2623.6808048399,59471.1974280218,49824.5422387865,64514.1501481726
30673.010020557,3039.24340478727,57699.0027660123,49179.841563376,64390.6868989009
31712.715428591,3125.19379499831,59113.5291127237,48751.4035850038,62721.0263587878
31860.2876022834,3057.81869767417,59728.2638631309,47512.1136203358,62251.5805518122
31866.7462187645,2851.75050171437,59745.2469244531,46774.4460693854,62002.338022417
30956.2560151593,2527.05813186891,57475.7205740868,45631.8192461208,61156.6621761151
29471.4030334246,2378.65598545037,55639.1858764921,43703.8474947633,60066.2833861776
29231.1227540469,2158.0771737999,54143.5414515284,42431.9798211518,60032.3553542973
28159.6781310924,2038.64133523918,51187.4971776657,40883.4605131622,58115.2659850832
27771.5797262365,1983.55879757123,50409.6041740366,40023.9513344795,57310.3293591258
27645.2315016566,1958.91745608505,49387.891223967,39466.1497283644,56938.6288215487
27160.7098305556,1993.25500098548,49101.0641863324,39283.1263442409,55933.2036902084
26747.912053077,2137.01944466549,48889.3846468608,40327.855450141,56972.738560102
26730.150252278,2371.8610580806,49209.2350150191,43593.779445848,60501.8940045779
29342.9385635561,2398.01480220438,54946.5386046529,47579.8682458975,63215.6385307164
29559.3035808798,2339.70455687792,56990.514292362,49843.4917608892,65882.0565006393
28900.5205941388,2226.85833635069,58474.5042802524,52511.0787488033,65913.0733967808
28595.7453097912,2138.18806806656,61691.7544103014,53528.2851371622,67307.6083665595
28800.9995838402,2175.85321906309,62395.9956528142,54509.4598131978,67799.9776352283
28966.7691042577,2202.36666333367,62644.1128602923,54579.9557222484,67306.3214686175
29049.9834322173,2202.5874770685,63452.5164896053,54022.2263448778,67669.619163344
29229.1475775376,2239.32669745782,63730.8211952821,54528.0853021486,68816.7840408897
29461.2358923442,2251.08685856872,63187.9284786228,54437.2628652026,69050.1307077113
28937.6802886805,2337.75829515192,61638.0582818788,52174.8642133963,67825.5737614205
28130.5638356004,2623.6808048399,59471.1974280218,49824.5422387865,64514.1501481726
30673.010020557,3039.24340478727,57699.0027660123,49179.841563376,64390.6868989009
31712.715428591,3125.19379499831,59113.5291127237,48751.4035850038,62721.0263587878
31860.2876022834,3057.81869767417,59728.2638631309,47512.1136203358,62251.5805518122
31866.7462187645,2851.75050171437,59745.2469244531,46774.4460693854,62002.338022417
30956.2560151593,2527.05813186891,57475.7205740868,45631.8192461208,61156.6621761151
29471.4030334246,2378.65598545037,55639.1858764921,43703.8474947633,60066.2833861776
29231.1227540469,2158.0771737999,54143.5414515284,42431.9798211518,60032.3553542973
28159.6781310924,2038.64133523918,51187.4971776657,40883.4605131622,58115.2659850832
27771.5797262365,1983.55879757123,50409.6041740366,40023.9513344795,57310.3293591258
27645.2315016566,1958.91745608505,49387.891223967,39466.1497283644,56938.6288215487
27160.7098305556,1993.25500098548,49101.0641863324,39283.1263442409,55933.2036902084
26747.912053077,2137.01944466549,48889.3846468608,40327.855450141,56972.738560102
26730.150252278,2371.8610580806,49209.2350150191,43593.779445848,60501.8940045779
29342.9385635561,2398.01480220438,54946.5386046529,47579.8682458975,63215.6385307164
29559.3035808798,2339.70455687792,56990.514292362,49843.4917608892,65882.0565006393
28900.5205941388,2226.85833635069,58474.5042802524,52511.0787488033,65913.0733967808
28595.7453097912,2138.18806806656,61691.7544103014,53528.2851371622,67307.6083665595
28800.9995838402,2175.85321906309,62395.9956528142,54509.4598131978,67799.9776352283
28966.7691042577,2202.36666333367,62644.1128602923,54579.9557222484,67306.3214686175
29049.9834322173,2202.5874770685,63452.5164896053,54022.2263448778,67669.619163344
29229.1475775376,2239.32669745782,63730.8211952821,54528.0853021486,68816.7840408897
29461.2358923442,2251.08685856872,63187.9284786228,54437.2628652026,69050.1307077113
28937.6802886805,2337.75829515192,61638.0582818788,52174.8642133963,67825.5737614205
28130.5638356004,2623.6808048399,59471.1974280218,49824.5422387865,64514.1501481726
30673.010020557,3039.24340478727,57699.0027660123,49179.841563376,64390.6868989009
31712.715428591,3125.19379499831,59113.5291127237,48751.4035850038,62721.0263587878
31860.2876022834,3057.81869767417,59728.2638631309,47512.1136203358,62251.5805518122
31866.7462187645,2851.75050171437,59745.2469244531,46774.4460693854,62002.338022417
30956.2560151593,2527.05813186891,57475.7205740868,45631.8192461208,61156.6621761151
29471.4030334246,2378.65598545037,55639.1858764921,43703.8474947633,60066.2833861776
29231.1227540469,2158.0771737999,54143.5414515284,42431.9798211518,60032.3553542973
28159.6781310924,2038.64133523918,51187.4971776657,40883.4605131622,58115.2659850832
27771.5797262365,1983.55879757123,50409.6041740366,40023.9513344795,57310.3293591258
27645.2315016566,1958.91745608505,49387.891223967,39466.1497283644,56938.6288215487
27160.7098305556,1993.25500098548,49101.0641863324,39283.1263442409,55933.2036902084
26747.912053077,2137.01944466549,48889.3846468608,40327.855450141,56972.738560102
26730.150252278,2371.8610580806,49209.2350150191,43593.779445848,60501.8940045779
29342.9385635561,2398.01480220438,54946.5386046529,47579.8682458975,63215.6385307164
29559.3035808798,2339.70455687792,56990.514292362,49843.4917608892,65882.0565006393
28900.5205941388,2226.85833635069,58474.5042802524,52511.0787488033,65913.0733967808
28595.7453097912,2138.18806806656,61691.7544103014,53528.2851371622,67307.6083665595
28800.9995838402,2175.85321906309,62395.9956528142,54509.4598131978,67799.9776352283
28966.7691042577,2202.36666333367,62644.1128602923,54579.9557222484,67306.3214686175
29049.9834322173,2202.5874770685,63452.5164896053,54022.2263448778,67669.619163344
29229.1475775376,2239.32669745782,63730.8211952821,54528.0853021486,68816.7840408897
29461.2358923442,2251.08685856872,63187.9284786228,54437.2628652026,69050.1307077113
28937.6802886805,2337.75829515192,61638.0582818788,52174.8642133963,67825.5737614205
28130.5638356004,2623.6808048399,59471.1974280218,49824.5422387865,64514.1501481726
30673.010020557,3039.24340478727,57699.0027660123,49179.841563376,64390.6868989009
31712.715428591,3125.19379499831,59113.5291127237,48751.4035850038,62721.0263587878
31860.2876022834,3057.81869767417,59728.2638631309,47512.1136203358,62251.5805518122
31866.7462187645,2851.75050171437,59745.2469244531,46774.4460693854,62002.338022417
30956.2560151593,2527.05813186891,57475.7205740868,45631.8192461208,61156.6621761151
29471.4030334246,2378.65598545037,55639.1858764921,43703.8474947633,60066.2833861776
28376.4753713347,1699.2417636297,63371.3747480957,42281.1393920675,56843.4395998068
27077.8780506331,1541.11314857812,61652.337964202,40925.5068720668,55986.3367863151
26783.6756935392,1499.8991235929,60790.5785552144,40052.38949054,55276.9992631836
26688.0738373217,1476.84913505565,59842.5116048499,39480.782635519,54879.965368511
26141.7894479093,1495.59756697208,58897.8896929498,39828.4964654232,54752.8982239557
25783.6654656992,1574.624068137,55873.6747923867,41515.7631697531,56257.4459900227
27467.6535602959,2113.73777766138,56625.46117635,46917.1365325371,60837.9513047663
29391.9259813202,2368.17236243604,61941.9961426596,50369.8330562576,60855.5550717905
29772.0028402245,2386.72407336331,64011.650853127,52286.3326292572,62310.6538451255
28998.1349633575,2229.08720272991,64652.5148651878,54659.9214063705,62349.2242842358
28765.150903913,2173.09694608131,67196.6513355862,55256.9174523703,63273.573705893
28881.5368608793,2182.40425601232,68349.0463622867,55953.2651832506,63713.0715223111
28939.8268809678,2199.97927701299,68841.4270719797,55436.9338958161,63259.9901214169
28953.1085432842,2225.77104859025,69096.8922661872,54833.3033197266,63310.0162092137
29079.5553535255,2229.70852716603,69196.855008348,55485.8706869628,64357.7893270223
29343.1894265627,2307.38358368747,68434.8991176806,55338.9980072737,64184.7356088064
29052.3591748237,2345.90482492515,67662.9133540552,52637.1251648105,63125.6393295395
28264.2858567517,2308.1216933213,65897.8762994404,50186.1299305387,60987.4811790449
30748.2609333927,2777.96887087916,62529.184866995,49166.3327884176,61241.1974607618
31474.4322918615,2637.02121987044,65506.661612623,48909.389468216,60337.7833948088
31536.9189103189,2659.20138204092,66765.5075009814,47641.92348993,60045.8184259782
31463.5032900489,2610.00711744921,67034.8402142311,47275.6360183471,59362.8663686564
30488.2329662133,2201.2453164764,65194.7787431784,45978.608368065,58552.594905857
28855.8417792547,1742.91842146424,63717.5104360801,43704.1046037721,57235.7169823041
28376.4753713347,1699.2417636297,63371.3747480957,42281.1393920675,56843.4395998068
27077.8780506331,1541.11314857812,61652.337964202,40925.5068720668,55986.3367863151
26783.6756935392,1499.8991235929,60790.5785552144,40052.38949054,55276.9992631836
26688.0738373217,1476.84913505565,59842.5116048499,39480.782635519,54879.965368511
26141.7894479093,1495.59756697208,58897.8896929498,39828.4964654232,54752.8982239557
25783.6654656992,1574.624068137,55873.6747923867,41515.7631697531,56257.4459900227
27467.6535602959,2113.73777766138,56625.46117635,46917.1365325371,60837.9513047663
29391.9259813202,2368.17236243604,61941.9961426596,50369.8330562576,60855.5550717905
29772.0028402245,2386.72407336331,64011.650853127,52286.3326292572,62310.6538451255
28998.1349633575,2229.08720272991,64652.5148651878,54659.9214063705,62349.2242842358
28765.150903913,2173.09694608131,67196.6513355862,55256.9174523703,63273.573705893
28881.5368608793,2182.40425601232,68349.0463622867,55953.2651832506,63713.0715223111
28939.8268809678,2199.97927701299,68841.4270719797,55436.9338958161,63259.9901214169
28953.1085432842,2225.77104859025,69096.8922661872,54833.3033197266,63310.0162092137
29079.5553535255,2229.70852716603,69196.855008348,55485.8706869628,64357.7893270223
29343.1894265627,2307.38358368747,68434.8991176806,55338.9980072737,64184.7356088064
29052.3591748237,2345.90482492515,67662.9133540552,52637.1251648105,63125.6393295395
28264.2858567517,2308.1216933213,65897.8762994404,50186.1299305387,60987.4811790449
30748.2609333927,2777.96887087916,62529.184866995,49166.3327884176,61241.1974607618
31474.4322918615,2637.02121987044,65506.661612623,48909.389468216,60337.7833948088
31536.9189103189,2659.20138204092,66765.5075009814,47641.92348993,60045.8184259782
31463.5032900489,2610.00711744921,67034.8402142311,47275.6360183471,59362.8663686564
30488.2329662133,2201.2453164764,65194.7787431784,45978.608368065,58552.594905857
28855.8417792547,1742.91842146424,63717.5104360801,43704.1046037721,57235.7169823041
28376.4753713347,1699.2417636297,63371.3747480957,42281.1393920675,56843.4395998068
27077.8780506331,1541.11314857812,61652.337964202,40925.5068720668,55986.3367863151
26783.6756935392,1499.8991235929,60790.5785552144,40052.38949054,55276.9992631836
26688.0738373217,1476.84913505565,59842.5116048499,39480.782635519,54879.965368511
26141.7894479093,1495.59756697208,58897.8896929498,39828.4964654232,54752.8982239557
25783.6654656992,1574.624068137,55873.6747923867,41515.7631697531,56257.4459900227
27467.6535602959,2113.73777766138,56625.46117635,46917.1365325371,60837.9513047663
29391.9259813202,2368.17236243604,61941.9961426596,50369.8330562576,60855.5550717905
29772.0028402245,2386.72407336331,64011.650853127,52286.3326292572,62310.6538451255
28998.1349633575,2229.08720272991,64652.5148651878,54659.9214063705,62349.2242842358
28765.150903913,2173.09694608131,67196.6513355862,55256.9174523703,63273.573705893
28881.5368608793,2182.40425601232,68349.0463622867,55953.2651832506,63713.0715223111
28939.8268809678,2199.97927701299,68841.4270719797,55436.9338958161,63259.9901214169
28953.1085432842,2225.77104859025,69096.8922661872,54833.3033197266,63310.0162092137
29079.5553535255,2229.70852716603,69196.855008348,55485.8706869628,64357.7893270223
29343.1894265627,2307.38358368747,68434.8991176806,55338.9980072737,64184.7356088064
29052.3591748237,2345.90482492515,67662.9133540552,52637.1251648105,63125.6393295395
28264.2858567517,2308.1216933213,65897.8762994404,50186.1299305387,60987.4811790449
30748.2609333927,2777.96887087916,62529.184866995,49166.3327884176,61241.1974607618
31474.4322918615,2637.02121987044,65506.661612623,48909.389468216,60337.7833948088
31536.9189103189,2659.20138204092,66765.5075009814,47641.92348993,60045.8184259782
31463.5032900489,2610.00711744921,67034.8402142311,47275.6360183471,59362.8663686564
30488.2329662133,2201.2453164764,65194.7787431784,45978.608368065,58552.594905857
28855.8417792547,1742.91842146424,63717.5104360801,43704.1046037721,57235.7169823041
28376.4753713347,1699.2417636297,63371.3747480957,42281.1393920675,56843.4395998068
27077.8780506331,1541.11314857812,61652.337964202,40925.5068720668,55986.3367863151
26783.6756935392,1499.8991235929,60790.5785552144,40052.38949054,55276.9992631836
26688.0738373217,1476.84913505565,59842.5116048499,39480.782635519,54879.965368511
26141.7894479093,1495.59756697208,58897.8896929498,39828.4964654232,54752.8982239557
25783.6654656992,1574.624068137,55873.6747923867,41515.7631697531,56257.4459900227
27467.6535602959,2113.73777766138,56625.46117635,46917.1365325371,60837.9513047663
29391.9259813202,2368.17236243604,61941.9961426596,50369.8330562576,60855.5550717905
29772.0028402245,2386.72407336331,64011.650853127,52286.3326292572,62310.6538451255
28998.1349633575,2229.08720272991,64652.5148651878,54659.9214063705,62349.2242842358
28765.150903913,2173.09694608131,67196.6513355862,55256.9174523703,63273.573705893
28881.5368608793,2182.40425601232,68349.0463622867,55953.2651832506,63713.0715223111
28939.8268809678,2199.97927701299,68841.4270719797,55436.9338958161,63259.9901214169
28953.1085432842,2225.77104859025,69096.8922661872,54833.3033197266,63310.0162092137
29079.5553535255,2229.70852716603,69196.855008348,55485.8706869628,64357.7893270223
29343.1894265627,2307.38358368747,68434.8991176806,55338.9980072737,64184.7356088064
29052.3591748237,2345.90482492515,67662.9133540552,52637.1251648105,63125.6393295395
28264.2858567517,2308.1216933213,65897.8762994404,50186.1299305387,60987.4811790449
30748.2609333927,2777.96887087916,62529.184866995,49166.3327884176,61241.1974607618
31474.4322918615,2637.02121987044,65506.661612623,48909.389468216,60337.7833948088
31536.9189103189,2659.20138204092,66765.5075009814,47641.92348993,60045.8184259782
31463.5032900489,2610.00711744921,67034.8402142311,47275.6360183471,59362.8663686564
30488.2329662133,2201.2453164764,65194.7787431784,45978.608368065,58552.594905857
28855.8417792547,1742.91842146424,63717.5104360801,43704.1046037721,57235.7169823041
28376.4753713347,1699.2417636297,63371.3747480957,42281.1393920675,56843.4395998068
27077.8780506331,1541.11314857812,61652.337964202,40925.5068720668,55986.3367863151
26783.6756935392,1499.8991235929,60790.5785552144,40052.38949054,55276.9992631836
26688.0738373217,1476.84913505565,59842.5116048499,39480.782635519,54879.965368511
26141.7894479093,1495.59756697208,58897.8896929498,39828.4964654232,54752.8982239557
25783.6654656992,1574.624068137,55873.6747923867,41515.7631697531,56257.4459900227
27467.6535602959,2113.73777766138,56625.46117635,46917.1365325371,60837.9513047663
29391.9259813202,2368.17236243604,61941.9961426596,50369.8330562576,60855.5550717905
29772.0028402245,2386.72407336331,64011.650853127,52286.3326292572,62310.6538451255
28998.1349633575,2229.08720272991,64652.5148651878,54659.9214063705,62349.2242842358
28765.150903913,2173.09694608131,67196.6513355862,55256.9174523703,63273.573705893
28881.5368608793,2182.40425601232,68349.0463622867,55953.2651832506,63713.0715223111
28939.8268809678,2199.97927701299,68841.4270719797,55436.9338958161,63259.9901214169
28953.1085432842,2225.77104859025,69096.8922661872,54833.3033197266,63310.0162092137
29079.5553535255,2229.70852716603,69196.855008348,55485.8706869628,64357.7893270223
29343.1894265627,2307.38358368747,68434.8991176806,55338.9980072737,64184.7356088064
29052.3591748237,2345.90482492515,67662.9133540552,52637.1251648105,63125.6393295395
28264.2858567517,2308.1216933213,65897.8762994404,50186.1299305387,60987.4811790449
30748.2609333927,2777.96887087916,62529.184866995,49166.3327884176,61241.1974607618
31474.4322918615,2637.02121987044,65506.661612623,48909.389468216,60337.7833948088
31536.9189103189,2659.20138204092,66765.5075009814,47641.92348993,60045.8184259782
31463.5032900489,2610.00711744921,67034.8402142311,47275.6360183471,59362.8663686564
30488.2329662133,2201.2453164764,65194.7787431784,45978.608368065,58552.594905857
28855.8417792547,1742.91842146424,63717.5104360801,43704.1046037721,57235.7169823041
28376.4753713347,1699.2417636297,63371.3747480957,42281.1393920675,56843.4395998068
27077.8780506331,1541.11314857812,61652.337964202,40925.5068720668,55986.3367863151
26783.6756935392,1499.8991235929,60790.5785552144,40052.38949054,55276.9992631836
26688.0738373217,1476.84913505565,59842.5116048499,39480.782635519,54879.965368511
26141.7894479093,1495.59756697208,58897.8896929498,39828.4964654232,54752.8982239557
25783.6654656992,1574.624068137,55873.6747923867,41515.7631697531,56257.4459900227
27467.6535602959,2113.73777766138,56625.46117635,46917.1365325371,60837.9513047663
29391.9259813202,2368.17236243604,61941.9961426596,50369.8330562576,60855.5550717905
29772.0028402245,2386.72407336331,64011.650853127,52286.3326292572,62310.6538451255
28998.1349633575,2229.08720272991,64652.5148651878,54659.9214063705,62349.2242842358
28765.150903913,2173.09694608131,67196.6513355862,55256.9174523703,63273.573705893
28881.5368608793,2182.40425601232,68349.0463622867,55953.2651832506,63713.0715223111
28939.8268809678,2199.97927701299,68841.4270719797,55436.9338958161,63259.9901214169
28953.1085432842,2225.77104859025,69096.8922661872,54833.3033197266,63310.0162092137
29079.5553535255,2229.70852716603,69196.855008348,55485.8706869628,64357.7893270223
29343.1894265627,2307.38358368747,68434.8991176806,55338.9980072737,64184.7356088064
29052.3591748237,2345.90482492515,67662.9133540552,52637.1251648105,63125.6393295395
28264.2858567517,2308.1216933213,65897.8762994404,50186.1299305387,60987.4811790449
30748.2609333927,2777.96887087916,62529.184866995,49166.3327884176,61241.1974607618
31474.4322918615,2637.02121987044,65506.661612623,48909.389468216,60337.7833948088
31536.9189103189,2659.20138204092,66765.5075009814,47641.92348993,60045.8184259782
31463.5032900489,2610.00711744921,67034.8402142311,47275.6360183471,59362.8663686564
30488.2329662133,2201.2453164764,65194.7787431784,45978.608368065,58552.594905857
28855.8417792547,1742.91842146424,63717.5104360801,43704.1046037721,57235.7169823041
28376.4753713347,1699.2417636297,63371.3747480957,42281.1393920675,56843.4395998068
27077.8780506331,1541.11314857812,61652.337964202,40925.5068720668,55986.3367863151
26783.6756935392,1499.8991235929,60790.5785552144,40052.38949054,55276.9992631836
26688.0738373217,1476.84913505565,59842.5116048499,39480.782635519,54879.965368511
26141.7894479093,1495.59756697208,58897.8896929498,39828.4964654232,54752.8982239557
25783.6654656992,1574.624068137,55873.6747923867,41515.7631697531,56257.4459900227
27467.6535602959,2113.73777766138,56625.46117635,46917.1365325371,60837.9513047663
29391.9259813202,2368.17236243604,61941.9961426596,50369.8330562576,60855.5550717905
29772.0028402245,2386.72407336331,64011.650853127,52286.3326292572,62310.6538451255
28998.1349633575,2229.08720272991,64652.5148651878,54659.9214063705,62349.2242842358
28765.150903913,2173.09694608131,67196.6513355862,55256.9174523703,63273.573705893
28881.5368608793,2182.40425601232,68349.0463622867,55953.2651832506,63713.0715223111
28939.8268809678,2199.97927701299,68841.4270719797,55436.9338958161,63259.9901214169
28953.1085432842,2225.77104859025,69096.8922661872,54833.3033197266,63310.0162092137
29079.5553535255,2229.70852716603,69196.855008348,55485.8706869628,64357.7893270223
29343.1894265627,2307.38358368747,68434.8991176806,55338.9980072737,64184.7356088064
29052.3591748237,2345.90482492515,67662.9133540552,52637.1251648105,63125.6393295395
28264.2858567517,2308.1216933213,65897.8762994404,50186.1299305387,60987.4811790449
30748.2609333927,2777.96887087916,62529.184866995,49166.3327884176,61241.1974607618
31474.4322918615,2637.02121987044,65506.661612623,48909.389468216,60337.7833948088
31536.9189103189,2659.20138204092,66765.5075009814,47641.92348993,60045.8184259782
31463.5032900489,2610.00711744921,67034.8402142311,47275.6360183471,59362.8663686564
30488.2329662133,2201.2453164764,65194.7787431784,45978.608368065,58552.594905857
28855.8417792547,1742.91842146424,63717.5104360801,43704.1046037721,57235.7169823041
28376.4753713347,1699.2417636297,63371.3747480957,42281.1393920675,56843.4395998068
27077.8780506331,1541.11314857812,61652.337964202,40925.5068720668,55986.3367863151
26783.6756935392,1499.8991235929,60790.5785552144,40052.38949054,55276.9992631836
26688.0738373217,1476.84913505565,59842.5116048499,39480.782635519,54879.965368511
26141.7894479093,1495.59756697208,58897.8896929498,39828.4964654232,54752.8982239557
25783.6654656992,1574.624068137,55873.6747923867,41515.7631697531,56257.4459900227
27467.6535602959,2113.73777766138,56625.46117635,46917.1365325371,60837.9513047663
29391.9259813202,2368.17236243604,61941.9961426596,50369.8330562576,60855.5550717905
29772.0028402245,2386.72407336331,64011.650853127,52286.3326292572,62310.6538451255
28998.1349633575,2229.08720272991,64652.5148651878,54659.9214063705,62349.2242842358
28765.150903913,2173.09694608131,67196.6513355862,55256.9174523703,63273.573705893
28881.5368608793,2182.40425601232,68349.0463622867,55953.2651832506,63713.0715223111
28939.8268809678,2199.97927701299,68841.4270719797,55436.9338958161,63259.9901214169
28953.1085432842,2225.77104859025,69096.8922661872,54833.3033197266,63310.0162092137
29079.5553535255,2229.70852716603,69196.855008348,55485.8706869628,64357.7893270223
29343.1894265627,2307.38358368747,68434.8991176806,55338.9980072737,64184.7356088064
29052.3591748237,2345.90482492515,67662.9133540552,52637.1251648105,63125.6393295395
28264.2858567517,2308.1216933213,65897.8762994404,50186.1299305387,60987.4811790449
30748.2609333927,2777.96887087916,62529.184866995,49166.3327884176,61241.1974607618
31474.4322918615,2637.02121987044,65506.661612623,48909.389468216,60337.7833948088
31536.9189103189,2659.20138204092,66765.5075009814,47641.92348993,60045.8184259782
31463.5032900489,2610.00711744921,67034.8402142311,47275.6360183471,59362.8663686564
30488.2329662133,2201.2453164764,65194.7787431784,45978.608368065,58552.594905857
28855.8417792547,1742.91842146424,63717.5104360801,43704.1046037721,57235.7169823041
28376.4753713347,1699.2417636297,63371.3747480957,42281.1393920675,56843.4395998068
27077.8780506331,1541.11314857812,61652.337964202,40925.5068720668,55986.3367863151
26783.6756935392,1499.8991235929,60790.5785552144,40052.38949054,55276.9992631836
26688.0738373217,1476.84913505565,59842.5116048499,39480.782635519,54879.965368511
26141.7894479093,1495.59756697208,58897.8896929498,39828.4964654232,54752.8982239557
25783.6654656992,1574.624068137,55873.6747923867,41515.7631697531,56257.4459900227
27467.6535602959,2113.73777766138,56625.46117635,46917.1365325371,60837.9513047663
29391.9259813202,2368.17236243604,61941.9961426596,50369.8330562576,60855.5550717905
29772.0028402245,2386.72407336331,64011.650853127,52286.3326292572,62310.6538451255
28998.1349633575,2229.08720272991,64652.5148651878,54659.9214063705,62349.2242842358
28765.150903913,2173.09694608131,67196.6513355862,55256.9174523703,63273.573705893
28881.5368608793,2182.40425601232,68349.0463622867,55953.2651832506,63713.0715223111
28939.8268809678,2199.97927701299,68841.4270719797,55436.9338958161,63259.9901214169
28953.1085432842,2225.77104859025,69096.8922661872,54833.3033197266,63310.0162092137
29079.5553535255,2229.70852716603,69196.855008348,55485.8706869628,64357.7893270223
29343.1894265627,2307.38358368747,68434.8991176806,55338.9980072737,64184.7356088064
29052.3591748237,2345.90482492515,67662.9133540552,52637.1251648105,63125.6393295395
28264.2858567517,2308.1216933213,65897.8762994404,50186.1299305387,60987.4811790449
30748.2609333927,2777.96887087916,62529.184866995,49166.3327884176,61241.1974607618
31474.4322918615,2637.02121987044,65506.661612623,48909.389468216,60337.7833948088
31536.9189103189,2659.20138204092,66765.5075009814,47641.92348993,60045.8184259782
31463.5032900489,2610.00711744921,67034.8402142311,47275.6360183471,59362.8663686564
30488.2329662133,2201.2453164764,65194.7787431784,45978.608368065,58552.594905857
28855.8417792547,1742.91842146424,63717.5104360801,43704.1046037721,57235.7169823041
28376.4753713347,1699.2417636297,63371.3747480957,42281.1393920675,56843.4395998068
27077.8780506331,1541.11314857812,61652.337964202,40925.5068720668,55986.3367863151
26783.6756935392,1499.8991235929,60790.5785552144,40052.38949054,55276.9992631836
26688.0738373217,1476.84913505565,59842.5116048499,39480.782635519,54879.965368511
26141.7894479093,1495.59756697208,58897.8896929498,39828.4964654232,54752.8982239557
25783.6654656992,1574.624068137,55873.6747923867,41515.7631697531,56257.4459900227
27467.6535602959,2113.73777766138,56625.46117635,46917.1365325371,60837.9513047663
29391.9259813202,2368.17236243604,61941.9961426596,50369.8330562576,60855.5550717905
29772.0028402245,2386.72407336331,64011.650853127,52286.3326292572,62310.6538451255
28998.1349633575,2229.08720272991,64652.5148651878,54659.9214063705,62349.2242842358
28765.150903913,2173.09694608131,67196.6513355862,55256.9174523703,63273.573705893
28881.5368608793,2182.40425601232,68349.0463622867,55953.2651832506,63713.0715223111
28939.8268809678,2199.97927701299,68841.4270719797,55436.9338958161,63259.9901214169
28953.1085432842,2225.77104859025,69096.8922661872,54833.3033197266,63310.0162092137
29079.5553535255,2229.70852716603,69196.855008348,55485.8706869628,64357.7893270223
29343.1894265627,2307.38358368747,68434.8991176806,55338.9980072737,64184.7356088064
29052.3591748237,2345.90482492515,67662.9133540552,52637.1251648105,63125.6393295395
28264.2858567517,2308.1216933213,65897.8762994404,50186.1299305387,60987.4811790449
30748.2609333927,2777.96887087916,62529.184866995,49166.3327884176,61241.1974607618
31474.4322918615,2637.02121987044,65506.661612623,48909.389468216,60337.7833948088
31536.9189103189,2659.20138204092,66765.5075009814,47641.92348993,60045.8184259782
31463.5032900489,2610.00711744921,67034.8402142311,47275.6360183471,59362.8663686564
30488.2329662133,2201.2453164764,65194.7787431784,45978.608368065,58552.594905857
28855.8417792547,1742.91842146424,63717.5104360801,43704.1046037721,57235.7169823041
28376.4753713347,1699.2417636297,63371.3747480957,42281.1393920675,56843.4395998068
27077.8780506331,1541.11314857812,61652.337964202,40925.5068720668,55986.3367863151
26783.6756935392,1499.8991235929,60790.5785552144,40052.38949054,55276.9992631836
26688.0738373217,1476.84913505565,59842.5116048499,39480.782635519,54879.965368511
26141.7894479093,1495.59756697208,58897.8896929498,39828.4964654232,54752.8982239557
25783.6654656992,1574.624068137,55873.6747923867,41515.7631697531,56257.4459900227
27467.6535602959,2113.73777766138,56625.46117635,46917.1365325371,60837.9513047663
29391.9259813202,2368.17236243604,61941.9961426596,50369.8330562576,60855.5550717905
29772.0028402245,2386.72407336331,64011.650853127,52286.3326292572,62310.6538451255
28998.1349633575,2229.08720272991,64652.5148651878,54659.9214063705,62349.2242842358
28765.150903913,2173.09694608131,67196.6513355862,55256.9174523703,63273.573705893
28881.5368608793,2182.40425601232,68349.0463622867,55953.2651832506,63713.0715223111
28939.8268809678,2199.97927701299,68841.4270719797,55436.9338958161,63259.9901214169
28953.1085432842,2225.77104859025,69096.8922661872,54833.3033197266,63310.0162092137
29079.5553535255,2229.70852716603,69196.855008348,55485.8706869628,64357.7893270223
29343.1894265627,2307.38358368747,68434.8991176806,55338.9980072737,64184.7356088064
29052.3591748237,2345.90482492515,67662.9133540552,52637.1251648105,63125.6393295395
28264.2858567517,2308.1216933213,65897.8762994404,50186.1299305387,60987.4811790449
30748.2609333927,2777.96887087916,62529.184866995,49166.3327884176,61241.1974607618
31474.4322918615,2637.02121987044,65506.661612623,48909.389468216,60337.7833948088
31536.9189103189,2659.20138204092,66765.5075009814,47641.92348993,60045.8184259782
31463.5032900489,2610.00711744921,67034.8402142311,47275.6360183471,59362.8663686564
30488.2329662133,2201.2453164764,65194.7787431784,45978.608368065,58552.594905857
28855.8417792547,1742.91842146424,63717.5104360801,43704.1046037721,57235.7169823041
28376.4753713347,1699.2417636297,63371.3747480957,42281.1393920675,56843.4395998068
27077.8780506331,1541.11314857812,61652.337964202,40925.5068720668,55986.3367863151
26783.6756935392,1499.8991235929,60790.5785552144,40052.38949054,55276.9992631836
26688.0738373217,1476.84913505565,59842.5116048499,39480.782635519,54879.965368511
26141.7894479093,1495.59756697208,58897.8896929498,39828.4964654232,54752.8982239557
25783.6654656992,1574.624068137,55873.6747923867,41515.7631697531,56257.4459900227
27467.6535602959,2113.73777766138,56625.46117635,46917.1365325371,60837.9513047663
29391.9259813202,2368.17236243604,61941.9961426596,50369.8330562576,60855.5550717905
29772.0028402245,2386.72407336331,64011.650853127,52286.3326292572,62310.6538451255
28998.1349633575,2229.08720272991,64652.5148651878,54659.9214063705,62349.2242842358
28765.150903913,2173.09694608131,67196.6513355862,55256.9174523703,63273.573705893
28881.5368608793,2182.40425601232,68349.0463622867,55953.2651832506,63713.0715223111
28939.8268809678,2199.97927701299,68841.4270719797,55436.9338958161,63259.9901214169
28953.1085432842,2225.77104859025,69096.8922661872,54833.3033197266,63310.0162092137
29079.5553535255,2229.70852716603,69196.855008348,55485.8706869628,64357.7893270223
29343.1894265627,2307.38358368747,68434.8991176806,55338.9980072737,64184.7356088064
29052.3591748237,2345.90482492515,67662.9133540552,52637.1251648105,63125.6393295395
28264.2858567517,2308.1216933213,65897.8762994404,50186.1299305387,60987.4811790449
30748.2609333927,2777.96887087916,62529.184866995,49166.3327884176,61241.1974607618
31474.4322918615,2637.02121987044,65506.661612623,48909.389468216,60337.7833948088
31536.9189103189,2659.20138204092,66765.5075009814,47641.92348993,60045.8184259782
31463.5032900489,2610.00711744921,67034.8402142311,47275.6360183471,59362.8663686564
30488.2329662133,2201.2453164764,65194.7787431784,45978.608368065,58552.594905857
28855.8417792547,1742.91842146424,63717.5104360801,43704.1046037721,57235.7169823041
28376.4753713347,1699.2417636297,63371.3747480957,42281.1393920675,56843.4395998068
27077.8780506331,1541.11314857812,61652.337964202,40925.5068720668,55986.3367863151
26783.6756935392,1499.8991235929,60790.5785552144,40052.38949054,55276.9992631836
26688.0738373217,1476.84913505565,59842.5116048499,39480.782635519,54879.965368511
26141.7894479093,1495.59756697208,58897.8896929498,39828.4964654232,54752.8982239557
25783.6654656992,1574.624068137,55873.6747923867,41515.7631697531,56257.4459900227
27467.6535602959,2113.73777766138,56625.46117635,46917.1365325371,60837.9513047663
29391.9259813202,2368.17236243604,61941.9961426596,50369.8330562576,60855.5550717905
29772.0028402245,2386.72407336331,64011.650853127,52286.3326292572,62310.6538451255
28998.1349633575,2229.08720272991,64652.5148651878,54659.9214063705,62349.2242842358
28765.150903913,2173.09694608131,67196.6513355862,55256.9174523703,63273.573705893
28881.5368608793,2182.40425601232,68349.0463622867,55953.2651832506,63713.0715223111
28939.8268809678,2199.97927701299,68841.4270719797,55436.9338958161,63259.9901214169
28953.1085432842,2225.77104859025,69096.8922661872,54833.3033197266,63310.0162092137
29079.5553535255,2229.70852716603,69196.855008348,55485.8706869628,64357.7893270223
29343.1894265627,2307.38358368747,68434.8991176806,55338.9980072737,64184.7356088064
29052.3591748237,2345.90482492515,67662.9133540552,52637.1251648105,63125.6393295395
28264.2858567517,2308.1216933213,65897.8762994404,50186.1299305387,60987.4811790449
30748.2609333927,2777.96887087916,62529.184866995,49166.3327884176,61241.1974607618
31474.4322918615,2637.02121987044,65506.661612623,48909.389468216,60337.7833948088
31536.9189103189,2659.20138204092,66765.5075009814,47641.92348993,60045.8184259782
31463.5032900489,2610.00711744921,67034.8402142311,47275.6360183471,59362.8663686564
30488.2329662133,2201.2453164764,65194.7787431784,45978.608368065,58552.594905857
28855.8417792547,1742.91842146424,63717.5104360801,43704.1046037721,57235.7169823041
28376.4753713347,1699.2417636297,63371.3747480957,42281.1393920675,56843.4395998068
27077.8780506331,1541.11314857812,61652.337964202,40925.5068720668,55986.3367863151
26783.6756935392,1499.8991235929,60790.5785552144,40052.38949054,55276.9992631836
26688.0738373217,1476.84913505565,59842.5116048499,39480.782635519,54879.965368511
26141.7894479093,1495.59756697208,58897.8896929498,39828.4964654232,54752.8982239557
25783.6654656992,1574.624068137,55873.6747923867,41515.7631697531,56257.4459900227
27467.6535602959,2113.73777766138,56625.46117635,46917.1365325371,60837.9513047663
29391.9259813202,2368.17236243604,61941.9961426596,50369.8330562576,60855.5550717905
29772.0028402245,2386.72407336331,64011.650853127,52286.3326292572,62310.6538451255
28998.1349633575,2229.08720272991,64652.5148651878,54659.9214063705,62349.2242842358
28765.150903913,2173.09694608131,67196.6513355862,55256.9174523703,63273.573705893
28881.5368608793,2182.40425601232,68349.0463622867,55953.2651832506,63713.0715223111
28939.8268809678,2199.97927701299,68841.4270719797,55436.9338958161,63259.9901214169
28953.1085432842,2225.77104859025,69096.8922661872,54833.3033197266,63310.0162092137
29079.5553535255,2229.70852716603,69196.855008348,55485.8706869628,64357.7893270223
29343.1894265627,2307.38358368747,68434.8991176806,55338.9980072737,64184.7356088064
29052.3591748237,2345.90482492515,67662.9133540552,52637.1251648105,63125.6393295395
28264.2858567517,2308.1216933213,65897.8762994404,50186.1299305387,60987.4811790449
30748.2609333927,2777.96887087916,62529.184866995,49166.3327884176,61241.1974607618
31474.4322918615,2637.02121987044,65506.661612623,48909.389468216,60337.7833948088
31536.9189103189,2659.20138204092,66765.5075009814,47641.92348993,60045.8184259782
31463.5032900489,2610.00711744921,67034.8402142311,47275.6360183471,59362.8663686564
30488.2329662133,2201.2453164764,65194.7787431784,45978.608368065,58552.594905857
28855.8417792547,1742.91842146424,63717.5104360801,43704.1046037721,57235.7169823041
28376.4753713347,1699.2417636297,63371.3747480957,42281.1393920675,56843.4395998068
27077.8780506331,1541.11314857812,61652.337964202,40925.5068720668,55986.3367863151
26783.6756935392,1499.8991235929,60790.5785552144,40052.38949054,55276.9992631836
26688.0738373217,1476.84913505565,59842.5116048499,39480.782635519,54879.965368511
26141.7894479093,1495.59756697208,58897.8896929498,39828.4964654232,54752.8982239557
25783.6654656992,1574.624068137,55873.6747923867,41515.7631697531,56257.4459900227
27467.6535602959,2113.73777766138,56625.46117635,46917.1365325371,60837.9513047663
29391.9259813202,2368.17236243604,61941.9961426596,50369.8330562576,60855.5550717905
29772.0028402245,2386.72407336331,64011.650853127,52286.3326292572,62310.6538451255
28998.1349633575,2229.08720272991,64652.5148651878,54659.9214063705,62349.2242842358
28765.150903913,2173.09694608131,67196.6513355862,55256.9174523703,63273.573705893
28881.5368608793,2182.40425601232,68349.0463622867,55953.2651832506,63713.0715223111
28939.8268809678,2199.97927701299,68841.4270719797,55436.9338958161,63259.9901214169
28953.1085432842,2225.77104859025,69096.8922661872,54833.3033197266,63310.0162092137
29079.5553535255,2229.70852716603,69196.855008348,55485.8706869628,64357.7893270223
29343.1894265627,2307.38358368747,68434.8991176806,55338.9980072737,64184.7356088064
29052.3591748237,2345.90482492515,67662.9133540552,52637.1251648105,63125.6393295395
28264.2858567517,2308.1216933213,65897.8762994404,50186.1299305387,60987.4811790449
30748.2609333927,2777.96887087916,62529.184866995,49166.3327884176,61241.1974607618
31474.4322918615,2637.02121987044,65506.661612623,48909.389468216,60337.7833948088
31536.9189103189,2659.20138204092,66765.5075009814,47641.92348993,60045.8184259782
31463.5032900489,2610.00711744921,67034.8402142311,47275.6360183471,59362.8663686564
30488.2329662133,2201.2453164764,65194.7787431784,45978.608368065,58552.594905857
28855.8417792547,1742.91842146424,63717.5104360801,43704.1046037721,57235.7169823041
28376.4753713347,1699.2417636297,63371.3747480957,42281.1393920675,56843.4395998068
27077.8780506331,1541.11314857812,61652.337964202,40925.5068720668,55986.3367863151
26783.6756935392,1499.8991235929,60790.5785552144,40052.38949054,55276.9992631836
26688.0738373217,1476.84913505565,59842.5116048499,39480.782635519,54879.965368511
26141.7894479093,1495.59756697208,58897.8896929498,39828.4964654232,54752.8982239557
25783.6654656992,1574.624068137,55873.6747923867,41515.7631697531,56257.4459900227
27467.6535602959,2113.73777766138,56625.46117635,46917.1365325371,60837.9513047663
29391.9259813202,2368.17236243604,61941.9961426596,50369.8330562576,60855.5550717905
29772.0028402245,2386.72407336331,64011.650853127,52286.3326292572,62310.6538451255
28998.1349633575,2229.08720272991,64652.5148651878,54659.9214063705,62349.2242842358
28765.150903913,2173.09694608131,67196.6513355862,55256.9174523703,63273.573705893
28881.5368608793,2182.40425601232,68349.0463622867,55953.2651832506,63713.0715223111
28939.8268809678,2199.97927701299,68841.4270719797,55436.9338958161,63259.9901214169
28953.1085432842,2225.77104859025,69096.8922661872,54833.3033197266,63310.0162092137
29079.5553535255,2229.70852716603,69196.855008348,55485.8706869628,64357.7893270223
29343.1894265627,2307.38358368747,68434.8991176806,55338.9980072737,64184.7356088064
29052.3591748237,2345.90482492515,67662.9133540552,52637.1251648105,63125.6393295395
28264.2858567517,2308.1216933213,65897.8762994404,50186.1299305387,60987.4811790449
30748.2609333927,2777.96887087916,62529.184866995,49166.3327884176,61241.1974607618
31474.4322918615,2637.02121987044,65506.661612623,48909.389468216,60337.7833948088
31536.9189103189,2659.20138204092,66765.5075009814,47641.92348993,60045.8184259782
31463.5032900489,2610.00711744921,67034.8402142311,47275.6360183471,59362.8663686564
30488.2329662133,2201.2453164764,65194.7787431784,45978.608368065,58552.594905857
28855.8417792547,1742.91842146424,63717.5104360801,43704.1046037721,57235.7169823041
28376.4753713347,1699.2417636297,63371.3747480957,42281.1393920675,56843.4395998068
27077.8780506331,1541.11314857812,61652.337964202,40925.5068720668,55986.3367863151
26783.6756935392,1499.8991235929,60790.5785552144,40052.38949054,55276.9992631836
26688.0738373217,1476.84913505565,59842.5116048499,39480.782635519,54879.965368511
26141.7894479093,1495.59756697208,58897.8896929498,39828.4964654232,54752.8982239557
25783.6654656992,1574.624068137,55873.6747923867,41515.7631697531,56257.4459900227
27467.6535602959,2113.73777766138,56625.46117635,46917.1365325371,60837.9513047663
29391.9259813202,2368.17236243604,61941.9961426596,50369.8330562576,60855.5550717905
29772.0028402245,2386.72407336331,64011.650853127,52286.3326292572,62310.6538451255
28998.1349633575,2229.08720272991,64652.5148651878,54659.9214063705,62349.2242842358
28765.150903913,2173.09694608131,67196.6513355862,55256.9174523703,63273.573705893
28881.5368608793,2182.40425601232,68349.0463622867,55953.2651832506,63713.0715223111
28939.8268809678,2199.97927701299,68841.4270719797,55436.9338958161,63259.9901214169
28953.1085432842,2225.77104859025,69096.8922661872,54833.3033197266,63310.0162092137
29079.5553535255,2229.70852716603,69196.855008348,55485.8706869628,64357.7893270223
29343.1894265627,2307.38358368747,68434.8991176806,55338.9980072737,64184.7356088064
29052.3591748237,2345.90482492515,67662.9133540552,52637.1251648105,63125.6393295395
28264.2858567517,2308.1216933213,65897.8762994404,50186.1299305387,60987.4811790449
30748.2609333927,2777.96887087916,62529.184866995,49166.3327884176,61241.1974607618
31474.4322918615,2637.02121987044,65506.661612623,48909.389468216,60337.7833948088
31536.9189103189,2659.20138204092,66765.5075009814,47641.92348993,60045.8184259782
31463.5032900489,2610.00711744921,67034.8402142311,47275.6360183471,59362.8663686564
30488.2329662133,2201.2453164764,65194.7787431784,45978.608368065,58552.594905857
28855.8417792547,1742.91842146424,63717.5104360801,43704.1046037721,57235.7169823041
28376.4753713347,1699.2417636297,63371.3747480957,42281.1393920675,56843.4395998068
27077.8780506331,1541.11314857812,61652.337964202,40925.5068720668,55986.3367863151
26783.6756935392,1499.8991235929,60790.5785552144,40052.38949054,55276.9992631836
26688.0738373217,1476.84913505565,59842.5116048499,39480.782635519,54879.965368511
26141.7894479093,1495.59756697208,58897.8896929498,39828.4964654232,54752.8982239557
25783.6654656992,1574.624068137,55873.6747923867,41515.7631697531,56257.4459900227
27467.6535602959,2113.73777766138,56625.46117635,46917.1365325371,60837.9513047663
29391.9259813202,2368.17236243604,61941.9961426596,50369.8330562576,60855.5550717905
29772.0028402245,2386.72407336331,64011.650853127,52286.3326292572,62310.6538451255
28998.1349633575,2229.08720272991,64652.5148651878,54659.9214063705,62349.2242842358
28765.150903913,2173.09694608131,67196.6513355862,55256.9174523703,63273.573705893
28881.5368608793,2182.40425601232,68349.0463622867,55953.2651832506,63713.0715223111
28939.8268809678,2199.97927701299,68841.4270719797,55436.9338958161,63259.9901214169
28953.1085432842,2225.77104859025,69096.8922661872,54833.3033197266,63310.0162092137
29079.5553535255,2229.70852716603,69196.855008348,55485.8706869628,64357.7893270223
29343.1894265627,2307.38358368747,68434.8991176806,55338.9980072737,64184.7356088064
29052.3591748237,2345.90482492515,67662.9133540552,52637.1251648105,63125.6393295395
28264.2858567517,2308.1216933213,65897.8762994404,50186.1299305387,60987.4811790449
30748.2609333927,2777.96887087916,62529.184866995,49166.3327884176,61241.1974607618
31474.4322918615,2637.02121987044,65506.661612623,48909.389468216,60337.7833948088
31536.9189103189,2659.20138204092,66765.5075009814,47641.92348993,60045.8184259782
31463.5032900489,2610.00711744921,67034.8402142311,47275.6360183471,59362.8663686564
30488.2329662133,2201.2453164764,65194.7787431784,45978.608368065,58552.594905857
28855.8417792547,1742.91842146424,63717.5104360801,43704.1046037721,57235.7169823041
28376.4753713347,1699.2417636297,63371.3747480957,42281.1393920675,56843.4395998068
27077.8780506331,1541.11314857812,61652.337964202,40925.5068720668,55986.3367863151
26783.6756935392,1499.8991235929,60790.5785552144,40052.38949054,55276.9992631836
26688.0738373217,1476.84913505565,59842.5116048499,39480.782635519,54879.965368511
26141.7894479093,1495.59756697208,58897.8896929498,39828.4964654232,54752.8982239557
25783.6654656992,1574.624068137,55873.6747923867,41515.7631697531,56257.4459900227
27467.6535602959,2113.73777766138,56625.46117635,46917.1365325371,60837.9513047663
29391.9259813202,2368.17236243604,61941.9961426596,50369.8330562576,60855.5550717905
29772.0028402245,2386.72407336331,64011.650853127,52286.3326292572,62310.6538451255
28998.1349633575,2229.08720272991,64652.5148651878,54659.9214063705,62349.2242842358
28765.150903913,2173.09694608131,67196.6513355862,55256.9174523703,63273.573705893
28881.5368608793,2182.40425601232,68349.0463622867,55953.2651832506,63713.0715223111
28939.8268809678,2199.97927701299,68841.4270719797,55436.9338958161,63259.9901214169
28953.1085432842,2225.77104859025,69096.8922661872,54833.3033197266,63310.0162092137
29079.5553535255,2229.70852716603,69196.855008348,55485.8706869628,64357.7893270223
29343.1894265627,2307.38358368747,68434.8991176806,55338.9980072737,64184.7356088064
29052.3591748237,2345.90482492515,67662.9133540552,52637.1251648105,63125.6393295395
28264.2858567517,2308.1216933213,65897.8762994404,50186.1299305387,60987.4811790449
30748.2609333927,2777.96887087916,62529.184866995,49166.3327884176,61241.1974607618
31474.4322918615,2637.02121987044,65506.661612623,48909.389468216,60337.7833948088
31536.9189103189,2659.20138204092,66765.5075009814,47641.92348993,60045.8184259782
31463.5032900489,2610.00711744921,67034.8402142311,47275.6360183471,59362.8663686564
30488.2329662133,2201.2453164764,65194.7787431784,45978.608368065,58552.594905857
28855.8417792547,1742.91842146424,63717.5104360801,43704.1046037721,57235.7169823041
28376.4753713347,1699.2417636297,63371.3747480957,42281.1393920675,56843.4395998068
27077.8780506331,1541.11314857812,61652.337964202,40925.5068720668,55986.3367863151
26783.6756935392,1499.8991235929,60790.5785552144,40052.38949054,55276.9992631836
26688.0738373217,1476.84913505565,59842.5116048499,39480.782635519,54879.965368511
26141.7894479093,1495.59756697208,58897.8896929498,39828.4964654232,54752.8982239557
25783.6654656992,1574.624068137,55873.6747923867,41515.7631697531,56257.4459900227
27467.6535602959,2113.73777766138,56625.46117635,46917.1365325371,60837.9513047663
29391.9259813202,2368.17236243604,61941.9961426596,50369.8330562576,60855.5550717905
29772.0028402245,2386.72407336331,64011.650853127,52286.3326292572,62310.6538451255
28998.1349633575,2229.08720272991,64652.5148651878,54659.9214063705,62349.2242842358
28765.150903913,2173.09694608131,67196.6513355862,55256.9174523703,63273.573705893
28881.5368608793,2182.40425601232,68349.0463622867,55953.2651832506,63713.0715223111
28939.8268809678,2199.97927701299,68841.4270719797,55436.9338958161,63259.9901214169
28953.1085432842,2225.77104859025,69096.8922661872,54833.3033197266,63310.0162092137
29079.5553535255,2229.70852716603,69196.855008348,55485.8706869628,64357.7893270223
29343.1894265627,2307.38358368747,68434.8991176806,55338.9980072737,64184.7356088064
29052.3591748237,2345.90482492515,67662.9133540552,52637.1251648105,63125.6393295395
28264.2858567517,2308.1216933213,65897.8762994404,50186.1299305387,60987.4811790449
30748.2609333927,2777.96887087916,62529.184866995,49166.3327884176,61241.1974607618
31474.4322918615,2637.02121987044,65506.661612623,48909.389468216,60337.7833948088
31536.9189103189,2659.20138204092,66765.5075009814,47641.92348993,60045.8184259782
31463.5032900489,2610.00711744921,67034.8402142311,47275.6360183471,59362.8663686564
30488.2329662133,2201.2453164764,65194.7787431784,45978.608368065,58552.594905857
28855.8417792547,1742.91842146424,63717.5104360801,43704.1046037721,57235.7169823041
28376.4753713347,1699.2417636297,63371.3747480957,42281.1393920675,56843.4395998068
27077.8780506331,1541.11314857812,61652.337964202,40925.5068720668,55986.3367863151
26783.6756935392,1499.8991235929,60790.5785552144,40052.38949054,55276.9992631836
26688.0738373217,1476.84913505565,59842.5116048499,39480.782635519,54879.965368511
26141.7894479093,1495.59756697208,58897.8896929498,39828.4964654232,54752.8982239557
25783.6654656992,1574.624068137,55873.6747923867,41515.7631697531,56257.4459900227
27467.6535602959,2113.73777766138,56625.46117635,46917.1365325371,60837.9513047663
29391.9259813202,2368.17236243604,61941.9961426596,50369.8330562576,60855.5550717905
29772.0028402245,2386.72407336331,64011.650853127,52286.3326292572,62310.6538451255
28998.1349633575,2229.08720272991,64652.5148651878,54659.9214063705,62349.2242842358
28765.150903913,2173.09694608131,67196.6513355862,55256.9174523703,63273.573705893
28881.5368608793,2182.40425601232,68349.0463622867,55953.2651832506,63713.0715223111
28939.8268809678,2199.97927701299,68841.4270719797,55436.9338958161,63259.9901214169
28953.1085432842,2225.77104859025,69096.8922661872,54833.3033197266,63310.0162092137
29079.5553535255,2229.70852716603,69196.855008348,55485.8706869628,64357.7893270223
29343.1894265627,2307.38358368747,68434.8991176806,55338.9980072737,64184.7356088064
29052.3591748237,2345.90482492515,67662.9133540552,52637.1251648105,63125.6393295395
28264.2858567517,2308.1216933213,65897.8762994404,50186.1299305387,60987.4811790449
30748.2609333927,2777.96887087916,62529.184866995,49166.3327884176,61241.1974607618
31474.4322918615,2637.02121987044,65506.661612623,48909.389468216,60337.7833948088
31536.9189103189,2659.20138204092,66765.5075009814,47641.92348993,60045.8184259782
31463.5032900489,2610.00711744921,67034.8402142311,47275.6360183471,59362.8663686564
30488.2329662133,2201.2453164764,65194.7787431784,45978.608368065,58552.594905857
28855.8417792547,1742.91842146424,63717.5104360801,43704.1046037721,57235.7169823041
28376.4753713347,1699.2417636297,63371.3747480957,42281.1393920675,56843.4395998068
27077.8780506331,1541.11314857812,61652.337964202,40925.5068720668,55986.3367863151
26783.6756935392,1499.8991235929,60790.5785552144,40052.38949054,55276.9992631836
26688.0738373217,1476.84913505565,59842.5116048499,39480.782635519,54879.965368511
26141.7894479093,1495.59756697208,58897.8896929498,39828.4964654232,54752.8982239557
25783.6654656992,1574.624068137,55873.6747923867,41515.7631697531,56257.4459900227
27467.6535602959,2113.73777766138,56625.46117635,46917.1365325371,60837.9513047663
29391.9259813202,2368.17236243604,61941.9961426596,50369.8330562576,60855.5550717905
29772.0028402245,2386.72407336331,64011.650853127,52286.3326292572,62310.6538451255
28998.1349633575,2229.08720272991,64652.5148651878,54659.9214063705,62349.2242842358
28765.150903913,2173.09694608131,67196.6513355862,55256.9174523703,63273.573705893
28881.5368608793,2182.40425601232,68349.0463622867,55953.2651832506,63713.0715223111
28939.8268809678,2199.97927701299,68841.4270719797,55436.9338958161,63259.9901214169
28953.1085432842,2225.77104859025,69096.8922661872,54833.3033197266,63310.0162092137
29079.5553535255,2229.70852716603,69196.855008348,55485.8706869628,64357.7893270223
29343.1894265627,2307.38358368747,68434.8991176806,55338.9980072737,64184.7356088064
29052.3591748237,2345.90482492515,67662.9133540552,52637.1251648105,63125.6393295395
28264.2858567517,2308.1216933213,65897.8762994404,50186.1299305387,60987.4811790449
30748.2609333927,2777.96887087916,62529.184866995,49166.3327884176,61241.1974607618
31474.4322918615,2637.02121987044,65506.661612623,48909.389468216,60337.7833948088
31536.9189103189,2659.20138204092,66765.5075009814,47641.92348993,60045.8184259782
31463.5032900489,2610.00711744921,67034.8402142311,47275.6360183471,59362.8663686564
30488.2329662133,2201.2453164764,65194.7787431784,45978.608368065,58552.594905857
28855.8417792547,1742.91842146424,63717.5104360801,43704.1046037721,57235.7169823041
28376.4753713347,1699.2417636297,63371.3747480957,42281.1393920675,56843.4395998068
27077.8780506331,1541.11314857812,61652.337964202,40925.5068720668,55986.3367863151
26783.6756935392,1499.8991235929,60790.5785552144,40052.38949054,55276.9992631836
26688.0738373217,1476.84913505565,59842.5116048499,39480.782635519,54879.965368511
26141.7894479093,1495.59756697208,58897.8896929498,39828.4964654232,54752.8982239557
25783.6654656992,1574.624068137,55873.6747923867,41515.7631697531,56257.4459900227
27467.6535602959,2113.73777766138,56625.46117635,46917.1365325371,60837.9513047663
29391.9259813202,2368.17236243604,61941.9961426596,50369.8330562576,60855.5550717905
29772.0028402245,2386.72407336331,64011.650853127,52286.3326292572,62310.6538451255
28998.1349633575,2229.08720272991,64652.5148651878,54659.9214063705,62349.2242842358
28765.150903913,2173.09694608131,67196.6513355862,55256.9174523703,63273.573705893
28881.5368608793,2182.40425601232,68349.0463622867,55953.2651832506,63713.0715223111
28939.8268809678,2199.97927701299,68841.4270719797,55436.9338958161,63259.9901214169
28953.1085432842,2225.77104859025,69096.8922661872,54833.3033197266,63310.0162092137
29079.5553535255,2229.70852716603,69196.855008348,55485.8706869628,64357.7893270223
29343.1894265627,2307.38358368747,68434.8991176806,55338.9980072737,64184.7356088064
29052.3591748237,2345.90482492515,67662.9133540552,52637.1251648105,63125.6393295395
28264.2858567517,2308.1216933213,65897.8762994404,50186.1299305387,60987.4811790449
30748.2609333927,2777.96887087916,62529.184866995,49166.3327884176,61241.1974607618
31474.4322918615,2637.02121987044,65506.661612623,48909.389468216,60337.7833948088
31536.9189103189,2659.20138204092,66765.5075009814,47641.92348993,60045.8184259782
31463.5032900489,2610.00711744921,67034.8402142311,47275.6360183471,59362.8663686564
30488.2329662133,2201.2453164764,65194.7787431784,45978.608368065,58552.594905857
28855.8417792547,1742.91842146424,63717.5104360801,43704.1046037721,57235.7169823041
28376.4753713347,1699.2417636297,63371.3747480957,42281.1393920675,56843.4395998068
27077.8780506331,1541.11314857812,61652.337964202,40925.5068720668,55986.3367863151
26783.6756935392,1499.8991235929,60790.5785552144,40052.38949054,55276.9992631836
26688.0738373217,1476.84913505565,59842.5116048499,39480.782635519,54879.965368511
26141.7894479093,1495.59756697208,58897.8896929498,39828.4964654232,54752.8982239557
25783.6654656992,1574.624068137,55873.6747923867,41515.7631697531,56257.4459900227
27467.6535602959,2113.73777766138,56625.46117635,46917.1365325371,60837.9513047663
29391.9259813202,2368.17236243604,61941.9961426596,50369.8330562576,60855.5550717905
29772.0028402245,2386.72407336331,64011.650853127,52286.3326292572,62310.6538451255
28998.1349633575,2229.08720272991,64652.5148651878,54659.9214063705,62349.2242842358
28765.150903913,2173.09694608131,67196.6513355862,55256.9174523703,63273.573705893
28881.5368608793,2182.40425601232,68349.0463622867,55953.2651832506,63713.0715223111
28939.8268809678,2199.97927701299,68841.4270719797,55436.9338958161,63259.9901214169
28953.1085432842,2225.77104859025,69096.8922661872,54833.3033197266,63310.0162092137
29079.5553535255,2229.70852716603,69196.855008348,55485.8706869628,64357.7893270223
29343.1894265627,2307.38358368747,68434.8991176806,55338.9980072737,64184.7356088064
29052.3591748237,2345.90482492515,67662.9133540552,52637.1251648105,63125.6393295395
28264.2858567517,2308.1216933213,65897.8762994404,50186.1299305387,60987.4811790449
30748.2609333927,2777.96887087916,62529.184866995,49166.3327884176,61241.1974607618
31474.4322918615,2637.02121987044,65506.661612623,48909.389468216,60337.7833948088
31536.9189103189,2659.20138204092,66765.5075009814,47641.92348993,60045.8184259782
31463.5032900489,2610.00711744921,67034.8402142311,47275.6360183471,59362.8663686564
30488.2329662133,2201.2453164764,65194.7787431784,45978.608368065,58552.594905857
28855.8417792547,1742.91842146424,63717.5104360801,43704.1046037721,57235.7169823041
28376.4753713347,1699.2417636297,63371.3747480957,42281.1393920675,56843.4395998068
27077.8780506331,1541.11314857812,61652.337964202,40925.5068720668,55986.3367863151
26783.6756935392,1499.8991235929,60790.5785552144,40052.38949054,55276.9992631836
26688.0738373217,1476.84913505565,59842.5116048499,39480.782635519,54879.965368511
26141.7894479093,1495.59756697208,58897.8896929498,39828.4964654232,54752.8982239557
25783.6654656992,1574.624068137,55873.6747923867,41515.7631697531,56257.4459900227
27467.6535602959,2113.73777766138,56625.46117635,46917.1365325371,60837.9513047663
29391.9259813202,2368.17236243604,61941.9961426596,50369.8330562576,60855.5550717905
29772.0028402245,2386.72407336331,64011.650853127,52286.3326292572,62310.6538451255
28998.1349633575,2229.08720272991,64652.5148651878,54659.9214063705,62349.2242842358
28765.150903913,2173.09694608131,67196.6513355862,55256.9174523703,63273.573705893
28881.5368608793,2182.40425601232,68349.0463622867,55953.2651832506,63713.0715223111
28939.8268809678,2199.97927701299,68841.4270719797,55436.9338958161,63259.9901214169
28953.1085432842,2225.77104859025,69096.8922661872,54833.3033197266,63310.0162092137
29079.5553535255,2229.70852716603,69196.855008348,55485.8706869628,64357.7893270223
29343.1894265627,2307.38358368747,68434.8991176806,55338.9980072737,64184.7356088064
29052.3591748237,2345.90482492515,67662.9133540552,52637.1251648105,63125.6393295395
28264.2858567517,2308.1216933213,65897.8762994404,50186.1299305387,60987.4811790449
30748.2609333927,2777.96887087916,62529.184866995,49166.3327884176,61241.1974607618
31474.4322918615,2637.02121987044,65506.661612623,48909.389468216,60337.7833948088
31536.9189103189,2659.20138204092,66765.5075009814,47641.92348993,60045.8184259782
31463.5032900489,2610.00711744921,67034.8402142311,47275.6360183471,59362.8663686564
30488.2329662133,2201.2453164764,65194.7787431784,45978.608368065,58552.594905857
28855.8417792547,1742.91842146424,63717.5104360801,43704.1046037721,57235.7169823041
28376.4753713347,1699.2417636297,63371.3747480957,42281.1393920675,56843.4395998068
27077.8780506331,1541.11314857812,61652.337964202,40925.5068720668,55986.3367863151
26783.6756935392,1499.8991235929,60790.5785552144,40052.38949054,55276.9992631836
26688.0738373217,1476.84913505565,59842.5116048499,39480.782635519,54879.965368511
26141.7894479093,1495.59756697208,58897.8896929498,39828.4964654232,54752.8982239557
25783.6654656992,1574.624068137,55873.6747923867,41515.7631697531,56257.4459900227
27467.6535602959,2113.73777766138,56625.46117635,46917.1365325371,60837.9513047663
29391.9259813202,2368.17236243604,61941.9961426596,50369.8330562576,60855.5550717905
29772.0028402245,2386.72407336331,64011.650853127,52286.3326292572,62310.6538451255
28998.1349633575,2229.08720272991,64652.5148651878,54659.9214063705,62349.2242842358
28765.150903913,2173.09694608131,67196.6513355862,55256.9174523703,63273.573705893
28881.5368608793,2182.40425601232,68349.0463622867,55953.2651832506,63713.0715223111
28939.8268809678,2199.97927701299,68841.4270719797,55436.9338958161,63259.9901214169
28953.1085432842,2225.77104859025,69096.8922661872,54833.3033197266,63310.0162092137
29079.5553535255,2229.70852716603,69196.855008348,55485.8706869628,64357.7893270223
29343.1894265627,2307.38358368747,68434.8991176806,55338.9980072737,64184.7356088064
29052.3591748237,2345.90482492515,67662.9133540552,52637.1251648105,63125.6393295395
28264.2858567517,2308.1216933213,65897.8762994404,50186.1299305387,60987.4811790449
30748.2609333927,2777.96887087916,62529.184866995,49166.3327884176,61241.1974607618
31474.4322918615,2637.02121987044,65506.661612623,48909.389468216,60337.7833948088
31536.9189103189,2659.20138204092,66765.5075009814,47641.92348993,60045.8184259782
31463.5032900489,2610.00711744921,67034.8402142311,47275.6360183471,59362.8663686564
30488.2329662133,2201.2453164764,65194.7787431784,45978.608368065,58552.594905857
28855.8417792547,1742.91842146424,63717.5104360801,43704.1046037721,57235.7169823041
28376.4753713347,1699.2417636297,63371.3747480957,42281.1393920675,56843.4395998068
27077.8780506331,1541.11314857812,61652.337964202,40925.5068720668,55986.3367863151
26783.6756935392,1499.8991235929,60790.5785552144,40052.38949054,55276.9992631836
26688.0738373217,1476.84913505565,59842.5116048499,39480.782635519,54879.965368511
26141.7894479093,1495.59756697208,58897.8896929498,39828.4964654232,54752.8982239557
25783.6654656992,1574.624068137,55873.6747923867,41515.7631697531,56257.4459900227
27467.6535602959,2113.73777766138,56625.46117635,46917.1365325371,60837.9513047663
29391.9259813202,2368.17236243604,61941.9961426596,50369.8330562576,60855.5550717905
29772.0028402245,2386.72407336331,64011.650853127,52286.3326292572,62310.6538451255
28998.1349633575,2229.08720272991,64652.5148651878,54659.9214063705,62349.2242842358
28765.150903913,2173.09694608131,67196.6513355862,55256.9174523703,63273.573705893
28881.5368608793,2182.40425601232,68349.0463622867,55953.2651832506,63713.0715223111
28939.8268809678,2199.97927701299,68841.4270719797,55436.9338958161,63259.9901214169
28953.1085432842,2225.77104859025,69096.8922661872,54833.3033197266,63310.0162092137
29079.5553535255,2229.70852716603,69196.855008348,55485.8706869628,64357.7893270223
29343.1894265627,2307.38358368747,68434.8991176806,55338.9980072737,64184.7356088064
29052.3591748237,2345.90482492515,67662.9133540552,52637.1251648105,63125.6393295395
28264.2858567517,2308.1216933213,65897.8762994404,50186.1299305387,60987.4811790449
30748.2609333927,2777.96887087916,62529.184866995,49166.3327884176,61241.1974607618
31474.4322918615,2637.02121987044,65506.661612623,48909.389468216,60337.7833948088
31536.9189103189,2659.20138204092,66765.5075009814,47641.92348993,60045.8184259782
31463.5032900489,2610.00711744921,67034.8402142311,47275.6360183471,59362.8663686564
30488.2329662133,2201.2453164764,65194.7787431784,45978.608368065,58552.594905857
28855.8417792547,1742.91842146424,63717.5104360801,43704.1046037721,57235.7169823041
28376.4753713347,1699.2417636297,63371.3747480957,42281.1393920675,56843.4395998068
27077.8780506331,1541.11314857812,61652.337964202,40925.5068720668,55986.3367863151
26783.6756935392,1499.8991235929,60790.5785552144,40052.38949054,55276.9992631836
26688.0738373217,1476.84913505565,59842.5116048499,39480.782635519,54879.965368511
26141.7894479093,1495.59756697208,58897.8896929498,39828.4964654232,54752.8982239557
25783.6654656992,1574.624068137,55873.6747923867,41515.7631697531,56257.4459900227
27467.6535602959,2113.73777766138,56625.46117635,46917.1365325371,60837.9513047663
29391.9259813202,2368.17236243604,61941.9961426596,50369.8330562576,60855.5550717905
29772.0028402245,2386.72407336331,64011.650853127,52286.3326292572,62310.6538451255
28998.1349633575,2229.08720272991,64652.5148651878,54659.9214063705,62349.2242842358
28765.150903913,2173.09694608131,67196.6513355862,55256.9174523703,63273.573705893
28881.5368608793,2182.40425601232,68349.0463622867,55953.2651832506,63713.0715223111
28939.8268809678,2199.97927701299,68841.4270719797,55436.9338958161,63259.9901214169
28953.1085432842,2225.77104859025,69096.8922661872,54833.3033197266,63310.0162092137
29079.5553535255,2229.70852716603,69196.855008348,55485.8706869628,64357.7893270223
29343.1894265627,2307.38358368747,68434.8991176806,55338.9980072737,64184.7356088064
29052.3591748237,2345.90482492515,67662.9133540552,52637.1251648105,63125.6393295395
28264.2858567517,2308.1216933213,65897.8762994404,50186.1299305387,60987.4811790449
30748.2609333927,2777.96887087916,62529.184866995,49166.3327884176,61241.1974607618
31474.4322918615,2637.02121987044,65506.661612623,48909.389468216,60337.7833948088
31536.9189103189,2659.20138204092,66765.5075009814,47641.92348993,60045.8184259782
31463.5032900489,2610.00711744921,67034.8402142311,47275.6360183471,59362.8663686564
30488.2329662133,2201.2453164764,65194.7787431784,45978.608368065,58552.594905857
28855.8417792547,1742.91842146424,63717.5104360801,43704.1046037721,57235.7169823041
28376.4753713347,1699.2417636297,63371.3747480957,42281.1393920675,56843.4395998068
27077.8780506331,1541.11314857812,61652.337964202,40925.5068720668,55986.3367863151
26783.6756935392,1499.8991235929,60790.5785552144,40052.38949054,55276.9992631836
26688.0738373217,1476.84913505565,59842.5116048499,39480.782635519,54879.965368511
26141.7894479093,1495.59756697208,58897.8896929498,39828.4964654232,54752.8982239557
25783.6654656992,1574.624068137,55873.6747923867,41515.7631697531,56257.4459900227
27467.6535602959,2113.73777766138,56625.46117635,46917.1365325371,60837.9513047663
29391.9259813202,2368.17236243604,61941.9961426596,50369.8330562576,60855.5550717905
29772.0028402245,2386.72407336331,64011.650853127,52286.3326292572,62310.6538451255
28998.1349633575,2229.08720272991,64652.5148651878,54659.9214063705,62349.2242842358
28765.150903913,2173.09694608131,67196.6513355862,55256.9174523703,63273.573705893
28881.5368608793,2182.40425601232,68349.0463622867,55953.2651832506,63713.0715223111
28939.8268809678,2199.97927701299,68841.4270719797,55436.9338958161,63259.9901214169
28953.1085432842,2225.77104859025,69096.8922661872,54833.3033197266,63310.0162092137
29079.5553535255,2229.70852716603,69196.855008348,55485.8706869628,64357.7893270223
29343.1894265627,2307.38358368747,68434.8991176806,55338.9980072737,64184.7356088064
29052.3591748237,2345.90482492515,67662.9133540552,52637.1251648105,63125.6393295395
28264.2858567517,2308.1216933213,65897.8762994404,50186.1299305387,60987.4811790449
30748.2609333927,2777.96887087916,62529.184866995,49166.3327884176,61241.1974607618
31474.4322918615,2637.02121987044,65506.661612623,48909.389468216,60337.7833948088
31536.9189103189,2659.20138204092,66765.5075009814,47641.92348993,60045.8184259782
31463.5032900489,2610.00711744921,67034.8402142311,47275.6360183471,59362.8663686564
30488.2329662133,2201.2453164764,65194.7787431784,45978.608368065,58552.594905857
28855.8417792547,1742.91842146424,63717.5104360801,43704.1046037721,57235.7169823041
28376.4753713347,1699.2417636297,63371.3747480957,42281.1393920675,56843.4395998068
27077.8780506331,1541.11314857812,61652.337964202,40925.5068720668,55986.3367863151
26783.6756935392,1499.8991235929,60790.5785552144,40052.38949054,55276.9992631836
26688.0738373217,1476.84913505565,59842.5116048499,39480.782635519,54879.965368511
26141.7894479093,1495.59756697208,58897.8896929498,39828.4964654232,54752.8982239557
25783.6654656992,1574.624068137,55873.6747923867,41515.7631697531,56257.4459900227
27467.6535602959,2113.73777766138,56625.46117635,46917.1365325371,60837.9513047663
29391.9259813202,2368.17236243604,61941.9961426596,50369.8330562576,60855.5550717905
29772.0028402245,2386.72407336331,64011.650853127,52286.3326292572,62310.6538451255
28998.1349633575,2229.08720272991,64652.5148651878,54659.9214063705,62349.2242842358
28765.150903913,2173.09694608131,67196.6513355862,55256.9174523703,63273.573705893
28881.5368608793,2182.40425601232,68349.0463622867,55953.2651832506,63713.0715223111
28939.8268809678,2199.97927701299,68841.4270719797,55436.9338958161,63259.9901214169
28953.1085432842,2225.77104859025,69096.8922661872,54833.3033197266,63310.0162092137
29079.5553535255,2229.70852716603,69196.855008348,55485.8706869628,64357.7893270223
29343.1894265627,2307.38358368747,68434.8991176806,55338.9980072737,64184.7356088064
29052.3591748237,2345.90482492515,67662.9133540552,52637.1251648105,63125.6393295395
28264.2858567517,2308.1216933213,65897.8762994404,50186.1299305387,60987.4811790449
30748.2609333927,2777.96887087916,62529.184866995,49166.3327884176,61241.1974607618
31474.4322918615,2637.02121987044,65506.661612623,48909.389468216,60337.7833948088
31536.9189103189,2659.20138204092,66765.5075009814,47641.92348993,60045.8184259782
31463.5032900489,2610.00711744921,67034.8402142311,47275.6360183471,59362.8663686564
30488.2329662133,2201.2453164764,65194.7787431784,45978.608368065,58552.594905857
28855.8417792547,1742.91842146424,63717.5104360801,43704.1046037721,57235.7169823041
32060.4897335494,2917.26449034602,58128.1831925097,36470.0978693587,43123.3211096389
31082.4710092705,2820.23354486702,56404.6995316222,35388.4475282767,42314.7291106467
30655.5519562352,2727.55346191673,55186.0675057583,34737.341426254,41952.6034857256
30366.8875180481,2638.23459059507,54159.745811473,34423.2019054563,41856.2548840258
29833.5091833594,2501.04321296916,52909.6603775777,34763.8723328036,42221.6224816208
29188.1819163218,2316.24321266849,50405.9321925957,36530.9265599833,43888.8156337887
29431.7589562487,2529.89571975642,52544.0433942582,42578.2329344061,50348.8951768995
30338.3427855747,2629.54046343239,58469.6853694133,47009.1036127762,52020.0844057643
30706.0144784111,2672.26123277834,61348.8570444757,48681.4469419932,53053.6058457491
30762.8589136855,2594.21225147984,62296.2154062309,50709.7590092437,52221.8398516207
30766.7469375794,2613.54921375858,62970.0258960019,51502.6907574396,52374.4116829051
30980.3752881095,2692.03532278755,63530.1784211246,51498.6736085459,51993.7110795808
30980.7230443479,2757.86130538461,63681.9172969841,51277.3782768619,51322.6198886895
30752.825425238,2784.21762937982,64012.6479015446,50459.8038019438,50860.6172847996
30690.775572014,2809.22435513474,64167.8692485844,50495.4275440786,50997.4309538232
30689.4413843098,2850.41194731236,63745.2133682479,50086.5648444065,51046.2180818595
30296.6253293044,2854.27745301953,62859.6778533039,48442.8706212436,51099.1646136871
29666.6749613571,2829.00335231825,61424.8093673544,47130.4842423249,50482.710713328
31625.209329274,3272.26137437292,58612.7784300845,46766.4805191412,52532.8812440734
33119.7916592408,3406.24738324093,60806.8376842695,46135.5937488103,51821.1048859415
33228.3892392632,3417.22961376801,62019.8030904085,44295.6460439587,51076.0090746955
33234.3529320903,3353.83731711054,62339.2747369132,42743.3484627295,49866.3399916008
33029.0072739563,3234.56634361005,60416.528510719,40301.6943148041,45882.0879800156
32532.3817165917,3012.75322467794,58939.6272577705,37799.8784164096,43608.8145840472
32060.4897335494,2917.26449034602,58128.1831925097,36470.0978693587,43123.3211096389
31082.4710092705,2820.23354486702,56404.6995316222,35388.4475282767,42314.7291106467
30655.5519562352,2727.55346191673,55186.0675057583,34737.341426254,41952.6034857256
30366.8875180481,2638.23459059507,54159.745811473,34423.2019054563,41856.2548840258
29833.5091833594,2501.04321296916,52909.6603775777,34763.8723328036,42221.6224816208
29188.1819163218,2316.24321266849,50405.9321925957,36530.9265599833,43888.8156337887
29431.7589562487,2529.89571975642,52544.0433942582,42578.2329344061,50348.8951768995
30338.3427855747,2629.54046343239,58469.6853694133,47009.1036127762,52020.0844057643
30706.0144784111,2672.26123277834,61348.8570444757,48681.4469419932,53053.6058457491
30762.8589136855,2594.21225147984,62296.2154062309,50709.7590092437,52221.8398516207
30766.7469375794,2613.54921375858,62970.0258960019,51502.6907574396,52374.4116829051
30980.3752881095,2692.03532278755,63530.1784211246,51498.6736085459,51993.7110795808
30980.7230443479,2757.86130538461,63681.9172969841,51277.3782768619,51322.6198886895
30752.825425238,2784.21762937982,64012.6479015446,50459.8038019438,50860.6172847996
30690.775572014,2809.22435513474,64167.8692485844,50495.4275440786,50997.4309538232
30689.4413843098,2850.41194731236,63745.2133682479,50086.5648444065,51046.2180818595
30296.6253293044,2854.27745301953,62859.6778533039,48442.8706212436,51099.1646136871
29666.6749613571,2829.00335231825,61424.8093673544,47130.4842423249,50482.710713328
31625.209329274,3272.26137437292,58612.7784300845,46766.4805191412,52532.8812440734
33119.7916592408,3406.24738324093,60806.8376842695,46135.5937488103,51821.1048859415
33228.3892392632,3417.22961376801,62019.8030904085,44295.6460439587,51076.0090746955
33234.3529320903,3353.83731711054,62339.2747369132,42743.3484627295,49866.3399916008
33029.0072739563,3234.56634361005,60416.528510719,40301.6943148041,45882.0879800156
32532.3817165917,3012.75322467794,58939.6272577705,37799.8784164096,43608.8145840472
32060.4897335494,2917.26449034602,58128.1831925097,36470.0978693587,43123.3211096389
31082.4710092705,2820.23354486702,56404.6995316222,35388.4475282767,42314.7291106467
30655.5519562352,2727.55346191673,55186.0675057583,34737.341426254,41952.6034857256
30366.8875180481,2638.23459059507,54159.745811473,34423.2019054563,41856.2548840258
29833.5091833594,2501.04321296916,52909.6603775777,34763.8723328036,42221.6224816208
29188.1819163218,2316.24321266849,50405.9321925957,36530.9265599833,43888.8156337887
29431.7589562487,2529.89571975642,52544.0433942582,42578.2329344061,50348.8951768995
30338.3427855747,2629.54046343239,58469.6853694133,47009.1036127762,52020.0844057643
30706.0144784111,2672.26123277834,61348.8570444757,48681.4469419932,53053.6058457491
30762.8589136855,2594.21225147984,62296.2154062309,50709.7590092437,52221.8398516207
30766.7469375794,2613.54921375858,62970.0258960019,51502.6907574396,52374.4116829051
30980.3752881095,2692.03532278755,63530.1784211246,51498.6736085459,51993.7110795808
30980.7230443479,2757.86130538461,63681.9172969841,51277.3782768619,51322.6198886895
30752.825425238,2784.21762937982,64012.6479015446,50459.8038019438,50860.6172847996
30690.775572014,2809.22435513474,64167.8692485844,50495.4275440786,50997.4309538232
30689.4413843098,2850.41194731236,63745.2133682479,50086.5648444065,51046.2180818595
30296.6253293044,2854.27745301953,62859.6778533039,48442.8706212436,51099.1646136871
29666.6749613571,2829.00335231825,61424.8093673544,47130.4842423249,50482.710713328
31625.209329274,3272.26137437292,58612.7784300845,46766.4805191412,52532.8812440734
33119.7916592408,3406.24738324093,60806.8376842695,46135.5937488103,51821.1048859415
33228.3892392632,3417.22961376801,62019.8030904085,44295.6460439587,51076.0090746955
33234.3529320903,3353.83731711054,62339.2747369132,42743.3484627295,49866.3399916008
33029.0072739563,3234.56634361005,60416.528510719,40301.6943148041,45882.0879800156
32532.3817165917,3012.75322467794,58939.6272577705,37799.8784164096,43608.8145840472
32060.4897335494,2917.26449034602,58128.1831925097,36470.0978693587,43123.3211096389
31082.4710092705,2820.23354486702,56404.6995316222,35388.4475282767,42314.7291106467
30655.5519562352,2727.55346191673,55186.0675057583,34737.341426254,41952.6034857256
30366.8875180481,2638.23459059507,54159.745811473,34423.2019054563,41856.2548840258
29833.5091833594,2501.04321296916,52909.6603775777,34763.8723328036,42221.6224816208
29188.1819163218,2316.24321266849,50405.9321925957,36530.9265599833,43888.8156337887
29431.7589562487,2529.89571975642,52544.0433942582,42578.2329344061,50348.8951768995
30338.3427855747,2629.54046343239,58469.6853694133,47009.1036127762,52020.0844057643
30706.0144784111,2672.26123277834,61348.8570444757,48681.4469419932,53053.6058457491
30762.8589136855,2594.21225147984,62296.2154062309,50709.7590092437,52221.8398516207
30766.7469375794,2613.54921375858,62970.0258960019,51502.6907574396,52374.4116829051
30980.3752881095,2692.03532278755,63530.1784211246,51498.6736085459,51993.7110795808
30980.7230443479,2757.86130538461,63681.9172969841,51277.3782768619,51322.6198886895
30752.825425238,2784.21762937982,64012.6479015446,50459.8038019438,50860.6172847996
30690.775572014,2809.22435513474,64167.8692485844,50495.4275440786,50997.4309538232
30689.4413843098,2850.41194731236,63745.2133682479,50086.5648444065,51046.2180818595
30296.6253293044,2854.27745301953,62859.6778533039,48442.8706212436,51099.1646136871
29666.6749613571,2829.00335231825,61424.8093673544,47130.4842423249,50482.710713328
31625.209329274,3272.26137437292,58612.7784300845,46766.4805191412,52532.8812440734
33119.7916592408,3406.24738324093,60806.8376842695,46135.5937488103,51821.1048859415
33228.3892392632,3417.22961376801,62019.8030904085,44295.6460439587,51076.0090746955
33234.3529320903,3353.83731711054,62339.2747369132,42743.3484627295,49866.3399916008
33029.0072739563,3234.56634361005,60416.528510719,40301.6943148041,45882.0879800156
32532.3817165917,3012.75322467794,58939.6272577705,37799.8784164096,43608.8145840472
32060.4897335494,2917.26449034602,58128.1831925097,36470.0978693587,43123.3211096389
31082.4710092705,2820.23354486702,56404.6995316222,35388.4475282767,42314.7291106467
30655.5519562352,2727.55346191673,55186.0675057583,34737.341426254,41952.6034857256
30366.8875180481,2638.23459059507,54159.745811473,34423.2019054563,41856.2548840258
29833.5091833594,2501.04321296916,52909.6603775777,34763.8723328036,42221.6224816208
29188.1819163218,2316.24321266849,50405.9321925957,36530.9265599833,43888.8156337887
29431.7589562487,2529.89571975642,52544.0433942582,42578.2329344061,50348.8951768995
30338.3427855747,2629.54046343239,58469.6853694133,47009.1036127762,52020.0844057643
30706.0144784111,2672.26123277834,61348.8570444757,48681.4469419932,53053.6058457491
30762.8589136855,2594.21225147984,62296.2154062309,50709.7590092437,52221.8398516207
30766.7469375794,2613.54921375858,62970.0258960019,51502.6907574396,52374.4116829051
30980.3752881095,2692.03532278755,63530.1784211246,51498.6736085459,51993.7110795808
30980.7230443479,2757.86130538461,63681.9172969841,51277.3782768619,51322.6198886895
30752.825425238,2784.21762937982,64012.6479015446,50459.8038019438,50860.6172847996
30690.775572014,2809.22435513474,64167.8692485844,50495.4275440786,50997.4309538232
30689.4413843098,2850.41194731236,63745.2133682479,50086.5648444065,51046.2180818595
30296.6253293044,2854.27745301953,62859.6778533039,48442.8706212436,51099.1646136871
29666.6749613571,2829.00335231825,61424.8093673544,47130.4842423249,50482.710713328
31625.209329274,3272.26137437292,58612.7784300845,46766.4805191412,52532.8812440734
33119.7916592408,3406.24738324093,60806.8376842695,46135.5937488103,51821.1048859415
33228.3892392632,3417.22961376801,62019.8030904085,44295.6460439587,51076.0090746955
33234.3529320903,3353.83731711054,62339.2747369132,42743.3484627295,49866.3399916008
33029.0072739563,3234.56634361005,60416.528510719,40301.6943148041,45882.0879800156
32532.3817165917,3012.75322467794,58939.6272577705,37799.8784164096,43608.8145840472
32060.4897335494,2917.26449034602,58128.1831925097,36470.0978693587,43123.3211096389
31082.4710092705,2820.23354486702,56404.6995316222,35388.4475282767,42314.7291106467
30655.5519562352,2727.55346191673,55186.0675057583,34737.341426254,41952.6034857256
30366.8875180481,2638.23459059507,54159.745811473,34423.2019054563,41856.2548840258
29833.5091833594,2501.04321296916,52909.6603775777,34763.8723328036,42221.6224816208
29188.1819163218,2316.24321266849,50405.9321925957,36530.9265599833,43888.8156337887
29431.7589562487,2529.89571975642,52544.0433942582,42578.2329344061,50348.8951768995
30338.3427855747,2629.54046343239,58469.6853694133,47009.1036127762,52020.0844057643
30706.0144784111,2672.26123277834,61348.8570444757,48681.4469419932,53053.6058457491
30762.8589136855,2594.21225147984,62296.2154062309,50709.7590092437,52221.8398516207
30766.7469375794,2613.54921375858,62970.0258960019,51502.6907574396,52374.4116829051
30980.3752881095,2692.03532278755,63530.1784211246,51498.6736085459,51993.7110795808
30980.7230443479,2757.86130538461,63681.9172969841,51277.3782768619,51322.6198886895
30752.825425238,2784.21762937982,64012.6479015446,50459.8038019438,50860.6172847996
30690.775572014,2809.22435513474,64167.8692485844,50495.4275440786,50997.4309538232
30689.4413843098,2850.41194731236,63745.2133682479,50086.5648444065,51046.2180818595
30296.6253293044,2854.27745301953,62859.6778533039,48442.8706212436,51099.1646136871
29666.6749613571,2829.00335231825,61424.8093673544,47130.4842423249,50482.710713328
31625.209329274,3272.26137437292,58612.7784300845,46766.4805191412,52532.8812440734
33119.7916592408,3406.24738324093,60806.8376842695,46135.5937488103,51821.1048859415
33228.3892392632,3417.22961376801,62019.8030904085,44295.6460439587,51076.0090746955
33234.3529320903,3353.83731711054,62339.2747369132,42743.3484627295,49866.3399916008
33029.0072739563,3234.56634361005,60416.528510719,40301.6943148041,45882.0879800156
32532.3817165917,3012.75322467794,58939.6272577705,37799.8784164096,43608.8145840472
32060.4897335494,2917.26449034602,58128.1831925097,36470.0978693587,43123.3211096389
31082.4710092705,2820.23354486702,56404.6995316222,35388.4475282767,42314.7291106467
30655.5519562352,2727.55346191673,55186.0675057583,34737.341426254,41952.6034857256
30366.8875180481,2638.23459059507,54159.745811473,34423.2019054563,41856.2548840258
29833.5091833594,2501.04321296916,52909.6603775777,34763.8723328036,42221.6224816208
29188.1819163218,2316.24321266849,50405.9321925957,36530.9265599833,43888.8156337887
29431.7589562487,2529.89571975642,52544.0433942582,42578.2329344061,50348.8951768995
30338.3427855747,2629.54046343239,58469.6853694133,47009.1036127762,52020.0844057643
30706.0144784111,2672.26123277834,61348.8570444757,48681.4469419932,53053.6058457491
30762.8589136855,2594.21225147984,62296.2154062309,50709.7590092437,52221.8398516207
30766.7469375794,2613.54921375858,62970.0258960019,51502.6907574396,52374.4116829051
30980.3752881095,2692.03532278755,63530.1784211246,51498.6736085459,51993.7110795808
30980.7230443479,2757.86130538461,63681.9172969841,51277.3782768619,51322.6198886895
30752.825425238,2784.21762937982,64012.6479015446,50459.8038019438,50860.6172847996
30690.775572014,2809.22435513474,64167.8692485844,50495.4275440786,50997.4309538232
30689.4413843098,2850.41194731236,63745.2133682479,50086.5648444065,51046.2180818595
30296.6253293044,2854.27745301953,62859.6778533039,48442.8706212436,51099.1646136871
29666.6749613571,2829.00335231825,61424.8093673544,47130.4842423249,50482.710713328
31625.209329274,3272.26137437292,58612.7784300845,46766.4805191412,52532.8812440734
33119.7916592408,3406.24738324093,60806.8376842695,46135.5937488103,51821.1048859415
33228.3892392632,3417.22961376801,62019.8030904085,44295.6460439587,51076.0090746955
33234.3529320903,3353.83731711054,62339.2747369132,42743.3484627295,49866.3399916008
33029.0072739563,3234.56634361005,60416.528510719,40301.6943148041,45882.0879800156
32532.3817165917,3012.75322467794,58939.6272577705,37799.8784164096,43608.8145840472
32060.4897335494,2917.26449034602,58128.1831925097,36470.0978693587,43123.3211096389
31082.4710092705,2820.23354486702,56404.6995316222,35388.4475282767,42314.7291106467
30655.5519562352,2727.55346191673,55186.0675057583,34737.341426254,41952.6034857256
30366.8875180481,2638.23459059507,54159.745811473,34423.2019054563,41856.2548840258
29833.5091833594,2501.04321296916,52909.6603775777,34763.8723328036,42221.6224816208
29188.1819163218,2316.24321266849,50405.9321925957,36530.9265599833,43888.8156337887
29431.7589562487,2529.89571975642,52544.0433942582,42578.2329344061,50348.8951768995
30338.3427855747,2629.54046343239,58469.6853694133,47009.1036127762,52020.0844057643
30706.0144784111,2672.26123277834,61348.8570444757,48681.4469419932,53053.6058457491
30762.8589136855,2594.21225147984,62296.2154062309,50709.7590092437,52221.8398516207
30766.7469375794,2613.54921375858,62970.0258960019,51502.6907574396,52374.4116829051
30980.3752881095,2692.03532278755,63530.1784211246,51498.6736085459,51993.7110795808
30980.7230443479,2757.86130538461,63681.9172969841,51277.3782768619,51322.6198886895
30752.825425238,2784.21762937982,64012.6479015446,50459.8038019438,50860.6172847996
30690.775572014,2809.22435513474,64167.8692485844,50495.4275440786,50997.4309538232
30689.4413843098,2850.41194731236,63745.2133682479,50086.5648444065,51046.2180818595
30296.6253293044,2854.27745301953,62859.6778533039,48442.8706212436,51099.1646136871
29666.6749613571,2829.00335231825,61424.8093673544,47130.4842423249,50482.710713328
31625.209329274,3272.26137437292,58612.7784300845,46766.4805191412,52532.8812440734
33119.7916592408,3406.24738324093,60806.8376842695,46135.5937488103,51821.1048859415
33228.3892392632,3417.22961376801,62019.8030904085,44295.6460439587,51076.0090746955
33234.3529320903,3353.83731711054,62339.2747369132,42743.3484627295,49866.3399916008
33029.0072739563,3234.56634361005,60416.528510719,40301.6943148041,45882.0879800156
32532.3817165917,3012.75322467794,58939.6272577705,37799.8784164096,43608.8145840472
32060.4897335494,2917.26449034602,58128.1831925097,36470.0978693587,43123.3211096389
31082.4710092705,2820.23354486702,56404.6995316222,35388.4475282767,42314.7291106467
30655.5519562352,2727.55346191673,55186.0675057583,34737.341426254,41952.6034857256
30366.8875180481,2638.23459059507,54159.745811473,34423.2019054563,41856.2548840258
29833.5091833594,2501.04321296916,52909.6603775777,34763.8723328036,42221.6224816208
29188.1819163218,2316.24321266849,50405.9321925957,36530.9265599833,43888.8156337887
29431.7589562487,2529.89571975642,52544.0433942582,42578.2329344061,50348.8951768995
30338.3427855747,2629.54046343239,58469.6853694133,47009.1036127762,52020.0844057643
30706.0144784111,2672.26123277834,61348.8570444757,48681.4469419932,53053.6058457491
30762.8589136855,2594.21225147984,62296.2154062309,50709.7590092437,52221.8398516207
30766.7469375794,2613.54921375858,62970.0258960019,51502.6907574396,52374.4116829051
30980.3752881095,2692.03532278755,63530.1784211246,51498.6736085459,51993.7110795808
30980.7230443479,2757.86130538461,63681.9172969841,51277.3782768619,51322.6198886895
30752.825425238,2784.21762937982,64012.6479015446,50459.8038019438,50860.6172847996
30690.775572014,2809.22435513474,64167.8692485844,50495.4275440786,50997.4309538232
30689.4413843098,2850.41194731236,63745.2133682479,50086.5648444065,51046.2180818595
30296.6253293044,2854.27745301953,62859.6778533039,48442.8706212436,51099.1646136871
29666.6749613571,2829.00335231825,61424.8093673544,47130.4842423249,50482.710713328
31625.209329274,3272.26137437292,58612.7784300845,46766.4805191412,52532.8812440734
33119.7916592408,3406.24738324093,60806.8376842695,46135.5937488103,51821.1048859415
33228.3892392632,3417.22961376801,62019.8030904085,44295.6460439587,51076.0090746955
33234.3529320903,3353.83731711054,62339.2747369132,42743.3484627295,49866.3399916008
33029.0072739563,3234.56634361005,60416.528510719,40301.6943148041,45882.0879800156
32532.3817165917,3012.75322467794,58939.6272577705,37799.8784164096,43608.8145840472
32060.4897335494,2917.26449034602,58128.1831925097,36470.0978693587,43123.3211096389
31082.4710092705,2820.23354486702,56404.6995316222,35388.4475282767,42314.7291106467
30655.5519562352,2727.55346191673,55186.0675057583,34737.341426254,41952.6034857256
30366.8875180481,2638.23459059507,54159.745811473,34423.2019054563,41856.2548840258
29833.5091833594,2501.04321296916,52909.6603775777,34763.8723328036,42221.6224816208
29188.1819163218,2316.24321266849,50405.9321925957,36530.9265599833,43888.8156337887
29431.7589562487,2529.89571975642,52544.0433942582,42578.2329344061,50348.8951768995
30338.3427855747,2629.54046343239,58469.6853694133,47009.1036127762,52020.0844057643
30706.0144784111,2672.26123277834,61348.8570444757,48681.4469419932,53053.6058457491
30762.8589136855,2594.21225147984,62296.2154062309,50709.7590092437,52221.8398516207
30766.7469375794,2613.54921375858,62970.0258960019,51502.6907574396,52374.4116829051
30980.3752881095,2692.03532278755,63530.1784211246,51498.6736085459,51993.7110795808
30980.7230443479,2757.86130538461,63681.9172969841,51277.3782768619,51322.6198886895
30752.825425238,2784.21762937982,64012.6479015446,50459.8038019438,50860.6172847996
30690.775572014,2809.22435513474,64167.8692485844,50495.4275440786,50997.4309538232
30689.4413843098,2850.41194731236,63745.2133682479,50086.5648444065,51046.2180818595
30296.6253293044,2854.27745301953,62859.6778533039,48442.8706212436,51099.1646136871
29666.6749613571,2829.00335231825,61424.8093673544,47130.4842423249,50482.710713328
31625.209329274,3272.26137437292,58612.7784300845,46766.4805191412,52532.8812440734
33119.7916592408,3406.24738324093,60806.8376842695,46135.5937488103,51821.1048859415
33228.3892392632,3417.22961376801,62019.8030904085,44295.6460439587,51076.0090746955
33234.3529320903,3353.83731711054,62339.2747369132,42743.3484627295,49866.3399916008
33029.0072739563,3234.56634361005,60416.528510719,40301.6943148041,45882.0879800156
32532.3817165917,3012.75322467794,58939.6272577705,37799.8784164096,43608.8145840472
32060.4897335494,2917.26449034602,58128.1831925097,36470.0978693587,43123.3211096389
31082.4710092705,2820.23354486702,56404.6995316222,35388.4475282767,42314.7291106467
30655.5519562352,2727.55346191673,55186.0675057583,34737.341426254,41952.6034857256
30366.8875180481,2638.23459059507,54159.745811473,34423.2019054563,41856.2548840258
29833.5091833594,2501.04321296916,52909.6603775777,34763.8723328036,42221.6224816208
29188.1819163218,2316.24321266849,50405.9321925957,36530.9265599833,43888.8156337887
29431.7589562487,2529.89571975642,52544.0433942582,42578.2329344061,50348.8951768995
30338.3427855747,2629.54046343239,58469.6853694133,47009.1036127762,52020.0844057643
30706.0144784111,2672.26123277834,61348.8570444757,48681.4469419932,53053.6058457491
30762.8589136855,2594.21225147984,62296.2154062309,50709.7590092437,52221.8398516207
30766.7469375794,2613.54921375858,62970.0258960019,51502.6907574396,52374.4116829051
30980.3752881095,2692.03532278755,63530.1784211246,51498.6736085459,51993.7110795808
30980.7230443479,2757.86130538461,63681.9172969841,51277.3782768619,51322.6198886895
30752.825425238,2784.21762937982,64012.6479015446,50459.8038019438,50860.6172847996
30690.775572014,2809.22435513474,64167.8692485844,50495.4275440786,50997.4309538232
30689.4413843098,2850.41194731236,63745.2133682479,50086.5648444065,51046.2180818595
30296.6253293044,2854.27745301953,62859.6778533039,48442.8706212436,51099.1646136871
29666.6749613571,2829.00335231825,61424.8093673544,47130.4842423249,50482.710713328
31625.209329274,3272.26137437292,58612.7784300845,46766.4805191412,52532.8812440734
33119.7916592408,3406.24738324093,60806.8376842695,46135.5937488103,51821.1048859415
33228.3892392632,3417.22961376801,62019.8030904085,44295.6460439587,51076.0090746955
33234.3529320903,3353.83731711054,62339.2747369132,42743.3484627295,49866.3399916008
33029.0072739563,3234.56634361005,60416.528510719,40301.6943148041,45882.0879800156
32532.3817165917,3012.75322467794,58939.6272577705,37799.8784164096,43608.8145840472
32060.4897335494,2917.26449034602,58128.1831925097,36470.0978693587,43123.3211096389
31082.4710092705,2820.23354486702,56404.6995316222,35388.4475282767,42314.7291106467
30655.5519562352,2727.55346191673,55186.0675057583,34737.341426254,41952.6034857256
30366.8875180481,2638.23459059507,54159.745811473,34423.2019054563,41856.2548840258
29833.5091833594,2501.04321296916,52909.6603775777,34763.8723328036,42221.6224816208
29188.1819163218,2316.24321266849,50405.9321925957,36530.9265599833,43888.8156337887
29431.7589562487,2529.89571975642,52544.0433942582,42578.2329344061,50348.8951768995
30338.3427855747,2629.54046343239,58469.6853694133,47009.1036127762,52020.0844057643
30706.0144784111,2672.26123277834,61348.8570444757,48681.4469419932,53053.6058457491
30762.8589136855,2594.21225147984,62296.2154062309,50709.7590092437,52221.8398516207
30766.7469375794,2613.54921375858,62970.0258960019,51502.6907574396,52374.4116829051
30980.3752881095,2692.03532278755,63530.1784211246,51498.6736085459,51993.7110795808
30980.7230443479,2757.86130538461,63681.9172969841,51277.3782768619,51322.6198886895
30752.825425238,2784.21762937982,64012.6479015446,50459.8038019438,50860.6172847996
30690.775572014,2809.22435513474,64167.8692485844,50495.4275440786,50997.4309538232
30689.4413843098,2850.41194731236,63745.2133682479,50086.5648444065,51046.2180818595
30296.6253293044,2854.27745301953,62859.6778533039,48442.8706212436,51099.1646136871
29666.6749613571,2829.00335231825,61424.8093673544,47130.4842423249,50482.710713328
31625.209329274,3272.26137437292,58612.7784300845,46766.4805191412,52532.8812440734
33119.7916592408,3406.24738324093,60806.8376842695,46135.5937488103,51821.1048859415
33228.3892392632,3417.22961376801,62019.8030904085,44295.6460439587,51076.0090746955
33234.3529320903,3353.83731711054,62339.2747369132,42743.3484627295,49866.3399916008
33029.0072739563,3234.56634361005,60416.528510719,40301.6943148041,45882.0879800156
32532.3817165917,3012.75322467794,58939.6272577705,37799.8784164096,43608.8145840472
32060.4897335494,2917.26449034602,58128.1831925097,36470.0978693587,43123.3211096389
31082.4710092705,2820.23354486702,56404.6995316222,35388.4475282767,42314.7291106467
30655.5519562352,2727.55346191673,55186.0675057583,34737.341426254,41952.6034857256
30366.8875180481,2638.23459059507,54159.745811473,34423.2019054563,41856.2548840258
29833.5091833594,2501.04321296916,52909.6603775777,34763.8723328036,42221.6224816208
29188.1819163218,2316.24321266849,50405.9321925957,36530.9265599833,43888.8156337887
29431.7589562487,2529.89571975642,52544.0433942582,42578.2329344061,50348.8951768995
30338.3427855747,2629.54046343239,58469.6853694133,47009.1036127762,52020.0844057643
30706.0144784111,2672.26123277834,61348.8570444757,48681.4469419932,53053.6058457491
30762.8589136855,2594.21225147984,62296.2154062309,50709.7590092437,52221.8398516207
30766.7469375794,2613.54921375858,62970.0258960019,51502.6907574396,52374.4116829051
30980.3752881095,2692.03532278755,63530.1784211246,51498.6736085459,51993.7110795808
30980.7230443479,2757.86130538461,63681.9172969841,51277.3782768619,51322.6198886895
30752.825425238,2784.21762937982,64012.6479015446,50459.8038019438,50860.6172847996
30690.775572014,2809.22435513474,64167.8692485844,50495.4275440786,50997.4309538232
30689.4413843098,2850.41194731236,63745.2133682479,50086.5648444065,51046.2180818595
30296.6253293044,2854.27745301953,62859.6778533039,48442.8706212436,51099.1646136871
29666.6749613571,2829.00335231825,61424.8093673544,47130.4842423249,50482.710713328
31625.209329274,3272.26137437292,58612.7784300845,46766.4805191412,52532.8812440734
33119.7916592408,3406.24738324093,60806.8376842695,46135.5937488103,51821.1048859415
33228.3892392632,3417.22961376801,62019.8030904085,44295.6460439587,51076.0090746955
33234.3529320903,3353.83731711054,62339.2747369132,42743.3484627295,49866.3399916008
33029.0072739563,3234.56634361005,60416.528510719,40301.6943148041,45882.0879800156
32532.3817165917,3012.75322467794,58939.6272577705,37799.8784164096,43608.8145840472
32060.4897335494,2917.26449034602,58128.1831925097,36470.0978693587,43123.3211096389
31082.4710092705,2820.23354486702,56404.6995316222,35388.4475282767,42314.7291106467
30655.5519562352,2727.55346191673,55186.0675057583,34737.341426254,41952.6034857256
30366.8875180481,2638.23459059507,54159.745811473,34423.2019054563,41856.2548840258
29833.5091833594,2501.04321296916,52909.6603775777,34763.8723328036,42221.6224816208
29188.1819163218,2316.24321266849,50405.9321925957,36530.9265599833,43888.8156337887
29431.7589562487,2529.89571975642,52544.0433942582,42578.2329344061,50348.8951768995
30338.3427855747,2629.54046343239,58469.6853694133,47009.1036127762,52020.0844057643
30706.0144784111,2672.26123277834,61348.8570444757,48681.4469419932,53053.6058457491
30762.8589136855,2594.21225147984,62296.2154062309,50709.7590092437,52221.8398516207
30766.7469375794,2613.54921375858,62970.0258960019,51502.6907574396,52374.4116829051
30980.3752881095,2692.03532278755,63530.1784211246,51498.6736085459,51993.7110795808
30980.7230443479,2757.86130538461,63681.9172969841,51277.3782768619,51322.6198886895
30752.825425238,2784.21762937982,64012.6479015446,50459.8038019438,50860.6172847996
30690.775572014,2809.22435513474,64167.8692485844,50495.4275440786,50997.4309538232
30689.4413843098,2850.41194731236,63745.2133682479,50086.5648444065,51046.2180818595
30296.6253293044,2854.27745301953,62859.6778533039,48442.8706212436,51099.1646136871
29666.6749613571,2829.00335231825,61424.8093673544,47130.4842423249,50482.710713328
31625.209329274,3272.26137437292,58612.7784300845,46766.4805191412,52532.8812440734
33119.7916592408,3406.24738324093,60806.8376842695,46135.5937488103,51821.1048859415
33228.3892392632,3417.22961376801,62019.8030904085,44295.6460439587,51076.0090746955
33234.3529320903,3353.83731711054,62339.2747369132,42743.3484627295,49866.3399916008
33029.0072739563,3234.56634361005,60416.528510719,40301.6943148041,45882.0879800156
32532.3817165917,3012.75322467794,58939.6272577705,37799.8784164096,43608.8145840472
32060.4897335494,2917.26449034602,58128.1831925097,36470.0978693587,43123.3211096389
31082.4710092705,2820.23354486702,56404.6995316222,35388.4475282767,42314.7291106467
30655.5519562352,2727.55346191673,55186.0675057583,34737.341426254,41952.6034857256
30366.8875180481,2638.23459059507,54159.745811473,34423.2019054563,41856.2548840258
29833.5091833594,2501.04321296916,52909.6603775777,34763.8723328036,42221.6224816208
29188.1819163218,2316.24321266849,50405.9321925957,36530.9265599833,43888.8156337887
29431.7589562487,2529.89571975642,52544.0433942582,42578.2329344061,50348.8951768995
30338.3427855747,2629.54046343239,58469.6853694133,47009.1036127762,52020.0844057643
30706.0144784111,2672.26123277834,61348.8570444757,48681.4469419932,53053.6058457491
30762.8589136855,2594.21225147984,62296.2154062309,50709.7590092437,52221.8398516207
30766.7469375794,2613.54921375858,62970.0258960019,51502.6907574396,52374.4116829051
30980.3752881095,2692.03532278755,63530.1784211246,51498.6736085459,51993.7110795808
30980.7230443479,2757.86130538461,63681.9172969841,51277.3782768619,51322.6198886895
30752.825425238,2784.21762937982,64012.6479015446,50459.8038019438,50860.6172847996
30690.775572014,2809.22435513474,64167.8692485844,50495.4275440786,50997.4309538232
30689.4413843098,2850.41194731236,63745.2133682479,50086.5648444065,51046.2180818595
30296.6253293044,2854.27745301953,62859.6778533039,48442.8706212436,51099.1646136871
29666.6749613571,2829.00335231825,61424.8093673544,47130.4842423249,50482.710713328
31625.209329274,3272.26137437292,58612.7784300845,46766.4805191412,52532.8812440734
33119.7916592408,3406.24738324093,60806.8376842695,46135.5937488103,51821.1048859415
33228.3892392632,3417.22961376801,62019.8030904085,44295.6460439587,51076.0090746955
33234.3529320903,3353.83731711054,62339.2747369132,42743.3484627295,49866.3399916008
33029.0072739563,3234.56634361005,60416.528510719,40301.6943148041,45882.0879800156
32532.3817165917,3012.75322467794,58939.6272577705,37799.8784164096,43608.8145840472
32060.4897335494,2917.26449034602,58128.1831925097,36470.0978693587,43123.3211096389
31082.4710092705,2820.23354486702,56404.6995316222,35388.4475282767,42314.7291106467
30655.5519562352,2727.55346191673,55186.0675057583,34737.341426254,41952.6034857256
30366.8875180481,2638.23459059507,54159.745811473,34423.2019054563,41856.2548840258
29833.5091833594,2501.04321296916,52909.6603775777,34763.8723328036,42221.6224816208
29188.1819163218,2316.24321266849,50405.9321925957,36530.9265599833,43888.8156337887
29431.7589562487,2529.89571975642,52544.0433942582,42578.2329344061,50348.8951768995
30338.3427855747,2629.54046343239,58469.6853694133,47009.1036127762,52020.0844057643
30706.0144784111,2672.26123277834,61348.8570444757,48681.4469419932,53053.6058457491
30762.8589136855,2594.21225147984,62296.2154062309,50709.7590092437,52221.8398516207
30766.7469375794,2613.54921375858,62970.0258960019,51502.6907574396,52374.4116829051
30980.3752881095,2692.03532278755,63530.1784211246,51498.6736085459,51993.7110795808
30980.7230443479,2757.86130538461,63681.9172969841,51277.3782768619,51322.6198886895
30752.825425238,2784.21762937982,64012.6479015446,50459.8038019438,50860.6172847996
30690.775572014,2809.22435513474,64167.8692485844,50495.4275440786,50997.4309538232
30689.4413843098,2850.41194731236,63745.2133682479,50086.5648444065,51046.2180818595
30296.6253293044,2854.27745301953,62859.6778533039,48442.8706212436,51099.1646136871
29666.6749613571,2829.00335231825,61424.8093673544,47130.4842423249,50482.710713328
31625.209329274,3272.26137437292,58612.7784300845,46766.4805191412,52532.8812440734
33119.7916592408,3406.24738324093,60806.8376842695,46135.5937488103,51821.1048859415
33228.3892392632,3417.22961376801,62019.8030904085,44295.6460439587,51076.0090746955
33234.3529320903,3353.83731711054,62339.2747369132,42743.3484627295,49866.3399916008
33029.0072739563,3234.56634361005,60416.528510719,40301.6943148041,45882.0879800156
32532.3817165917,3012.75322467794,58939.6272577705,37799.8784164096,43608.8145840472
32060.4897335494,2917.26449034602,58128.1831925097,36470.0978693587,43123.3211096389
31082.4710092705,2820.23354486702,56404.6995316222,35388.4475282767,42314.7291106467
30655.5519562352,2727.55346191673,55186.0675057583,34737.341426254,41952.6034857256
30366.8875180481,2638.23459059507,54159.745811473,34423.2019054563,41856.2548840258
29833.5091833594,2501.04321296916,52909.6603775777,34763.8723328036,42221.6224816208
29188.1819163218,2316.24321266849,50405.9321925957,36530.9265599833,43888.8156337887
29431.7589562487,2529.89571975642,52544.0433942582,42578.2329344061,50348.8951768995
30338.3427855747,2629.54046343239,58469.6853694133,47009.1036127762,52020.0844057643
30706.0144784111,2672.26123277834,61348.8570444757,48681.4469419932,53053.6058457491
30762.8589136855,2594.21225147984,62296.2154062309,50709.7590092437,52221.8398516207
30766.7469375794,2613.54921375858,62970.0258960019,51502.6907574396,52374.4116829051
30980.3752881095,2692.03532278755,63530.1784211246,51498.6736085459,51993.7110795808
30980.7230443479,2757.86130538461,63681.9172969841,51277.3782768619,51322.6198886895
30752.825425238,2784.21762937982,64012.6479015446,50459.8038019438,50860.6172847996
30690.775572014,2809.22435513474,64167.8692485844,50495.4275440786,50997.4309538232
30689.4413843098,2850.41194731236,63745.2133682479,50086.5648444065,51046.2180818595
30296.6253293044,2854.27745301953,62859.6778533039,48442.8706212436,51099.1646136871
29666.6749613571,2829.00335231825,61424.8093673544,47130.4842423249,50482.710713328
31625.209329274,3272.26137437292,58612.7784300845,46766.4805191412,52532.8812440734
33119.7916592408,3406.24738324093,60806.8376842695,46135.5937488103,51821.1048859415
33228.3892392632,3417.22961376801,62019.8030904085,44295.6460439587,51076.0090746955
33234.3529320903,3353.83731711054,62339.2747369132,42743.3484627295,49866.3399916008
33029.0072739563,3234.56634361005,60416.528510719,40301.6943148041,45882.0879800156
32532.3817165917,3012.75322467794,58939.6272577705,37799.8784164096,43608.8145840472
32060.4897335494,2917.26449034602,58128.1831925097,36470.0978693587,43123.3211096389
31082.4710092705,2820.23354486702,56404.6995316222,35388.4475282767,42314.7291106467
30655.5519562352,2727.55346191673,55186.0675057583,34737.341426254,41952.6034857256
30366.8875180481,2638.23459059507,54159.745811473,34423.2019054563,41856.2548840258
29833.5091833594,2501.04321296916,52909.6603775777,34763.8723328036,42221.6224816208
29188.1819163218,2316.24321266849,50405.9321925957,36530.9265599833,43888.8156337887
29431.7589562487,2529.89571975642,52544.0433942582,42578.2329344061,50348.8951768995
30338.3427855747,2629.54046343239,58469.6853694133,47009.1036127762,52020.0844057643
30706.0144784111,2672.26123277834,61348.8570444757,48681.4469419932,53053.6058457491
30762.8589136855,2594.21225147984,62296.2154062309,50709.7590092437,52221.8398516207
30766.7469375794,2613.54921375858,62970.0258960019,51502.6907574396,52374.4116829051
30980.3752881095,2692.03532278755,63530.1784211246,51498.6736085459,51993.7110795808
30980.7230443479,2757.86130538461,63681.9172969841,51277.3782768619,51322.6198886895
30752.825425238,2784.21762937982,64012.6479015446,50459.8038019438,50860.6172847996
30690.775572014,2809.22435513474,64167.8692485844,50495.4275440786,50997.4309538232
30689.4413843098,2850.41194731236,63745.2133682479,50086.5648444065,51046.2180818595
30296.6253293044,2854.27745301953,62859.6778533039,48442.8706212436,51099.1646136871
29666.6749613571,2829.00335231825,61424.8093673544,47130.4842423249,50482.710713328
31625.209329274,3272.26137437292,58612.7784300845,46766.4805191412,52532.8812440734
33119.7916592408,3406.24738324093,60806.8376842695,46135.5937488103,51821.1048859415
33228.3892392632,3417.22961376801,62019.8030904085,44295.6460439587,51076.0090746955
33234.3529320903,3353.83731711054,62339.2747369132,42743.3484627295,49866.3399916008
33029.0072739563,3234.56634361005,60416.528510719,40301.6943148041,45882.0879800156
32532.3817165917,3012.75322467794,58939.6272577705,37799.8784164096,43608.8145840472
32060.4897335494,2917.26449034602,58128.1831925097,36470.0978693587,43123.3211096389
31082.4710092705,2820.23354486702,56404.6995316222,35388.4475282767,42314.7291106467
30655.5519562352,2727.55346191673,55186.0675057583,34737.341426254,41952.6034857256
30366.8875180481,2638.23459059507,54159.745811473,34423.2019054563,41856.2548840258
29833.5091833594,2501.04321296916,52909.6603775777,34763.8723328036,42221.6224816208
29188.1819163218,2316.24321266849,50405.9321925957,36530.9265599833,43888.8156337887
29431.7589562487,2529.89571975642,52544.0433942582,42578.2329344061,50348.8951768995
30338.3427855747,2629.54046343239,58469.6853694133,47009.1036127762,52020.0844057643
30706.0144784111,2672.26123277834,61348.8570444757,48681.4469419932,53053.6058457491
30762.8589136855,2594.21225147984,62296.2154062309,50709.7590092437,52221.8398516207
30766.7469375794,2613.54921375858,62970.0258960019,51502.6907574396,52374.4116829051
30980.3752881095,2692.03532278755,63530.1784211246,51498.6736085459,51993.7110795808
30980.7230443479,2757.86130538461,63681.9172969841,51277.3782768619,51322.6198886895
30752.825425238,2784.21762937982,64012.6479015446,50459.8038019438,50860.6172847996
30690.775572014,2809.22435513474,64167.8692485844,50495.4275440786,50997.4309538232
30689.4413843098,2850.41194731236,63745.2133682479,50086.5648444065,51046.2180818595
30296.6253293044,2854.27745301953,62859.6778533039,48442.8706212436,51099.1646136871
29666.6749613571,2829.00335231825,61424.8093673544,47130.4842423249,50482.710713328
31625.209329274,3272.26137437292,58612.7784300845,46766.4805191412,52532.8812440734
33119.7916592408,3406.24738324093,60806.8376842695,46135.5937488103,51821.1048859415
33228.3892392632,3417.22961376801,62019.8030904085,44295.6460439587,51076.0090746955
33234.3529320903,3353.83731711054,62339.2747369132,42743.3484627295,49866.3399916008
33029.0072739563,3234.56634361005,60416.528510719,40301.6943148041,45882.0879800156
32532.3817165917,3012.75322467794,58939.6272577705,37799.8784164096,43608.8145840472
32060.4897335494,2917.26449034602,58128.1831925097,36470.0978693587,43123.3211096389
31082.4710092705,2820.23354486702,56404.6995316222,35388.4475282767,42314.7291106467
30655.5519562352,2727.55346191673,55186.0675057583,34737.341426254,41952.6034857256
30366.8875180481,2638.23459059507,54159.745811473,34423.2019054563,41856.2548840258
29833.5091833594,2501.04321296916,52909.6603775777,34763.8723328036,42221.6224816208
29188.1819163218,2316.24321266849,50405.9321925957,36530.9265599833,43888.8156337887
29431.7589562487,2529.89571975642,52544.0433942582,42578.2329344061,50348.8951768995
30338.3427855747,2629.54046343239,58469.6853694133,47009.1036127762,52020.0844057643
30706.0144784111,2672.26123277834,61348.8570444757,48681.4469419932,53053.6058457491
30762.8589136855,2594.21225147984,62296.2154062309,50709.7590092437,52221.8398516207
30766.7469375794,2613.54921375858,62970.0258960019,51502.6907574396,52374.4116829051
30980.3752881095,2692.03532278755,63530.1784211246,51498.6736085459,51993.7110795808
30980.7230443479,2757.86130538461,63681.9172969841,51277.3782768619,51322.6198886895
30752.825425238,2784.21762937982,64012.6479015446,50459.8038019438,50860.6172847996
30690.775572014,2809.22435513474,64167.8692485844,50495.4275440786,50997.4309538232
30689.4413843098,2850.41194731236,63745.2133682479,50086.5648444065,51046.2180818595
30296.6253293044,2854.27745301953,62859.6778533039,48442.8706212436,51099.1646136871
29666.6749613571,2829.00335231825,61424.8093673544,47130.4842423249,50482.710713328
31625.209329274,3272.26137437292,58612.7784300845,46766.4805191412,52532.8812440734
33119.7916592408,3406.24738324093,60806.8376842695,46135.5937488103,51821.1048859415
33228.3892392632,3417.22961376801,62019.8030904085,44295.6460439587,51076.0090746955
33234.3529320903,3353.83731711054,62339.2747369132,42743.3484627295,49866.3399916008
33029.0072739563,3234.56634361005,60416.528510719,40301.6943148041,45882.0879800156
32532.3817165917,3012.75322467794,58939.6272577705,37799.8784164096,43608.8145840472
32060.4897335494,2917.26449034602,58128.1831925097,36470.0978693587,43123.3211096389
31082.4710092705,2820.23354486702,56404.6995316222,35388.4475282767,42314.7291106467
30655.5519562352,2727.55346191673,55186.0675057583,34737.341426254,41952.6034857256
30366.8875180481,2638.23459059507,54159.745811473,34423.2019054563,41856.2548840258
29833.5091833594,2501.04321296916,52909.6603775777,34763.8723328036,42221.6224816208
29188.1819163218,2316.24321266849,50405.9321925957,36530.9265599833,43888.8156337887
29431.7589562487,2529.89571975642,52544.0433942582,42578.2329344061,50348.8951768995
30338.3427855747,2629.54046343239,58469.6853694133,47009.1036127762,52020.0844057643
30706.0144784111,2672.26123277834,61348.8570444757,48681.4469419932,53053.6058457491
30762.8589136855,2594.21225147984,62296.2154062309,50709.7590092437,52221.8398516207
30766.7469375794,2613.54921375858,62970.0258960019,51502.6907574396,52374.4116829051
30980.3752881095,2692.03532278755,63530.1784211246,51498.6736085459,51993.7110795808
30980.7230443479,2757.86130538461,63681.9172969841,51277.3782768619,51322.6198886895
30752.825425238,2784.21762937982,64012.6479015446,50459.8038019438,50860.6172847996
30690.775572014,2809.22435513474,64167.8692485844,50495.4275440786,50997.4309538232
30689.4413843098,2850.41194731236,63745.2133682479,50086.5648444065,51046.2180818595
30296.6253293044,2854.27745301953,62859.6778533039,48442.8706212436,51099.1646136871
29666.6749613571,2829.00335231825,61424.8093673544,47130.4842423249,50482.710713328
31625.209329274,3272.26137437292,58612.7784300845,46766.4805191412,52532.8812440734
33119.7916592408,3406.24738324093,60806.8376842695,46135.5937488103,51821.1048859415
33228.3892392632,3417.22961376801,62019.8030904085,44295.6460439587,51076.0090746955
33234.3529320903,3353.83731711054,62339.2747369132,42743.3484627295,49866.3399916008
33029.0072739563,3234.56634361005,60416.528510719,40301.6943148041,45882.0879800156
32532.3817165917,3012.75322467794,58939.6272577705,37799.8784164096,43608.8145840472
32060.4897335494,2917.26449034602,58128.1831925097,36470.0978693587,43123.3211096389
31082.4710092705,2820.23354486702,56404.6995316222,35388.4475282767,42314.7291106467
30655.5519562352,2727.55346191673,55186.0675057583,34737.341426254,41952.6034857256
30366.8875180481,2638.23459059507,54159.745811473,34423.2019054563,41856.2548840258
29833.5091833594,2501.04321296916,52909.6603775777,34763.8723328036,42221.6224816208
29188.1819163218,2316.24321266849,50405.9321925957,36530.9265599833,43888.8156337887
29431.7589562487,2529.89571975642,52544.0433942582,42578.2329344061,50348.8951768995
30338.3427855747,2629.54046343239,58469.6853694133,47009.1036127762,52020.0844057643
30706.0144784111,2672.26123277834,61348.8570444757,48681.4469419932,53053.6058457491
30762.8589136855,2594.21225147984,62296.2154062309,50709.7590092437,52221.8398516207
30766.7469375794,2613.54921375858,62970.0258960019,51502.6907574396,52374.4116829051
30980.3752881095,2692.03532278755,63530.1784211246,51498.6736085459,51993.7110795808
30980.7230443479,2757.86130538461,63681.9172969841,51277.3782768619,51322.6198886895
30752.825425238,2784.21762937982,64012.6479015446,50459.8038019438,50860.6172847996
30690.775572014,2809.22435513474,64167.8692485844,50495.4275440786,50997.4309538232
30689.4413843098,2850.41194731236,63745.2133682479,50086.5648444065,51046.2180818595
30296.6253293044,2854.27745301953,62859.6778533039,48442.8706212436,51099.1646136871
29666.6749613571,2829.00335231825,61424.8093673544,47130.4842423249,50482.710713328
31625.209329274,3272.26137437292,58612.7784300845,46766.4805191412,52532.8812440734
33119.7916592408,3406.24738324093,60806.8376842695,46135.5937488103,51821.1048859415
33228.3892392632,3417.22961376801,62019.8030904085,44295.6460439587,51076.0090746955
33234.3529320903,3353.83731711054,62339.2747369132,42743.3484627295,49866.3399916008
33029.0072739563,3234.56634361005,60416.528510719,40301.6943148041,45882.0879800156
32532.3817165917,3012.75322467794,58939.6272577705,37799.8784164096,43608.8145840472
32060.4897335494,2917.26449034602,58128.1831925097,36470.0978693587,43123.3211096389
31082.4710092705,2820.23354486702,56404.6995316222,35388.4475282767,42314.7291106467
30655.5519562352,2727.55346191673,55186.0675057583,34737.341426254,41952.6034857256
30366.8875180481,2638.23459059507,54159.745811473,34423.2019054563,41856.2548840258
29833.5091833594,2501.04321296916,52909.6603775777,34763.8723328036,42221.6224816208
29188.1819163218,2316.24321266849,50405.9321925957,36530.9265599833,43888.8156337887
29431.7589562487,2529.89571975642,52544.0433942582,42578.2329344061,50348.8951768995
30338.3427855747,2629.54046343239,58469.6853694133,47009.1036127762,52020.0844057643
30706.0144784111,2672.26123277834,61348.8570444757,48681.4469419932,53053.6058457491
30762.8589136855,2594.21225147984,62296.2154062309,50709.7590092437,52221.8398516207
30766.7469375794,2613.54921375858,62970.0258960019,51502.6907574396,52374.4116829051
30980.3752881095,2692.03532278755,63530.1784211246,51498.6736085459,51993.7110795808
30980.7230443479,2757.86130538461,63681.9172969841,51277.3782768619,51322.6198886895
30752.825425238,2784.21762937982,64012.6479015446,50459.8038019438,50860.6172847996
30690.775572014,2809.22435513474,64167.8692485844,50495.4275440786,50997.4309538232
30689.4413843098,2850.41194731236,63745.2133682479,50086.5648444065,51046.2180818595
30296.6253293044,2854.27745301953,62859.6778533039,48442.8706212436,51099.1646136871
29666.6749613571,2829.00335231825,61424.8093673544,47130.4842423249,50482.710713328
31625.209329274,3272.26137437292,58612.7784300845,46766.4805191412,52532.8812440734
33119.7916592408,3406.24738324093,60806.8376842695,46135.5937488103,51821.1048859415
33228.3892392632,3417.22961376801,62019.8030904085,44295.6460439587,51076.0090746955
33234.3529320903,3353.83731711054,62339.2747369132,42743.3484627295,49866.3399916008
33029.0072739563,3234.56634361005,60416.528510719,40301.6943148041,45882.0879800156
32532.3817165917,3012.75322467794,58939.6272577705,37799.8784164096,43608.8145840472
32060.4897335494,2917.26449034602,58128.1831925097,36470.0978693587,43123.3211096389
31082.4710092705,2820.23354486702,56404.6995316222,35388.4475282767,42314.7291106467
30655.5519562352,2727.55346191673,55186.0675057583,34737.341426254,41952.6034857256
30366.8875180481,2638.23459059507,54159.745811473,34423.2019054563,41856.2548840258
29833.5091833594,2501.04321296916,52909.6603775777,34763.8723328036,42221.6224816208
29188.1819163218,2316.24321266849,50405.9321925957,36530.9265599833,43888.8156337887
29431.7589562487,2529.89571975642,52544.0433942582,42578.2329344061,50348.8951768995
30338.3427855747,2629.54046343239,58469.6853694133,47009.1036127762,52020.0844057643
30706.0144784111,2672.26123277834,61348.8570444757,48681.4469419932,53053.6058457491
30762.8589136855,2594.21225147984,62296.2154062309,50709.7590092437,52221.8398516207
30766.7469375794,2613.54921375858,62970.0258960019,51502.6907574396,52374.4116829051
30980.3752881095,2692.03532278755,63530.1784211246,51498.6736085459,51993.7110795808
30980.7230443479,2757.86130538461,63681.9172969841,51277.3782768619,51322.6198886895
30752.825425238,2784.21762937982,64012.6479015446,50459.8038019438,50860.6172847996
30690.775572014,2809.22435513474,64167.8692485844,50495.4275440786,50997.4309538232
30689.4413843098,2850.41194731236,63745.2133682479,50086.5648444065,51046.2180818595
30296.6253293044,2854.27745301953,62859.6778533039,48442.8706212436,51099.1646136871
29666.6749613571,2829.00335231825,61424.8093673544,47130.4842423249,50482.710713328
31625.209329274,3272.26137437292,58612.7784300845,46766.4805191412,52532.8812440734
33119.7916592408,3406.24738324093,60806.8376842695,46135.5937488103,51821.1048859415
33228.3892392632,3417.22961376801,62019.8030904085,44295.6460439587,51076.0090746955
33234.3529320903,3353.83731711054,62339.2747369132,42743.3484627295,49866.3399916008
33029.0072739563,3234.56634361005,60416.528510719,40301.6943148041,45882.0879800156
32532.3817165917,3012.75322467794,58939.6272577705,37799.8784164096,43608.8145840472
32060.4897335494,2917.26449034602,58128.1831925097,36470.0978693587,43123.3211096389
31082.4710092705,2820.23354486702,56404.6995316222,35388.4475282767,42314.7291106467
30655.5519562352,2727.55346191673,55186.0675057583,34737.341426254,41952.6034857256
30366.8875180481,2638.23459059507,54159.745811473,34423.2019054563,41856.2548840258
29833.5091833594,2501.04321296916,52909.6603775777,34763.8723328036,42221.6224816208
29188.1819163218,2316.24321266849,50405.9321925957,36530.9265599833,43888.8156337887
29431.7589562487,2529.89571975642,52544.0433942582,42578.2329344061,50348.8951768995
30338.3427855747,2629.54046343239,58469.6853694133,47009.1036127762,52020.0844057643
30706.0144784111,2672.26123277834,61348.8570444757,48681.4469419932,53053.6058457491
30762.8589136855,2594.21225147984,62296.2154062309,50709.7590092437,52221.8398516207
30766.7469375794,2613.54921375858,62970.0258960019,51502.6907574396,52374.4116829051
30980.3752881095,2692.03532278755,63530.1784211246,51498.6736085459,51993.7110795808
30980.7230443479,2757.86130538461,63681.9172969841,51277.3782768619,51322.6198886895
30752.825425238,2784.21762937982,64012.6479015446,50459.8038019438,50860.6172847996
30690.775572014,2809.22435513474,64167.8692485844,50495.4275440786,50997.4309538232
30689.4413843098,2850.41194731236,63745.2133682479,50086.5648444065,51046.2180818595
30296.6253293044,2854.27745301953,62859.6778533039,48442.8706212436,51099.1646136871
29666.6749613571,2829.00335231825,61424.8093673544,47130.4842423249,50482.710713328
31625.209329274,3272.26137437292,58612.7784300845,46766.4805191412,52532.8812440734
33119.7916592408,3406.24738324093,60806.8376842695,46135.5937488103,51821.1048859415
33228.3892392632,3417.22961376801,62019.8030904085,44295.6460439587,51076.0090746955
33234.3529320903,3353.83731711054,62339.2747369132,42743.3484627295,49866.3399916008
33029.0072739563,3234.56634361005,60416.528510719,40301.6943148041,45882.0879800156
32532.3817165917,3012.75322467794,58939.6272577705,37799.8784164096,43608.8145840472
32060.4897335494,2917.26449034602,58128.1831925097,36470.0978693587,43123.3211096389
31082.4710092705,2820.23354486702,56404.6995316222,35388.4475282767,42314.7291106467
30655.5519562352,2727.55346191673,55186.0675057583,34737.341426254,41952.6034857256
30366.8875180481,2638.23459059507,54159.745811473,34423.2019054563,41856.2548840258
29833.5091833594,2501.04321296916,52909.6603775777,34763.8723328036,42221.6224816208
29188.1819163218,2316.24321266849,50405.9321925957,36530.9265599833,43888.8156337887
29431.7589562487,2529.89571975642,52544.0433942582,42578.2329344061,50348.8951768995
30338.3427855747,2629.54046343239,58469.6853694133,47009.1036127762,52020.0844057643
30706.0144784111,2672.26123277834,61348.8570444757,48681.4469419932,53053.6058457491
30762.8589136855,2594.21225147984,62296.2154062309,50709.7590092437,52221.8398516207
30766.7469375794,2613.54921375858,62970.0258960019,51502.6907574396,52374.4116829051
30980.3752881095,2692.03532278755,63530.1784211246,51498.6736085459,51993.7110795808
30980.7230443479,2757.86130538461,63681.9172969841,51277.3782768619,51322.6198886895
30752.825425238,2784.21762937982,64012.6479015446,50459.8038019438,50860.6172847996
30690.775572014,2809.22435513474,64167.8692485844,50495.4275440786,50997.4309538232
30689.4413843098,2850.41194731236,63745.2133682479,50086.5648444065,51046.2180818595
30296.6253293044,2854.27745301953,62859.6778533039,48442.8706212436,51099.1646136871
29666.6749613571,2829.00335231825,61424.8093673544,47130.4842423249,50482.710713328
31625.209329274,3272.26137437292,58612.7784300845,46766.4805191412,52532.8812440734
33119.7916592408,3406.24738324093,60806.8376842695,46135.5937488103,51821.1048859415
33228.3892392632,3417.22961376801,62019.8030904085,44295.6460439587,51076.0090746955
33234.3529320903,3353.83731711054,62339.2747369132,42743.3484627295,49866.3399916008
33029.0072739563,3234.56634361005,60416.528510719,40301.6943148041,45882.0879800156
32532.3817165917,3012.75322467794,58939.6272577705,37799.8784164096,43608.8145840472
32060.4897335494,2917.26449034602,58128.1831925097,36470.0978693587,43123.3211096389
31082.4710092705,2820.23354486702,56404.6995316222,35388.4475282767,42314.7291106467
30655.5519562352,2727.55346191673,55186.0675057583,34737.341426254,41952.6034857256
30366.8875180481,2638.23459059507,54159.745811473,34423.2019054563,41856.2548840258
29833.5091833594,2501.04321296916,52909.6603775777,34763.8723328036,42221.6224816208
29188.1819163218,2316.24321266849,50405.9321925957,36530.9265599833,43888.8156337887
29431.7589562487,2529.89571975642,52544.0433942582,42578.2329344061,50348.8951768995
30338.3427855747,2629.54046343239,58469.6853694133,47009.1036127762,52020.0844057643
30706.0144784111,2672.26123277834,61348.8570444757,48681.4469419932,53053.6058457491
30762.8589136855,2594.21225147984,62296.2154062309,50709.7590092437,52221.8398516207
30766.7469375794,2613.54921375858,62970.0258960019,51502.6907574396,52374.4116829051
30980.3752881095,2692.03532278755,63530.1784211246,51498.6736085459,51993.7110795808
30980.7230443479,2757.86130538461,63681.9172969841,51277.3782768619,51322.6198886895
30752.825425238,2784.21762937982,64012.6479015446,50459.8038019438,50860.6172847996
30690.775572014,2809.22435513474,64167.8692485844,50495.4275440786,50997.4309538232
30689.4413843098,2850.41194731236,63745.2133682479,50086.5648444065,51046.2180818595
30296.6253293044,2854.27745301953,62859.6778533039,48442.8706212436,51099.1646136871
29666.6749613571,2829.00335231825,61424.8093673544,47130.4842423249,50482.710713328
31625.209329274,3272.26137437292,58612.7784300845,46766.4805191412,52532.8812440734
33119.7916592408,3406.24738324093,60806.8376842695,46135.5937488103,51821.1048859415
33228.3892392632,3417.22961376801,62019.8030904085,44295.6460439587,51076.0090746955
33234.3529320903,3353.83731711054,62339.2747369132,42743.3484627295,49866.3399916008
33029.0072739563,3234.56634361005,60416.528510719,40301.6943148041,45882.0879800156
32532.3817165917,3012.75322467794,58939.6272577705,37799.8784164096,43608.8145840472
32060.4897335494,2917.26449034602,58128.1831925097,36470.0978693587,43123.3211096389
31082.4710092705,2820.23354486702,56404.6995316222,35388.4475282767,42314.7291106467
30655.5519562352,2727.55346191673,55186.0675057583,34737.341426254,41952.6034857256
30366.8875180481,2638.23459059507,54159.745811473,34423.2019054563,41856.2548840258
29833.5091833594,2501.04321296916,52909.6603775777,34763.8723328036,42221.6224816208
29188.1819163218,2316.24321266849,50405.9321925957,36530.9265599833,43888.8156337887
29431.7589562487,2529.89571975642,52544.0433942582,42578.2329344061,50348.8951768995
30338.3427855747,2629.54046343239,58469.6853694133,47009.1036127762,52020.0844057643
30706.0144784111,2672.26123277834,61348.8570444757,48681.4469419932,53053.6058457491
30762.8589136855,2594.21225147984,62296.2154062309,50709.7590092437,52221.8398516207
30766.7469375794,2613.54921375858,62970.0258960019,51502.6907574396,52374.4116829051
30980.3752881095,2692.03532278755,63530.1784211246,51498.6736085459,51993.7110795808
30980.7230443479,2757.86130538461,63681.9172969841,51277.3782768619,51322.6198886895
30752.825425238,2784.21762937982,64012.6479015446,50459.8038019438,50860.6172847996
30690.775572014,2809.22435513474,64167.8692485844,50495.4275440786,50997.4309538232
30689.4413843098,2850.41194731236,63745.2133682479,50086.5648444065,51046.2180818595
30296.6253293044,2854.27745301953,62859.6778533039,48442.8706212436,51099.1646136871
29666.6749613571,2829.00335231825,61424.8093673544,47130.4842423249,50482.710713328
31625.209329274,3272.26137437292,58612.7784300845,46766.4805191412,52532.8812440734
33119.7916592408,3406.24738324093,60806.8376842695,46135.5937488103,51821.1048859415
33228.3892392632,3417.22961376801,62019.8030904085,44295.6460439587,51076.0090746955
33234.3529320903,3353.83731711054,62339.2747369132,42743.3484627295,49866.3399916008
33029.0072739563,3234.56634361005,60416.528510719,40301.6943148041,45882.0879800156
32532.3817165917,3012.75322467794,58939.6272577705,37799.8784164096,43608.8145840472
32060.4897335494,2917.26449034602,58128.1831925097,36470.0978693587,43123.3211096389
31082.4710092705,2820.23354486702,56404.6995316222,35388.4475282767,42314.7291106467
30655.5519562352,2727.55346191673,55186.0675057583,34737.341426254,41952.6034857256
30366.8875180481,2638.23459059507,54159.745811473,34423.2019054563,41856.2548840258
29833.5091833594,2501.04321296916,52909.6603775777,34763.8723328036,42221.6224816208
29188.1819163218,2316.24321266849,50405.9321925957,36530.9265599833,43888.8156337887
29431.7589562487,2529.89571975642,52544.0433942582,42578.2329344061,50348.8951768995
30338.3427855747,2629.54046343239,58469.6853694133,47009.1036127762,52020.0844057643
30706.0144784111,2672.26123277834,61348.8570444757,48681.4469419932,53053.6058457491
30762.8589136855,2594.21225147984,62296.2154062309,50709.7590092437,52221.8398516207
30766.7469375794,2613.54921375858,62970.0258960019,51502.6907574396,52374.4116829051
30980.3752881095,2692.03532278755,63530.1784211246,51498.6736085459,51993.7110795808
30980.7230443479,2757.86130538461,63681.9172969841,51277.3782768619,51322.6198886895
30752.825425238,2784.21762937982,64012.6479015446,50459.8038019438,50860.6172847996
30690.775572014,2809.22435513474,64167.8692485844,50495.4275440786,50997.4309538232
30689.4413843098,2850.41194731236,63745.2133682479,50086.5648444065,51046.2180818595
30296.6253293044,2854.27745301953,62859.6778533039,48442.8706212436,51099.1646136871
29666.6749613571,2829.00335231825,61424.8093673544,47130.4842423249,50482.710713328
31625.209329274,3272.26137437292,58612.7784300845,46766.4805191412,52532.8812440734
33119.7916592408,3406.24738324093,60806.8376842695,46135.5937488103,51821.1048859415
33228.3892392632,3417.22961376801,62019.8030904085,44295.6460439587,51076.0090746955
33234.3529320903,3353.83731711054,62339.2747369132,42743.3484627295,49866.3399916008
33029.0072739563,3234.56634361005,60416.528510719,40301.6943148041,45882.0879800156
32532.3817165917,3012.75322467794,58939.6272577705,37799.8784164096,43608.8145840472
32060.4897335494,2917.26449034602,58128.1831925097,36470.0978693587,43123.3211096389
31082.4710092705,2820.23354486702,56404.6995316222,35388.4475282767,42314.7291106467
30655.5519562352,2727.55346191673,55186.0675057583,34737.341426254,41952.6034857256
30366.8875180481,2638.23459059507,54159.745811473,34423.2019054563,41856.2548840258
29833.5091833594,2501.04321296916,52909.6603775777,34763.8723328036,42221.6224816208
29188.1819163218,2316.24321266849,50405.9321925957,36530.9265599833,43888.8156337887
29431.7589562487,2529.89571975642,52544.0433942582,42578.2329344061,50348.8951768995
30338.3427855747,2629.54046343239,58469.6853694133,47009.1036127762,52020.0844057643
30706.0144784111,2672.26123277834,61348.8570444757,48681.4469419932,53053.6058457491
30762.8589136855,2594.21225147984,62296.2154062309,50709.7590092437,52221.8398516207
30766.7469375794,2613.54921375858,62970.0258960019,51502.6907574396,52374.4116829051
30980.3752881095,2692.03532278755,63530.1784211246,51498.6736085459,51993.7110795808
30980.7230443479,2757.86130538461,63681.9172969841,51277.3782768619,51322.6198886895
30752.825425238,2784.21762937982,64012.6479015446,50459.8038019438,50860.6172847996
30690.775572014,2809.22435513474,64167.8692485844,50495.4275440786,50997.4309538232
30689.4413843098,2850.41194731236,63745.2133682479,50086.5648444065,51046.2180818595
30296.6253293044,2854.27745301953,62859.6778533039,48442.8706212436,51099.1646136871
29666.6749613571,2829.00335231825,61424.8093673544,47130.4842423249,50482.710713328
31625.209329274,3272.26137437292,58612.7784300845,46766.4805191412,52532.8812440734
33119.7916592408,3406.24738324093,60806.8376842695,46135.5937488103,51821.1048859415
33228.3892392632,3417.22961376801,62019.8030904085,44295.6460439587,51076.0090746955
33234.3529320903,3353.83731711054,62339.2747369132,42743.3484627295,49866.3399916008
33029.0072739563,3234.56634361005,60416.528510719,40301.6943148041,45882.0879800156
32532.3817165917,3012.75322467794,58939.6272577705,37799.8784164096,43608.8145840472
32060.4897335494,2917.26449034602,58128.1831925097,36470.0978693587,43123.3211096389
31082.4710092705,2820.23354486702,56404.6995316222,35388.4475282767,42314.7291106467
30655.5519562352,2727.55346191673,55186.0675057583,34737.341426254,41952.6034857256
30366.8875180481,2638.23459059507,54159.745811473,34423.2019054563,41856.2548840258
29833.5091833594,2501.04321296916,52909.6603775777,34763.8723328036,42221.6224816208
29188.1819163218,2316.24321266849,50405.9321925957,36530.9265599833,43888.8156337887
29431.7589562487,2529.89571975642,52544.0433942582,42578.2329344061,50348.8951768995
30338.3427855747,2629.54046343239,58469.6853694133,47009.1036127762,52020.0844057643
30706.0144784111,2672.26123277834,61348.8570444757,48681.4469419932,53053.6058457491
30762.8589136855,2594.21225147984,62296.2154062309,50709.7590092437,52221.8398516207
30766.7469375794,2613.54921375858,62970.0258960019,51502.6907574396,52374.4116829051
30980.3752881095,2692.03532278755,63530.1784211246,51498.6736085459,51993.7110795808
30980.7230443479,2757.86130538461,63681.9172969841,51277.3782768619,51322.6198886895
30752.825425238,2784.21762937982,64012.6479015446,50459.8038019438,50860.6172847996
30690.775572014,2809.22435513474,64167.8692485844,50495.4275440786,50997.4309538232
30689.4413843098,2850.41194731236,63745.2133682479,50086.5648444065,51046.2180818595
30296.6253293044,2854.27745301953,62859.6778533039,48442.8706212436,51099.1646136871
29666.6749613571,2829.00335231825,61424.8093673544,47130.4842423249,50482.710713328
31625.209329274,3272.26137437292,58612.7784300845,46766.4805191412,52532.8812440734
33119.7916592408,3406.24738324093,60806.8376842695,46135.5937488103,51821.1048859415
33228.3892392632,3417.22961376801,62019.8030904085,44295.6460439587,51076.0090746955
33234.3529320903,3353.83731711054,62339.2747369132,42743.3484627295,49866.3399916008
33029.0072739563,3234.56634361005,60416.528510719,40301.6943148041,45882.0879800156
32532.3817165917,3012.75322467794,58939.6272577705,37799.8784164096,43608.8145840472
31513.276452699,2970.4987526011,59954.0952997498,36262.7223409964,46404.0960092553
30963.1864983529,2840.88808878321,57842.4946696449,35124.3290780866,45456.5178993464
30691.1393989843,2770.12109433021,56617.8171667649,34555.3574934562,45061.8024479927
30538.5218945476,2673.37205719287,55610.9436976207,34396.5996804355,44911.4149243874
30105.5026110207,2523.56810865527,54421.863891825,35071.6615651681,44902.3317030147
29680.1666046641,2297.88405840785,53254.3720763209,37433.5868078852,45761.205205152
30519.9557298111,2506.21748078774,54208.0198421107,44190.9956945349,51705.5963149152
30917.5996970572,2692.16981008067,60138.2446504493,49084.1337201023,53135.9583418696
31040.2888497591,2716.12648500865,63218.4027179509,51073.0520491786,53967.7143663679
30413.6236770673,2631.48627739305,64521.0263734134,53155.0236370293,52963.6907626024
29784.2155835702,2686.39996743701,64964.4478029641,53692.4997588558,53058.8285072085
29835.5321323901,2746.22298930674,65546.9689863371,53711.1060107541,52784.3285805629
29789.6321194646,2808.9202178748,66186.3341679185,53705.5915813669,52185.1090704018
29582.2314396634,2848.31339148606,66059.9754003071,52991.3128640138,51976.9262757358
29827.1578158627,2917.50178376961,66180.29964036,52796.7281694534,52237.0663616276
30026.3778819589,2963.87083033272,65632.2647739124,52353.5797914276,52482.5631630202
29865.4437571607,2960.1862908739,64846.3145273965,51215.4023597516,52515.2735837107
29346.88305077,2978.04611204914,63554.3929771074,47368.8392001081,51718.7173562472
31994.6563152254,3511.60724777762,60318.2082766308,46968.4650462288,53832.6332017955
33090.4515162367,3497.66276599632,63840.410843841,45877.2045380177,52966.9874440211
33171.8736186774,3494.11050200506,64598.2136423056,44127.4015471832,52183.2151182028
33128.3210065902,3429.63776125825,64681.8742034491,42274.1172098174,51148.5625529494
32815.2191546543,3286.56398301812,62891.8011295973,39865.8244983896,47958.5596010158
31663.480741301,3075.0928630361,61118.4689247892,37364.1057922598,46734.5845140769
31513.276452699,2970.4987526011,59954.0952997498,36262.7223409964,46404.0960092553
30963.1864983529,2840.88808878321,57842.4946696449,35124.3290780866,45456.5178993464
30691.1393989843,2770.12109433021,56617.8171667649,34555.3574934562,45061.8024479927
30538.5218945476,2673.37205719287,55610.9436976207,34396.5996804355,44911.4149243874
30105.5026110207,2523.56810865527,54421.863891825,35071.6615651681,44902.3317030147
29680.1666046641,2297.88405840785,53254.3720763209,37433.5868078852,45761.205205152
30519.9557298111,2506.21748078774,54208.0198421107,44190.9956945349,51705.5963149152
30917.5996970572,2692.16981008067,60138.2446504493,49084.1337201023,53135.9583418696
31040.2888497591,2716.12648500865,63218.4027179509,51073.0520491786,53967.7143663679
30413.6236770673,2631.48627739305,64521.0263734134,53155.0236370293,52963.6907626024
29784.2155835702,2686.39996743701,64964.4478029641,53692.4997588558,53058.8285072085
29835.5321323901,2746.22298930674,65546.9689863371,53711.1060107541,52784.3285805629
29789.6321194646,2808.9202178748,66186.3341679185,53705.5915813669,52185.1090704018
29582.2314396634,2848.31339148606,66059.9754003071,52991.3128640138,51976.9262757358
29827.1578158627,2917.50178376961,66180.29964036,52796.7281694534,52237.0663616276
30026.3778819589,2963.87083033272,65632.2647739124,52353.5797914276,52482.5631630202
29865.4437571607,2960.1862908739,64846.3145273965,51215.4023597516,52515.2735837107
29346.88305077,2978.04611204914,63554.3929771074,47368.8392001081,51718.7173562472
31994.6563152254,3511.60724777762,60318.2082766308,46968.4650462288,53832.6332017955
33090.4515162367,3497.66276599632,63840.410843841,45877.2045380177,52966.9874440211
33171.8736186774,3494.11050200506,64598.2136423056,44127.4015471832,52183.2151182028
33128.3210065902,3429.63776125825,64681.8742034491,42274.1172098174,51148.5625529494
32815.2191546543,3286.56398301812,62891.8011295973,39865.8244983896,47958.5596010158
31663.480741301,3075.0928630361,61118.4689247892,37364.1057922598,46734.5845140769
31513.276452699,2970.4987526011,59954.0952997498,36262.7223409964,46404.0960092553
30963.1864983529,2840.88808878321,57842.4946696449,35124.3290780866,45456.5178993464
30691.1393989843,2770.12109433021,56617.8171667649,34555.3574934562,45061.8024479927
30538.5218945476,2673.37205719287,55610.9436976207,34396.5996804355,44911.4149243874
30105.5026110207,2523.56810865527,54421.863891825,35071.6615651681,44902.3317030147
29680.1666046641,2297.88405840785,53254.3720763209,37433.5868078852,45761.205205152
30519.9557298111,2506.21748078774,54208.0198421107,44190.9956945349,51705.5963149152
30917.5996970572,2692.16981008067,60138.2446504493,49084.1337201023,53135.9583418696
31040.2888497591,2716.12648500865,63218.4027179509,51073.0520491786,53967.7143663679
30413.6236770673,2631.48627739305,64521.0263734134,53155.0236370293,52963.6907626024
29784.2155835702,2686.39996743701,64964.4478029641,53692.4997588558,53058.8285072085
29835.5321323901,2746.22298930674,65546.9689863371,53711.1060107541,52784.3285805629
29789.6321194646,2808.9202178748,66186.3341679185,53705.5915813669,52185.1090704018
29582.2314396634,2848.31339148606,66059.9754003071,52991.3128640138,51976.9262757358
29827.1578158627,2917.50178376961,66180.29964036,52796.7281694534,52237.0663616276
30026.3778819589,2963.87083033272,65632.2647739124,52353.5797914276,52482.5631630202
29865.4437571607,2960.1862908739,64846.3145273965,51215.4023597516,52515.2735837107
29346.88305077,2978.04611204914,63554.3929771074,47368.8392001081,51718.7173562472
31994.6563152254,3511.60724777762,60318.2082766308,46968.4650462288,53832.6332017955
33090.4515162367,3497.66276599632,63840.410843841,45877.2045380177,52966.9874440211
33171.8736186774,3494.11050200506,64598.2136423056,44127.4015471832,52183.2151182028
33128.3210065902,3429.63776125825,64681.8742034491,42274.1172098174,51148.5625529494
32815.2191546543,3286.56398301812,62891.8011295973,39865.8244983896,47958.5596010158
31663.480741301,3075.0928630361,61118.4689247892,37364.1057922598,46734.5845140769
31513.276452699,2970.4987526011,59954.0952997498,36262.7223409964,46404.0960092553
30963.1864983529,2840.88808878321,57842.4946696449,35124.3290780866,45456.5178993464
30691.1393989843,2770.12109433021,56617.8171667649,34555.3574934562,45061.8024479927
30538.5218945476,2673.37205719287,55610.9436976207,34396.5996804355,44911.4149243874
30105.5026110207,2523.56810865527,54421.863891825,35071.6615651681,44902.3317030147
29680.1666046641,2297.88405840785,53254.3720763209,37433.5868078852,45761.205205152
30519.9557298111,2506.21748078774,54208.0198421107,44190.9956945349,51705.5963149152
30917.5996970572,2692.16981008067,60138.2446504493,49084.1337201023,53135.9583418696
31040.2888497591,2716.12648500865,63218.4027179509,51073.0520491786,53967.7143663679
30413.6236770673,2631.48627739305,64521.0263734134,53155.0236370293,52963.6907626024
29784.2155835702,2686.39996743701,64964.4478029641,53692.4997588558,53058.8285072085
29835.5321323901,2746.22298930674,65546.9689863371,53711.1060107541,52784.3285805629
29789.6321194646,2808.9202178748,66186.3341679185,53705.5915813669,52185.1090704018
29582.2314396634,2848.31339148606,66059.9754003071,52991.3128640138,51976.9262757358
29827.1578158627,2917.50178376961,66180.29964036,52796.7281694534,52237.0663616276
30026.3778819589,2963.87083033272,65632.2647739124,52353.5797914276,52482.5631630202
29865.4437571607,2960.1862908739,64846.3145273965,51215.4023597516,52515.2735837107
29346.88305077,2978.04611204914,63554.3929771074,47368.8392001081,51718.7173562472
31994.6563152254,3511.60724777762,60318.2082766308,46968.4650462288,53832.6332017955
33090.4515162367,3497.66276599632,63840.410843841,45877.2045380177,52966.9874440211
33171.8736186774,3494.11050200506,64598.2136423056,44127.4015471832,52183.2151182028
33128.3210065902,3429.63776125825,64681.8742034491,42274.1172098174,51148.5625529494
32815.2191546543,3286.56398301812,62891.8011295973,39865.8244983896,47958.5596010158
31663.480741301,3075.0928630361,61118.4689247892,37364.1057922598,46734.5845140769
31513.276452699,2970.4987526011,59954.0952997498,36262.7223409964,46404.0960092553
30963.1864983529,2840.88808878321,57842.4946696449,35124.3290780866,45456.5178993464
30691.1393989843,2770.12109433021,56617.8171667649,34555.3574934562,45061.8024479927
30538.5218945476,2673.37205719287,55610.9436976207,34396.5996804355,44911.4149243874
30105.5026110207,2523.56810865527,54421.863891825,35071.6615651681,44902.3317030147
29680.1666046641,2297.88405840785,53254.3720763209,37433.5868078852,45761.205205152
30519.9557298111,2506.21748078774,54208.0198421107,44190.9956945349,51705.5963149152
30917.5996970572,2692.16981008067,60138.2446504493,49084.1337201023,53135.9583418696
31040.2888497591,2716.12648500865,63218.4027179509,51073.0520491786,53967.7143663679
30413.6236770673,2631.48627739305,64521.0263734134,53155.0236370293,52963.6907626024
29784.2155835702,2686.39996743701,64964.4478029641,53692.4997588558,53058.8285072085
29835.5321323901,2746.22298930674,65546.9689863371,53711.1060107541,52784.3285805629
29789.6321194646,2808.9202178748,66186.3341679185,53705.5915813669,52185.1090704018
29582.2314396634,2848.31339148606,66059.9754003071,52991.3128640138,51976.9262757358
29827.1578158627,2917.50178376961,66180.29964036,52796.7281694534,52237.0663616276
30026.3778819589,2963.87083033272,65632.2647739124,52353.5797914276,52482.5631630202
29865.4437571607,2960.1862908739,64846.3145273965,51215.4023597516,52515.2735837107
29346.88305077,2978.04611204914,63554.3929771074,47368.8392001081,51718.7173562472
31994.6563152254,3511.60724777762,60318.2082766308,46968.4650462288,53832.6332017955
33090.4515162367,3497.66276599632,63840.410843841,45877.2045380177,52966.9874440211
33171.8736186774,3494.11050200506,64598.2136423056,44127.4015471832,52183.2151182028
33128.3210065902,3429.63776125825,64681.8742034491,42274.1172098174,51148.5625529494
32815.2191546543,3286.56398301812,62891.8011295973,39865.8244983896,47958.5596010158
31663.480741301,3075.0928630361,61118.4689247892,37364.1057922598,46734.5845140769
31513.276452699,2970.4987526011,59954.0952997498,36262.7223409964,46404.0960092553
30963.1864983529,2840.88808878321,57842.4946696449,35124.3290780866,45456.5178993464
30691.1393989843,2770.12109433021,56617.8171667649,34555.3574934562,45061.8024479927
30538.5218945476,2673.37205719287,55610.9436976207,34396.5996804355,44911.4149243874
30105.5026110207,2523.56810865527,54421.863891825,35071.6615651681,44902.3317030147
29680.1666046641,2297.88405840785,53254.3720763209,37433.5868078852,45761.205205152
30519.9557298111,2506.21748078774,54208.0198421107,44190.9956945349,51705.5963149152
30917.5996970572,2692.16981008067,60138.2446504493,49084.1337201023,53135.9583418696
31040.2888497591,2716.12648500865,63218.4027179509,51073.0520491786,53967.7143663679
30413.6236770673,2631.48627739305,64521.0263734134,53155.0236370293,52963.6907626024
29784.2155835702,2686.39996743701,64964.4478029641,53692.4997588558,53058.8285072085
29835.5321323901,2746.22298930674,65546.9689863371,53711.1060107541,52784.3285805629
29789.6321194646,2808.9202178748,66186.3341679185,53705.5915813669,52185.1090704018
29582.2314396634,2848.31339148606,66059.9754003071,52991.3128640138,51976.9262757358
29827.1578158627,2917.50178376961,66180.29964036,52796.7281694534,52237.0663616276
30026.3778819589,2963.87083033272,65632.2647739124,52353.5797914276,52482.5631630202
29865.4437571607,2960.1862908739,64846.3145273965,51215.4023597516,52515.2735837107
29346.88305077,2978.04611204914,63554.3929771074,47368.8392001081,51718.7173562472
31994.6563152254,3511.60724777762,60318.2082766308,46968.4650462288,53832.6332017955
33090.4515162367,3497.66276599632,63840.410843841,45877.2045380177,52966.9874440211
33171.8736186774,3494.11050200506,64598.2136423056,44127.4015471832,52183.2151182028
33128.3210065902,3429.63776125825,64681.8742034491,42274.1172098174,51148.5625529494
32815.2191546543,3286.56398301812,62891.8011295973,39865.8244983896,47958.5596010158
31663.480741301,3075.0928630361,61118.4689247892,37364.1057922598,46734.5845140769
31513.276452699,2970.4987526011,59954.0952997498,36262.7223409964,46404.0960092553
30963.1864983529,2840.88808878321,57842.4946696449,35124.3290780866,45456.5178993464
30691.1393989843,2770.12109433021,56617.8171667649,34555.3574934562,45061.8024479927
30538.5218945476,2673.37205719287,55610.9436976207,34396.5996804355,44911.4149243874
30105.5026110207,2523.56810865527,54421.863891825,35071.6615651681,44902.3317030147
29680.1666046641,2297.88405840785,53254.3720763209,37433.5868078852,45761.205205152
30519.9557298111,2506.21748078774,54208.0198421107,44190.9956945349,51705.5963149152
30917.5996970572,2692.16981008067,60138.2446504493,49084.1337201023,53135.9583418696
31040.2888497591,2716.12648500865,63218.4027179509,51073.0520491786,53967.7143663679
30413.6236770673,2631.48627739305,64521.0263734134,53155.0236370293,52963.6907626024
29784.2155835702,2686.39996743701,64964.4478029641,53692.4997588558,53058.8285072085
29835.5321323901,2746.22298930674,65546.9689863371,53711.1060107541,52784.3285805629
29789.6321194646,2808.9202178748,66186.3341679185,53705.5915813669,52185.1090704018
29582.2314396634,2848.31339148606,66059.9754003071,52991.3128640138,51976.9262757358
29827.1578158627,2917.50178376961,66180.29964036,52796.7281694534,52237.0663616276
30026.3778819589,2963.87083033272,65632.2647739124,52353.5797914276,52482.5631630202
29865.4437571607,2960.1862908739,64846.3145273965,51215.4023597516,52515.2735837107
29346.88305077,2978.04611204914,63554.3929771074,47368.8392001081,51718.7173562472
31994.6563152254,3511.60724777762,60318.2082766308,46968.4650462288,53832.6332017955
33090.4515162367,3497.66276599632,63840.410843841,45877.2045380177,52966.9874440211
33171.8736186774,3494.11050200506,64598.2136423056,44127.4015471832,52183.2151182028
33128.3210065902,3429.63776125825,64681.8742034491,42274.1172098174,51148.5625529494
32815.2191546543,3286.56398301812,62891.8011295973,39865.8244983896,47958.5596010158
31663.480741301,3075.0928630361,61118.4689247892,37364.1057922598,46734.5845140769
31513.276452699,2970.4987526011,59954.0952997498,36262.7223409964,46404.0960092553
30963.1864983529,2840.88808878321,57842.4946696449,35124.3290780866,45456.5178993464
30691.1393989843,2770.12109433021,56617.8171667649,34555.3574934562,45061.8024479927
30538.5218945476,2673.37205719287,55610.9436976207,34396.5996804355,44911.4149243874
30105.5026110207,2523.56810865527,54421.863891825,35071.6615651681,44902.3317030147
29680.1666046641,2297.88405840785,53254.3720763209,37433.5868078852,45761.205205152
30519.9557298111,2506.21748078774,54208.0198421107,44190.9956945349,51705.5963149152
30917.5996970572,2692.16981008067,60138.2446504493,49084.1337201023,53135.9583418696
31040.2888497591,2716.12648500865,63218.4027179509,51073.0520491786,53967.7143663679
30413.6236770673,2631.48627739305,64521.0263734134,53155.0236370293,52963.6907626024
29784.2155835702,2686.39996743701,64964.4478029641,53692.4997588558,53058.8285072085
29835.5321323901,2746.22298930674,65546.9689863371,53711.1060107541,52784.3285805629
29789.6321194646,2808.9202178748,66186.3341679185,53705.5915813669,52185.1090704018
29582.2314396634,2848.31339148606,66059.9754003071,52991.3128640138,51976.9262757358
29827.1578158627,2917.50178376961,66180.29964036,52796.7281694534,52237.0663616276
30026.3778819589,2963.87083033272,65632.2647739124,52353.5797914276,52482.5631630202
29865.4437571607,2960.1862908739,64846.3145273965,51215.4023597516,52515.2735837107
29346.88305077,2978.04611204914,63554.3929771074,47368.8392001081,51718.7173562472
31994.6563152254,3511.60724777762,60318.2082766308,46968.4650462288,53832.6332017955
33090.4515162367,3497.66276599632,63840.410843841,45877.2045380177,52966.9874440211
33171.8736186774,3494.11050200506,64598.2136423056,44127.4015471832,52183.2151182028
33128.3210065902,3429.63776125825,64681.8742034491,42274.1172098174,51148.5625529494
32815.2191546543,3286.56398301812,62891.8011295973,39865.8244983896,47958.5596010158
31663.480741301,3075.0928630361,61118.4689247892,37364.1057922598,46734.5845140769
31513.276452699,2970.4987526011,59954.0952997498,36262.7223409964,46404.0960092553
30963.1864983529,2840.88808878321,57842.4946696449,35124.3290780866,45456.5178993464
30691.1393989843,2770.12109433021,56617.8171667649,34555.3574934562,45061.8024479927
30538.5218945476,2673.37205719287,55610.9436976207,34396.5996804355,44911.4149243874
30105.5026110207,2523.56810865527,54421.863891825,35071.6615651681,44902.3317030147
29680.1666046641,2297.88405840785,53254.3720763209,37433.5868078852,45761.205205152
30519.9557298111,2506.21748078774,54208.0198421107,44190.9956945349,51705.5963149152
30917.5996970572,2692.16981008067,60138.2446504493,49084.1337201023,53135.9583418696
31040.2888497591,2716.12648500865,63218.4027179509,51073.0520491786,53967.7143663679
30413.6236770673,2631.48627739305,64521.0263734134,53155.0236370293,52963.6907626024
29784.2155835702,2686.39996743701,64964.4478029641,53692.4997588558,53058.8285072085
29835.5321323901,2746.22298930674,65546.9689863371,53711.1060107541,52784.3285805629
29789.6321194646,2808.9202178748,66186.3341679185,53705.5915813669,52185.1090704018
29582.2314396634,2848.31339148606,66059.9754003071,52991.3128640138,51976.9262757358
29827.1578158627,2917.50178376961,66180.29964036,52796.7281694534,52237.0663616276
30026.3778819589,2963.87083033272,65632.2647739124,52353.5797914276,52482.5631630202
29865.4437571607,2960.1862908739,64846.3145273965,51215.4023597516,52515.2735837107
29346.88305077,2978.04611204914,63554.3929771074,47368.8392001081,51718.7173562472
31994.6563152254,3511.60724777762,60318.2082766308,46968.4650462288,53832.6332017955
33090.4515162367,3497.66276599632,63840.410843841,45877.2045380177,52966.9874440211
33171.8736186774,3494.11050200506,64598.2136423056,44127.4015471832,52183.2151182028
33128.3210065902,3429.63776125825,64681.8742034491,42274.1172098174,51148.5625529494
32815.2191546543,3286.56398301812,62891.8011295973,39865.8244983896,47958.5596010158
31663.480741301,3075.0928630361,61118.4689247892,37364.1057922598,46734.5845140769
31513.276452699,2970.4987526011,59954.0952997498,36262.7223409964,46404.0960092553
30963.1864983529,2840.88808878321,57842.4946696449,35124.3290780866,45456.5178993464
30691.1393989843,2770.12109433021,56617.8171667649,34555.3574934562,45061.8024479927
30538.5218945476,2673.37205719287,55610.9436976207,34396.5996804355,44911.4149243874
30105.5026110207,2523.56810865527,54421.863891825,35071.6615651681,44902.3317030147
29680.1666046641,2297.88405840785,53254.3720763209,37433.5868078852,45761.205205152
30519.9557298111,2506.21748078774,54208.0198421107,44190.9956945349,51705.5963149152
30917.5996970572,2692.16981008067,60138.2446504493,49084.1337201023,53135.9583418696
31040.2888497591,2716.12648500865,63218.4027179509,51073.0520491786,53967.7143663679
30413.6236770673,2631.48627739305,64521.0263734134,53155.0236370293,52963.6907626024
29784.2155835702,2686.39996743701,64964.4478029641,53692.4997588558,53058.8285072085
29835.5321323901,2746.22298930674,65546.9689863371,53711.1060107541,52784.3285805629
29789.6321194646,2808.9202178748,66186.3341679185,53705.5915813669,52185.1090704018
29582.2314396634,2848.31339148606,66059.9754003071,52991.3128640138,51976.9262757358
29827.1578158627,2917.50178376961,66180.29964036,52796.7281694534,52237.0663616276
30026.3778819589,2963.87083033272,65632.2647739124,52353.5797914276,52482.5631630202
29865.4437571607,2960.1862908739,64846.3145273965,51215.4023597516,52515.2735837107
29346.88305077,2978.04611204914,63554.3929771074,47368.8392001081,51718.7173562472
31994.6563152254,3511.60724777762,60318.2082766308,46968.4650462288,53832.6332017955
33090.4515162367,3497.66276599632,63840.410843841,45877.2045380177,52966.9874440211
33171.8736186774,3494.11050200506,64598.2136423056,44127.4015471832,52183.2151182028
33128.3210065902,3429.63776125825,64681.8742034491,42274.1172098174,51148.5625529494
32815.2191546543,3286.56398301812,62891.8011295973,39865.8244983896,47958.5596010158
31663.480741301,3075.0928630361,61118.4689247892,37364.1057922598,46734.5845140769
31513.276452699,2970.4987526011,59954.0952997498,36262.7223409964,46404.0960092553
30963.1864983529,2840.88808878321,57842.4946696449,35124.3290780866,45456.5178993464
30691.1393989843,2770.12109433021,56617.8171667649,34555.3574934562,45061.8024479927
30538.5218945476,2673.37205719287,55610.9436976207,34396.5996804355,44911.4149243874
30105.5026110207,2523.56810865527,54421.863891825,35071.6615651681,44902.3317030147
29680.1666046641,2297.88405840785,53254.3720763209,37433.5868078852,45761.205205152
30519.9557298111,2506.21748078774,54208.0198421107,44190.9956945349,51705.5963149152
30917.5996970572,2692.16981008067,60138.2446504493,49084.1337201023,53135.9583418696
31040.2888497591,2716.12648500865,63218.4027179509,51073.0520491786,53967.7143663679
30413.6236770673,2631.48627739305,64521.0263734134,53155.0236370293,52963.6907626024
29784.2155835702,2686.39996743701,64964.4478029641,53692.4997588558,53058.8285072085
29835.5321323901,2746.22298930674,65546.9689863371,53711.1060107541,52784.3285805629
29789.6321194646,2808.9202178748,66186.3341679185,53705.5915813669,52185.1090704018
29582.2314396634,2848.31339148606,66059.9754003071,52991.3128640138,51976.9262757358
29827.1578158627,2917.50178376961,66180.29964036,52796.7281694534,52237.0663616276
30026.3778819589,2963.87083033272,65632.2647739124,52353.5797914276,52482.5631630202
29865.4437571607,2960.1862908739,64846.3145273965,51215.4023597516,52515.2735837107
29346.88305077,2978.04611204914,63554.3929771074,47368.8392001081,51718.7173562472
31994.6563152254,3511.60724777762,60318.2082766308,46968.4650462288,53832.6332017955
33090.4515162367,3497.66276599632,63840.410843841,45877.2045380177,52966.9874440211
33171.8736186774,3494.11050200506,64598.2136423056,44127.4015471832,52183.2151182028
33128.3210065902,3429.63776125825,64681.8742034491,42274.1172098174,51148.5625529494
32815.2191546543,3286.56398301812,62891.8011295973,39865.8244983896,47958.5596010158
31663.480741301,3075.0928630361,61118.4689247892,37364.1057922598,46734.5845140769
31513.276452699,2970.4987526011,59954.0952997498,36262.7223409964,46404.0960092553
30963.1864983529,2840.88808878321,57842.4946696449,35124.3290780866,45456.5178993464
30691.1393989843,2770.12109433021,56617.8171667649,34555.3574934562,45061.8024479927
30538.5218945476,2673.37205719287,55610.9436976207,34396.5996804355,44911.4149243874
30105.5026110207,2523.56810865527,54421.863891825,35071.6615651681,44902.3317030147
29680.1666046641,2297.88405840785,53254.3720763209,37433.5868078852,45761.205205152
30519.9557298111,2506.21748078774,54208.0198421107,44190.9956945349,51705.5963149152
30917.5996970572,2692.16981008067,60138.2446504493,49084.1337201023,53135.9583418696
31040.2888497591,2716.12648500865,63218.4027179509,51073.0520491786,53967.7143663679
30413.6236770673,2631.48627739305,64521.0263734134,53155.0236370293,52963.6907626024
29784.2155835702,2686.39996743701,64964.4478029641,53692.4997588558,53058.8285072085
29835.5321323901,2746.22298930674,65546.9689863371,53711.1060107541,52784.3285805629
29789.6321194646,2808.9202178748,66186.3341679185,53705.5915813669,52185.1090704018
29582.2314396634,2848.31339148606,66059.9754003071,52991.3128640138,51976.9262757358
29827.1578158627,2917.50178376961,66180.29964036,52796.7281694534,52237.0663616276
30026.3778819589,2963.87083033272,65632.2647739124,52353.5797914276,52482.5631630202
29865.4437571607,2960.1862908739,64846.3145273965,51215.4023597516,52515.2735837107
29346.88305077,2978.04611204914,63554.3929771074,47368.8392001081,51718.7173562472
31994.6563152254,3511.60724777762,60318.2082766308,46968.4650462288,53832.6332017955
33090.4515162367,3497.66276599632,63840.410843841,45877.2045380177,52966.9874440211
33171.8736186774,3494.11050200506,64598.2136423056,44127.4015471832,52183.2151182028
33128.3210065902,3429.63776125825,64681.8742034491,42274.1172098174,51148.5625529494
32815.2191546543,3286.56398301812,62891.8011295973,39865.8244983896,47958.5596010158
31663.480741301,3075.0928630361,61118.4689247892,37364.1057922598,46734.5845140769
31513.276452699,2970.4987526011,59954.0952997498,36262.7223409964,46404.0960092553
30963.1864983529,2840.88808878321,57842.4946696449,35124.3290780866,45456.5178993464
30691.1393989843,2770.12109433021,56617.8171667649,34555.3574934562,45061.8024479927
30538.5218945476,2673.37205719287,55610.9436976207,34396.5996804355,44911.4149243874
30105.5026110207,2523.56810865527,54421.863891825,35071.6615651681,44902.3317030147
29680.1666046641,2297.88405840785,53254.3720763209,37433.5868078852,45761.205205152
30519.9557298111,2506.21748078774,54208.0198421107,44190.9956945349,51705.5963149152
30917.5996970572,2692.16981008067,60138.2446504493,49084.1337201023,53135.9583418696
31040.2888497591,2716.12648500865,63218.4027179509,51073.0520491786,53967.7143663679
30413.6236770673,2631.48627739305,64521.0263734134,53155.0236370293,52963.6907626024
29784.2155835702,2686.39996743701,64964.4478029641,53692.4997588558,53058.8285072085
29835.5321323901,2746.22298930674,65546.9689863371,53711.1060107541,52784.3285805629
29789.6321194646,2808.9202178748,66186.3341679185,53705.5915813669,52185.1090704018
29582.2314396634,2848.31339148606,66059.9754003071,52991.3128640138,51976.9262757358
29827.1578158627,2917.50178376961,66180.29964036,52796.7281694534,52237.0663616276
30026.3778819589,2963.87083033272,65632.2647739124,52353.5797914276,52482.5631630202
29865.4437571607,2960.1862908739,64846.3145273965,51215.4023597516,52515.2735837107
29346.88305077,2978.04611204914,63554.3929771074,47368.8392001081,51718.7173562472
31994.6563152254,3511.60724777762,60318.2082766308,46968.4650462288,53832.6332017955
33090.4515162367,3497.66276599632,63840.410843841,45877.2045380177,52966.9874440211
33171.8736186774,3494.11050200506,64598.2136423056,44127.4015471832,52183.2151182028
33128.3210065902,3429.63776125825,64681.8742034491,42274.1172098174,51148.5625529494
32815.2191546543,3286.56398301812,62891.8011295973,39865.8244983896,47958.5596010158
31663.480741301,3075.0928630361,61118.4689247892,37364.1057922598,46734.5845140769
31513.276452699,2970.4987526011,59954.0952997498,36262.7223409964,46404.0960092553
30963.1864983529,2840.88808878321,57842.4946696449,35124.3290780866,45456.5178993464
30691.1393989843,2770.12109433021,56617.8171667649,34555.3574934562,45061.8024479927
30538.5218945476,2673.37205719287,55610.9436976207,34396.5996804355,44911.4149243874
30105.5026110207,2523.56810865527,54421.863891825,35071.6615651681,44902.3317030147
29680.1666046641,2297.88405840785,53254.3720763209,37433.5868078852,45761.205205152
30519.9557298111,2506.21748078774,54208.0198421107,44190.9956945349,51705.5963149152
30917.5996970572,2692.16981008067,60138.2446504493,49084.1337201023,53135.9583418696
31040.2888497591,2716.12648500865,63218.4027179509,51073.0520491786,53967.7143663679
30413.6236770673,2631.48627739305,64521.0263734134,53155.0236370293,52963.6907626024
29784.2155835702,2686.39996743701,64964.4478029641,53692.4997588558,53058.8285072085
29835.5321323901,2746.22298930674,65546.9689863371,53711.1060107541,52784.3285805629
29789.6321194646,2808.9202178748,66186.3341679185,53705.5915813669,52185.1090704018
29582.2314396634,2848.31339148606,66059.9754003071,52991.3128640138,51976.9262757358
29827.1578158627,2917.50178376961,66180.29964036,52796.7281694534,52237.0663616276
30026.3778819589,2963.87083033272,65632.2647739124,52353.5797914276,52482.5631630202
29865.4437571607,2960.1862908739,64846.3145273965,51215.4023597516,52515.2735837107
29346.88305077,2978.04611204914,63554.3929771074,47368.8392001081,51718.7173562472
31994.6563152254,3511.60724777762,60318.2082766308,46968.4650462288,53832.6332017955
33090.4515162367,3497.66276599632,63840.410843841,45877.2045380177,52966.9874440211
33171.8736186774,3494.11050200506,64598.2136423056,44127.4015471832,52183.2151182028
33128.3210065902,3429.63776125825,64681.8742034491,42274.1172098174,51148.5625529494
32815.2191546543,3286.56398301812,62891.8011295973,39865.8244983896,47958.5596010158
31663.480741301,3075.0928630361,61118.4689247892,37364.1057922598,46734.5845140769
31513.276452699,2970.4987526011,59954.0952997498,36262.7223409964,46404.0960092553
30963.1864983529,2840.88808878321,57842.4946696449,35124.3290780866,45456.5178993464
30691.1393989843,2770.12109433021,56617.8171667649,34555.3574934562,45061.8024479927
30538.5218945476,2673.37205719287,55610.9436976207,34396.5996804355,44911.4149243874
30105.5026110207,2523.56810865527,54421.863891825,35071.6615651681,44902.3317030147
29680.1666046641,2297.88405840785,53254.3720763209,37433.5868078852,45761.205205152
30519.9557298111,2506.21748078774,54208.0198421107,44190.9956945349,51705.5963149152
30917.5996970572,2692.16981008067,60138.2446504493,49084.1337201023,53135.9583418696
31040.2888497591,2716.12648500865,63218.4027179509,51073.0520491786,53967.7143663679
30413.6236770673,2631.48627739305,64521.0263734134,53155.0236370293,52963.6907626024
29784.2155835702,2686.39996743701,64964.4478029641,53692.4997588558,53058.8285072085
29835.5321323901,2746.22298930674,65546.9689863371,53711.1060107541,52784.3285805629
29789.6321194646,2808.9202178748,66186.3341679185,53705.5915813669,52185.1090704018
29582.2314396634,2848.31339148606,66059.9754003071,52991.3128640138,51976.9262757358
29827.1578158627,2917.50178376961,66180.29964036,52796.7281694534,52237.0663616276
30026.3778819589,2963.87083033272,65632.2647739124,52353.5797914276,52482.5631630202
29865.4437571607,2960.1862908739,64846.3145273965,51215.4023597516,52515.2735837107
29346.88305077,2978.04611204914,63554.3929771074,47368.8392001081,51718.7173562472
31994.6563152254,3511.60724777762,60318.2082766308,46968.4650462288,53832.6332017955
33090.4515162367,3497.66276599632,63840.410843841,45877.2045380177,52966.9874440211
33171.8736186774,3494.11050200506,64598.2136423056,44127.4015471832,52183.2151182028
33128.3210065902,3429.63776125825,64681.8742034491,42274.1172098174,51148.5625529494
32815.2191546543,3286.56398301812,62891.8011295973,39865.8244983896,47958.5596010158
31663.480741301,3075.0928630361,61118.4689247892,37364.1057922598,46734.5845140769
31513.276452699,2970.4987526011,59954.0952997498,36262.7223409964,46404.0960092553
30963.1864983529,2840.88808878321,57842.4946696449,35124.3290780866,45456.5178993464
30691.1393989843,2770.12109433021,56617.8171667649,34555.3574934562,45061.8024479927
30538.5218945476,2673.37205719287,55610.9436976207,34396.5996804355,44911.4149243874
30105.5026110207,2523.56810865527,54421.863891825,35071.6615651681,44902.3317030147
29680.1666046641,2297.88405840785,53254.3720763209,37433.5868078852,45761.205205152
30519.9557298111,2506.21748078774,54208.0198421107,44190.9956945349,51705.5963149152
30917.5996970572,2692.16981008067,60138.2446504493,49084.1337201023,53135.9583418696
31040.2888497591,2716.12648500865,63218.4027179509,51073.0520491786,53967.7143663679
30413.6236770673,2631.48627739305,64521.0263734134,53155.0236370293,52963.6907626024
29784.2155835702,2686.39996743701,64964.4478029641,53692.4997588558,53058.8285072085
29835.5321323901,2746.22298930674,65546.9689863371,53711.1060107541,52784.3285805629
29789.6321194646,2808.9202178748,66186.3341679185,53705.5915813669,52185.1090704018
29582.2314396634,2848.31339148606,66059.9754003071,52991.3128640138,51976.9262757358
29827.1578158627,2917.50178376961,66180.29964036,52796.7281694534,52237.0663616276
30026.3778819589,2963.87083033272,65632.2647739124,52353.5797914276,52482.5631630202
29865.4437571607,2960.1862908739,64846.3145273965,51215.4023597516,52515.2735837107
29346.88305077,2978.04611204914,63554.3929771074,47368.8392001081,51718.7173562472
31994.6563152254,3511.60724777762,60318.2082766308,46968.4650462288,53832.6332017955
33090.4515162367,3497.66276599632,63840.410843841,45877.2045380177,52966.9874440211
33171.8736186774,3494.11050200506,64598.2136423056,44127.4015471832,52183.2151182028
33128.3210065902,3429.63776125825,64681.8742034491,42274.1172098174,51148.5625529494
32815.2191546543,3286.56398301812,62891.8011295973,39865.8244983896,47958.5596010158
31663.480741301,3075.0928630361,61118.4689247892,37364.1057922598,46734.5845140769
31513.276452699,2970.4987526011,59954.0952997498,36262.7223409964,46404.0960092553
30963.1864983529,2840.88808878321,57842.4946696449,35124.3290780866,45456.5178993464
30691.1393989843,2770.12109433021,56617.8171667649,34555.3574934562,45061.8024479927
30538.5218945476,2673.37205719287,55610.9436976207,34396.5996804355,44911.4149243874
30105.5026110207,2523.56810865527,54421.863891825,35071.6615651681,44902.3317030147
29680.1666046641,2297.88405840785,53254.3720763209,37433.5868078852,45761.205205152
30519.9557298111,2506.21748078774,54208.0198421107,44190.9956945349,51705.5963149152
30917.5996970572,2692.16981008067,60138.2446504493,49084.1337201023,53135.9583418696
31040.2888497591,2716.12648500865,63218.4027179509,51073.0520491786,53967.7143663679
30413.6236770673,2631.48627739305,64521.0263734134,53155.0236370293,52963.6907626024
29784.2155835702,2686.39996743701,64964.4478029641,53692.4997588558,53058.8285072085
29835.5321323901,2746.22298930674,65546.9689863371,53711.1060107541,52784.3285805629
29789.6321194646,2808.9202178748,66186.3341679185,53705.5915813669,52185.1090704018
29582.2314396634,2848.31339148606,66059.9754003071,52991.3128640138,51976.9262757358
29827.1578158627,2917.50178376961,66180.29964036,52796.7281694534,52237.0663616276
30026.3778819589,2963.87083033272,65632.2647739124,52353.5797914276,52482.5631630202
29865.4437571607,2960.1862908739,64846.3145273965,51215.4023597516,52515.2735837107
29346.88305077,2978.04611204914,63554.3929771074,47368.8392001081,51718.7173562472
31994.6563152254,3511.60724777762,60318.2082766308,46968.4650462288,53832.6332017955
33090.4515162367,3497.66276599632,63840.410843841,45877.2045380177,52966.9874440211
33171.8736186774,3494.11050200506,64598.2136423056,44127.4015471832,52183.2151182028
33128.3210065902,3429.63776125825,64681.8742034491,42274.1172098174,51148.5625529494
32815.2191546543,3286.56398301812,62891.8011295973,39865.8244983896,47958.5596010158
31663.480741301,3075.0928630361,61118.4689247892,37364.1057922598,46734.5845140769
31513.276452699,2970.4987526011,59954.0952997498,36262.7223409964,46404.0960092553
30963.1864983529,2840.88808878321,57842.4946696449,35124.3290780866,45456.5178993464
30691.1393989843,2770.12109433021,56617.8171667649,34555.3574934562,45061.8024479927
30538.5218945476,2673.37205719287,55610.9436976207,34396.5996804355,44911.4149243874
30105.5026110207,2523.56810865527,54421.863891825,35071.6615651681,44902.3317030147
29680.1666046641,2297.88405840785,53254.3720763209,37433.5868078852,45761.205205152
30519.9557298111,2506.21748078774,54208.0198421107,44190.9956945349,51705.5963149152
30917.5996970572,2692.16981008067,60138.2446504493,49084.1337201023,53135.9583418696
31040.2888497591,2716.12648500865,63218.4027179509,51073.0520491786,53967.7143663679
30413.6236770673,2631.48627739305,64521.0263734134,53155.0236370293,52963.6907626024
29784.2155835702,2686.39996743701,64964.4478029641,53692.4997588558,53058.8285072085
29835.5321323901,2746.22298930674,65546.9689863371,53711.1060107541,52784.3285805629
29789.6321194646,2808.9202178748,66186.3341679185,53705.5915813669,52185.1090704018
29582.2314396634,2848.31339148606,66059.9754003071,52991.3128640138,51976.9262757358
29827.1578158627,2917.50178376961,66180.29964036,52796.7281694534,52237.0663616276
30026.3778819589,2963.87083033272,65632.2647739124,52353.5797914276,52482.5631630202
29865.4437571607,2960.1862908739,64846.3145273965,51215.4023597516,52515.2735837107
29346.88305077,2978.04611204914,63554.3929771074,47368.8392001081,51718.7173562472
31994.6563152254,3511.60724777762,60318.2082766308,46968.4650462288,53832.6332017955
33090.4515162367,3497.66276599632,63840.410843841,45877.2045380177,52966.9874440211
33171.8736186774,3494.11050200506,64598.2136423056,44127.4015471832,52183.2151182028
33128.3210065902,3429.63776125825,64681.8742034491,42274.1172098174,51148.5625529494
32815.2191546543,3286.56398301812,62891.8011295973,39865.8244983896,47958.5596010158
31663.480741301,3075.0928630361,61118.4689247892,37364.1057922598,46734.5845140769
31513.276452699,2970.4987526011,59954.0952997498,36262.7223409964,46404.0960092553
30963.1864983529,2840.88808878321,57842.4946696449,35124.3290780866,45456.5178993464
30691.1393989843,2770.12109433021,56617.8171667649,34555.3574934562,45061.8024479927
30538.5218945476,2673.37205719287,55610.9436976207,34396.5996804355,44911.4149243874
30105.5026110207,2523.56810865527,54421.863891825,35071.6615651681,44902.3317030147
29680.1666046641,2297.88405840785,53254.3720763209,37433.5868078852,45761.205205152
30519.9557298111,2506.21748078774,54208.0198421107,44190.9956945349,51705.5963149152
30917.5996970572,2692.16981008067,60138.2446504493,49084.1337201023,53135.9583418696
31040.2888497591,2716.12648500865,63218.4027179509,51073.0520491786,53967.7143663679
30413.6236770673,2631.48627739305,64521.0263734134,53155.0236370293,52963.6907626024
29784.2155835702,2686.39996743701,64964.4478029641,53692.4997588558,53058.8285072085
29835.5321323901,2746.22298930674,65546.9689863371,53711.1060107541,52784.3285805629
29789.6321194646,2808.9202178748,66186.3341679185,53705.5915813669,52185.1090704018
29582.2314396634,2848.31339148606,66059.9754003071,52991.3128640138,51976.9262757358
29827.1578158627,2917.50178376961,66180.29964036,52796.7281694534,52237.0663616276
30026.3778819589,2963.87083033272,65632.2647739124,52353.5797914276,52482.5631630202
29865.4437571607,2960.1862908739,64846.3145273965,51215.4023597516,52515.2735837107
29346.88305077,2978.04611204914,63554.3929771074,47368.8392001081,51718.7173562472
31994.6563152254,3511.60724777762,60318.2082766308,46968.4650462288,53832.6332017955
33090.4515162367,3497.66276599632,63840.410843841,45877.2045380177,52966.9874440211
33171.8736186774,3494.11050200506,64598.2136423056,44127.4015471832,52183.2151182028
33128.3210065902,3429.63776125825,64681.8742034491,42274.1172098174,51148.5625529494
32815.2191546543,3286.56398301812,62891.8011295973,39865.8244983896,47958.5596010158
31663.480741301,3075.0928630361,61118.4689247892,37364.1057922598,46734.5845140769
31513.276452699,2970.4987526011,59954.0952997498,36262.7223409964,46404.0960092553
30963.1864983529,2840.88808878321,57842.4946696449,35124.3290780866,45456.5178993464
30691.1393989843,2770.12109433021,56617.8171667649,34555.3574934562,45061.8024479927
30538.5218945476,2673.37205719287,55610.9436976207,34396.5996804355,44911.4149243874
30105.5026110207,2523.56810865527,54421.863891825,35071.6615651681,44902.3317030147
29680.1666046641,2297.88405840785,53254.3720763209,37433.5868078852,45761.205205152
30519.9557298111,2506.21748078774,54208.0198421107,44190.9956945349,51705.5963149152
30917.5996970572,2692.16981008067,60138.2446504493,49084.1337201023,53135.9583418696
31040.2888497591,2716.12648500865,63218.4027179509,51073.0520491786,53967.7143663679
30413.6236770673,2631.48627739305,64521.0263734134,53155.0236370293,52963.6907626024
29784.2155835702,2686.39996743701,64964.4478029641,53692.4997588558,53058.8285072085
29835.5321323901,2746.22298930674,65546.9689863371,53711.1060107541,52784.3285805629
29789.6321194646,2808.9202178748,66186.3341679185,53705.5915813669,52185.1090704018
29582.2314396634,2848.31339148606,66059.9754003071,52991.3128640138,51976.9262757358
29827.1578158627,2917.50178376961,66180.29964036,52796.7281694534,52237.0663616276
30026.3778819589,2963.87083033272,65632.2647739124,52353.5797914276,52482.5631630202
29865.4437571607,2960.1862908739,64846.3145273965,51215.4023597516,52515.2735837107
29346.88305077,2978.04611204914,63554.3929771074,47368.8392001081,51718.7173562472
31994.6563152254,3511.60724777762,60318.2082766308,46968.4650462288,53832.6332017955
33090.4515162367,3497.66276599632,63840.410843841,45877.2045380177,52966.9874440211
33171.8736186774,3494.11050200506,64598.2136423056,44127.4015471832,52183.2151182028
33128.3210065902,3429.63776125825,64681.8742034491,42274.1172098174,51148.5625529494
32815.2191546543,3286.56398301812,62891.8011295973,39865.8244983896,47958.5596010158
31663.480741301,3075.0928630361,61118.4689247892,37364.1057922598,46734.5845140769
31513.276452699,2970.4987526011,59954.0952997498,36262.7223409964,46404.0960092553
30963.1864983529,2840.88808878321,57842.4946696449,35124.3290780866,45456.5178993464
30691.1393989843,2770.12109433021,56617.8171667649,34555.3574934562,45061.8024479927
30538.5218945476,2673.37205719287,55610.9436976207,34396.5996804355,44911.4149243874
30105.5026110207,2523.56810865527,54421.863891825,35071.6615651681,44902.3317030147
29680.1666046641,2297.88405840785,53254.3720763209,37433.5868078852,45761.205205152
30519.9557298111,2506.21748078774,54208.0198421107,44190.9956945349,51705.5963149152
30917.5996970572,2692.16981008067,60138.2446504493,49084.1337201023,53135.9583418696
31040.2888497591,2716.12648500865,63218.4027179509,51073.0520491786,53967.7143663679
30413.6236770673,2631.48627739305,64521.0263734134,53155.0236370293,52963.6907626024
29784.2155835702,2686.39996743701,64964.4478029641,53692.4997588558,53058.8285072085
29835.5321323901,2746.22298930674,65546.9689863371,53711.1060107541,52784.3285805629
29789.6321194646,2808.9202178748,66186.3341679185,53705.5915813669,52185.1090704018
29582.2314396634,2848.31339148606,66059.9754003071,52991.3128640138,51976.9262757358
29827.1578158627,2917.50178376961,66180.29964036,52796.7281694534,52237.0663616276
30026.3778819589,2963.87083033272,65632.2647739124,52353.5797914276,52482.5631630202
29865.4437571607,2960.1862908739,64846.3145273965,51215.4023597516,52515.2735837107
29346.88305077,2978.04611204914,63554.3929771074,47368.8392001081,51718.7173562472
31994.6563152254,3511.60724777762,60318.2082766308,46968.4650462288,53832.6332017955
33090.4515162367,3497.66276599632,63840.410843841,45877.2045380177,52966.9874440211
33171.8736186774,3494.11050200506,64598.2136423056,44127.4015471832,52183.2151182028
33128.3210065902,3429.63776125825,64681.8742034491,42274.1172098174,51148.5625529494
32815.2191546543,3286.56398301812,62891.8011295973,39865.8244983896,47958.5596010158
31663.480741301,3075.0928630361,61118.4689247892,37364.1057922598,46734.5845140769
31513.276452699,2970.4987526011,59954.0952997498,36262.7223409964,46404.0960092553
30963.1864983529,2840.88808878321,57842.4946696449,35124.3290780866,45456.5178993464
30691.1393989843,2770.12109433021,56617.8171667649,34555.3574934562,45061.8024479927
30538.5218945476,2673.37205719287,55610.9436976207,34396.5996804355,44911.4149243874
30105.5026110207,2523.56810865527,54421.863891825,35071.6615651681,44902.3317030147
29680.1666046641,2297.88405840785,53254.3720763209,37433.5868078852,45761.205205152
30519.9557298111,2506.21748078774,54208.0198421107,44190.9956945349,51705.5963149152
30917.5996970572,2692.16981008067,60138.2446504493,49084.1337201023,53135.9583418696
31040.2888497591,2716.12648500865,63218.4027179509,51073.0520491786,53967.7143663679
30413.6236770673,2631.48627739305,64521.0263734134,53155.0236370293,52963.6907626024
29784.2155835702,2686.39996743701,64964.4478029641,53692.4997588558,53058.8285072085
29835.5321323901,2746.22298930674,65546.9689863371,53711.1060107541,52784.3285805629
29789.6321194646,2808.9202178748,66186.3341679185,53705.5915813669,52185.1090704018
29582.2314396634,2848.31339148606,66059.9754003071,52991.3128640138,51976.9262757358
29827.1578158627,2917.50178376961,66180.29964036,52796.7281694534,52237.0663616276
30026.3778819589,2963.87083033272,65632.2647739124,52353.5797914276,52482.5631630202
29865.4437571607,2960.1862908739,64846.3145273965,51215.4023597516,52515.2735837107
29346.88305077,2978.04611204914,63554.3929771074,47368.8392001081,51718.7173562472
31994.6563152254,3511.60724777762,60318.2082766308,46968.4650462288,53832.6332017955
33090.4515162367,3497.66276599632,63840.410843841,45877.2045380177,52966.9874440211
33171.8736186774,3494.11050200506,64598.2136423056,44127.4015471832,52183.2151182028
33128.3210065902,3429.63776125825,64681.8742034491,42274.1172098174,51148.5625529494
32815.2191546543,3286.56398301812,62891.8011295973,39865.8244983896,47958.5596010158
31663.480741301,3075.0928630361,61118.4689247892,37364.1057922598,46734.5845140769
31513.276452699,2970.4987526011,59954.0952997498,36262.7223409964,46404.0960092553
30963.1864983529,2840.88808878321,57842.4946696449,35124.3290780866,45456.5178993464
30691.1393989843,2770.12109433021,56617.8171667649,34555.3574934562,45061.8024479927
30538.5218945476,2673.37205719287,55610.9436976207,34396.5996804355,44911.4149243874
30105.5026110207,2523.56810865527,54421.863891825,35071.6615651681,44902.3317030147
29680.1666046641,2297.88405840785,53254.3720763209,37433.5868078852,45761.205205152
30519.9557298111,2506.21748078774,54208.0198421107,44190.9956945349,51705.5963149152
30917.5996970572,2692.16981008067,60138.2446504493,49084.1337201023,53135.9583418696
31040.2888497591,2716.12648500865,63218.4027179509,51073.0520491786,53967.7143663679
30413.6236770673,2631.48627739305,64521.0263734134,53155.0236370293,52963.6907626024
29784.2155835702,2686.39996743701,64964.4478029641,53692.4997588558,53058.8285072085
29835.5321323901,2746.22298930674,65546.9689863371,53711.1060107541,52784.3285805629
29789.6321194646,2808.9202178748,66186.3341679185,53705.5915813669,52185.1090704018
29582.2314396634,2848.31339148606,66059.9754003071,52991.3128640138,51976.9262757358
29827.1578158627,2917.50178376961,66180.29964036,52796.7281694534,52237.0663616276
30026.3778819589,2963.87083033272,65632.2647739124,52353.5797914276,52482.5631630202
29865.4437571607,2960.1862908739,64846.3145273965,51215.4023597516,52515.2735837107
29346.88305077,2978.04611204914,63554.3929771074,47368.8392001081,51718.7173562472
31994.6563152254,3511.60724777762,60318.2082766308,46968.4650462288,53832.6332017955
33090.4515162367,3497.66276599632,63840.410843841,45877.2045380177,52966.9874440211
33171.8736186774,3494.11050200506,64598.2136423056,44127.4015471832,52183.2151182028
33128.3210065902,3429.63776125825,64681.8742034491,42274.1172098174,51148.5625529494
32815.2191546543,3286.56398301812,62891.8011295973,39865.8244983896,47958.5596010158
31663.480741301,3075.0928630361,61118.4689247892,37364.1057922598,46734.5845140769
31513.276452699,2970.4987526011,59954.0952997498,36262.7223409964,46404.0960092553
30963.1864983529,2840.88808878321,57842.4946696449,35124.3290780866,45456.5178993464
30691.1393989843,2770.12109433021,56617.8171667649,34555.3574934562,45061.8024479927
30538.5218945476,2673.37205719287,55610.9436976207,34396.5996804355,44911.4149243874
30105.5026110207,2523.56810865527,54421.863891825,35071.6615651681,44902.3317030147
29680.1666046641,2297.88405840785,53254.3720763209,37433.5868078852,45761.205205152
30519.9557298111,2506.21748078774,54208.0198421107,44190.9956945349,51705.5963149152
30917.5996970572,2692.16981008067,60138.2446504493,49084.1337201023,53135.9583418696
31040.2888497591,2716.12648500865,63218.4027179509,51073.0520491786,53967.7143663679
30413.6236770673,2631.48627739305,64521.0263734134,53155.0236370293,52963.6907626024
29784.2155835702,2686.39996743701,64964.4478029641,53692.4997588558,53058.8285072085
29835.5321323901,2746.22298930674,65546.9689863371,53711.1060107541,52784.3285805629
29789.6321194646,2808.9202178748,66186.3341679185,53705.5915813669,52185.1090704018
29582.2314396634,2848.31339148606,66059.9754003071,52991.3128640138,51976.9262757358
29827.1578158627,2917.50178376961,66180.29964036,52796.7281694534,52237.0663616276
30026.3778819589,2963.87083033272,65632.2647739124,52353.5797914276,52482.5631630202
29865.4437571607,2960.1862908739,64846.3145273965,51215.4023597516,52515.2735837107
29346.88305077,2978.04611204914,63554.3929771074,47368.8392001081,51718.7173562472
31994.6563152254,3511.60724777762,60318.2082766308,46968.4650462288,53832.6332017955
33090.4515162367,3497.66276599632,63840.410843841,45877.2045380177,52966.9874440211
33171.8736186774,3494.11050200506,64598.2136423056,44127.4015471832,52183.2151182028
33128.3210065902,3429.63776125825,64681.8742034491,42274.1172098174,51148.5625529494
32815.2191546543,3286.56398301812,62891.8011295973,39865.8244983896,47958.5596010158
31663.480741301,3075.0928630361,61118.4689247892,37364.1057922598,46734.5845140769
31513.276452699,2970.4987526011,59954.0952997498,36262.7223409964,46404.0960092553
30963.1864983529,2840.88808878321,57842.4946696449,35124.3290780866,45456.5178993464
30691.1393989843,2770.12109433021,56617.8171667649,34555.3574934562,45061.8024479927
30538.5218945476,2673.37205719287,55610.9436976207,34396.5996804355,44911.4149243874
30105.5026110207,2523.56810865527,54421.863891825,35071.6615651681,44902.3317030147
29680.1666046641,2297.88405840785,53254.3720763209,37433.5868078852,45761.205205152
30519.9557298111,2506.21748078774,54208.0198421107,44190.9956945349,51705.5963149152
30917.5996970572,2692.16981008067,60138.2446504493,49084.1337201023,53135.9583418696
31040.2888497591,2716.12648500865,63218.4027179509,51073.0520491786,53967.7143663679
30413.6236770673,2631.48627739305,64521.0263734134,53155.0236370293,52963.6907626024
29784.2155835702,2686.39996743701,64964.4478029641,53692.4997588558,53058.8285072085
29835.5321323901,2746.22298930674,65546.9689863371,53711.1060107541,52784.3285805629
29789.6321194646,2808.9202178748,66186.3341679185,53705.5915813669,52185.1090704018
29582.2314396634,2848.31339148606,66059.9754003071,52991.3128640138,51976.9262757358
29827.1578158627,2917.50178376961,66180.29964036,52796.7281694534,52237.0663616276
30026.3778819589,2963.87083033272,65632.2647739124,52353.5797914276,52482.5631630202
29865.4437571607,2960.1862908739,64846.3145273965,51215.4023597516,52515.2735837107
29346.88305077,2978.04611204914,63554.3929771074,47368.8392001081,51718.7173562472
31994.6563152254,3511.60724777762,60318.2082766308,46968.4650462288,53832.6332017955
33090.4515162367,3497.66276599632,63840.410843841,45877.2045380177,52966.9874440211
33171.8736186774,3494.11050200506,64598.2136423056,44127.4015471832,52183.2151182028
33128.3210065902,3429.63776125825,64681.8742034491,42274.1172098174,51148.5625529494
32815.2191546543,3286.56398301812,62891.8011295973,39865.8244983896,47958.5596010158
31663.480741301,3075.0928630361,61118.4689247892,37364.1057922598,46734.5845140769
31513.276452699,2970.4987526011,59954.0952997498,36262.7223409964,46404.0960092553
30963.1864983529,2840.88808878321,57842.4946696449,35124.3290780866,45456.5178993464
30691.1393989843,2770.12109433021,56617.8171667649,34555.3574934562,45061.8024479927
30538.5218945476,2673.37205719287,55610.9436976207,34396.5996804355,44911.4149243874
30105.5026110207,2523.56810865527,54421.863891825,35071.6615651681,44902.3317030147
29680.1666046641,2297.88405840785,53254.3720763209,37433.5868078852,45761.205205152
30519.9557298111,2506.21748078774,54208.0198421107,44190.9956945349,51705.5963149152
30917.5996970572,2692.16981008067,60138.2446504493,49084.1337201023,53135.9583418696
31040.2888497591,2716.12648500865,63218.4027179509,51073.0520491786,53967.7143663679
30413.6236770673,2631.48627739305,64521.0263734134,53155.0236370293,52963.6907626024
29784.2155835702,2686.39996743701,64964.4478029641,53692.4997588558,53058.8285072085
29835.5321323901,2746.22298930674,65546.9689863371,53711.1060107541,52784.3285805629
29789.6321194646,2808.9202178748,66186.3341679185,53705.5915813669,52185.1090704018
29582.2314396634,2848.31339148606,66059.9754003071,52991.3128640138,51976.9262757358
29827.1578158627,2917.50178376961,66180.29964036,52796.7281694534,52237.0663616276
30026.3778819589,2963.87083033272,65632.2647739124,52353.5797914276,52482.5631630202
29865.4437571607,2960.1862908739,64846.3145273965,51215.4023597516,52515.2735837107
29346.88305077,2978.04611204914,63554.3929771074,47368.8392001081,51718.7173562472
31994.6563152254,3511.60724777762,60318.2082766308,46968.4650462288,53832.6332017955
33090.4515162367,3497.66276599632,63840.410843841,45877.2045380177,52966.9874440211
33171.8736186774,3494.11050200506,64598.2136423056,44127.4015471832,52183.2151182028
33128.3210065902,3429.63776125825,64681.8742034491,42274.1172098174,51148.5625529494
32815.2191546543,3286.56398301812,62891.8011295973,39865.8244983896,47958.5596010158
31663.480741301,3075.0928630361,61118.4689247892,37364.1057922598,46734.5845140769
31513.276452699,2970.4987526011,59954.0952997498,36262.7223409964,46404.0960092553
30963.1864983529,2840.88808878321,57842.4946696449,35124.3290780866,45456.5178993464
30691.1393989843,2770.12109433021,56617.8171667649,34555.3574934562,45061.8024479927
30538.5218945476,2673.37205719287,55610.9436976207,34396.5996804355,44911.4149243874
30105.5026110207,2523.56810865527,54421.863891825,35071.6615651681,44902.3317030147
29680.1666046641,2297.88405840785,53254.3720763209,37433.5868078852,45761.205205152
30519.9557298111,2506.21748078774,54208.0198421107,44190.9956945349,51705.5963149152
30917.5996970572,2692.16981008067,60138.2446504493,49084.1337201023,53135.9583418696
31040.2888497591,2716.12648500865,63218.4027179509,51073.0520491786,53967.7143663679
30413.6236770673,2631.48627739305,64521.0263734134,53155.0236370293,52963.6907626024
29784.2155835702,2686.39996743701,64964.4478029641,53692.4997588558,53058.8285072085
29835.5321323901,2746.22298930674,65546.9689863371,53711.1060107541,52784.3285805629
29789.6321194646,2808.9202178748,66186.3341679185,53705.5915813669,52185.1090704018
29582.2314396634,2848.31339148606,66059.9754003071,52991.3128640138,51976.9262757358
29827.1578158627,2917.50178376961,66180.29964036,52796.7281694534,52237.0663616276
30026.3778819589,2963.87083033272,65632.2647739124,52353.5797914276,52482.5631630202
29865.4437571607,2960.1862908739,64846.3145273965,51215.4023597516,52515.2735837107
29346.88305077,2978.04611204914,63554.3929771074,47368.8392001081,51718.7173562472
31994.6563152254,3511.60724777762,60318.2082766308,46968.4650462288,53832.6332017955
33090.4515162367,3497.66276599632,63840.410843841,45877.2045380177,52966.9874440211
33171.8736186774,3494.11050200506,64598.2136423056,44127.4015471832,52183.2151182028
33128.3210065902,3429.63776125825,64681.8742034491,42274.1172098174,51148.5625529494
32815.2191546543,3286.56398301812,62891.8011295973,39865.8244983896,47958.5596010158
31663.480741301,3075.0928630361,61118.4689247892,37364.1057922598,46734.5845140769
31513.276452699,2970.4987526011,59954.0952997498,36262.7223409964,46404.0960092553
30963.1864983529,2840.88808878321,57842.4946696449,35124.3290780866,45456.5178993464
30691.1393989843,2770.12109433021,56617.8171667649,34555.3574934562,45061.8024479927
30538.5218945476,2673.37205719287,55610.9436976207,34396.5996804355,44911.4149243874
30105.5026110207,2523.56810865527,54421.863891825,35071.6615651681,44902.3317030147
29680.1666046641,2297.88405840785,53254.3720763209,37433.5868078852,45761.205205152
30519.9557298111,2506.21748078774,54208.0198421107,44190.9956945349,51705.5963149152
30917.5996970572,2692.16981008067,60138.2446504493,49084.1337201023,53135.9583418696
31040.2888497591,2716.12648500865,63218.4027179509,51073.0520491786,53967.7143663679
30413.6236770673,2631.48627739305,64521.0263734134,53155.0236370293,52963.6907626024
29784.2155835702,2686.39996743701,64964.4478029641,53692.4997588558,53058.8285072085
29835.5321323901,2746.22298930674,65546.9689863371,53711.1060107541,52784.3285805629
29789.6321194646,2808.9202178748,66186.3341679185,53705.5915813669,52185.1090704018
29582.2314396634,2848.31339148606,66059.9754003071,52991.3128640138,51976.9262757358
29827.1578158627,2917.50178376961,66180.29964036,52796.7281694534,52237.0663616276
30026.3778819589,2963.87083033272,65632.2647739124,52353.5797914276,52482.5631630202
29865.4437571607,2960.1862908739,64846.3145273965,51215.4023597516,52515.2735837107
29346.88305077,2978.04611204914,63554.3929771074,47368.8392001081,51718.7173562472
31994.6563152254,3511.60724777762,60318.2082766308,46968.4650462288,53832.6332017955
33090.4515162367,3497.66276599632,63840.410843841,45877.2045380177,52966.9874440211
33171.8736186774,3494.11050200506,64598.2136423056,44127.4015471832,52183.2151182028
33128.3210065902,3429.63776125825,64681.8742034491,42274.1172098174,51148.5625529494
32815.2191546543,3286.56398301812,62891.8011295973,39865.8244983896,47958.5596010158
31663.480741301,3075.0928630361,61118.4689247892,37364.1057922598,46734.5845140769
31513.276452699,2970.4987526011,59954.0952997498,36262.7223409964,46404.0960092553
30963.1864983529,2840.88808878321,57842.4946696449,35124.3290780866,45456.5178993464
30691.1393989843,2770.12109433021,56617.8171667649,34555.3574934562,45061.8024479927
30538.5218945476,2673.37205719287,55610.9436976207,34396.5996804355,44911.4149243874
30105.5026110207,2523.56810865527,54421.863891825,35071.6615651681,44902.3317030147
29680.1666046641,2297.88405840785,53254.3720763209,37433.5868078852,45761.205205152
30519.9557298111,2506.21748078774,54208.0198421107,44190.9956945349,51705.5963149152
30917.5996970572,2692.16981008067,60138.2446504493,49084.1337201023,53135.9583418696
31040.2888497591,2716.12648500865,63218.4027179509,51073.0520491786,53967.7143663679
30413.6236770673,2631.48627739305,64521.0263734134,53155.0236370293,52963.6907626024
29784.2155835702,2686.39996743701,64964.4478029641,53692.4997588558,53058.8285072085
29835.5321323901,2746.22298930674,65546.9689863371,53711.1060107541,52784.3285805629
29789.6321194646,2808.9202178748,66186.3341679185,53705.5915813669,52185.1090704018
29582.2314396634,2848.31339148606,66059.9754003071,52991.3128640138,51976.9262757358
29827.1578158627,2917.50178376961,66180.29964036,52796.7281694534,52237.0663616276
30026.3778819589,2963.87083033272,65632.2647739124,52353.5797914276,52482.5631630202
29865.4437571607,2960.1862908739,64846.3145273965,51215.4023597516,52515.2735837107
29346.88305077,2978.04611204914,63554.3929771074,47368.8392001081,51718.7173562472
31994.6563152254,3511.60724777762,60318.2082766308,46968.4650462288,53832.6332017955
33090.4515162367,3497.66276599632,63840.410843841,45877.2045380177,52966.9874440211
33171.8736186774,3494.11050200506,64598.2136423056,44127.4015471832,52183.2151182028
33128.3210065902,3429.63776125825,64681.8742034491,42274.1172098174,51148.5625529494
32815.2191546543,3286.56398301812,62891.8011295973,39865.8244983896,47958.5596010158
31663.480741301,3075.0928630361,61118.4689247892,37364.1057922598,46734.5845140769
31513.276452699,2970.4987526011,59954.0952997498,36262.7223409964,46404.0960092553
30963.1864983529,2840.88808878321,57842.4946696449,35124.3290780866,45456.5178993464
30691.1393989843,2770.12109433021,56617.8171667649,34555.3574934562,45061.8024479927
30538.5218945476,2673.37205719287,55610.9436976207,34396.5996804355,44911.4149243874
30105.5026110207,2523.56810865527,54421.863891825,35071.6615651681,44902.3317030147
29680.1666046641,2297.88405840785,53254.3720763209,37433.5868078852,45761.205205152
30519.9557298111,2506.21748078774,54208.0198421107,44190.9956945349,51705.5963149152
30917.5996970572,2692.16981008067,60138.2446504493,49084.1337201023,53135.9583418696
31040.2888497591,2716.12648500865,63218.4027179509,51073.0520491786,53967.7143663679
30413.6236770673,2631.48627739305,64521.0263734134,53155.0236370293,52963.6907626024
29784.2155835702,2686.39996743701,64964.4478029641,53692.4997588558,53058.8285072085
29835.5321323901,2746.22298930674,65546.9689863371,53711.1060107541,52784.3285805629
29789.6321194646,2808.9202178748,66186.3341679185,53705.5915813669,52185.1090704018
29582.2314396634,2848.31339148606,66059.9754003071,52991.3128640138,51976.9262757358
29827.1578158627,2917.50178376961,66180.29964036,52796.7281694534,52237.0663616276
30026.3778819589,2963.87083033272,65632.2647739124,52353.5797914276,52482.5631630202
29865.4437571607,2960.1862908739,64846.3145273965,51215.4023597516,52515.2735837107
29346.88305077,2978.04611204914,63554.3929771074,47368.8392001081,51718.7173562472
31994.6563152254,3511.60724777762,60318.2082766308,46968.4650462288,53832.6332017955
33090.4515162367,3497.66276599632,63840.410843841,45877.2045380177,52966.9874440211
33171.8736186774,3494.11050200506,64598.2136423056,44127.4015471832,52183.2151182028
33128.3210065902,3429.63776125825,64681.8742034491,42274.1172098174,51148.5625529494
32815.2191546543,3286.56398301812,62891.8011295973,39865.8244983896,47958.5596010158
31663.480741301,3075.0928630361,61118.4689247892,37364.1057922598,46734.5845140769
31513.276452699,2970.4987526011,59954.0952997498,36262.7223409964,46404.0960092553
30963.1864983529,2840.88808878321,57842.4946696449,35124.3290780866,45456.5178993464
30691.1393989843,2770.12109433021,56617.8171667649,34555.3574934562,45061.8024479927
30538.5218945476,2673.37205719287,55610.9436976207,34396.5996804355,44911.4149243874
30105.5026110207,2523.56810865527,54421.863891825,35071.6615651681,44902.3317030147
29680.1666046641,2297.88405840785,53254.3720763209,37433.5868078852,45761.205205152
30519.9557298111,2506.21748078774,54208.0198421107,44190.9956945349,51705.5963149152
30917.5996970572,2692.16981008067,60138.2446504493,49084.1337201023,53135.9583418696
31040.2888497591,2716.12648500865,63218.4027179509,51073.0520491786,53967.7143663679
30413.6236770673,2631.48627739305,64521.0263734134,53155.0236370293,52963.6907626024
29784.2155835702,2686.39996743701,64964.4478029641,53692.4997588558,53058.8285072085
29835.5321323901,2746.22298930674,65546.9689863371,53711.1060107541,52784.3285805629
29789.6321194646,2808.9202178748,66186.3341679185,53705.5915813669,52185.1090704018
29582.2314396634,2848.31339148606,66059.9754003071,52991.3128640138,51976.9262757358
29827.1578158627,2917.50178376961,66180.29964036,52796.7281694534,52237.0663616276
30026.3778819589,2963.87083033272,65632.2647739124,52353.5797914276,52482.5631630202
29865.4437571607,2960.1862908739,64846.3145273965,51215.4023597516,52515.2735837107
29346.88305077,2978.04611204914,63554.3929771074,47368.8392001081,51718.7173562472
31994.6563152254,3511.60724777762,60318.2082766308,46968.4650462288,53832.6332017955
33090.4515162367,3497.66276599632,63840.410843841,45877.2045380177,52966.9874440211
33171.8736186774,3494.11050200506,64598.2136423056,44127.4015471832,52183.2151182028
33128.3210065902,3429.63776125825,64681.8742034491,42274.1172098174,51148.5625529494
32815.2191546543,3286.56398301812,62891.8011295973,39865.8244983896,47958.5596010158
31663.480741301,3075.0928630361,61118.4689247892,37364.1057922598,46734.5845140769
31852.9174159435,2485.06318989658,57083.0912562781,38994.7409965971,48480.9985699381
31002.087010516,2296.50152042954,55047.2079819664,37489.0862958352,47077.301930382
30704.0509387756,2246.50926419611,53931.8042014345,36985.5870026032,46717.8116214311
30436.9157275207,2215.64910527693,53143.390622117,36733.6537015688,46623.5554582532
29985.9644023382,2154.55256090031,52042.7641539444,37001.695947537,46226.6401391117
29547.9499774008,2192.62626947816,51249.8819330397,39108.3601952415,47206.6344657368
29609.4841974227,2469.89052011738,52221.7002708324,44595.253648523,52665.4458388358
31109.2253281121,2963.25463743392,60109.0483420863,50173.5959662557,57090.0109299139
31686.4105316598,2956.2607756445,62977.3386079937,52437.5099500463,58366.3038518745
31286.0355518666,2818.84539145735,63750.1414498005,54926.2834180943,57027.831945668
30758.5665981175,2653.65513073988,64174.5259398316,55531.0647326556,57633.4128275709
30798.7485821525,2686.05352839933,64821.136163479,55745.8089752435,57472.1619991321
30648.1481543527,2712.79421421293,64922.5482735054,55826.9982139804,57095.0838515458
30325.4399554217,2729.2525681181,64641.7810869134,55176.610743732,57102.9854865335
30449.9523689688,2745.43214254894,64651.1388115244,55119.7638484314,57339.9458606106
30652.7228574873,2816.36518035876,64132.4386085245,54733.2040177704,57566.7745229372
30433.3928469873,2866.30474809868,63567.4738195288,53271.248052952,57516.2464064454
30277.0419629565,2910.05847447908,62619.86924646,50484.570459522,56475.8606585866
33120.4705111169,3351.88472629185,60556.897909078,50992.2681052058,59448.8467872011
33730.249626692,3289.04116876802,63792.94909286,49413.4361842035,56760.4462556377
33706.8722469121,3298.88724532055,63692.2445097864,47577.5921003078,55928.8659086442
33690.7344161732,3241.5568640366,63128.1347544096,45865.9082775995,55131.7821190269
33374.1097312584,2932.156843527,59836.186155059,43268.1427656704,49965.1282941015
32354.6857181462,2537.85975739647,57772.5166123039,40619.8336654996,48939.5993247097
31852.9174159435,2485.06318989658,57083.0912562781,38994.7409965971,48480.9985699381
31002.087010516,2296.50152042954,55047.2079819664,37489.0862958352,47077.301930382
30704.0509387756,2246.50926419611,53931.8042014345,36985.5870026032,46717.8116214311
30436.9157275207,2215.64910527693,53143.390622117,36733.6537015688,46623.5554582532
29985.9644023382,2154.55256090031,52042.7641539444,37001.695947537,46226.6401391117
29547.9499774008,2192.62626947816,51249.8819330397,39108.3601952415,47206.6344657368
29609.4841974227,2469.89052011738,52221.7002708324,44595.253648523,52665.4458388358
31109.2253281121,2963.25463743392,60109.0483420863,50173.5959662557,57090.0109299139
31686.4105316598,2956.2607756445,62977.3386079937,52437.5099500463,58366.3038518745
31286.0355518666,2818.84539145735,63750.1414498005,54926.2834180943,57027.831945668
30758.5665981175,2653.65513073988,64174.5259398316,55531.0647326556,57633.4128275709
30798.7485821525,2686.05352839933,64821.136163479,55745.8089752435,57472.1619991321
30648.1481543527,2712.79421421293,64922.5482735054,55826.9982139804,57095.0838515458
30325.4399554217,2729.2525681181,64641.7810869134,55176.610743732,57102.9854865335
30449.9523689688,2745.43214254894,64651.1388115244,55119.7638484314,57339.9458606106
30652.7228574873,2816.36518035876,64132.4386085245,54733.2040177704,57566.7745229372
30433.3928469873,2866.30474809868,63567.4738195288,53271.248052952,57516.2464064454
30277.0419629565,2910.05847447908,62619.86924646,50484.570459522,56475.8606585866
33120.4705111169,3351.88472629185,60556.897909078,50992.2681052058,59448.8467872011
33730.249626692,3289.04116876802,63792.94909286,49413.4361842035,56760.4462556377
33706.8722469121,3298.88724532055,63692.2445097864,47577.5921003078,55928.8659086442
33690.7344161732,3241.5568640366,63128.1347544096,45865.9082775995,55131.7821190269
33374.1097312584,2932.156843527,59836.186155059,43268.1427656704,49965.1282941015
32354.6857181462,2537.85975739647,57772.5166123039,40619.8336654996,48939.5993247097
31852.9174159435,2485.06318989658,57083.0912562781,38994.7409965971,48480.9985699381
31002.087010516,2296.50152042954,55047.2079819664,37489.0862958352,47077.301930382
30704.0509387756,2246.50926419611,53931.8042014345,36985.5870026032,46717.8116214311
30436.9157275207,2215.64910527693,53143.390622117,36733.6537015688,46623.5554582532
29985.9644023382,2154.55256090031,52042.7641539444,37001.695947537,46226.6401391117
29547.9499774008,2192.62626947816,51249.8819330397,39108.3601952415,47206.6344657368
29609.4841974227,2469.89052011738,52221.7002708324,44595.253648523,52665.4458388358
31109.2253281121,2963.25463743392,60109.0483420863,50173.5959662557,57090.0109299139
31686.4105316598,2956.2607756445,62977.3386079937,52437.5099500463,58366.3038518745
31286.0355518666,2818.84539145735,63750.1414498005,54926.2834180943,57027.831945668
30758.5665981175,2653.65513073988,64174.5259398316,55531.0647326556,57633.4128275709
30798.7485821525,2686.05352839933,64821.136163479,55745.8089752435,57472.1619991321
30648.1481543527,2712.79421421293,64922.5482735054,55826.9982139804,57095.0838515458
30325.4399554217,2729.2525681181,64641.7810869134,55176.610743732,57102.9854865335
30449.9523689688,2745.43214254894,64651.1388115244,55119.7638484314,57339.9458606106
30652.7228574873,2816.36518035876,64132.4386085245,54733.2040177704,57566.7745229372
30433.3928469873,2866.30474809868,63567.4738195288,53271.248052952,57516.2464064454
30277.0419629565,2910.05847447908,62619.86924646,50484.570459522,56475.8606585866
33120.4705111169,3351.88472629185,60556.897909078,50992.2681052058,59448.8467872011
33730.249626692,3289.04116876802,63792.94909286,49413.4361842035,56760.4462556377
33706.8722469121,3298.88724532055,63692.2445097864,47577.5921003078,55928.8659086442
33690.7344161732,3241.5568640366,63128.1347544096,45865.9082775995,55131.7821190269
33374.1097312584,2932.156843527,59836.186155059,43268.1427656704,49965.1282941015
32354.6857181462,2537.85975739647,57772.5166123039,40619.8336654996,48939.5993247097
31852.9174159435,2485.06318989658,57083.0912562781,38994.7409965971,48480.9985699381
31002.087010516,2296.50152042954,55047.2079819664,37489.0862958352,47077.301930382
30704.0509387756,2246.50926419611,53931.8042014345,36985.5870026032,46717.8116214311
30436.9157275207,2215.64910527693,53143.390622117,36733.6537015688,46623.5554582532
29985.9644023382,2154.55256090031,52042.7641539444,37001.695947537,46226.6401391117
29547.9499774008,2192.62626947816,51249.8819330397,39108.3601952415,47206.6344657368
29609.4841974227,2469.89052011738,52221.7002708324,44595.253648523,52665.4458388358
31109.2253281121,2963.25463743392,60109.0483420863,50173.5959662557,57090.0109299139
31686.4105316598,2956.2607756445,62977.3386079937,52437.5099500463,58366.3038518745
31286.0355518666,2818.84539145735,63750.1414498005,54926.2834180943,57027.831945668
30758.5665981175,2653.65513073988,64174.5259398316,55531.0647326556,57633.4128275709
30798.7485821525,2686.05352839933,64821.136163479,55745.8089752435,57472.1619991321
30648.1481543527,2712.79421421293,64922.5482735054,55826.9982139804,57095.0838515458
30325.4399554217,2729.2525681181,64641.7810869134,55176.610743732,57102.9854865335
30449.9523689688,2745.43214254894,64651.1388115244,55119.7638484314,57339.9458606106
30652.7228574873,2816.36518035876,64132.4386085245,54733.2040177704,57566.7745229372
30433.3928469873,2866.30474809868,63567.4738195288,53271.248052952,57516.2464064454
30277.0419629565,2910.05847447908,62619.86924646,50484.570459522,56475.8606585866
33120.4705111169,3351.88472629185,60556.897909078,50992.2681052058,59448.8467872011
33730.249626692,3289.04116876802,63792.94909286,49413.4361842035,56760.4462556377
33706.8722469121,3298.88724532055,63692.2445097864,47577.5921003078,55928.8659086442
33690.7344161732,3241.5568640366,63128.1347544096,45865.9082775995,55131.7821190269
33374.1097312584,2932.156843527,59836.186155059,43268.1427656704,49965.1282941015
32354.6857181462,2537.85975739647,57772.5166123039,40619.8336654996,48939.5993247097
31852.9174159435,2485.06318989658,57083.0912562781,38994.7409965971,48480.9985699381
31002.087010516,2296.50152042954,55047.2079819664,37489.0862958352,47077.301930382
30704.0509387756,2246.50926419611,53931.8042014345,36985.5870026032,46717.8116214311
30436.9157275207,2215.64910527693,53143.390622117,36733.6537015688,46623.5554582532
29985.9644023382,2154.55256090031,52042.7641539444,37001.695947537,46226.6401391117
29547.9499774008,2192.62626947816,51249.8819330397,39108.3601952415,47206.6344657368
29609.4841974227,2469.89052011738,52221.7002708324,44595.253648523,52665.4458388358
31109.2253281121,2963.25463743392,60109.0483420863,50173.5959662557,57090.0109299139
31686.4105316598,2956.2607756445,62977.3386079937,52437.5099500463,58366.3038518745
31286.0355518666,2818.84539145735,63750.1414498005,54926.2834180943,57027.831945668
30758.5665981175,2653.65513073988,64174.5259398316,55531.0647326556,57633.4128275709
30798.7485821525,2686.05352839933,64821.136163479,55745.8089752435,57472.1619991321
30648.1481543527,2712.79421421293,64922.5482735054,55826.9982139804,57095.0838515458
30325.4399554217,2729.2525681181,64641.7810869134,55176.610743732,57102.9854865335
30449.9523689688,2745.43214254894,64651.1388115244,55119.7638484314,57339.9458606106
30652.7228574873,2816.36518035876,64132.4386085245,54733.2040177704,57566.7745229372
30433.3928469873,2866.30474809868,63567.4738195288,53271.248052952,57516.2464064454
30277.0419629565,2910.05847447908,62619.86924646,50484.570459522,56475.8606585866
33120.4705111169,3351.88472629185,60556.897909078,50992.2681052058,59448.8467872011
33730.249626692,3289.04116876802,63792.94909286,49413.4361842035,56760.4462556377
33706.8722469121,3298.88724532055,63692.2445097864,47577.5921003078,55928.8659086442
33690.7344161732,3241.5568640366,63128.1347544096,45865.9082775995,55131.7821190269
33374.1097312584,2932.156843527,59836.186155059,43268.1427656704,49965.1282941015
32354.6857181462,2537.85975739647,57772.5166123039,40619.8336654996,48939.5993247097
31852.9174159435,2485.06318989658,57083.0912562781,38994.7409965971,48480.9985699381
31002.087010516,2296.50152042954,55047.2079819664,37489.0862958352,47077.301930382
30704.0509387756,2246.50926419611,53931.8042014345,36985.5870026032,46717.8116214311
30436.9157275207,2215.64910527693,53143.390622117,36733.6537015688,46623.5554582532
29985.9644023382,2154.55256090031,52042.7641539444,37001.695947537,46226.6401391117
29547.9499774008,2192.62626947816,51249.8819330397,39108.3601952415,47206.6344657368
29609.4841974227,2469.89052011738,52221.7002708324,44595.253648523,52665.4458388358
31109.2253281121,2963.25463743392,60109.0483420863,50173.5959662557,57090.0109299139
31686.4105316598,2956.2607756445,62977.3386079937,52437.5099500463,58366.3038518745
31286.0355518666,2818.84539145735,63750.1414498005,54926.2834180943,57027.831945668
30758.5665981175,2653.65513073988,64174.5259398316,55531.0647326556,57633.4128275709
30798.7485821525,2686.05352839933,64821.136163479,55745.8089752435,57472.1619991321
30648.1481543527,2712.79421421293,64922.5482735054,55826.9982139804,57095.0838515458
30325.4399554217,2729.2525681181,64641.7810869134,55176.610743732,57102.9854865335
30449.9523689688,2745.43214254894,64651.1388115244,55119.7638484314,57339.9458606106
30652.7228574873,2816.36518035876,64132.4386085245,54733.2040177704,57566.7745229372
30433.3928469873,2866.30474809868,63567.4738195288,53271.248052952,57516.2464064454
30277.0419629565,2910.05847447908,62619.86924646,50484.570459522,56475.8606585866
33120.4705111169,3351.88472629185,60556.897909078,50992.2681052058,59448.8467872011
33730.249626692,3289.04116876802,63792.94909286,49413.4361842035,56760.4462556377
33706.8722469121,3298.88724532055,63692.2445097864,47577.5921003078,55928.8659086442
33690.7344161732,3241.5568640366,63128.1347544096,45865.9082775995,55131.7821190269
33374.1097312584,2932.156843527,59836.186155059,43268.1427656704,49965.1282941015
32354.6857181462,2537.85975739647,57772.5166123039,40619.8336654996,48939.5993247097
31852.9174159435,2485.06318989658,57083.0912562781,38994.7409965971,48480.9985699381
31002.087010516,2296.50152042954,55047.2079819664,37489.0862958352,47077.301930382
30704.0509387756,2246.50926419611,53931.8042014345,36985.5870026032,46717.8116214311
30436.9157275207,2215.64910527693,53143.390622117,36733.6537015688,46623.5554582532
29985.9644023382,2154.55256090031,52042.7641539444,37001.695947537,46226.6401391117
29547.9499774008,2192.62626947816,51249.8819330397,39108.3601952415,47206.6344657368
29609.4841974227,2469.89052011738,52221.7002708324,44595.253648523,52665.4458388358
31109.2253281121,2963.25463743392,60109.0483420863,50173.5959662557,57090.0109299139
31686.4105316598,2956.2607756445,62977.3386079937,52437.5099500463,58366.3038518745
31286.0355518666,2818.84539145735,63750.1414498005,54926.2834180943,57027.831945668
30758.5665981175,2653.65513073988,64174.5259398316,55531.0647326556,57633.4128275709
30798.7485821525,2686.05352839933,64821.136163479,55745.8089752435,57472.1619991321
30648.1481543527,2712.79421421293,64922.5482735054,55826.9982139804,57095.0838515458
30325.4399554217,2729.2525681181,64641.7810869134,55176.610743732,57102.9854865335
30449.9523689688,2745.43214254894,64651.1388115244,55119.7638484314,57339.9458606106
30652.7228574873,2816.36518035876,64132.4386085245,54733.2040177704,57566.7745229372
30433.3928469873,2866.30474809868,63567.4738195288,53271.248052952,57516.2464064454
30277.0419629565,2910.05847447908,62619.86924646,50484.570459522,56475.8606585866
33120.4705111169,3351.88472629185,60556.897909078,50992.2681052058,59448.8467872011
33730.249626692,3289.04116876802,63792.94909286,49413.4361842035,56760.4462556377
33706.8722469121,3298.88724532055,63692.2445097864,47577.5921003078,55928.8659086442
33690.7344161732,3241.5568640366,63128.1347544096,45865.9082775995,55131.7821190269
33374.1097312584,2932.156843527,59836.186155059,43268.1427656704,49965.1282941015
32354.6857181462,2537.85975739647,57772.5166123039,40619.8336654996,48939.5993247097
31852.9174159435,2485.06318989658,57083.0912562781,38994.7409965971,48480.9985699381
31002.087010516,2296.50152042954,55047.2079819664,37489.0862958352,47077.301930382
30704.0509387756,2246.50926419611,53931.8042014345,36985.5870026032,46717.8116214311
30436.9157275207,2215.64910527693,53143.390622117,36733.6537015688,46623.5554582532
29985.9644023382,2154.55256090031,52042.7641539444,37001.695947537,46226.6401391117
29547.9499774008,2192.62626947816,51249.8819330397,39108.3601952415,47206.6344657368
29609.4841974227,2469.89052011738,52221.7002708324,44595.253648523,52665.4458388358
31109.2253281121,2963.25463743392,60109.0483420863,50173.5959662557,57090.0109299139
31686.4105316598,2956.2607756445,62977.3386079937,52437.5099500463,58366.3038518745
31286.0355518666,2818.84539145735,63750.1414498005,54926.2834180943,57027.831945668
30758.5665981175,2653.65513073988,64174.5259398316,55531.0647326556,57633.4128275709
30798.7485821525,2686.05352839933,64821.136163479,55745.8089752435,57472.1619991321
30648.1481543527,2712.79421421293,64922.5482735054,55826.9982139804,57095.0838515458
30325.4399554217,2729.2525681181,64641.7810869134,55176.610743732,57102.9854865335
30449.9523689688,2745.43214254894,64651.1388115244,55119.7638484314,57339.9458606106
30652.7228574873,2816.36518035876,64132.4386085245,54733.2040177704,57566.7745229372
30433.3928469873,2866.30474809868,63567.4738195288,53271.248052952,57516.2464064454
30277.0419629565,2910.05847447908,62619.86924646,50484.570459522,56475.8606585866
33120.4705111169,3351.88472629185,60556.897909078,50992.2681052058,59448.8467872011
33730.249626692,3289.04116876802,63792.94909286,49413.4361842035,56760.4462556377
33706.8722469121,3298.88724532055,63692.2445097864,47577.5921003078,55928.8659086442
33690.7344161732,3241.5568640366,63128.1347544096,45865.9082775995,55131.7821190269
33374.1097312584,2932.156843527,59836.186155059,43268.1427656704,49965.1282941015
32354.6857181462,2537.85975739647,57772.5166123039,40619.8336654996,48939.5993247097
31852.9174159435,2485.06318989658,57083.0912562781,38994.7409965971,48480.9985699381
31002.087010516,2296.50152042954,55047.2079819664,37489.0862958352,47077.301930382
30704.0509387756,2246.50926419611,53931.8042014345,36985.5870026032,46717.8116214311
30436.9157275207,2215.64910527693,53143.390622117,36733.6537015688,46623.5554582532
29985.9644023382,2154.55256090031,52042.7641539444,37001.695947537,46226.6401391117
29547.9499774008,2192.62626947816,51249.8819330397,39108.3601952415,47206.6344657368
29609.4841974227,2469.89052011738,52221.7002708324,44595.253648523,52665.4458388358
31109.2253281121,2963.25463743392,60109.0483420863,50173.5959662557,57090.0109299139
31686.4105316598,2956.2607756445,62977.3386079937,52437.5099500463,58366.3038518745
31286.0355518666,2818.84539145735,63750.1414498005,54926.2834180943,57027.831945668
30758.5665981175,2653.65513073988,64174.5259398316,55531.0647326556,57633.4128275709
30798.7485821525,2686.05352839933,64821.136163479,55745.8089752435,57472.1619991321
30648.1481543527,2712.79421421293,64922.5482735054,55826.9982139804,57095.0838515458
30325.4399554217,2729.2525681181,64641.7810869134,55176.610743732,57102.9854865335
30449.9523689688,2745.43214254894,64651.1388115244,55119.7638484314,57339.9458606106
30652.7228574873,2816.36518035876,64132.4386085245,54733.2040177704,57566.7745229372
30433.3928469873,2866.30474809868,63567.4738195288,53271.248052952,57516.2464064454
30277.0419629565,2910.05847447908,62619.86924646,50484.570459522,56475.8606585866
33120.4705111169,3351.88472629185,60556.897909078,50992.2681052058,59448.8467872011
33730.249626692,3289.04116876802,63792.94909286,49413.4361842035,56760.4462556377
33706.8722469121,3298.88724532055,63692.2445097864,47577.5921003078,55928.8659086442
33690.7344161732,3241.5568640366,63128.1347544096,45865.9082775995,55131.7821190269
33374.1097312584,2932.156843527,59836.186155059,43268.1427656704,49965.1282941015
32354.6857181462,2537.85975739647,57772.5166123039,40619.8336654996,48939.5993247097
31852.9174159435,2485.06318989658,57083.0912562781,38994.7409965971,48480.9985699381
31002.087010516,2296.50152042954,55047.2079819664,37489.0862958352,47077.301930382
30704.0509387756,2246.50926419611,53931.8042014345,36985.5870026032,46717.8116214311
30436.9157275207,2215.64910527693,53143.390622117,36733.6537015688,46623.5554582532
29985.9644023382,2154.55256090031,52042.7641539444,37001.695947537,46226.6401391117
29547.9499774008,2192.62626947816,51249.8819330397,39108.3601952415,47206.6344657368
29609.4841974227,2469.89052011738,52221.7002708324,44595.253648523,52665.4458388358
31109.2253281121,2963.25463743392,60109.0483420863,50173.5959662557,57090.0109299139
31686.4105316598,2956.2607756445,62977.3386079937,52437.5099500463,58366.3038518745
31286.0355518666,2818.84539145735,63750.1414498005,54926.2834180943,57027.831945668
30758.5665981175,2653.65513073988,64174.5259398316,55531.0647326556,57633.4128275709
30798.7485821525,2686.05352839933,64821.136163479,55745.8089752435,57472.1619991321
30648.1481543527,2712.79421421293,64922.5482735054,55826.9982139804,57095.0838515458
30325.4399554217,2729.2525681181,64641.7810869134,55176.610743732,57102.9854865335
30449.9523689688,2745.43214254894,64651.1388115244,55119.7638484314,57339.9458606106
30652.7228574873,2816.36518035876,64132.4386085245,54733.2040177704,57566.7745229372
30433.3928469873,2866.30474809868,63567.4738195288,53271.248052952,57516.2464064454
30277.0419629565,2910.05847447908,62619.86924646,50484.570459522,56475.8606585866
33120.4705111169,3351.88472629185,60556.897909078,50992.2681052058,59448.8467872011
33730.249626692,3289.04116876802,63792.94909286,49413.4361842035,56760.4462556377
33706.8722469121,3298.88724532055,63692.2445097864,47577.5921003078,55928.8659086442
33690.7344161732,3241.5568640366,63128.1347544096,45865.9082775995,55131.7821190269
33374.1097312584,2932.156843527,59836.186155059,43268.1427656704,49965.1282941015
32354.6857181462,2537.85975739647,57772.5166123039,40619.8336654996,48939.5993247097
31852.9174159435,2485.06318989658,57083.0912562781,38994.7409965971,48480.9985699381
31002.087010516,2296.50152042954,55047.2079819664,37489.0862958352,47077.301930382
30704.0509387756,2246.50926419611,53931.8042014345,36985.5870026032,46717.8116214311
30436.9157275207,2215.64910527693,53143.390622117,36733.6537015688,46623.5554582532
29985.9644023382,2154.55256090031,52042.7641539444,37001.695947537,46226.6401391117
29547.9499774008,2192.62626947816,51249.8819330397,39108.3601952415,47206.6344657368
29609.4841974227,2469.89052011738,52221.7002708324,44595.253648523,52665.4458388358
31109.2253281121,2963.25463743392,60109.0483420863,50173.5959662557,57090.0109299139
31686.4105316598,2956.2607756445,62977.3386079937,52437.5099500463,58366.3038518745
31286.0355518666,2818.84539145735,63750.1414498005,54926.2834180943,57027.831945668
30758.5665981175,2653.65513073988,64174.5259398316,55531.0647326556,57633.4128275709
30798.7485821525,2686.05352839933,64821.136163479,55745.8089752435,57472.1619991321
30648.1481543527,2712.79421421293,64922.5482735054,55826.9982139804,57095.0838515458
30325.4399554217,2729.2525681181,64641.7810869134,55176.610743732,57102.9854865335
30449.9523689688,2745.43214254894,64651.1388115244,55119.7638484314,57339.9458606106
30652.7228574873,2816.36518035876,64132.4386085245,54733.2040177704,57566.7745229372
30433.3928469873,2866.30474809868,63567.4738195288,53271.248052952,57516.2464064454
30277.0419629565,2910.05847447908,62619.86924646,50484.570459522,56475.8606585866
33120.4705111169,3351.88472629185,60556.897909078,50992.2681052058,59448.8467872011
33730.249626692,3289.04116876802,63792.94909286,49413.4361842035,56760.4462556377
33706.8722469121,3298.88724532055,63692.2445097864,47577.5921003078,55928.8659086442
33690.7344161732,3241.5568640366,63128.1347544096,45865.9082775995,55131.7821190269
33374.1097312584,2932.156843527,59836.186155059,43268.1427656704,49965.1282941015
32354.6857181462,2537.85975739647,57772.5166123039,40619.8336654996,48939.5993247097
31852.9174159435,2485.06318989658,57083.0912562781,38994.7409965971,48480.9985699381
31002.087010516,2296.50152042954,55047.2079819664,37489.0862958352,47077.301930382
30704.0509387756,2246.50926419611,53931.8042014345,36985.5870026032,46717.8116214311
30436.9157275207,2215.64910527693,53143.390622117,36733.6537015688,46623.5554582532
29985.9644023382,2154.55256090031,52042.7641539444,37001.695947537,46226.6401391117
29547.9499774008,2192.62626947816,51249.8819330397,39108.3601952415,47206.6344657368
29609.4841974227,2469.89052011738,52221.7002708324,44595.253648523,52665.4458388358
31109.2253281121,2963.25463743392,60109.0483420863,50173.5959662557,57090.0109299139
31686.4105316598,2956.2607756445,62977.3386079937,52437.5099500463,58366.3038518745
31286.0355518666,2818.84539145735,63750.1414498005,54926.2834180943,57027.831945668
30758.5665981175,2653.65513073988,64174.5259398316,55531.0647326556,57633.4128275709
30798.7485821525,2686.05352839933,64821.136163479,55745.8089752435,57472.1619991321
30648.1481543527,2712.79421421293,64922.5482735054,55826.9982139804,57095.0838515458
30325.4399554217,2729.2525681181,64641.7810869134,55176.610743732,57102.9854865335
30449.9523689688,2745.43214254894,64651.1388115244,55119.7638484314,57339.9458606106
30652.7228574873,2816.36518035876,64132.4386085245,54733.2040177704,57566.7745229372
30433.3928469873,2866.30474809868,63567.4738195288,53271.248052952,57516.2464064454
30277.0419629565,2910.05847447908,62619.86924646,50484.570459522,56475.8606585866
33120.4705111169,3351.88472629185,60556.897909078,50992.2681052058,59448.8467872011
33730.249626692,3289.04116876802,63792.94909286,49413.4361842035,56760.4462556377
33706.8722469121,3298.88724532055,63692.2445097864,47577.5921003078,55928.8659086442
33690.7344161732,3241.5568640366,63128.1347544096,45865.9082775995,55131.7821190269
33374.1097312584,2932.156843527,59836.186155059,43268.1427656704,49965.1282941015
32354.6857181462,2537.85975739647,57772.5166123039,40619.8336654996,48939.5993247097
31852.9174159435,2485.06318989658,57083.0912562781,38994.7409965971,48480.9985699381
31002.087010516,2296.50152042954,55047.2079819664,37489.0862958352,47077.301930382
30704.0509387756,2246.50926419611,53931.8042014345,36985.5870026032,46717.8116214311
30436.9157275207,2215.64910527693,53143.390622117,36733.6537015688,46623.5554582532
29985.9644023382,2154.55256090031,52042.7641539444,37001.695947537,46226.6401391117
29547.9499774008,2192.62626947816,51249.8819330397,39108.3601952415,47206.6344657368
29609.4841974227,2469.89052011738,52221.7002708324,44595.253648523,52665.4458388358
31109.2253281121,2963.25463743392,60109.0483420863,50173.5959662557,57090.0109299139
31686.4105316598,2956.2607756445,62977.3386079937,52437.5099500463,58366.3038518745
31286.0355518666,2818.84539145735,63750.1414498005,54926.2834180943,57027.831945668
30758.5665981175,2653.65513073988,64174.5259398316,55531.0647326556,57633.4128275709
30798.7485821525,2686.05352839933,64821.136163479,55745.8089752435,57472.1619991321
30648.1481543527,2712.79421421293,64922.5482735054,55826.9982139804,57095.0838515458
30325.4399554217,2729.2525681181,64641.7810869134,55176.610743732,57102.9854865335
30449.9523689688,2745.43214254894,64651.1388115244,55119.7638484314,57339.9458606106
30652.7228574873,2816.36518035876,64132.4386085245,54733.2040177704,57566.7745229372
30433.3928469873,2866.30474809868,63567.4738195288,53271.248052952,57516.2464064454
30277.0419629565,2910.05847447908,62619.86924646,50484.570459522,56475.8606585866
33120.4705111169,3351.88472629185,60556.897909078,50992.2681052058,59448.8467872011
33730.249626692,3289.04116876802,63792.94909286,49413.4361842035,56760.4462556377
33706.8722469121,3298.88724532055,63692.2445097864,47577.5921003078,55928.8659086442
33690.7344161732,3241.5568640366,63128.1347544096,45865.9082775995,55131.7821190269
33374.1097312584,2932.156843527,59836.186155059,43268.1427656704,49965.1282941015
32354.6857181462,2537.85975739647,57772.5166123039,40619.8336654996,48939.5993247097
31852.9174159435,2485.06318989658,57083.0912562781,38994.7409965971,48480.9985699381
31002.087010516,2296.50152042954,55047.2079819664,37489.0862958352,47077.301930382
30704.0509387756,2246.50926419611,53931.8042014345,36985.5870026032,46717.8116214311
30436.9157275207,2215.64910527693,53143.390622117,36733.6537015688,46623.5554582532
29985.9644023382,2154.55256090031,52042.7641539444,37001.695947537,46226.6401391117
29547.9499774008,2192.62626947816,51249.8819330397,39108.3601952415,47206.6344657368
29609.4841974227,2469.89052011738,52221.7002708324,44595.253648523,52665.4458388358
31109.2253281121,2963.25463743392,60109.0483420863,50173.5959662557,57090.0109299139
31686.4105316598,2956.2607756445,62977.3386079937,52437.5099500463,58366.3038518745
31286.0355518666,2818.84539145735,63750.1414498005,54926.2834180943,57027.831945668
30758.5665981175,2653.65513073988,64174.5259398316,55531.0647326556,57633.4128275709
30798.7485821525,2686.05352839933,64821.136163479,55745.8089752435,57472.1619991321
30648.1481543527,2712.79421421293,64922.5482735054,55826.9982139804,57095.0838515458
30325.4399554217,2729.2525681181,64641.7810869134,55176.610743732,57102.9854865335
30449.9523689688,2745.43214254894,64651.1388115244,55119.7638484314,57339.9458606106
30652.7228574873,2816.36518035876,64132.4386085245,54733.2040177704,57566.7745229372
30433.3928469873,2866.30474809868,63567.4738195288,53271.248052952,57516.2464064454
30277.0419629565,2910.05847447908,62619.86924646,50484.570459522,56475.8606585866
33120.4705111169,3351.88472629185,60556.897909078,50992.2681052058,59448.8467872011
33730.249626692,3289.04116876802,63792.94909286,49413.4361842035,56760.4462556377
33706.8722469121,3298.88724532055,63692.2445097864,47577.5921003078,55928.8659086442
33690.7344161732,3241.5568640366,63128.1347544096,45865.9082775995,55131.7821190269
33374.1097312584,2932.156843527,59836.186155059,43268.1427656704,49965.1282941015
32354.6857181462,2537.85975739647,57772.5166123039,40619.8336654996,48939.5993247097
31852.9174159435,2485.06318989658,57083.0912562781,38994.7409965971,48480.9985699381
31002.087010516,2296.50152042954,55047.2079819664,37489.0862958352,47077.301930382
30704.0509387756,2246.50926419611,53931.8042014345,36985.5870026032,46717.8116214311
30436.9157275207,2215.64910527693,53143.390622117,36733.6537015688,46623.5554582532
29985.9644023382,2154.55256090031,52042.7641539444,37001.695947537,46226.6401391117
29547.9499774008,2192.62626947816,51249.8819330397,39108.3601952415,47206.6344657368
29609.4841974227,2469.89052011738,52221.7002708324,44595.253648523,52665.4458388358
31109.2253281121,2963.25463743392,60109.0483420863,50173.5959662557,57090.0109299139
31686.4105316598,2956.2607756445,62977.3386079937,52437.5099500463,58366.3038518745
31286.0355518666,2818.84539145735,63750.1414498005,54926.2834180943,57027.831945668
30758.5665981175,2653.65513073988,64174.5259398316,55531.0647326556,57633.4128275709
30798.7485821525,2686.05352839933,64821.136163479,55745.8089752435,57472.1619991321
30648.1481543527,2712.79421421293,64922.5482735054,55826.9982139804,57095.0838515458
30325.4399554217,2729.2525681181,64641.7810869134,55176.610743732,57102.9854865335
30449.9523689688,2745.43214254894,64651.1388115244,55119.7638484314,57339.9458606106
30652.7228574873,2816.36518035876,64132.4386085245,54733.2040177704,57566.7745229372
30433.3928469873,2866.30474809868,63567.4738195288,53271.248052952,57516.2464064454
30277.0419629565,2910.05847447908,62619.86924646,50484.570459522,56475.8606585866
33120.4705111169,3351.88472629185,60556.897909078,50992.2681052058,59448.8467872011
33730.249626692,3289.04116876802,63792.94909286,49413.4361842035,56760.4462556377
33706.8722469121,3298.88724532055,63692.2445097864,47577.5921003078,55928.8659086442
33690.7344161732,3241.5568640366,63128.1347544096,45865.9082775995,55131.7821190269
33374.1097312584,2932.156843527,59836.186155059,43268.1427656704,49965.1282941015
32354.6857181462,2537.85975739647,57772.5166123039,40619.8336654996,48939.5993247097
31852.9174159435,2485.06318989658,57083.0912562781,38994.7409965971,48480.9985699381
31002.087010516,2296.50152042954,55047.2079819664,37489.0862958352,47077.301930382
30704.0509387756,2246.50926419611,53931.8042014345,36985.5870026032,46717.8116214311
30436.9157275207,2215.64910527693,53143.390622117,36733.6537015688,46623.5554582532
29985.9644023382,2154.55256090031,52042.7641539444,37001.695947537,46226.6401391117
29547.9499774008,2192.62626947816,51249.8819330397,39108.3601952415,47206.6344657368
29609.4841974227,2469.89052011738,52221.7002708324,44595.253648523,52665.4458388358
31109.2253281121,2963.25463743392,60109.0483420863,50173.5959662557,57090.0109299139
31686.4105316598,2956.2607756445,62977.3386079937,52437.5099500463,58366.3038518745
31286.0355518666,2818.84539145735,63750.1414498005,54926.2834180943,57027.831945668
30758.5665981175,2653.65513073988,64174.5259398316,55531.0647326556,57633.4128275709
30798.7485821525,2686.05352839933,64821.136163479,55745.8089752435,57472.1619991321
30648.1481543527,2712.79421421293,64922.5482735054,55826.9982139804,57095.0838515458
30325.4399554217,2729.2525681181,64641.7810869134,55176.610743732,57102.9854865335
30449.9523689688,2745.43214254894,64651.1388115244,55119.7638484314,57339.9458606106
30652.7228574873,2816.36518035876,64132.4386085245,54733.2040177704,57566.7745229372
30433.3928469873,2866.30474809868,63567.4738195288,53271.248052952,57516.2464064454
30277.0419629565,2910.05847447908,62619.86924646,50484.570459522,56475.8606585866
33120.4705111169,3351.88472629185,60556.897909078,50992.2681052058,59448.8467872011
33730.249626692,3289.04116876802,63792.94909286,49413.4361842035,56760.4462556377
33706.8722469121,3298.88724532055,63692.2445097864,47577.5921003078,55928.8659086442
33690.7344161732,3241.5568640366,63128.1347544096,45865.9082775995,55131.7821190269
33374.1097312584,2932.156843527,59836.186155059,43268.1427656704,49965.1282941015
32354.6857181462,2537.85975739647,57772.5166123039,40619.8336654996,48939.5993247097
31852.9174159435,2485.06318989658,57083.0912562781,38994.7409965971,48480.9985699381
31002.087010516,2296.50152042954,55047.2079819664,37489.0862958352,47077.301930382
30704.0509387756,2246.50926419611,53931.8042014345,36985.5870026032,46717.8116214311
30436.9157275207,2215.64910527693,53143.390622117,36733.6537015688,46623.5554582532
29985.9644023382,2154.55256090031,52042.7641539444,37001.695947537,46226.6401391117
29547.9499774008,2192.62626947816,51249.8819330397,39108.3601952415,47206.6344657368
29609.4841974227,2469.89052011738,52221.7002708324,44595.253648523,52665.4458388358
31109.2253281121,2963.25463743392,60109.0483420863,50173.5959662557,57090.0109299139
31686.4105316598,2956.2607756445,62977.3386079937,52437.5099500463,58366.3038518745
31286.0355518666,2818.84539145735,63750.1414498005,54926.2834180943,57027.831945668
30758.5665981175,2653.65513073988,64174.5259398316,55531.0647326556,57633.4128275709
30798.7485821525,2686.05352839933,64821.136163479,55745.8089752435,57472.1619991321
30648.1481543527,2712.79421421293,64922.5482735054,55826.9982139804,57095.0838515458
30325.4399554217,2729.2525681181,64641.7810869134,55176.610743732,57102.9854865335
30449.9523689688,2745.43214254894,64651.1388115244,55119.7638484314,57339.9458606106
30652.7228574873,2816.36518035876,64132.4386085245,54733.2040177704,57566.7745229372
30433.3928469873,2866.30474809868,63567.4738195288,53271.248052952,57516.2464064454
30277.0419629565,2910.05847447908,62619.86924646,50484.570459522,56475.8606585866
33120.4705111169,3351.88472629185,60556.897909078,50992.2681052058,59448.8467872011
33730.249626692,3289.04116876802,63792.94909286,49413.4361842035,56760.4462556377
33706.8722469121,3298.88724532055,63692.2445097864,47577.5921003078,55928.8659086442
33690.7344161732,3241.5568640366,63128.1347544096,45865.9082775995,55131.7821190269
33374.1097312584,2932.156843527,59836.186155059,43268.1427656704,49965.1282941015
32354.6857181462,2537.85975739647,57772.5166123039,40619.8336654996,48939.5993247097
31852.9174159435,2485.06318989658,57083.0912562781,38994.7409965971,48480.9985699381
31002.087010516,2296.50152042954,55047.2079819664,37489.0862958352,47077.301930382
30704.0509387756,2246.50926419611,53931.8042014345,36985.5870026032,46717.8116214311
30436.9157275207,2215.64910527693,53143.390622117,36733.6537015688,46623.5554582532
29985.9644023382,2154.55256090031,52042.7641539444,37001.695947537,46226.6401391117
29547.9499774008,2192.62626947816,51249.8819330397,39108.3601952415,47206.6344657368
29609.4841974227,2469.89052011738,52221.7002708324,44595.253648523,52665.4458388358
31109.2253281121,2963.25463743392,60109.0483420863,50173.5959662557,57090.0109299139
31686.4105316598,2956.2607756445,62977.3386079937,52437.5099500463,58366.3038518745
31286.0355518666,2818.84539145735,63750.1414498005,54926.2834180943,57027.831945668
30758.5665981175,2653.65513073988,64174.5259398316,55531.0647326556,57633.4128275709
30798.7485821525,2686.05352839933,64821.136163479,55745.8089752435,57472.1619991321
30648.1481543527,2712.79421421293,64922.5482735054,55826.9982139804,57095.0838515458
30325.4399554217,2729.2525681181,64641.7810869134,55176.610743732,57102.9854865335
30449.9523689688,2745.43214254894,64651.1388115244,55119.7638484314,57339.9458606106
30652.7228574873,2816.36518035876,64132.4386085245,54733.2040177704,57566.7745229372
30433.3928469873,2866.30474809868,63567.4738195288,53271.248052952,57516.2464064454
30277.0419629565,2910.05847447908,62619.86924646,50484.570459522,56475.8606585866
33120.4705111169,3351.88472629185,60556.897909078,50992.2681052058,59448.8467872011
33730.249626692,3289.04116876802,63792.94909286,49413.4361842035,56760.4462556377
33706.8722469121,3298.88724532055,63692.2445097864,47577.5921003078,55928.8659086442
33690.7344161732,3241.5568640366,63128.1347544096,45865.9082775995,55131.7821190269
33374.1097312584,2932.156843527,59836.186155059,43268.1427656704,49965.1282941015
32354.6857181462,2537.85975739647,57772.5166123039,40619.8336654996,48939.5993247097
31852.9174159435,2485.06318989658,57083.0912562781,38994.7409965971,48480.9985699381
31002.087010516,2296.50152042954,55047.2079819664,37489.0862958352,47077.301930382
30704.0509387756,2246.50926419611,53931.8042014345,36985.5870026032,46717.8116214311
30436.9157275207,2215.64910527693,53143.390622117,36733.6537015688,46623.5554582532
29985.9644023382,2154.55256090031,52042.7641539444,37001.695947537,46226.6401391117
29547.9499774008,2192.62626947816,51249.8819330397,39108.3601952415,47206.6344657368
29609.4841974227,2469.89052011738,52221.7002708324,44595.253648523,52665.4458388358
31109.2253281121,2963.25463743392,60109.0483420863,50173.5959662557,57090.0109299139
31686.4105316598,2956.2607756445,62977.3386079937,52437.5099500463,58366.3038518745
31286.0355518666,2818.84539145735,63750.1414498005,54926.2834180943,57027.831945668
30758.5665981175,2653.65513073988,64174.5259398316,55531.0647326556,57633.4128275709
30798.7485821525,2686.05352839933,64821.136163479,55745.8089752435,57472.1619991321
30648.1481543527,2712.79421421293,64922.5482735054,55826.9982139804,57095.0838515458
30325.4399554217,2729.2525681181,64641.7810869134,55176.610743732,57102.9854865335
30449.9523689688,2745.43214254894,64651.1388115244,55119.7638484314,57339.9458606106
30652.7228574873,2816.36518035876,64132.4386085245,54733.2040177704,57566.7745229372
30433.3928469873,2866.30474809868,63567.4738195288,53271.248052952,57516.2464064454
30277.0419629565,2910.05847447908,62619.86924646,50484.570459522,56475.8606585866
33120.4705111169,3351.88472629185,60556.897909078,50992.2681052058,59448.8467872011
33730.249626692,3289.04116876802,63792.94909286,49413.4361842035,56760.4462556377
33706.8722469121,3298.88724532055,63692.2445097864,47577.5921003078,55928.8659086442
33690.7344161732,3241.5568640366,63128.1347544096,45865.9082775995,55131.7821190269
33374.1097312584,2932.156843527,59836.186155059,43268.1427656704,49965.1282941015
32354.6857181462,2537.85975739647,57772.5166123039,40619.8336654996,48939.5993247097
31852.9174159435,2485.06318989658,57083.0912562781,38994.7409965971,48480.9985699381
31002.087010516,2296.50152042954,55047.2079819664,37489.0862958352,47077.301930382
30704.0509387756,2246.50926419611,53931.8042014345,36985.5870026032,46717.8116214311
30436.9157275207,2215.64910527693,53143.390622117,36733.6537015688,46623.5554582532
29985.9644023382,2154.55256090031,52042.7641539444,37001.695947537,46226.6401391117
29547.9499774008,2192.62626947816,51249.8819330397,39108.3601952415,47206.6344657368
29609.4841974227,2469.89052011738,52221.7002708324,44595.253648523,52665.4458388358
31109.2253281121,2963.25463743392,60109.0483420863,50173.5959662557,57090.0109299139
31686.4105316598,2956.2607756445,62977.3386079937,52437.5099500463,58366.3038518745
31286.0355518666,2818.84539145735,63750.1414498005,54926.2834180943,57027.831945668
30758.5665981175,2653.65513073988,64174.5259398316,55531.0647326556,57633.4128275709
30798.7485821525,2686.05352839933,64821.136163479,55745.8089752435,57472.1619991321
30648.1481543527,2712.79421421293,64922.5482735054,55826.9982139804,57095.0838515458
30325.4399554217,2729.2525681181,64641.7810869134,55176.610743732,57102.9854865335
30449.9523689688,2745.43214254894,64651.1388115244,55119.7638484314,57339.9458606106
30652.7228574873,2816.36518035876,64132.4386085245,54733.2040177704,57566.7745229372
30433.3928469873,2866.30474809868,63567.4738195288,53271.248052952,57516.2464064454
30277.0419629565,2910.05847447908,62619.86924646,50484.570459522,56475.8606585866
33120.4705111169,3351.88472629185,60556.897909078,50992.2681052058,59448.8467872011
33730.249626692,3289.04116876802,63792.94909286,49413.4361842035,56760.4462556377
33706.8722469121,3298.88724532055,63692.2445097864,47577.5921003078,55928.8659086442
33690.7344161732,3241.5568640366,63128.1347544096,45865.9082775995,55131.7821190269
33374.1097312584,2932.156843527,59836.186155059,43268.1427656704,49965.1282941015
32354.6857181462,2537.85975739647,57772.5166123039,40619.8336654996,48939.5993247097
31852.9174159435,2485.06318989658,57083.0912562781,38994.7409965971,48480.9985699381
31002.087010516,2296.50152042954,55047.2079819664,37489.0862958352,47077.301930382
30704.0509387756,2246.50926419611,53931.8042014345,36985.5870026032,46717.8116214311
30436.9157275207,2215.64910527693,53143.390622117,36733.6537015688,46623.5554582532
29985.9644023382,2154.55256090031,52042.7641539444,37001.695947537,46226.6401391117
29547.9499774008,2192.62626947816,51249.8819330397,39108.3601952415,47206.6344657368
29609.4841974227,2469.89052011738,52221.7002708324,44595.253648523,52665.4458388358
31109.2253281121,2963.25463743392,60109.0483420863,50173.5959662557,57090.0109299139
31686.4105316598,2956.2607756445,62977.3386079937,52437.5099500463,58366.3038518745
31286.0355518666,2818.84539145735,63750.1414498005,54926.2834180943,57027.831945668
30758.5665981175,2653.65513073988,64174.5259398316,55531.0647326556,57633.4128275709
30798.7485821525,2686.05352839933,64821.136163479,55745.8089752435,57472.1619991321
30648.1481543527,2712.79421421293,64922.5482735054,55826.9982139804,57095.0838515458
30325.4399554217,2729.2525681181,64641.7810869134,55176.610743732,57102.9854865335
30449.9523689688,2745.43214254894,64651.1388115244,55119.7638484314,57339.9458606106
30652.7228574873,2816.36518035876,64132.4386085245,54733.2040177704,57566.7745229372
30433.3928469873,2866.30474809868,63567.4738195288,53271.248052952,57516.2464064454
30277.0419629565,2910.05847447908,62619.86924646,50484.570459522,56475.8606585866
33120.4705111169,3351.88472629185,60556.897909078,50992.2681052058,59448.8467872011
33730.249626692,3289.04116876802,63792.94909286,49413.4361842035,56760.4462556377
33706.8722469121,3298.88724532055,63692.2445097864,47577.5921003078,55928.8659086442
33690.7344161732,3241.5568640366,63128.1347544096,45865.9082775995,55131.7821190269
33374.1097312584,2932.156843527,59836.186155059,43268.1427656704,49965.1282941015
32354.6857181462,2537.85975739647,57772.5166123039,40619.8336654996,48939.5993247097
31852.9174159435,2485.06318989658,57083.0912562781,38994.7409965971,48480.9985699381
31002.087010516,2296.50152042954,55047.2079819664,37489.0862958352,47077.301930382
30704.0509387756,2246.50926419611,53931.8042014345,36985.5870026032,46717.8116214311
30436.9157275207,2215.64910527693,53143.390622117,36733.6537015688,46623.5554582532
29985.9644023382,2154.55256090031,52042.7641539444,37001.695947537,46226.6401391117
29547.9499774008,2192.62626947816,51249.8819330397,39108.3601952415,47206.6344657368
29609.4841974227,2469.89052011738,52221.7002708324,44595.253648523,52665.4458388358
31109.2253281121,2963.25463743392,60109.0483420863,50173.5959662557,57090.0109299139
31686.4105316598,2956.2607756445,62977.3386079937,52437.5099500463,58366.3038518745
31286.0355518666,2818.84539145735,63750.1414498005,54926.2834180943,57027.831945668
30758.5665981175,2653.65513073988,64174.5259398316,55531.0647326556,57633.4128275709
30798.7485821525,2686.05352839933,64821.136163479,55745.8089752435,57472.1619991321
30648.1481543527,2712.79421421293,64922.5482735054,55826.9982139804,57095.0838515458
30325.4399554217,2729.2525681181,64641.7810869134,55176.610743732,57102.9854865335
30449.9523689688,2745.43214254894,64651.1388115244,55119.7638484314,57339.9458606106
30652.7228574873,2816.36518035876,64132.4386085245,54733.2040177704,57566.7745229372
30433.3928469873,2866.30474809868,63567.4738195288,53271.248052952,57516.2464064454
30277.0419629565,2910.05847447908,62619.86924646,50484.570459522,56475.8606585866
33120.4705111169,3351.88472629185,60556.897909078,50992.2681052058,59448.8467872011
33730.249626692,3289.04116876802,63792.94909286,49413.4361842035,56760.4462556377
33706.8722469121,3298.88724532055,63692.2445097864,47577.5921003078,55928.8659086442
33690.7344161732,3241.5568640366,63128.1347544096,45865.9082775995,55131.7821190269
33374.1097312584,2932.156843527,59836.186155059,43268.1427656704,49965.1282941015
32354.6857181462,2537.85975739647,57772.5166123039,40619.8336654996,48939.5993247097
31852.9174159435,2485.06318989658,57083.0912562781,38994.7409965971,48480.9985699381
31002.087010516,2296.50152042954,55047.2079819664,37489.0862958352,47077.301930382
30704.0509387756,2246.50926419611,53931.8042014345,36985.5870026032,46717.8116214311
30436.9157275207,2215.64910527693,53143.390622117,36733.6537015688,46623.5554582532
29985.9644023382,2154.55256090031,52042.7641539444,37001.695947537,46226.6401391117
29547.9499774008,2192.62626947816,51249.8819330397,39108.3601952415,47206.6344657368
29609.4841974227,2469.89052011738,52221.7002708324,44595.253648523,52665.4458388358
31109.2253281121,2963.25463743392,60109.0483420863,50173.5959662557,57090.0109299139
31686.4105316598,2956.2607756445,62977.3386079937,52437.5099500463,58366.3038518745
31286.0355518666,2818.84539145735,63750.1414498005,54926.2834180943,57027.831945668
30758.5665981175,2653.65513073988,64174.5259398316,55531.0647326556,57633.4128275709
30798.7485821525,2686.05352839933,64821.136163479,55745.8089752435,57472.1619991321
30648.1481543527,2712.79421421293,64922.5482735054,55826.9982139804,57095.0838515458
30325.4399554217,2729.2525681181,64641.7810869134,55176.610743732,57102.9854865335
30449.9523689688,2745.43214254894,64651.1388115244,55119.7638484314,57339.9458606106
30652.7228574873,2816.36518035876,64132.4386085245,54733.2040177704,57566.7745229372
30433.3928469873,2866.30474809868,63567.4738195288,53271.248052952,57516.2464064454
30277.0419629565,2910.05847447908,62619.86924646,50484.570459522,56475.8606585866
33120.4705111169,3351.88472629185,60556.897909078,50992.2681052058,59448.8467872011
33730.249626692,3289.04116876802,63792.94909286,49413.4361842035,56760.4462556377
33706.8722469121,3298.88724532055,63692.2445097864,47577.5921003078,55928.8659086442
33690.7344161732,3241.5568640366,63128.1347544096,45865.9082775995,55131.7821190269
33374.1097312584,2932.156843527,59836.186155059,43268.1427656704,49965.1282941015
32354.6857181462,2537.85975739647,57772.5166123039,40619.8336654996,48939.5993247097
31852.9174159435,2485.06318989658,57083.0912562781,38994.7409965971,48480.9985699381
31002.087010516,2296.50152042954,55047.2079819664,37489.0862958352,47077.301930382
30704.0509387756,2246.50926419611,53931.8042014345,36985.5870026032,46717.8116214311
30436.9157275207,2215.64910527693,53143.390622117,36733.6537015688,46623.5554582532
29985.9644023382,2154.55256090031,52042.7641539444,37001.695947537,46226.6401391117
29547.9499774008,2192.62626947816,51249.8819330397,39108.3601952415,47206.6344657368
29609.4841974227,2469.89052011738,52221.7002708324,44595.253648523,52665.4458388358
31109.2253281121,2963.25463743392,60109.0483420863,50173.5959662557,57090.0109299139
31686.4105316598,2956.2607756445,62977.3386079937,52437.5099500463,58366.3038518745
31286.0355518666,2818.84539145735,63750.1414498005,54926.2834180943,57027.831945668
30758.5665981175,2653.65513073988,64174.5259398316,55531.0647326556,57633.4128275709
30798.7485821525,2686.05352839933,64821.136163479,55745.8089752435,57472.1619991321
30648.1481543527,2712.79421421293,64922.5482735054,55826.9982139804,57095.0838515458
30325.4399554217,2729.2525681181,64641.7810869134,55176.610743732,57102.9854865335
30449.9523689688,2745.43214254894,64651.1388115244,55119.7638484314,57339.9458606106
30652.7228574873,2816.36518035876,64132.4386085245,54733.2040177704,57566.7745229372
30433.3928469873,2866.30474809868,63567.4738195288,53271.248052952,57516.2464064454
30277.0419629565,2910.05847447908,62619.86924646,50484.570459522,56475.8606585866
33120.4705111169,3351.88472629185,60556.897909078,50992.2681052058,59448.8467872011
33730.249626692,3289.04116876802,63792.94909286,49413.4361842035,56760.4462556377
33706.8722469121,3298.88724532055,63692.2445097864,47577.5921003078,55928.8659086442
33690.7344161732,3241.5568640366,63128.1347544096,45865.9082775995,55131.7821190269
33374.1097312584,2932.156843527,59836.186155059,43268.1427656704,49965.1282941015
32354.6857181462,2537.85975739647,57772.5166123039,40619.8336654996,48939.5993247097
31852.9174159435,2485.06318989658,57083.0912562781,38994.7409965971,48480.9985699381
31002.087010516,2296.50152042954,55047.2079819664,37489.0862958352,47077.301930382
30704.0509387756,2246.50926419611,53931.8042014345,36985.5870026032,46717.8116214311
30436.9157275207,2215.64910527693,53143.390622117,36733.6537015688,46623.5554582532
29985.9644023382,2154.55256090031,52042.7641539444,37001.695947537,46226.6401391117
29547.9499774008,2192.62626947816,51249.8819330397,39108.3601952415,47206.6344657368
29609.4841974227,2469.89052011738,52221.7002708324,44595.253648523,52665.4458388358
31109.2253281121,2963.25463743392,60109.0483420863,50173.5959662557,57090.0109299139
31686.4105316598,2956.2607756445,62977.3386079937,52437.5099500463,58366.3038518745
31286.0355518666,2818.84539145735,63750.1414498005,54926.2834180943,57027.831945668
30758.5665981175,2653.65513073988,64174.5259398316,55531.0647326556,57633.4128275709
30798.7485821525,2686.05352839933,64821.136163479,55745.8089752435,57472.1619991321
30648.1481543527,2712.79421421293,64922.5482735054,55826.9982139804,57095.0838515458
30325.4399554217,2729.2525681181,64641.7810869134,55176.610743732,57102.9854865335
30449.9523689688,2745.43214254894,64651.1388115244,55119.7638484314,57339.9458606106
30652.7228574873,2816.36518035876,64132.4386085245,54733.2040177704,57566.7745229372
30433.3928469873,2866.30474809868,63567.4738195288,53271.248052952,57516.2464064454
30277.0419629565,2910.05847447908,62619.86924646,50484.570459522,56475.8606585866
33120.4705111169,3351.88472629185,60556.897909078,50992.2681052058,59448.8467872011
33730.249626692,3289.04116876802,63792.94909286,49413.4361842035,56760.4462556377
33706.8722469121,3298.88724532055,63692.2445097864,47577.5921003078,55928.8659086442
33690.7344161732,3241.5568640366,63128.1347544096,45865.9082775995,55131.7821190269
33374.1097312584,2932.156843527,59836.186155059,43268.1427656704,49965.1282941015
32354.6857181462,2537.85975739647,57772.5166123039,40619.8336654996,48939.5993247097
31852.9174159435,2485.06318989658,57083.0912562781,38994.7409965971,48480.9985699381
31002.087010516,2296.50152042954,55047.2079819664,37489.0862958352,47077.301930382
30704.0509387756,2246.50926419611,53931.8042014345,36985.5870026032,46717.8116214311
30436.9157275207,2215.64910527693,53143.390622117,36733.6537015688,46623.5554582532
29985.9644023382,2154.55256090031,52042.7641539444,37001.695947537,46226.6401391117
29547.9499774008,2192.62626947816,51249.8819330397,39108.3601952415,47206.6344657368
29609.4841974227,2469.89052011738,52221.7002708324,44595.253648523,52665.4458388358
31109.2253281121,2963.25463743392,60109.0483420863,50173.5959662557,57090.0109299139
31686.4105316598,2956.2607756445,62977.3386079937,52437.5099500463,58366.3038518745
31286.0355518666,2818.84539145735,63750.1414498005,54926.2834180943,57027.831945668
30758.5665981175,2653.65513073988,64174.5259398316,55531.0647326556,57633.4128275709
30798.7485821525,2686.05352839933,64821.136163479,55745.8089752435,57472.1619991321
30648.1481543527,2712.79421421293,64922.5482735054,55826.9982139804,57095.0838515458
30325.4399554217,2729.2525681181,64641.7810869134,55176.610743732,57102.9854865335
30449.9523689688,2745.43214254894,64651.1388115244,55119.7638484314,57339.9458606106
30652.7228574873,2816.36518035876,64132.4386085245,54733.2040177704,57566.7745229372
30433.3928469873,2866.30474809868,63567.4738195288,53271.248052952,57516.2464064454
30277.0419629565,2910.05847447908,62619.86924646,50484.570459522,56475.8606585866
33120.4705111169,3351.88472629185,60556.897909078,50992.2681052058,59448.8467872011
33730.249626692,3289.04116876802,63792.94909286,49413.4361842035,56760.4462556377
33706.8722469121,3298.88724532055,63692.2445097864,47577.5921003078,55928.8659086442
33690.7344161732,3241.5568640366,63128.1347544096,45865.9082775995,55131.7821190269
33374.1097312584,2932.156843527,59836.186155059,43268.1427656704,49965.1282941015
32354.6857181462,2537.85975739647,57772.5166123039,40619.8336654996,48939.5993247097
31852.9174159435,2485.06318989658,57083.0912562781,38994.7409965971,48480.9985699381
31002.087010516,2296.50152042954,55047.2079819664,37489.0862958352,47077.301930382
30704.0509387756,2246.50926419611,53931.8042014345,36985.5870026032,46717.8116214311
30436.9157275207,2215.64910527693,53143.390622117,36733.6537015688,46623.5554582532
29985.9644023382,2154.55256090031,52042.7641539444,37001.695947537,46226.6401391117
29547.9499774008,2192.62626947816,51249.8819330397,39108.3601952415,47206.6344657368
29609.4841974227,2469.89052011738,52221.7002708324,44595.253648523,52665.4458388358
31109.2253281121,2963.25463743392,60109.0483420863,50173.5959662557,57090.0109299139
31686.4105316598,2956.2607756445,62977.3386079937,52437.5099500463,58366.3038518745
31286.0355518666,2818.84539145735,63750.1414498005,54926.2834180943,57027.831945668
30758.5665981175,2653.65513073988,64174.5259398316,55531.0647326556,57633.4128275709
30798.7485821525,2686.05352839933,64821.136163479,55745.8089752435,57472.1619991321
30648.1481543527,2712.79421421293,64922.5482735054,55826.9982139804,57095.0838515458
30325.4399554217,2729.2525681181,64641.7810869134,55176.610743732,57102.9854865335
30449.9523689688,2745.43214254894,64651.1388115244,55119.7638484314,57339.9458606106
30652.7228574873,2816.36518035876,64132.4386085245,54733.2040177704,57566.7745229372
30433.3928469873,2866.30474809868,63567.4738195288,53271.248052952,57516.2464064454
30277.0419629565,2910.05847447908,62619.86924646,50484.570459522,56475.8606585866
33120.4705111169,3351.88472629185,60556.897909078,50992.2681052058,59448.8467872011
33730.249626692,3289.04116876802,63792.94909286,49413.4361842035,56760.4462556377
33706.8722469121,3298.88724532055,63692.2445097864,47577.5921003078,55928.8659086442
33690.7344161732,3241.5568640366,63128.1347544096,45865.9082775995,55131.7821190269
33374.1097312584,2932.156843527,59836.186155059,43268.1427656704,49965.1282941015
32354.6857181462,2537.85975739647,57772.5166123039,40619.8336654996,48939.5993247097
31852.9174159435,2485.06318989658,57083.0912562781,38994.7409965971,48480.9985699381
31002.087010516,2296.50152042954,55047.2079819664,37489.0862958352,47077.301930382
30704.0509387756,2246.50926419611,53931.8042014345,36985.5870026032,46717.8116214311
30436.9157275207,2215.64910527693,53143.390622117,36733.6537015688,46623.5554582532
29985.9644023382,2154.55256090031,52042.7641539444,37001.695947537,46226.6401391117
29547.9499774008,2192.62626947816,51249.8819330397,39108.3601952415,47206.6344657368
29609.4841974227,2469.89052011738,52221.7002708324,44595.253648523,52665.4458388358
31109.2253281121,2963.25463743392,60109.0483420863,50173.5959662557,57090.0109299139
31686.4105316598,2956.2607756445,62977.3386079937,52437.5099500463,58366.3038518745
31286.0355518666,2818.84539145735,63750.1414498005,54926.2834180943,57027.831945668
30758.5665981175,2653.65513073988,64174.5259398316,55531.0647326556,57633.4128275709
30798.7485821525,2686.05352839933,64821.136163479,55745.8089752435,57472.1619991321
30648.1481543527,2712.79421421293,64922.5482735054,55826.9982139804,57095.0838515458
30325.4399554217,2729.2525681181,64641.7810869134,55176.610743732,57102.9854865335
30449.9523689688,2745.43214254894,64651.1388115244,55119.7638484314,57339.9458606106
30652.7228574873,2816.36518035876,64132.4386085245,54733.2040177704,57566.7745229372
30433.3928469873,2866.30474809868,63567.4738195288,53271.248052952,57516.2464064454
30277.0419629565,2910.05847447908,62619.86924646,50484.570459522,56475.8606585866
33120.4705111169,3351.88472629185,60556.897909078,50992.2681052058,59448.8467872011
33730.249626692,3289.04116876802,63792.94909286,49413.4361842035,56760.4462556377
33706.8722469121,3298.88724532055,63692.2445097864,47577.5921003078,55928.8659086442
33690.7344161732,3241.5568640366,63128.1347544096,45865.9082775995,55131.7821190269
33374.1097312584,2932.156843527,59836.186155059,43268.1427656704,49965.1282941015
32354.6857181462,2537.85975739647,57772.5166123039,40619.8336654996,48939.5993247097
31852.9174159435,2485.06318989658,57083.0912562781,38994.7409965971,48480.9985699381
31002.087010516,2296.50152042954,55047.2079819664,37489.0862958352,47077.301930382
30704.0509387756,2246.50926419611,53931.8042014345,36985.5870026032,46717.8116214311
30436.9157275207,2215.64910527693,53143.390622117,36733.6537015688,46623.5554582532
29985.9644023382,2154.55256090031,52042.7641539444,37001.695947537,46226.6401391117
29547.9499774008,2192.62626947816,51249.8819330397,39108.3601952415,47206.6344657368
29609.4841974227,2469.89052011738,52221.7002708324,44595.253648523,52665.4458388358
31109.2253281121,2963.25463743392,60109.0483420863,50173.5959662557,57090.0109299139
31686.4105316598,2956.2607756445,62977.3386079937,52437.5099500463,58366.3038518745
31286.0355518666,2818.84539145735,63750.1414498005,54926.2834180943,57027.831945668
30758.5665981175,2653.65513073988,64174.5259398316,55531.0647326556,57633.4128275709
30798.7485821525,2686.05352839933,64821.136163479,55745.8089752435,57472.1619991321
30648.1481543527,2712.79421421293,64922.5482735054,55826.9982139804,57095.0838515458
30325.4399554217,2729.2525681181,64641.7810869134,55176.610743732,57102.9854865335
30449.9523689688,2745.43214254894,64651.1388115244,55119.7638484314,57339.9458606106
30652.7228574873,2816.36518035876,64132.4386085245,54733.2040177704,57566.7745229372
30433.3928469873,2866.30474809868,63567.4738195288,53271.248052952,57516.2464064454
30277.0419629565,2910.05847447908,62619.86924646,50484.570459522,56475.8606585866
33120.4705111169,3351.88472629185,60556.897909078,50992.2681052058,59448.8467872011
33730.249626692,3289.04116876802,63792.94909286,49413.4361842035,56760.4462556377
33706.8722469121,3298.88724532055,63692.2445097864,47577.5921003078,55928.8659086442
33690.7344161732,3241.5568640366,63128.1347544096,45865.9082775995,55131.7821190269
33374.1097312584,2932.156843527,59836.186155059,43268.1427656704,49965.1282941015
32354.6857181462,2537.85975739647,57772.5166123039,40619.8336654996,48939.5993247097
31852.9174159435,2485.06318989658,57083.0912562781,38994.7409965971,48480.9985699381
31002.087010516,2296.50152042954,55047.2079819664,37489.0862958352,47077.301930382
30704.0509387756,2246.50926419611,53931.8042014345,36985.5870026032,46717.8116214311
30436.9157275207,2215.64910527693,53143.390622117,36733.6537015688,46623.5554582532
29985.9644023382,2154.55256090031,52042.7641539444,37001.695947537,46226.6401391117
29547.9499774008,2192.62626947816,51249.8819330397,39108.3601952415,47206.6344657368
29609.4841974227,2469.89052011738,52221.7002708324,44595.253648523,52665.4458388358
31109.2253281121,2963.25463743392,60109.0483420863,50173.5959662557,57090.0109299139
31686.4105316598,2956.2607756445,62977.3386079937,52437.5099500463,58366.3038518745
31286.0355518666,2818.84539145735,63750.1414498005,54926.2834180943,57027.831945668
30758.5665981175,2653.65513073988,64174.5259398316,55531.0647326556,57633.4128275709
30798.7485821525,2686.05352839933,64821.136163479,55745.8089752435,57472.1619991321
30648.1481543527,2712.79421421293,64922.5482735054,55826.9982139804,57095.0838515458
30325.4399554217,2729.2525681181,64641.7810869134,55176.610743732,57102.9854865335
30449.9523689688,2745.43214254894,64651.1388115244,55119.7638484314,57339.9458606106
30652.7228574873,2816.36518035876,64132.4386085245,54733.2040177704,57566.7745229372
30433.3928469873,2866.30474809868,63567.4738195288,53271.248052952,57516.2464064454
30277.0419629565,2910.05847447908,62619.86924646,50484.570459522,56475.8606585866
33120.4705111169,3351.88472629185,60556.897909078,50992.2681052058,59448.8467872011
33730.249626692,3289.04116876802,63792.94909286,49413.4361842035,56760.4462556377
33706.8722469121,3298.88724532055,63692.2445097864,47577.5921003078,55928.8659086442
33690.7344161732,3241.5568640366,63128.1347544096,45865.9082775995,55131.7821190269
33374.1097312584,2932.156843527,59836.186155059,43268.1427656704,49965.1282941015
32354.6857181462,2537.85975739647,57772.5166123039,40619.8336654996,48939.5993247097
26624.2310969253,1740.51959943534,35255.2274026821,34191.6372951366,45367.225316267
25978.4609481509,1626.0652484835,34791.8052453896,32842.5127717014,44608.3013596411
25615.6891004946,1592.19147904591,34352.8910848182,32308.0715437976,44289.6218895128
25429.6516591562,1566.59588866113,34084.9523291088,32111.5391669745,44160.0574116233
25192.4808288764,1562.9893496178,34563.0165402038,32201.0107017044,44259.837832129
25189.6299327414,1590.17193447106,35467.2906362648,33730.5246963033,45315.2000560585
25471.466898131,1887.58612641707,38965.7131010356,38557.5433723491,49912.973028154
28198.7480615535,2312.49633545265,45049.3735788586,44389.974062206,54022.0264172366
28832.4741500798,2377.68650481443,46853.8374422623,46902.5369899201,55466.6992568556
28790.6384080868,2320.69843722725,46081.7117660663,48930.2177742039,54667.4403236398
29253.4383242643,2415.67901554411,52067.2224160587,50015.9305403314,57900.9216971115
29262.7933809508,2445.43747759826,52884.5776922462,50063.6843895077,57740.4600466766
29071.8497776393,2473.77156590734,52852.8412923171,50112.8027519699,57309.9371450707
28781.1100147268,2493.14351591102,52450.1450513978,49746.5982146052,57324.3626190468
28715.4208637305,2500.42229957175,52359.6858797014,49665.2320368074,57580.4646128362
28935.2251725762,2566.99646993525,52309.3895920372,49563.5938720439,57913.7579313536
28722.2053957095,2538.68041586302,52925.3850130676,48721.4296271331,57561.1173526996
29287.3571009245,2548.47501034895,52645.0603305484,46721.5549482287,56215.2004038393
31128.619350827,2852.7189067036,51533.0877640774,47941.4412476163,59357.3300760451
29874.6353921955,2574.96044830388,47556.2075464662,44506.7307366744,53537.5955556318
29610.0811107562,2546.54890253517,45293.9765904715,42288.697490799,52202.5053198526
29250.1362453994,2456.99930371017,43055.6152146735,40584.7219948885,51130.8790267453
28056.1851103847,2123.30267515701,38529.5072169414,37775.9397053337,46255.4110431018
26765.71926328,1705.65249971962,35677.0327049828,35199.855147017,45678.6215172849
26624.2310969253,1740.51959943534,35255.2274026821,34191.6372951366,45367.225316267
25978.4609481509,1626.0652484835,34791.8052453896,32842.5127717014,44608.3013596411
25615.6891004946,1592.19147904591,34352.8910848182,32308.0715437976,44289.6218895128
25429.6516591562,1566.59588866113,34084.9523291088,32111.5391669745,44160.0574116233
25192.4808288764,1562.9893496178,34563.0165402038,32201.0107017044,44259.837832129
25189.6299327414,1590.17193447106,35467.2906362648,33730.5246963033,45315.2000560585
25471.466898131,1887.58612641707,38965.7131010356,38557.5433723491,49912.973028154
28198.7480615535,2312.49633545265,45049.3735788586,44389.974062206,54022.0264172366
28832.4741500798,2377.68650481443,46853.8374422623,46902.5369899201,55466.6992568556
28790.6384080868,2320.69843722725,46081.7117660663,48930.2177742039,54667.4403236398
29253.4383242643,2415.67901554411,52067.2224160587,50015.9305403314,57900.9216971115
29262.7933809508,2445.43747759826,52884.5776922462,50063.6843895077,57740.4600466766
29071.8497776393,2473.77156590734,52852.8412923171,50112.8027519699,57309.9371450707
28781.1100147268,2493.14351591102,52450.1450513978,49746.5982146052,57324.3626190468
28715.4208637305,2500.42229957175,52359.6858797014,49665.2320368074,57580.4646128362
28935.2251725762,2566.99646993525,52309.3895920372,49563.5938720439,57913.7579313536
28722.2053957095,2538.68041586302,52925.3850130676,48721.4296271331,57561.1173526996
29287.3571009245,2548.47501034895,52645.0603305484,46721.5549482287,56215.2004038393
31128.619350827,2852.7189067036,51533.0877640774,47941.4412476163,59357.3300760451
29874.6353921955,2574.96044830388,47556.2075464662,44506.7307366744,53537.5955556318
29610.0811107562,2546.54890253517,45293.9765904715,42288.697490799,52202.5053198526
29250.1362453994,2456.99930371017,43055.6152146735,40584.7219948885,51130.8790267453
28056.1851103847,2123.30267515701,38529.5072169414,37775.9397053337,46255.4110431018
26765.71926328,1705.65249971962,35677.0327049828,35199.855147017,45678.6215172849
26624.2310969253,1740.51959943534,35255.2274026821,34191.6372951366,45367.225316267
25978.4609481509,1626.0652484835,34791.8052453896,32842.5127717014,44608.3013596411
25615.6891004946,1592.19147904591,34352.8910848182,32308.0715437976,44289.6218895128
25429.6516591562,1566.59588866113,34084.9523291088,32111.5391669745,44160.0574116233
25192.4808288764,1562.9893496178,34563.0165402038,32201.0107017044,44259.837832129
25189.6299327414,1590.17193447106,35467.2906362648,33730.5246963033,45315.2000560585
25471.466898131,1887.58612641707,38965.7131010356,38557.5433723491,49912.973028154
28198.7480615535,2312.49633545265,45049.3735788586,44389.974062206,54022.0264172366
28832.4741500798,2377.68650481443,46853.8374422623,46902.5369899201,55466.6992568556
28790.6384080868,2320.69843722725,46081.7117660663,48930.2177742039,54667.4403236398
29253.4383242643,2415.67901554411,52067.2224160587,50015.9305403314,57900.9216971115
29262.7933809508,2445.43747759826,52884.5776922462,50063.6843895077,57740.4600466766
29071.8497776393,2473.77156590734,52852.8412923171,50112.8027519699,57309.9371450707
28781.1100147268,2493.14351591102,52450.1450513978,49746.5982146052,57324.3626190468
28715.4208637305,2500.42229957175,52359.6858797014,49665.2320368074,57580.4646128362
28935.2251725762,2566.99646993525,52309.3895920372,49563.5938720439,57913.7579313536
28722.2053957095,2538.68041586302,52925.3850130676,48721.4296271331,57561.1173526996
29287.3571009245,2548.47501034895,52645.0603305484,46721.5549482287,56215.2004038393
31128.619350827,2852.7189067036,51533.0877640774,47941.4412476163,59357.3300760451
29874.6353921955,2574.96044830388,47556.2075464662,44506.7307366744,53537.5955556318
29610.0811107562,2546.54890253517,45293.9765904715,42288.697490799,52202.5053198526
29250.1362453994,2456.99930371017,43055.6152146735,40584.7219948885,51130.8790267453
28056.1851103847,2123.30267515701,38529.5072169414,37775.9397053337,46255.4110431018
26765.71926328,1705.65249971962,35677.0327049828,35199.855147017,45678.6215172849
26624.2310969253,1740.51959943534,35255.2274026821,34191.6372951366,45367.225316267
25978.4609481509,1626.0652484835,34791.8052453896,32842.5127717014,44608.3013596411
25615.6891004946,1592.19147904591,34352.8910848182,32308.0715437976,44289.6218895128
25429.6516591562,1566.59588866113,34084.9523291088,32111.5391669745,44160.0574116233
25192.4808288764,1562.9893496178,34563.0165402038,32201.0107017044,44259.837832129
25189.6299327414,1590.17193447106,35467.2906362648,33730.5246963033,45315.2000560585
25471.466898131,1887.58612641707,38965.7131010356,38557.5433723491,49912.973028154
28198.7480615535,2312.49633545265,45049.3735788586,44389.974062206,54022.0264172366
28832.4741500798,2377.68650481443,46853.8374422623,46902.5369899201,55466.6992568556
28790.6384080868,2320.69843722725,46081.7117660663,48930.2177742039,54667.4403236398
29253.4383242643,2415.67901554411,52067.2224160587,50015.9305403314,57900.9216971115
29262.7933809508,2445.43747759826,52884.5776922462,50063.6843895077,57740.4600466766
29071.8497776393,2473.77156590734,52852.8412923171,50112.8027519699,57309.9371450707
28781.1100147268,2493.14351591102,52450.1450513978,49746.5982146052,57324.3626190468
28715.4208637305,2500.42229957175,52359.6858797014,49665.2320368074,57580.4646128362
28935.2251725762,2566.99646993525,52309.3895920372,49563.5938720439,57913.7579313536
28722.2053957095,2538.68041586302,52925.3850130676,48721.4296271331,57561.1173526996
29287.3571009245,2548.47501034895,52645.0603305484,46721.5549482287,56215.2004038393
31128.619350827,2852.7189067036,51533.0877640774,47941.4412476163,59357.3300760451
29874.6353921955,2574.96044830388,47556.2075464662,44506.7307366744,53537.5955556318
29610.0811107562,2546.54890253517,45293.9765904715,42288.697490799,52202.5053198526
29250.1362453994,2456.99930371017,43055.6152146735,40584.7219948885,51130.8790267453
28056.1851103847,2123.30267515701,38529.5072169414,37775.9397053337,46255.4110431018
26765.71926328,1705.65249971962,35677.0327049828,35199.855147017,45678.6215172849
26624.2310969253,1740.51959943534,35255.2274026821,34191.6372951366,45367.225316267
25978.4609481509,1626.0652484835,34791.8052453896,32842.5127717014,44608.3013596411
25615.6891004946,1592.19147904591,34352.8910848182,32308.0715437976,44289.6218895128
25429.6516591562,1566.59588866113,34084.9523291088,32111.5391669745,44160.0574116233
25192.4808288764,1562.9893496178,34563.0165402038,32201.0107017044,44259.837832129
25189.6299327414,1590.17193447106,35467.2906362648,33730.5246963033,45315.2000560585
25471.466898131,1887.58612641707,38965.7131010356,38557.5433723491,49912.973028154
28198.7480615535,2312.49633545265,45049.3735788586,44389.974062206,54022.0264172366
28832.4741500798,2377.68650481443,46853.8374422623,46902.5369899201,55466.6992568556
28790.6384080868,2320.69843722725,46081.7117660663,48930.2177742039,54667.4403236398
29253.4383242643,2415.67901554411,52067.2224160587,50015.9305403314,57900.9216971115
29262.7933809508,2445.43747759826,52884.5776922462,50063.6843895077,57740.4600466766
29071.8497776393,2473.77156590734,52852.8412923171,50112.8027519699,57309.9371450707
28781.1100147268,2493.14351591102,52450.1450513978,49746.5982146052,57324.3626190468
28715.4208637305,2500.42229957175,52359.6858797014,49665.2320368074,57580.4646128362
28935.2251725762,2566.99646993525,52309.3895920372,49563.5938720439,57913.7579313536
28722.2053957095,2538.68041586302,52925.3850130676,48721.4296271331,57561.1173526996
29287.3571009245,2548.47501034895,52645.0603305484,46721.5549482287,56215.2004038393
31128.619350827,2852.7189067036,51533.0877640774,47941.4412476163,59357.3300760451
29874.6353921955,2574.96044830388,47556.2075464662,44506.7307366744,53537.5955556318
29610.0811107562,2546.54890253517,45293.9765904715,42288.697490799,52202.5053198526
29250.1362453994,2456.99930371017,43055.6152146735,40584.7219948885,51130.8790267453
28056.1851103847,2123.30267515701,38529.5072169414,37775.9397053337,46255.4110431018
26765.71926328,1705.65249971962,35677.0327049828,35199.855147017,45678.6215172849
26624.2310969253,1740.51959943534,35255.2274026821,34191.6372951366,45367.225316267
25978.4609481509,1626.0652484835,34791.8052453896,32842.5127717014,44608.3013596411
25615.6891004946,1592.19147904591,34352.8910848182,32308.0715437976,44289.6218895128
25429.6516591562,1566.59588866113,34084.9523291088,32111.5391669745,44160.0574116233
25192.4808288764,1562.9893496178,34563.0165402038,32201.0107017044,44259.837832129
25189.6299327414,1590.17193447106,35467.2906362648,33730.5246963033,45315.2000560585
25471.466898131,1887.58612641707,38965.7131010356,38557.5433723491,49912.973028154
28198.7480615535,2312.49633545265,45049.3735788586,44389.974062206,54022.0264172366
28832.4741500798,2377.68650481443,46853.8374422623,46902.5369899201,55466.6992568556
28790.6384080868,2320.69843722725,46081.7117660663,48930.2177742039,54667.4403236398
29253.4383242643,2415.67901554411,52067.2224160587,50015.9305403314,57900.9216971115
29262.7933809508,2445.43747759826,52884.5776922462,50063.6843895077,57740.4600466766
29071.8497776393,2473.77156590734,52852.8412923171,50112.8027519699,57309.9371450707
28781.1100147268,2493.14351591102,52450.1450513978,49746.5982146052,57324.3626190468
28715.4208637305,2500.42229957175,52359.6858797014,49665.2320368074,57580.4646128362
28935.2251725762,2566.99646993525,52309.3895920372,49563.5938720439,57913.7579313536
28722.2053957095,2538.68041586302,52925.3850130676,48721.4296271331,57561.1173526996
29287.3571009245,2548.47501034895,52645.0603305484,46721.5549482287,56215.2004038393
31128.619350827,2852.7189067036,51533.0877640774,47941.4412476163,59357.3300760451
29874.6353921955,2574.96044830388,47556.2075464662,44506.7307366744,53537.5955556318
29610.0811107562,2546.54890253517,45293.9765904715,42288.697490799,52202.5053198526
29250.1362453994,2456.99930371017,43055.6152146735,40584.7219948885,51130.8790267453
28056.1851103847,2123.30267515701,38529.5072169414,37775.9397053337,46255.4110431018
26765.71926328,1705.65249971962,35677.0327049828,35199.855147017,45678.6215172849
26624.2310969253,1740.51959943534,35255.2274026821,34191.6372951366,45367.225316267
25978.4609481509,1626.0652484835,34791.8052453896,32842.5127717014,44608.3013596411
25615.6891004946,1592.19147904591,34352.8910848182,32308.0715437976,44289.6218895128
25429.6516591562,1566.59588866113,34084.9523291088,32111.5391669745,44160.0574116233
25192.4808288764,1562.9893496178,34563.0165402038,32201.0107017044,44259.837832129
25189.6299327414,1590.17193447106,35467.2906362648,33730.5246963033,45315.2000560585
25471.466898131,1887.58612641707,38965.7131010356,38557.5433723491,49912.973028154
28198.7480615535,2312.49633545265,45049.3735788586,44389.974062206,54022.0264172366
28832.4741500798,2377.68650481443,46853.8374422623,46902.5369899201,55466.6992568556
28790.6384080868,2320.69843722725,46081.7117660663,48930.2177742039,54667.4403236398
29253.4383242643,2415.67901554411,52067.2224160587,50015.9305403314,57900.9216971115
29262.7933809508,2445.43747759826,52884.5776922462,50063.6843895077,57740.4600466766
29071.8497776393,2473.77156590734,52852.8412923171,50112.8027519699,57309.9371450707
28781.1100147268,2493.14351591102,52450.1450513978,49746.5982146052,57324.3626190468
28715.4208637305,2500.42229957175,52359.6858797014,49665.2320368074,57580.4646128362
28935.2251725762,2566.99646993525,52309.3895920372,49563.5938720439,57913.7579313536
28722.2053957095,2538.68041586302,52925.3850130676,48721.4296271331,57561.1173526996
29287.3571009245,2548.47501034895,52645.0603305484,46721.5549482287,56215.2004038393
31128.619350827,2852.7189067036,51533.0877640774,47941.4412476163,59357.3300760451
29874.6353921955,2574.96044830388,47556.2075464662,44506.7307366744,53537.5955556318
29610.0811107562,2546.54890253517,45293.9765904715,42288.697490799,52202.5053198526
29250.1362453994,2456.99930371017,43055.6152146735,40584.7219948885,51130.8790267453
28056.1851103847,2123.30267515701,38529.5072169414,37775.9397053337,46255.4110431018
26765.71926328,1705.65249971962,35677.0327049828,35199.855147017,45678.6215172849
26624.2310969253,1740.51959943534,35255.2274026821,34191.6372951366,45367.225316267
25978.4609481509,1626.0652484835,34791.8052453896,32842.5127717014,44608.3013596411
25615.6891004946,1592.19147904591,34352.8910848182,32308.0715437976,44289.6218895128
25429.6516591562,1566.59588866113,34084.9523291088,32111.5391669745,44160.0574116233
25192.4808288764,1562.9893496178,34563.0165402038,32201.0107017044,44259.837832129
25189.6299327414,1590.17193447106,35467.2906362648,33730.5246963033,45315.2000560585
25471.466898131,1887.58612641707,38965.7131010356,38557.5433723491,49912.973028154
28198.7480615535,2312.49633545265,45049.3735788586,44389.974062206,54022.0264172366
28832.4741500798,2377.68650481443,46853.8374422623,46902.5369899201,55466.6992568556
28790.6384080868,2320.69843722725,46081.7117660663,48930.2177742039,54667.4403236398
29253.4383242643,2415.67901554411,52067.2224160587,50015.9305403314,57900.9216971115
29262.7933809508,2445.43747759826,52884.5776922462,50063.6843895077,57740.4600466766
29071.8497776393,2473.77156590734,52852.8412923171,50112.8027519699,57309.9371450707
28781.1100147268,2493.14351591102,52450.1450513978,49746.5982146052,57324.3626190468
28715.4208637305,2500.42229957175,52359.6858797014,49665.2320368074,57580.4646128362
28935.2251725762,2566.99646993525,52309.3895920372,49563.5938720439,57913.7579313536
28722.2053957095,2538.68041586302,52925.3850130676,48721.4296271331,57561.1173526996
29287.3571009245,2548.47501034895,52645.0603305484,46721.5549482287,56215.2004038393
31128.619350827,2852.7189067036,51533.0877640774,47941.4412476163,59357.3300760451
29874.6353921955,2574.96044830388,47556.2075464662,44506.7307366744,53537.5955556318
29610.0811107562,2546.54890253517,45293.9765904715,42288.697490799,52202.5053198526
29250.1362453994,2456.99930371017,43055.6152146735,40584.7219948885,51130.8790267453
28056.1851103847,2123.30267515701,38529.5072169414,37775.9397053337,46255.4110431018
26765.71926328,1705.65249971962,35677.0327049828,35199.855147017,45678.6215172849
26624.2310969253,1740.51959943534,35255.2274026821,34191.6372951366,45367.225316267
25978.4609481509,1626.0652484835,34791.8052453896,32842.5127717014,44608.3013596411
25615.6891004946,1592.19147904591,34352.8910848182,32308.0715437976,44289.6218895128
25429.6516591562,1566.59588866113,34084.9523291088,32111.5391669745,44160.0574116233
25192.4808288764,1562.9893496178,34563.0165402038,32201.0107017044,44259.837832129
25189.6299327414,1590.17193447106,35467.2906362648,33730.5246963033,45315.2000560585
25471.466898131,1887.58612641707,38965.7131010356,38557.5433723491,49912.973028154
28198.7480615535,2312.49633545265,45049.3735788586,44389.974062206,54022.0264172366
28832.4741500798,2377.68650481443,46853.8374422623,46902.5369899201,55466.6992568556
28790.6384080868,2320.69843722725,46081.7117660663,48930.2177742039,54667.4403236398
29253.4383242643,2415.67901554411,52067.2224160587,50015.9305403314,57900.9216971115
29262.7933809508,2445.43747759826,52884.5776922462,50063.6843895077,57740.4600466766
29071.8497776393,2473.77156590734,52852.8412923171,50112.8027519699,57309.9371450707
28781.1100147268,2493.14351591102,52450.1450513978,49746.5982146052,57324.3626190468
28715.4208637305,2500.42229957175,52359.6858797014,49665.2320368074,57580.4646128362
28935.2251725762,2566.99646993525,52309.3895920372,49563.5938720439,57913.7579313536
28722.2053957095,2538.68041586302,52925.3850130676,48721.4296271331,57561.1173526996
29287.3571009245,2548.47501034895,52645.0603305484,46721.5549482287,56215.2004038393
31128.619350827,2852.7189067036,51533.0877640774,47941.4412476163,59357.3300760451
29874.6353921955,2574.96044830388,47556.2075464662,44506.7307366744,53537.5955556318
29610.0811107562,2546.54890253517,45293.9765904715,42288.697490799,52202.5053198526
29250.1362453994,2456.99930371017,43055.6152146735,40584.7219948885,51130.8790267453
28056.1851103847,2123.30267515701,38529.5072169414,37775.9397053337,46255.4110431018
26765.71926328,1705.65249971962,35677.0327049828,35199.855147017,45678.6215172849
26624.2310969253,1740.51959943534,35255.2274026821,34191.6372951366,45367.225316267
25978.4609481509,1626.0652484835,34791.8052453896,32842.5127717014,44608.3013596411
25615.6891004946,1592.19147904591,34352.8910848182,32308.0715437976,44289.6218895128
25429.6516591562,1566.59588866113,34084.9523291088,32111.5391669745,44160.0574116233
25192.4808288764,1562.9893496178,34563.0165402038,32201.0107017044,44259.837832129
25189.6299327414,1590.17193447106,35467.2906362648,33730.5246963033,45315.2000560585
25471.466898131,1887.58612641707,38965.7131010356,38557.5433723491,49912.973028154
28198.7480615535,2312.49633545265,45049.3735788586,44389.974062206,54022.0264172366
28832.4741500798,2377.68650481443,46853.8374422623,46902.5369899201,55466.6992568556
28790.6384080868,2320.69843722725,46081.7117660663,48930.2177742039,54667.4403236398
29253.4383242643,2415.67901554411,52067.2224160587,50015.9305403314,57900.9216971115
29262.7933809508,2445.43747759826,52884.5776922462,50063.6843895077,57740.4600466766
29071.8497776393,2473.77156590734,52852.8412923171,50112.8027519699,57309.9371450707
28781.1100147268,2493.14351591102,52450.1450513978,49746.5982146052,57324.3626190468
28715.4208637305,2500.42229957175,52359.6858797014,49665.2320368074,57580.4646128362
28935.2251725762,2566.99646993525,52309.3895920372,49563.5938720439,57913.7579313536
28722.2053957095,2538.68041586302,52925.3850130676,48721.4296271331,57561.1173526996
29287.3571009245,2548.47501034895,52645.0603305484,46721.5549482287,56215.2004038393
31128.619350827,2852.7189067036,51533.0877640774,47941.4412476163,59357.3300760451
29874.6353921955,2574.96044830388,47556.2075464662,44506.7307366744,53537.5955556318
29610.0811107562,2546.54890253517,45293.9765904715,42288.697490799,52202.5053198526
29250.1362453994,2456.99930371017,43055.6152146735,40584.7219948885,51130.8790267453
28056.1851103847,2123.30267515701,38529.5072169414,37775.9397053337,46255.4110431018
26765.71926328,1705.65249971962,35677.0327049828,35199.855147017,45678.6215172849
26624.2310969253,1740.51959943534,35255.2274026821,34191.6372951366,45367.225316267
25978.4609481509,1626.0652484835,34791.8052453896,32842.5127717014,44608.3013596411
25615.6891004946,1592.19147904591,34352.8910848182,32308.0715437976,44289.6218895128
25429.6516591562,1566.59588866113,34084.9523291088,32111.5391669745,44160.0574116233
25192.4808288764,1562.9893496178,34563.0165402038,32201.0107017044,44259.837832129
25189.6299327414,1590.17193447106,35467.2906362648,33730.5246963033,45315.2000560585
25471.466898131,1887.58612641707,38965.7131010356,38557.5433723491,49912.973028154
28198.7480615535,2312.49633545265,45049.3735788586,44389.974062206,54022.0264172366
28832.4741500798,2377.68650481443,46853.8374422623,46902.5369899201,55466.6992568556
28790.6384080868,2320.69843722725,46081.7117660663,48930.2177742039,54667.4403236398
29253.4383242643,2415.67901554411,52067.2224160587,50015.9305403314,57900.9216971115
29262.7933809508,2445.43747759826,52884.5776922462,50063.6843895077,57740.4600466766
29071.8497776393,2473.77156590734,52852.8412923171,50112.8027519699,57309.9371450707
28781.1100147268,2493.14351591102,52450.1450513978,49746.5982146052,57324.3626190468
28715.4208637305,2500.42229957175,52359.6858797014,49665.2320368074,57580.4646128362
28935.2251725762,2566.99646993525,52309.3895920372,49563.5938720439,57913.7579313536
28722.2053957095,2538.68041586302,52925.3850130676,48721.4296271331,57561.1173526996
29287.3571009245,2548.47501034895,52645.0603305484,46721.5549482287,56215.2004038393
31128.619350827,2852.7189067036,51533.0877640774,47941.4412476163,59357.3300760451
29874.6353921955,2574.96044830388,47556.2075464662,44506.7307366744,53537.5955556318
29610.0811107562,2546.54890253517,45293.9765904715,42288.697490799,52202.5053198526
29250.1362453994,2456.99930371017,43055.6152146735,40584.7219948885,51130.8790267453
28056.1851103847,2123.30267515701,38529.5072169414,37775.9397053337,46255.4110431018
26765.71926328,1705.65249971962,35677.0327049828,35199.855147017,45678.6215172849
26624.2310969253,1740.51959943534,35255.2274026821,34191.6372951366,45367.225316267
25978.4609481509,1626.0652484835,34791.8052453896,32842.5127717014,44608.3013596411
25615.6891004946,1592.19147904591,34352.8910848182,32308.0715437976,44289.6218895128
25429.6516591562,1566.59588866113,34084.9523291088,32111.5391669745,44160.0574116233
25192.4808288764,1562.9893496178,34563.0165402038,32201.0107017044,44259.837832129
25189.6299327414,1590.17193447106,35467.2906362648,33730.5246963033,45315.2000560585
25471.466898131,1887.58612641707,38965.7131010356,38557.5433723491,49912.973028154
28198.7480615535,2312.49633545265,45049.3735788586,44389.974062206,54022.0264172366
28832.4741500798,2377.68650481443,46853.8374422623,46902.5369899201,55466.6992568556
28790.6384080868,2320.69843722725,46081.7117660663,48930.2177742039,54667.4403236398
29253.4383242643,2415.67901554411,52067.2224160587,50015.9305403314,57900.9216971115
29262.7933809508,2445.43747759826,52884.5776922462,50063.6843895077,57740.4600466766
29071.8497776393,2473.77156590734,52852.8412923171,50112.8027519699,57309.9371450707
28781.1100147268,2493.14351591102,52450.1450513978,49746.5982146052,57324.3626190468
28715.4208637305,2500.42229957175,52359.6858797014,49665.2320368074,57580.4646128362
28935.2251725762,2566.99646993525,52309.3895920372,49563.5938720439,57913.7579313536
28722.2053957095,2538.68041586302,52925.3850130676,48721.4296271331,57561.1173526996
29287.3571009245,2548.47501034895,52645.0603305484,46721.5549482287,56215.2004038393
31128.619350827,2852.7189067036,51533.0877640774,47941.4412476163,59357.3300760451
29874.6353921955,2574.96044830388,47556.2075464662,44506.7307366744,53537.5955556318
29610.0811107562,2546.54890253517,45293.9765904715,42288.697490799,52202.5053198526
29250.1362453994,2456.99930371017,43055.6152146735,40584.7219948885,51130.8790267453
28056.1851103847,2123.30267515701,38529.5072169414,37775.9397053337,46255.4110431018
26765.71926328,1705.65249971962,35677.0327049828,35199.855147017,45678.6215172849
26624.2310969253,1740.51959943534,35255.2274026821,34191.6372951366,45367.225316267
25978.4609481509,1626.0652484835,34791.8052453896,32842.5127717014,44608.3013596411
25615.6891004946,1592.19147904591,34352.8910848182,32308.0715437976,44289.6218895128
25429.6516591562,1566.59588866113,34084.9523291088,32111.5391669745,44160.0574116233
25192.4808288764,1562.9893496178,34563.0165402038,32201.0107017044,44259.837832129
25189.6299327414,1590.17193447106,35467.2906362648,33730.5246963033,45315.2000560585
25471.466898131,1887.58612641707,38965.7131010356,38557.5433723491,49912.973028154
28198.7480615535,2312.49633545265,45049.3735788586,44389.974062206,54022.0264172366
28832.4741500798,2377.68650481443,46853.8374422623,46902.5369899201,55466.6992568556
28790.6384080868,2320.69843722725,46081.7117660663,48930.2177742039,54667.4403236398
29253.4383242643,2415.67901554411,52067.2224160587,50015.9305403314,57900.9216971115
29262.7933809508,2445.43747759826,52884.5776922462,50063.6843895077,57740.4600466766
29071.8497776393,2473.77156590734,52852.8412923171,50112.8027519699,57309.9371450707
28781.1100147268,2493.14351591102,52450.1450513978,49746.5982146052,57324.3626190468
28715.4208637305,2500.42229957175,52359.6858797014,49665.2320368074,57580.4646128362
28935.2251725762,2566.99646993525,52309.3895920372,49563.5938720439,57913.7579313536
28722.2053957095,2538.68041586302,52925.3850130676,48721.4296271331,57561.1173526996
29287.3571009245,2548.47501034895,52645.0603305484,46721.5549482287,56215.2004038393
31128.619350827,2852.7189067036,51533.0877640774,47941.4412476163,59357.3300760451
29874.6353921955,2574.96044830388,47556.2075464662,44506.7307366744,53537.5955556318
29610.0811107562,2546.54890253517,45293.9765904715,42288.697490799,52202.5053198526
29250.1362453994,2456.99930371017,43055.6152146735,40584.7219948885,51130.8790267453
28056.1851103847,2123.30267515701,38529.5072169414,37775.9397053337,46255.4110431018
26765.71926328,1705.65249971962,35677.0327049828,35199.855147017,45678.6215172849
26624.2310969253,1740.51959943534,35255.2274026821,34191.6372951366,45367.225316267
25978.4609481509,1626.0652484835,34791.8052453896,32842.5127717014,44608.3013596411
25615.6891004946,1592.19147904591,34352.8910848182,32308.0715437976,44289.6218895128
25429.6516591562,1566.59588866113,34084.9523291088,32111.5391669745,44160.0574116233
25192.4808288764,1562.9893496178,34563.0165402038,32201.0107017044,44259.837832129
25189.6299327414,1590.17193447106,35467.2906362648,33730.5246963033,45315.2000560585
25471.466898131,1887.58612641707,38965.7131010356,38557.5433723491,49912.973028154
28198.7480615535,2312.49633545265,45049.3735788586,44389.974062206,54022.0264172366
28832.4741500798,2377.68650481443,46853.8374422623,46902.5369899201,55466.6992568556
28790.6384080868,2320.69843722725,46081.7117660663,48930.2177742039,54667.4403236398
29253.4383242643,2415.67901554411,52067.2224160587,50015.9305403314,57900.9216971115
29262.7933809508,2445.43747759826,52884.5776922462,50063.6843895077,57740.4600466766
29071.8497776393,2473.77156590734,52852.8412923171,50112.8027519699,57309.9371450707
28781.1100147268,2493.14351591102,52450.1450513978,49746.5982146052,57324.3626190468
28715.4208637305,2500.42229957175,52359.6858797014,49665.2320368074,57580.4646128362
28935.2251725762,2566.99646993525,52309.3895920372,49563.5938720439,57913.7579313536
28722.2053957095,2538.68041586302,52925.3850130676,48721.4296271331,57561.1173526996
29287.3571009245,2548.47501034895,52645.0603305484,46721.5549482287,56215.2004038393
31128.619350827,2852.7189067036,51533.0877640774,47941.4412476163,59357.3300760451
29874.6353921955,2574.96044830388,47556.2075464662,44506.7307366744,53537.5955556318
29610.0811107562,2546.54890253517,45293.9765904715,42288.697490799,52202.5053198526
29250.1362453994,2456.99930371017,43055.6152146735,40584.7219948885,51130.8790267453
28056.1851103847,2123.30267515701,38529.5072169414,37775.9397053337,46255.4110431018
26765.71926328,1705.65249971962,35677.0327049828,35199.855147017,45678.6215172849
26624.2310969253,1740.51959943534,35255.2274026821,34191.6372951366,45367.225316267
25978.4609481509,1626.0652484835,34791.8052453896,32842.5127717014,44608.3013596411
25615.6891004946,1592.19147904591,34352.8910848182,32308.0715437976,44289.6218895128
25429.6516591562,1566.59588866113,34084.9523291088,32111.5391669745,44160.0574116233
25192.4808288764,1562.9893496178,34563.0165402038,32201.0107017044,44259.837832129
25189.6299327414,1590.17193447106,35467.2906362648,33730.5246963033,45315.2000560585
25471.466898131,1887.58612641707,38965.7131010356,38557.5433723491,49912.973028154
28198.7480615535,2312.49633545265,45049.3735788586,44389.974062206,54022.0264172366
28832.4741500798,2377.68650481443,46853.8374422623,46902.5369899201,55466.6992568556
28790.6384080868,2320.69843722725,46081.7117660663,48930.2177742039,54667.4403236398
29253.4383242643,2415.67901554411,52067.2224160587,50015.9305403314,57900.9216971115
29262.7933809508,2445.43747759826,52884.5776922462,50063.6843895077,57740.4600466766
29071.8497776393,2473.77156590734,52852.8412923171,50112.8027519699,57309.9371450707
28781.1100147268,2493.14351591102,52450.1450513978,49746.5982146052,57324.3626190468
28715.4208637305,2500.42229957175,52359.6858797014,49665.2320368074,57580.4646128362
28935.2251725762,2566.99646993525,52309.3895920372,49563.5938720439,57913.7579313536
28722.2053957095,2538.68041586302,52925.3850130676,48721.4296271331,57561.1173526996
29287.3571009245,2548.47501034895,52645.0603305484,46721.5549482287,56215.2004038393
31128.619350827,2852.7189067036,51533.0877640774,47941.4412476163,59357.3300760451
29874.6353921955,2574.96044830388,47556.2075464662,44506.7307366744,53537.5955556318
29610.0811107562,2546.54890253517,45293.9765904715,42288.697490799,52202.5053198526
29250.1362453994,2456.99930371017,43055.6152146735,40584.7219948885,51130.8790267453
28056.1851103847,2123.30267515701,38529.5072169414,37775.9397053337,46255.4110431018
26765.71926328,1705.65249971962,35677.0327049828,35199.855147017,45678.6215172849
26624.2310969253,1740.51959943534,35255.2274026821,34191.6372951366,45367.225316267
25978.4609481509,1626.0652484835,34791.8052453896,32842.5127717014,44608.3013596411
25615.6891004946,1592.19147904591,34352.8910848182,32308.0715437976,44289.6218895128
25429.6516591562,1566.59588866113,34084.9523291088,32111.5391669745,44160.0574116233
25192.4808288764,1562.9893496178,34563.0165402038,32201.0107017044,44259.837832129
25189.6299327414,1590.17193447106,35467.2906362648,33730.5246963033,45315.2000560585
25471.466898131,1887.58612641707,38965.7131010356,38557.5433723491,49912.973028154
28198.7480615535,2312.49633545265,45049.3735788586,44389.974062206,54022.0264172366
28832.4741500798,2377.68650481443,46853.8374422623,46902.5369899201,55466.6992568556
28790.6384080868,2320.69843722725,46081.7117660663,48930.2177742039,54667.4403236398
29253.4383242643,2415.67901554411,52067.2224160587,50015.9305403314,57900.9216971115
29262.7933809508,2445.43747759826,52884.5776922462,50063.6843895077,57740.4600466766
29071.8497776393,2473.77156590734,52852.8412923171,50112.8027519699,57309.9371450707
28781.1100147268,2493.14351591102,52450.1450513978,49746.5982146052,57324.3626190468
28715.4208637305,2500.42229957175,52359.6858797014,49665.2320368074,57580.4646128362
28935.2251725762,2566.99646993525,52309.3895920372,49563.5938720439,57913.7579313536
28722.2053957095,2538.68041586302,52925.3850130676,48721.4296271331,57561.1173526996
29287.3571009245,2548.47501034895,52645.0603305484,46721.5549482287,56215.2004038393
31128.619350827,2852.7189067036,51533.0877640774,47941.4412476163,59357.3300760451
29874.6353921955,2574.96044830388,47556.2075464662,44506.7307366744,53537.5955556318
29610.0811107562,2546.54890253517,45293.9765904715,42288.697490799,52202.5053198526
29250.1362453994,2456.99930371017,43055.6152146735,40584.7219948885,51130.8790267453
28056.1851103847,2123.30267515701,38529.5072169414,37775.9397053337,46255.4110431018
26765.71926328,1705.65249971962,35677.0327049828,35199.855147017,45678.6215172849
26624.2310969253,1740.51959943534,35255.2274026821,34191.6372951366,45367.225316267
25978.4609481509,1626.0652484835,34791.8052453896,32842.5127717014,44608.3013596411
25615.6891004946,1592.19147904591,34352.8910848182,32308.0715437976,44289.6218895128
25429.6516591562,1566.59588866113,34084.9523291088,32111.5391669745,44160.0574116233
25192.4808288764,1562.9893496178,34563.0165402038,32201.0107017044,44259.837832129
25189.6299327414,1590.17193447106,35467.2906362648,33730.5246963033,45315.2000560585
25471.466898131,1887.58612641707,38965.7131010356,38557.5433723491,49912.973028154
28198.7480615535,2312.49633545265,45049.3735788586,44389.974062206,54022.0264172366
28832.4741500798,2377.68650481443,46853.8374422623,46902.5369899201,55466.6992568556
28790.6384080868,2320.69843722725,46081.7117660663,48930.2177742039,54667.4403236398
29253.4383242643,2415.67901554411,52067.2224160587,50015.9305403314,57900.9216971115
29262.7933809508,2445.43747759826,52884.5776922462,50063.6843895077,57740.4600466766
29071.8497776393,2473.77156590734,52852.8412923171,50112.8027519699,57309.9371450707
28781.1100147268,2493.14351591102,52450.1450513978,49746.5982146052,57324.3626190468
28715.4208637305,2500.42229957175,52359.6858797014,49665.2320368074,57580.4646128362
28935.2251725762,2566.99646993525,52309.3895920372,49563.5938720439,57913.7579313536
28722.2053957095,2538.68041586302,52925.3850130676,48721.4296271331,57561.1173526996
29287.3571009245,2548.47501034895,52645.0603305484,46721.5549482287,56215.2004038393
31128.619350827,2852.7189067036,51533.0877640774,47941.4412476163,59357.3300760451
29874.6353921955,2574.96044830388,47556.2075464662,44506.7307366744,53537.5955556318
29610.0811107562,2546.54890253517,45293.9765904715,42288.697490799,52202.5053198526
29250.1362453994,2456.99930371017,43055.6152146735,40584.7219948885,51130.8790267453
28056.1851103847,2123.30267515701,38529.5072169414,37775.9397053337,46255.4110431018
26765.71926328,1705.65249971962,35677.0327049828,35199.855147017,45678.6215172849
26624.2310969253,1740.51959943534,35255.2274026821,34191.6372951366,45367.225316267
25978.4609481509,1626.0652484835,34791.8052453896,32842.5127717014,44608.3013596411
25615.6891004946,1592.19147904591,34352.8910848182,32308.0715437976,44289.6218895128
25429.6516591562,1566.59588866113,34084.9523291088,32111.5391669745,44160.0574116233
25192.4808288764,1562.9893496178,34563.0165402038,32201.0107017044,44259.837832129
25189.6299327414,1590.17193447106,35467.2906362648,33730.5246963033,45315.2000560585
25471.466898131,1887.58612641707,38965.7131010356,38557.5433723491,49912.973028154
28198.7480615535,2312.49633545265,45049.3735788586,44389.974062206,54022.0264172366
28832.4741500798,2377.68650481443,46853.8374422623,46902.5369899201,55466.6992568556
28790.6384080868,2320.69843722725,46081.7117660663,48930.2177742039,54667.4403236398
29253.4383242643,2415.67901554411,52067.2224160587,50015.9305403314,57900.9216971115
29262.7933809508,2445.43747759826,52884.5776922462,50063.6843895077,57740.4600466766
29071.8497776393,2473.77156590734,52852.8412923171,50112.8027519699,57309.9371450707
28781.1100147268,2493.14351591102,52450.1450513978,49746.5982146052,57324.3626190468
28715.4208637305,2500.42229957175,52359.6858797014,49665.2320368074,57580.4646128362
28935.2251725762,2566.99646993525,52309.3895920372,49563.5938720439,57913.7579313536
28722.2053957095,2538.68041586302,52925.3850130676,48721.4296271331,57561.1173526996
29287.3571009245,2548.47501034895,52645.0603305484,46721.5549482287,56215.2004038393
31128.619350827,2852.7189067036,51533.0877640774,47941.4412476163,59357.3300760451
29874.6353921955,2574.96044830388,47556.2075464662,44506.7307366744,53537.5955556318
29610.0811107562,2546.54890253517,45293.9765904715,42288.697490799,52202.5053198526
29250.1362453994,2456.99930371017,43055.6152146735,40584.7219948885,51130.8790267453
28056.1851103847,2123.30267515701,38529.5072169414,37775.9397053337,46255.4110431018
26765.71926328,1705.65249971962,35677.0327049828,35199.855147017,45678.6215172849
26624.2310969253,1740.51959943534,35255.2274026821,34191.6372951366,45367.225316267
25978.4609481509,1626.0652484835,34791.8052453896,32842.5127717014,44608.3013596411
25615.6891004946,1592.19147904591,34352.8910848182,32308.0715437976,44289.6218895128
25429.6516591562,1566.59588866113,34084.9523291088,32111.5391669745,44160.0574116233
25192.4808288764,1562.9893496178,34563.0165402038,32201.0107017044,44259.837832129
25189.6299327414,1590.17193447106,35467.2906362648,33730.5246963033,45315.2000560585
25471.466898131,1887.58612641707,38965.7131010356,38557.5433723491,49912.973028154
28198.7480615535,2312.49633545265,45049.3735788586,44389.974062206,54022.0264172366
28832.4741500798,2377.68650481443,46853.8374422623,46902.5369899201,55466.6992568556
28790.6384080868,2320.69843722725,46081.7117660663,48930.2177742039,54667.4403236398
29253.4383242643,2415.67901554411,52067.2224160587,50015.9305403314,57900.9216971115
29262.7933809508,2445.43747759826,52884.5776922462,50063.6843895077,57740.4600466766
29071.8497776393,2473.77156590734,52852.8412923171,50112.8027519699,57309.9371450707
28781.1100147268,2493.14351591102,52450.1450513978,49746.5982146052,57324.3626190468
28715.4208637305,2500.42229957175,52359.6858797014,49665.2320368074,57580.4646128362
28935.2251725762,2566.99646993525,52309.3895920372,49563.5938720439,57913.7579313536
28722.2053957095,2538.68041586302,52925.3850130676,48721.4296271331,57561.1173526996
29287.3571009245,2548.47501034895,52645.0603305484,46721.5549482287,56215.2004038393
31128.619350827,2852.7189067036,51533.0877640774,47941.4412476163,59357.3300760451
29874.6353921955,2574.96044830388,47556.2075464662,44506.7307366744,53537.5955556318
29610.0811107562,2546.54890253517,45293.9765904715,42288.697490799,52202.5053198526
29250.1362453994,2456.99930371017,43055.6152146735,40584.7219948885,51130.8790267453
28056.1851103847,2123.30267515701,38529.5072169414,37775.9397053337,46255.4110431018
26765.71926328,1705.65249971962,35677.0327049828,35199.855147017,45678.6215172849
26624.2310969253,1740.51959943534,35255.2274026821,34191.6372951366,45367.225316267
25978.4609481509,1626.0652484835,34791.8052453896,32842.5127717014,44608.3013596411
25615.6891004946,1592.19147904591,34352.8910848182,32308.0715437976,44289.6218895128
25429.6516591562,1566.59588866113,34084.9523291088,32111.5391669745,44160.0574116233
25192.4808288764,1562.9893496178,34563.0165402038,32201.0107017044,44259.837832129
25189.6299327414,1590.17193447106,35467.2906362648,33730.5246963033,45315.2000560585
25471.466898131,1887.58612641707,38965.7131010356,38557.5433723491,49912.973028154
28198.7480615535,2312.49633545265,45049.3735788586,44389.974062206,54022.0264172366
28832.4741500798,2377.68650481443,46853.8374422623,46902.5369899201,55466.6992568556
28790.6384080868,2320.69843722725,46081.7117660663,48930.2177742039,54667.4403236398
29253.4383242643,2415.67901554411,52067.2224160587,50015.9305403314,57900.9216971115
29262.7933809508,2445.43747759826,52884.5776922462,50063.6843895077,57740.4600466766
29071.8497776393,2473.77156590734,52852.8412923171,50112.8027519699,57309.9371450707
28781.1100147268,2493.14351591102,52450.1450513978,49746.5982146052,57324.3626190468
28715.4208637305,2500.42229957175,52359.6858797014,49665.2320368074,57580.4646128362
28935.2251725762,2566.99646993525,52309.3895920372,49563.5938720439,57913.7579313536
28722.2053957095,2538.68041586302,52925.3850130676,48721.4296271331,57561.1173526996
29287.3571009245,2548.47501034895,52645.0603305484,46721.5549482287,56215.2004038393
31128.619350827,2852.7189067036,51533.0877640774,47941.4412476163,59357.3300760451
29874.6353921955,2574.96044830388,47556.2075464662,44506.7307366744,53537.5955556318
29610.0811107562,2546.54890253517,45293.9765904715,42288.697490799,52202.5053198526
29250.1362453994,2456.99930371017,43055.6152146735,40584.7219948885,51130.8790267453
28056.1851103847,2123.30267515701,38529.5072169414,37775.9397053337,46255.4110431018
26765.71926328,1705.65249971962,35677.0327049828,35199.855147017,45678.6215172849
26624.2310969253,1740.51959943534,35255.2274026821,34191.6372951366,45367.225316267
25978.4609481509,1626.0652484835,34791.8052453896,32842.5127717014,44608.3013596411
25615.6891004946,1592.19147904591,34352.8910848182,32308.0715437976,44289.6218895128
25429.6516591562,1566.59588866113,34084.9523291088,32111.5391669745,44160.0574116233
25192.4808288764,1562.9893496178,34563.0165402038,32201.0107017044,44259.837832129
25189.6299327414,1590.17193447106,35467.2906362648,33730.5246963033,45315.2000560585
25471.466898131,1887.58612641707,38965.7131010356,38557.5433723491,49912.973028154
28198.7480615535,2312.49633545265,45049.3735788586,44389.974062206,54022.0264172366
28832.4741500798,2377.68650481443,46853.8374422623,46902.5369899201,55466.6992568556
28790.6384080868,2320.69843722725,46081.7117660663,48930.2177742039,54667.4403236398
29253.4383242643,2415.67901554411,52067.2224160587,50015.9305403314,57900.9216971115
29262.7933809508,2445.43747759826,52884.5776922462,50063.6843895077,57740.4600466766
29071.8497776393,2473.77156590734,52852.8412923171,50112.8027519699,57309.9371450707
28781.1100147268,2493.14351591102,52450.1450513978,49746.5982146052,57324.3626190468
28715.4208637305,2500.42229957175,52359.6858797014,49665.2320368074,57580.4646128362
28935.2251725762,2566.99646993525,52309.3895920372,49563.5938720439,57913.7579313536
28722.2053957095,2538.68041586302,52925.3850130676,48721.4296271331,57561.1173526996
29287.3571009245,2548.47501034895,52645.0603305484,46721.5549482287,56215.2004038393
31128.619350827,2852.7189067036,51533.0877640774,47941.4412476163,59357.3300760451
29874.6353921955,2574.96044830388,47556.2075464662,44506.7307366744,53537.5955556318
29610.0811107562,2546.54890253517,45293.9765904715,42288.697490799,52202.5053198526
29250.1362453994,2456.99930371017,43055.6152146735,40584.7219948885,51130.8790267453
28056.1851103847,2123.30267515701,38529.5072169414,37775.9397053337,46255.4110431018
26765.71926328,1705.65249971962,35677.0327049828,35199.855147017,45678.6215172849
26624.2310969253,1740.51959943534,35255.2274026821,34191.6372951366,45367.225316267
25978.4609481509,1626.0652484835,34791.8052453896,32842.5127717014,44608.3013596411
25615.6891004946,1592.19147904591,34352.8910848182,32308.0715437976,44289.6218895128
25429.6516591562,1566.59588866113,34084.9523291088,32111.5391669745,44160.0574116233
25192.4808288764,1562.9893496178,34563.0165402038,32201.0107017044,44259.837832129
25189.6299327414,1590.17193447106,35467.2906362648,33730.5246963033,45315.2000560585
25471.466898131,1887.58612641707,38965.7131010356,38557.5433723491,49912.973028154
28198.7480615535,2312.49633545265,45049.3735788586,44389.974062206,54022.0264172366
28832.4741500798,2377.68650481443,46853.8374422623,46902.5369899201,55466.6992568556
28790.6384080868,2320.69843722725,46081.7117660663,48930.2177742039,54667.4403236398
29253.4383242643,2415.67901554411,52067.2224160587,50015.9305403314,57900.9216971115
29262.7933809508,2445.43747759826,52884.5776922462,50063.6843895077,57740.4600466766
29071.8497776393,2473.77156590734,52852.8412923171,50112.8027519699,57309.9371450707
28781.1100147268,2493.14351591102,52450.1450513978,49746.5982146052,57324.3626190468
28715.4208637305,2500.42229957175,52359.6858797014,49665.2320368074,57580.4646128362
28935.2251725762,2566.99646993525,52309.3895920372,49563.5938720439,57913.7579313536
28722.2053957095,2538.68041586302,52925.3850130676,48721.4296271331,57561.1173526996
29287.3571009245,2548.47501034895,52645.0603305484,46721.5549482287,56215.2004038393
31128.619350827,2852.7189067036,51533.0877640774,47941.4412476163,59357.3300760451
29874.6353921955,2574.96044830388,47556.2075464662,44506.7307366744,53537.5955556318
29610.0811107562,2546.54890253517,45293.9765904715,42288.697490799,52202.5053198526
29250.1362453994,2456.99930371017,43055.6152146735,40584.7219948885,51130.8790267453
28056.1851103847,2123.30267515701,38529.5072169414,37775.9397053337,46255.4110431018
26765.71926328,1705.65249971962,35677.0327049828,35199.855147017,45678.6215172849
26624.2310969253,1740.51959943534,35255.2274026821,34191.6372951366,45367.225316267
25978.4609481509,1626.0652484835,34791.8052453896,32842.5127717014,44608.3013596411
25615.6891004946,1592.19147904591,34352.8910848182,32308.0715437976,44289.6218895128
25429.6516591562,1566.59588866113,34084.9523291088,32111.5391669745,44160.0574116233
25192.4808288764,1562.9893496178,34563.0165402038,32201.0107017044,44259.837832129
25189.6299327414,1590.17193447106,35467.2906362648,33730.5246963033,45315.2000560585
25471.466898131,1887.58612641707,38965.7131010356,38557.5433723491,49912.973028154
28198.7480615535,2312.49633545265,45049.3735788586,44389.974062206,54022.0264172366
28832.4741500798,2377.68650481443,46853.8374422623,46902.5369899201,55466.6992568556
28790.6384080868,2320.69843722725,46081.7117660663,48930.2177742039,54667.4403236398
29253.4383242643,2415.67901554411,52067.2224160587,50015.9305403314,57900.9216971115
29262.7933809508,2445.43747759826,52884.5776922462,50063.6843895077,57740.4600466766
29071.8497776393,2473.77156590734,52852.8412923171,50112.8027519699,57309.9371450707
28781.1100147268,2493.14351591102,52450.1450513978,49746.5982146052,57324.3626190468
28715.4208637305,2500.42229957175,52359.6858797014,49665.2320368074,57580.4646128362
28935.2251725762,2566.99646993525,52309.3895920372,49563.5938720439,57913.7579313536
28722.2053957095,2538.68041586302,52925.3850130676,48721.4296271331,57561.1173526996
29287.3571009245,2548.47501034895,52645.0603305484,46721.5549482287,56215.2004038393
31128.619350827,2852.7189067036,51533.0877640774,47941.4412476163,59357.3300760451
29874.6353921955,2574.96044830388,47556.2075464662,44506.7307366744,53537.5955556318
29610.0811107562,2546.54890253517,45293.9765904715,42288.697490799,52202.5053198526
29250.1362453994,2456.99930371017,43055.6152146735,40584.7219948885,51130.8790267453
28056.1851103847,2123.30267515701,38529.5072169414,37775.9397053337,46255.4110431018
26765.71926328,1705.65249971962,35677.0327049828,35199.855147017,45678.6215172849
26624.2310969253,1740.51959943534,35255.2274026821,34191.6372951366,45367.225316267
25978.4609481509,1626.0652484835,34791.8052453896,32842.5127717014,44608.3013596411
25615.6891004946,1592.19147904591,34352.8910848182,32308.0715437976,44289.6218895128
25429.6516591562,1566.59588866113,34084.9523291088,32111.5391669745,44160.0574116233
25192.4808288764,1562.9893496178,34563.0165402038,32201.0107017044,44259.837832129
25189.6299327414,1590.17193447106,35467.2906362648,33730.5246963033,45315.2000560585
25471.466898131,1887.58612641707,38965.7131010356,38557.5433723491,49912.973028154
28198.7480615535,2312.49633545265,45049.3735788586,44389.974062206,54022.0264172366
28832.4741500798,2377.68650481443,46853.8374422623,46902.5369899201,55466.6992568556
28790.6384080868,2320.69843722725,46081.7117660663,48930.2177742039,54667.4403236398
29253.4383242643,2415.67901554411,52067.2224160587,50015.9305403314,57900.9216971115
29262.7933809508,2445.43747759826,52884.5776922462,50063.6843895077,57740.4600466766
29071.8497776393,2473.77156590734,52852.8412923171,50112.8027519699,57309.9371450707
28781.1100147268,2493.14351591102,52450.1450513978,49746.5982146052,57324.3626190468
28715.4208637305,2500.42229957175,52359.6858797014,49665.2320368074,57580.4646128362
28935.2251725762,2566.99646993525,52309.3895920372,49563.5938720439,57913.7579313536
28722.2053957095,2538.68041586302,52925.3850130676,48721.4296271331,57561.1173526996
29287.3571009245,2548.47501034895,52645.0603305484,46721.5549482287,56215.2004038393
31128.619350827,2852.7189067036,51533.0877640774,47941.4412476163,59357.3300760451
29874.6353921955,2574.96044830388,47556.2075464662,44506.7307366744,53537.5955556318
29610.0811107562,2546.54890253517,45293.9765904715,42288.697490799,52202.5053198526
29250.1362453994,2456.99930371017,43055.6152146735,40584.7219948885,51130.8790267453
28056.1851103847,2123.30267515701,38529.5072169414,37775.9397053337,46255.4110431018
26765.71926328,1705.65249971962,35677.0327049828,35199.855147017,45678.6215172849
26624.2310969253,1740.51959943534,35255.2274026821,34191.6372951366,45367.225316267
25978.4609481509,1626.0652484835,34791.8052453896,32842.5127717014,44608.3013596411
25615.6891004946,1592.19147904591,34352.8910848182,32308.0715437976,44289.6218895128
25429.6516591562,1566.59588866113,34084.9523291088,32111.5391669745,44160.0574116233
25192.4808288764,1562.9893496178,34563.0165402038,32201.0107017044,44259.837832129
25189.6299327414,1590.17193447106,35467.2906362648,33730.5246963033,45315.2000560585
25471.466898131,1887.58612641707,38965.7131010356,38557.5433723491,49912.973028154
28198.7480615535,2312.49633545265,45049.3735788586,44389.974062206,54022.0264172366
28832.4741500798,2377.68650481443,46853.8374422623,46902.5369899201,55466.6992568556
28790.6384080868,2320.69843722725,46081.7117660663,48930.2177742039,54667.4403236398
29253.4383242643,2415.67901554411,52067.2224160587,50015.9305403314,57900.9216971115
29262.7933809508,2445.43747759826,52884.5776922462,50063.6843895077,57740.4600466766
29071.8497776393,2473.77156590734,52852.8412923171,50112.8027519699,57309.9371450707
28781.1100147268,2493.14351591102,52450.1450513978,49746.5982146052,57324.3626190468
28715.4208637305,2500.42229957175,52359.6858797014,49665.2320368074,57580.4646128362
28935.2251725762,2566.99646993525,52309.3895920372,49563.5938720439,57913.7579313536
28722.2053957095,2538.68041586302,52925.3850130676,48721.4296271331,57561.1173526996
29287.3571009245,2548.47501034895,52645.0603305484,46721.5549482287,56215.2004038393
31128.619350827,2852.7189067036,51533.0877640774,47941.4412476163,59357.3300760451
29874.6353921955,2574.96044830388,47556.2075464662,44506.7307366744,53537.5955556318
29610.0811107562,2546.54890253517,45293.9765904715,42288.697490799,52202.5053198526
29250.1362453994,2456.99930371017,43055.6152146735,40584.7219948885,51130.8790267453
28056.1851103847,2123.30267515701,38529.5072169414,37775.9397053337,46255.4110431018
26765.71926328,1705.65249971962,35677.0327049828,35199.855147017,45678.6215172849
26624.2310969253,1740.51959943534,35255.2274026821,34191.6372951366,45367.225316267
25978.4609481509,1626.0652484835,34791.8052453896,32842.5127717014,44608.3013596411
25615.6891004946,1592.19147904591,34352.8910848182,32308.0715437976,44289.6218895128
25429.6516591562,1566.59588866113,34084.9523291088,32111.5391669745,44160.0574116233
25192.4808288764,1562.9893496178,34563.0165402038,32201.0107017044,44259.837832129
25189.6299327414,1590.17193447106,35467.2906362648,33730.5246963033,45315.2000560585
25471.466898131,1887.58612641707,38965.7131010356,38557.5433723491,49912.973028154
28198.7480615535,2312.49633545265,45049.3735788586,44389.974062206,54022.0264172366
28832.4741500798,2377.68650481443,46853.8374422623,46902.5369899201,55466.6992568556
28790.6384080868,2320.69843722725,46081.7117660663,48930.2177742039,54667.4403236398
29253.4383242643,2415.67901554411,52067.2224160587,50015.9305403314,57900.9216971115
29262.7933809508,2445.43747759826,52884.5776922462,50063.6843895077,57740.4600466766
29071.8497776393,2473.77156590734,52852.8412923171,50112.8027519699,57309.9371450707
28781.1100147268,2493.14351591102,52450.1450513978,49746.5982146052,57324.3626190468
28715.4208637305,2500.42229957175,52359.6858797014,49665.2320368074,57580.4646128362
28935.2251725762,2566.99646993525,52309.3895920372,49563.5938720439,57913.7579313536
28722.2053957095,2538.68041586302,52925.3850130676,48721.4296271331,57561.1173526996
29287.3571009245,2548.47501034895,52645.0603305484,46721.5549482287,56215.2004038393
31128.619350827,2852.7189067036,51533.0877640774,47941.4412476163,59357.3300760451
29874.6353921955,2574.96044830388,47556.2075464662,44506.7307366744,53537.5955556318
29610.0811107562,2546.54890253517,45293.9765904715,42288.697490799,52202.5053198526
29250.1362453994,2456.99930371017,43055.6152146735,40584.7219948885,51130.8790267453
28056.1851103847,2123.30267515701,38529.5072169414,37775.9397053337,46255.4110431018
26765.71926328,1705.65249971962,35677.0327049828,35199.855147017,45678.6215172849
26624.2310969253,1740.51959943534,35255.2274026821,34191.6372951366,45367.225316267
25978.4609481509,1626.0652484835,34791.8052453896,32842.5127717014,44608.3013596411
25615.6891004946,1592.19147904591,34352.8910848182,32308.0715437976,44289.6218895128
25429.6516591562,1566.59588866113,34084.9523291088,32111.5391669745,44160.0574116233
25192.4808288764,1562.9893496178,34563.0165402038,32201.0107017044,44259.837832129
25189.6299327414,1590.17193447106,35467.2906362648,33730.5246963033,45315.2000560585
25471.466898131,1887.58612641707,38965.7131010356,38557.5433723491,49912.973028154
28198.7480615535,2312.49633545265,45049.3735788586,44389.974062206,54022.0264172366
28832.4741500798,2377.68650481443,46853.8374422623,46902.5369899201,55466.6992568556
28790.6384080868,2320.69843722725,46081.7117660663,48930.2177742039,54667.4403236398
29253.4383242643,2415.67901554411,52067.2224160587,50015.9305403314,57900.9216971115
29262.7933809508,2445.43747759826,52884.5776922462,50063.6843895077,57740.4600466766
29071.8497776393,2473.77156590734,52852.8412923171,50112.8027519699,57309.9371450707
28781.1100147268,2493.14351591102,52450.1450513978,49746.5982146052,57324.3626190468
28715.4208637305,2500.42229957175,52359.6858797014,49665.2320368074,57580.4646128362
28935.2251725762,2566.99646993525,52309.3895920372,49563.5938720439,57913.7579313536
28722.2053957095,2538.68041586302,52925.3850130676,48721.4296271331,57561.1173526996
29287.3571009245,2548.47501034895,52645.0603305484,46721.5549482287,56215.2004038393
31128.619350827,2852.7189067036,51533.0877640774,47941.4412476163,59357.3300760451
29874.6353921955,2574.96044830388,47556.2075464662,44506.7307366744,53537.5955556318
29610.0811107562,2546.54890253517,45293.9765904715,42288.697490799,52202.5053198526
29250.1362453994,2456.99930371017,43055.6152146735,40584.7219948885,51130.8790267453
28056.1851103847,2123.30267515701,38529.5072169414,37775.9397053337,46255.4110431018
26765.71926328,1705.65249971962,35677.0327049828,35199.855147017,45678.6215172849
26624.2310969253,1740.51959943534,35255.2274026821,34191.6372951366,45367.225316267
25978.4609481509,1626.0652484835,34791.8052453896,32842.5127717014,44608.3013596411
25615.6891004946,1592.19147904591,34352.8910848182,32308.0715437976,44289.6218895128
25429.6516591562,1566.59588866113,34084.9523291088,32111.5391669745,44160.0574116233
25192.4808288764,1562.9893496178,34563.0165402038,32201.0107017044,44259.837832129
25189.6299327414,1590.17193447106,35467.2906362648,33730.5246963033,45315.2000560585
25471.466898131,1887.58612641707,38965.7131010356,38557.5433723491,49912.973028154
28198.7480615535,2312.49633545265,45049.3735788586,44389.974062206,54022.0264172366
28832.4741500798,2377.68650481443,46853.8374422623,46902.5369899201,55466.6992568556
28790.6384080868,2320.69843722725,46081.7117660663,48930.2177742039,54667.4403236398
29253.4383242643,2415.67901554411,52067.2224160587,50015.9305403314,57900.9216971115
29262.7933809508,2445.43747759826,52884.5776922462,50063.6843895077,57740.4600466766
29071.8497776393,2473.77156590734,52852.8412923171,50112.8027519699,57309.9371450707
28781.1100147268,2493.14351591102,52450.1450513978,49746.5982146052,57324.3626190468
28715.4208637305,2500.42229957175,52359.6858797014,49665.2320368074,57580.4646128362
28935.2251725762,2566.99646993525,52309.3895920372,49563.5938720439,57913.7579313536
28722.2053957095,2538.68041586302,52925.3850130676,48721.4296271331,57561.1173526996
29287.3571009245,2548.47501034895,52645.0603305484,46721.5549482287,56215.2004038393
31128.619350827,2852.7189067036,51533.0877640774,47941.4412476163,59357.3300760451
29874.6353921955,2574.96044830388,47556.2075464662,44506.7307366744,53537.5955556318
29610.0811107562,2546.54890253517,45293.9765904715,42288.697490799,52202.5053198526
29250.1362453994,2456.99930371017,43055.6152146735,40584.7219948885,51130.8790267453
28056.1851103847,2123.30267515701,38529.5072169414,37775.9397053337,46255.4110431018
26765.71926328,1705.65249971962,35677.0327049828,35199.855147017,45678.6215172849
26624.2310969253,1740.51959943534,35255.2274026821,34191.6372951366,45367.225316267
25978.4609481509,1626.0652484835,34791.8052453896,32842.5127717014,44608.3013596411
25615.6891004946,1592.19147904591,34352.8910848182,32308.0715437976,44289.6218895128
25429.6516591562,1566.59588866113,34084.9523291088,32111.5391669745,44160.0574116233
25192.4808288764,1562.9893496178,34563.0165402038,32201.0107017044,44259.837832129
25189.6299327414,1590.17193447106,35467.2906362648,33730.5246963033,45315.2000560585
25471.466898131,1887.58612641707,38965.7131010356,38557.5433723491,49912.973028154
28198.7480615535,2312.49633545265,45049.3735788586,44389.974062206,54022.0264172366
28832.4741500798,2377.68650481443,46853.8374422623,46902.5369899201,55466.6992568556
28790.6384080868,2320.69843722725,46081.7117660663,48930.2177742039,54667.4403236398
29253.4383242643,2415.67901554411,52067.2224160587,50015.9305403314,57900.9216971115
29262.7933809508,2445.43747759826,52884.5776922462,50063.6843895077,57740.4600466766
29071.8497776393,2473.77156590734,52852.8412923171,50112.8027519699,57309.9371450707
28781.1100147268,2493.14351591102,52450.1450513978,49746.5982146052,57324.3626190468
28715.4208637305,2500.42229957175,52359.6858797014,49665.2320368074,57580.4646128362
28935.2251725762,2566.99646993525,52309.3895920372,49563.5938720439,57913.7579313536
28722.2053957095,2538.68041586302,52925.3850130676,48721.4296271331,57561.1173526996
29287.3571009245,2548.47501034895,52645.0603305484,46721.5549482287,56215.2004038393
31128.619350827,2852.7189067036,51533.0877640774,47941.4412476163,59357.3300760451
29874.6353921955,2574.96044830388,47556.2075464662,44506.7307366744,53537.5955556318
29610.0811107562,2546.54890253517,45293.9765904715,42288.697490799,52202.5053198526
29250.1362453994,2456.99930371017,43055.6152146735,40584.7219948885,51130.8790267453
28056.1851103847,2123.30267515701,38529.5072169414,37775.9397053337,46255.4110431018
26765.71926328,1705.65249971962,35677.0327049828,35199.855147017,45678.6215172849
26624.2310969253,1740.51959943534,35255.2274026821,34191.6372951366,45367.225316267
25978.4609481509,1626.0652484835,34791.8052453896,32842.5127717014,44608.3013596411
25615.6891004946,1592.19147904591,34352.8910848182,32308.0715437976,44289.6218895128
25429.6516591562,1566.59588866113,34084.9523291088,32111.5391669745,44160.0574116233
25192.4808288764,1562.9893496178,34563.0165402038,32201.0107017044,44259.837832129
25189.6299327414,1590.17193447106,35467.2906362648,33730.5246963033,45315.2000560585
25471.466898131,1887.58612641707,38965.7131010356,38557.5433723491,49912.973028154
28198.7480615535,2312.49633545265,45049.3735788586,44389.974062206,54022.0264172366
28832.4741500798,2377.68650481443,46853.8374422623,46902.5369899201,55466.6992568556
28790.6384080868,2320.69843722725,46081.7117660663,48930.2177742039,54667.4403236398
29253.4383242643,2415.67901554411,52067.2224160587,50015.9305403314,57900.9216971115
29262.7933809508,2445.43747759826,52884.5776922462,50063.6843895077,57740.4600466766
29071.8497776393,2473.77156590734,52852.8412923171,50112.8027519699,57309.9371450707
28781.1100147268,2493.14351591102,52450.1450513978,49746.5982146052,57324.3626190468
28715.4208637305,2500.42229957175,52359.6858797014,49665.2320368074,57580.4646128362
28935.2251725762,2566.99646993525,52309.3895920372,49563.5938720439,57913.7579313536
28722.2053957095,2538.68041586302,52925.3850130676,48721.4296271331,57561.1173526996
29287.3571009245,2548.47501034895,52645.0603305484,46721.5549482287,56215.2004038393
31128.619350827,2852.7189067036,51533.0877640774,47941.4412476163,59357.3300760451
29874.6353921955,2574.96044830388,47556.2075464662,44506.7307366744,53537.5955556318
29610.0811107562,2546.54890253517,45293.9765904715,42288.697490799,52202.5053198526
29250.1362453994,2456.99930371017,43055.6152146735,40584.7219948885,51130.8790267453
28056.1851103847,2123.30267515701,38529.5072169414,37775.9397053337,46255.4110431018
26765.71926328,1705.65249971962,35677.0327049828,35199.855147017,45678.6215172849
26624.2310969253,1740.51959943534,35255.2274026821,34191.6372951366,45367.225316267
25978.4609481509,1626.0652484835,34791.8052453896,32842.5127717014,44608.3013596411
25615.6891004946,1592.19147904591,34352.8910848182,32308.0715437976,44289.6218895128
25429.6516591562,1566.59588866113,34084.9523291088,32111.5391669745,44160.0574116233
25192.4808288764,1562.9893496178,34563.0165402038,32201.0107017044,44259.837832129
25189.6299327414,1590.17193447106,35467.2906362648,33730.5246963033,45315.2000560585
25471.466898131,1887.58612641707,38965.7131010356,38557.5433723491,49912.973028154
28198.7480615535,2312.49633545265,45049.3735788586,44389.974062206,54022.0264172366
28832.4741500798,2377.68650481443,46853.8374422623,46902.5369899201,55466.6992568556
28790.6384080868,2320.69843722725,46081.7117660663,48930.2177742039,54667.4403236398
29253.4383242643,2415.67901554411,52067.2224160587,50015.9305403314,57900.9216971115
29262.7933809508,2445.43747759826,52884.5776922462,50063.6843895077,57740.4600466766
29071.8497776393,2473.77156590734,52852.8412923171,50112.8027519699,57309.9371450707
28781.1100147268,2493.14351591102,52450.1450513978,49746.5982146052,57324.3626190468
28715.4208637305,2500.42229957175,52359.6858797014,49665.2320368074,57580.4646128362
28935.2251725762,2566.99646993525,52309.3895920372,49563.5938720439,57913.7579313536
28722.2053957095,2538.68041586302,52925.3850130676,48721.4296271331,57561.1173526996
29287.3571009245,2548.47501034895,52645.0603305484,46721.5549482287,56215.2004038393
31128.619350827,2852.7189067036,51533.0877640774,47941.4412476163,59357.3300760451
29874.6353921955,2574.96044830388,47556.2075464662,44506.7307366744,53537.5955556318
29610.0811107562,2546.54890253517,45293.9765904715,42288.697490799,52202.5053198526
29250.1362453994,2456.99930371017,43055.6152146735,40584.7219948885,51130.8790267453
28056.1851103847,2123.30267515701,38529.5072169414,37775.9397053337,46255.4110431018
26765.71926328,1705.65249971962,35677.0327049828,35199.855147017,45678.6215172849
22243.4782646746,1642.39954583268,35647.5229838858,35230.6564880204,51228.8020594122
21772.7638380017,1619.69910384645,35123.2783104039,34212.8827785373,50548.0930852139
21527.1419675345,1584.25130054641,34687.6458713997,33797.1472862775,50237.4859560781
21440.8792830726,1576.51386847248,34431.6924319499,33793.8546847428,50258.5004793398
21668.1922947305,1632.88570192833,35064.0064577441,34260.9184858961,50448.8500696545
22069.4301241023,1774.40428490163,36945.3272342515,36596.7498336168,51874.6963550805
23248.2329878457,2053.55353026575,42515.9553617815,42189.7213024379,58337.3094145601
24685.6371046448,2233.31873613588,48450.1228790662,48110.144437685,61354.8092249772
25112.4760787239,2161.43646483064,50391.2267745889,50800.8705060133,65308.2618652215
25229.6774167245,2185.51501039498,49733.2483027635,53407.6899254398,65477.836457553
26800.1225311793,2314.55513180275,52172.9351219743,54223.6511524147,69196.7299304223
27021.2774001751,2308.37444487379,52675.3735902335,54288.0349845778,68804.2161102896
27006.1707802858,2330.90319650907,52953.0199379298,54202.7371909831,67913.5382446519
26573.2967489578,2355.04820248831,52833.8637485242,53524.0935749511,67938.5159521292
26355.0010453624,2386.63694898664,52402.6382030671,53257.0503819388,68312.9594427394
26698.242627122,2507.13250441014,51684.4150185804,52771.6215342357,68307.681005886
26785.6407822459,2466.96827477928,51096.438588641,51130.5139378726,67261.2842339461
27140.7426884922,2459.03138675749,51284.513218487,49238.5120835391,64252.101807643
28500.2168843958,2520.38562163499,50522.6400491792,49398.36721216,66083.7971499094
25827.0125576967,2351.20722020132,45574.1485599994,45832.8065898904,58825.2370467115
25569.9489022855,2312.02778523323,43263.2663929282,43501.9754382203,57109.5967609389
25020.8859569739,2195.03051200459,41320.7192195055,41392.1244660765,55813.7153791259
23818.2146985515,2031.98367332401,38819.6861761435,38613.8895890443,51444.4705273153
22319.6875251143,1711.98466504257,36431.9026889942,36076.6164275296,51395.1699465806
22243.4782646746,1642.39954583268,35647.5229838858,35230.6564880204,51228.8020594122
21772.7638380017,1619.69910384645,35123.2783104039,34212.8827785373,50548.0930852139
21527.1419675345,1584.25130054641,34687.6458713997,33797.1472862775,50237.4859560781
21440.8792830726,1576.51386847248,34431.6924319499,33793.8546847428,50258.5004793398
21668.1922947305,1632.88570192833,35064.0064577441,34260.9184858961,50448.8500696545
22069.4301241023,1774.40428490163,36945.3272342515,36596.7498336168,51874.6963550805
23248.2329878457,2053.55353026575,42515.9553617815,42189.7213024379,58337.3094145601
24685.6371046448,2233.31873613588,48450.1228790662,48110.144437685,61354.8092249772
25112.4760787239,2161.43646483064,50391.2267745889,50800.8705060133,65308.2618652215
25229.6774167245,2185.51501039498,49733.2483027635,53407.6899254398,65477.836457553
26800.1225311793,2314.55513180275,52172.9351219743,54223.6511524147,69196.7299304223
27021.2774001751,2308.37444487379,52675.3735902335,54288.0349845778,68804.2161102896
27006.1707802858,2330.90319650907,52953.0199379298,54202.7371909831,67913.5382446519
26573.2967489578,2355.04820248831,52833.8637485242,53524.0935749511,67938.5159521292
26355.0010453624,2386.63694898664,52402.6382030671,53257.0503819388,68312.9594427394
26698.242627122,2507.13250441014,51684.4150185804,52771.6215342357,68307.681005886
26785.6407822459,2466.96827477928,51096.438588641,51130.5139378726,67261.2842339461
27140.7426884922,2459.03138675749,51284.513218487,49238.5120835391,64252.101807643
28500.2168843958,2520.38562163499,50522.6400491792,49398.36721216,66083.7971499094
25827.0125576967,2351.20722020132,45574.1485599994,45832.8065898904,58825.2370467115
25569.9489022855,2312.02778523323,43263.2663929282,43501.9754382203,57109.5967609389
25020.8859569739,2195.03051200459,41320.7192195055,41392.1244660765,55813.7153791259
23818.2146985515,2031.98367332401,38819.6861761435,38613.8895890443,51444.4705273153
22319.6875251143,1711.98466504257,36431.9026889942,36076.6164275296,51395.1699465806
22243.4782646746,1642.39954583268,35647.5229838858,35230.6564880204,51228.8020594122
21772.7638380017,1619.69910384645,35123.2783104039,34212.8827785373,50548.0930852139
21527.1419675345,1584.25130054641,34687.6458713997,33797.1472862775,50237.4859560781
21440.8792830726,1576.51386847248,34431.6924319499,33793.8546847428,50258.5004793398
21668.1922947305,1632.88570192833,35064.0064577441,34260.9184858961,50448.8500696545
22069.4301241023,1774.40428490163,36945.3272342515,36596.7498336168,51874.6963550805
23248.2329878457,2053.55353026575,42515.9553617815,42189.7213024379,58337.3094145601
24685.6371046448,2233.31873613588,48450.1228790662,48110.144437685,61354.8092249772
25112.4760787239,2161.43646483064,50391.2267745889,50800.8705060133,65308.2618652215
25229.6774167245,2185.51501039498,49733.2483027635,53407.6899254398,65477.836457553
26800.1225311793,2314.55513180275,52172.9351219743,54223.6511524147,69196.7299304223
27021.2774001751,2308.37444487379,52675.3735902335,54288.0349845778,68804.2161102896
27006.1707802858,2330.90319650907,52953.0199379298,54202.7371909831,67913.5382446519
26573.2967489578,2355.04820248831,52833.8637485242,53524.0935749511,67938.5159521292
26355.0010453624,2386.63694898664,52402.6382030671,53257.0503819388,68312.9594427394
26698.242627122,2507.13250441014,51684.4150185804,52771.6215342357,68307.681005886
26785.6407822459,2466.96827477928,51096.438588641,51130.5139378726,67261.2842339461
27140.7426884922,2459.03138675749,51284.513218487,49238.5120835391,64252.101807643
28500.2168843958,2520.38562163499,50522.6400491792,49398.36721216,66083.7971499094
25827.0125576967,2351.20722020132,45574.1485599994,45832.8065898904,58825.2370467115
25569.9489022855,2312.02778523323,43263.2663929282,43501.9754382203,57109.5967609389
25020.8859569739,2195.03051200459,41320.7192195055,41392.1244660765,55813.7153791259
23818.2146985515,2031.98367332401,38819.6861761435,38613.8895890443,51444.4705273153
22319.6875251143,1711.98466504257,36431.9026889942,36076.6164275296,51395.1699465806
22243.4782646746,1642.39954583268,35647.5229838858,35230.6564880204,51228.8020594122
21772.7638380017,1619.69910384645,35123.2783104039,34212.8827785373,50548.0930852139
21527.1419675345,1584.25130054641,34687.6458713997,33797.1472862775,50237.4859560781
21440.8792830726,1576.51386847248,34431.6924319499,33793.8546847428,50258.5004793398
21668.1922947305,1632.88570192833,35064.0064577441,34260.9184858961,50448.8500696545
22069.4301241023,1774.40428490163,36945.3272342515,36596.7498336168,51874.6963550805
23248.2329878457,2053.55353026575,42515.9553617815,42189.7213024379,58337.3094145601
24685.6371046448,2233.31873613588,48450.1228790662,48110.144437685,61354.8092249772
25112.4760787239,2161.43646483064,50391.2267745889,50800.8705060133,65308.2618652215
25229.6774167245,2185.51501039498,49733.2483027635,53407.6899254398,65477.836457553
26800.1225311793,2314.55513180275,52172.9351219743,54223.6511524147,69196.7299304223
27021.2774001751,2308.37444487379,52675.3735902335,54288.0349845778,68804.2161102896
27006.1707802858,2330.90319650907,52953.0199379298,54202.7371909831,67913.5382446519
26573.2967489578,2355.04820248831,52833.8637485242,53524.0935749511,67938.5159521292
26355.0010453624,2386.63694898664,52402.6382030671,53257.0503819388,68312.9594427394
26698.242627122,2507.13250441014,51684.4150185804,52771.6215342357,68307.681005886
26785.6407822459,2466.96827477928,51096.438588641,51130.5139378726,67261.2842339461
27140.7426884922,2459.03138675749,51284.513218487,49238.5120835391,64252.101807643
28500.2168843958,2520.38562163499,50522.6400491792,49398.36721216,66083.7971499094
25827.0125576967,2351.20722020132,45574.1485599994,45832.8065898904,58825.2370467115
25569.9489022855,2312.02778523323,43263.2663929282,43501.9754382203,57109.5967609389
25020.8859569739,2195.03051200459,41320.7192195055,41392.1244660765,55813.7153791259
23818.2146985515,2031.98367332401,38819.6861761435,38613.8895890443,51444.4705273153
22319.6875251143,1711.98466504257,36431.9026889942,36076.6164275296,51395.1699465806
22243.4782646746,1642.39954583268,35647.5229838858,35230.6564880204,51228.8020594122
21772.7638380017,1619.69910384645,35123.2783104039,34212.8827785373,50548.0930852139
21527.1419675345,1584.25130054641,34687.6458713997,33797.1472862775,50237.4859560781
21440.8792830726,1576.51386847248,34431.6924319499,33793.8546847428,50258.5004793398
21668.1922947305,1632.88570192833,35064.0064577441,34260.9184858961,50448.8500696545
22069.4301241023,1774.40428490163,36945.3272342515,36596.7498336168,51874.6963550805
23248.2329878457,2053.55353026575,42515.9553617815,42189.7213024379,58337.3094145601
24685.6371046448,2233.31873613588,48450.1228790662,48110.144437685,61354.8092249772
25112.4760787239,2161.43646483064,50391.2267745889,50800.8705060133,65308.2618652215
25229.6774167245,2185.51501039498,49733.2483027635,53407.6899254398,65477.836457553
26800.1225311793,2314.55513180275,52172.9351219743,54223.6511524147,69196.7299304223
27021.2774001751,2308.37444487379,52675.3735902335,54288.0349845778,68804.2161102896
27006.1707802858,2330.90319650907,52953.0199379298,54202.7371909831,67913.5382446519
26573.2967489578,2355.04820248831,52833.8637485242,53524.0935749511,67938.5159521292
26355.0010453624,2386.63694898664,52402.6382030671,53257.0503819388,68312.9594427394
26698.242627122,2507.13250441014,51684.4150185804,52771.6215342357,68307.681005886
26785.6407822459,2466.96827477928,51096.438588641,51130.5139378726,67261.2842339461
27140.7426884922,2459.03138675749,51284.513218487,49238.5120835391,64252.101807643
28500.2168843958,2520.38562163499,50522.6400491792,49398.36721216,66083.7971499094
25827.0125576967,2351.20722020132,45574.1485599994,45832.8065898904,58825.2370467115
25569.9489022855,2312.02778523323,43263.2663929282,43501.9754382203,57109.5967609389
25020.8859569739,2195.03051200459,41320.7192195055,41392.1244660765,55813.7153791259
23818.2146985515,2031.98367332401,38819.6861761435,38613.8895890443,51444.4705273153
22319.6875251143,1711.98466504257,36431.9026889942,36076.6164275296,51395.1699465806
22243.4782646746,1642.39954583268,35647.5229838858,35230.6564880204,51228.8020594122
21772.7638380017,1619.69910384645,35123.2783104039,34212.8827785373,50548.0930852139
21527.1419675345,1584.25130054641,34687.6458713997,33797.1472862775,50237.4859560781
21440.8792830726,1576.51386847248,34431.6924319499,33793.8546847428,50258.5004793398
21668.1922947305,1632.88570192833,35064.0064577441,34260.9184858961,50448.8500696545
22069.4301241023,1774.40428490163,36945.3272342515,36596.7498336168,51874.6963550805
23248.2329878457,2053.55353026575,42515.9553617815,42189.7213024379,58337.3094145601
24685.6371046448,2233.31873613588,48450.1228790662,48110.144437685,61354.8092249772
25112.4760787239,2161.43646483064,50391.2267745889,50800.8705060133,65308.2618652215
25229.6774167245,2185.51501039498,49733.2483027635,53407.6899254398,65477.836457553
26800.1225311793,2314.55513180275,52172.9351219743,54223.6511524147,69196.7299304223
27021.2774001751,2308.37444487379,52675.3735902335,54288.0349845778,68804.2161102896
27006.1707802858,2330.90319650907,52953.0199379298,54202.7371909831,67913.5382446519
26573.2967489578,2355.04820248831,52833.8637485242,53524.0935749511,67938.5159521292
26355.0010453624,2386.63694898664,52402.6382030671,53257.0503819388,68312.9594427394
26698.242627122,2507.13250441014,51684.4150185804,52771.6215342357,68307.681005886
26785.6407822459,2466.96827477928,51096.438588641,51130.5139378726,67261.2842339461
27140.7426884922,2459.03138675749,51284.513218487,49238.5120835391,64252.101807643
28500.2168843958,2520.38562163499,50522.6400491792,49398.36721216,66083.7971499094
25827.0125576967,2351.20722020132,45574.1485599994,45832.8065898904,58825.2370467115
25569.9489022855,2312.02778523323,43263.2663929282,43501.9754382203,57109.5967609389
25020.8859569739,2195.03051200459,41320.7192195055,41392.1244660765,55813.7153791259
23818.2146985515,2031.98367332401,38819.6861761435,38613.8895890443,51444.4705273153
22319.6875251143,1711.98466504257,36431.9026889942,36076.6164275296,51395.1699465806
22243.4782646746,1642.39954583268,35647.5229838858,35230.6564880204,51228.8020594122
21772.7638380017,1619.69910384645,35123.2783104039,34212.8827785373,50548.0930852139
21527.1419675345,1584.25130054641,34687.6458713997,33797.1472862775,50237.4859560781
21440.8792830726,1576.51386847248,34431.6924319499,33793.8546847428,50258.5004793398
21668.1922947305,1632.88570192833,35064.0064577441,34260.9184858961,50448.8500696545
22069.4301241023,1774.40428490163,36945.3272342515,36596.7498336168,51874.6963550805
23248.2329878457,2053.55353026575,42515.9553617815,42189.7213024379,58337.3094145601
24685.6371046448,2233.31873613588,48450.1228790662,48110.144437685,61354.8092249772
25112.4760787239,2161.43646483064,50391.2267745889,50800.8705060133,65308.2618652215
25229.6774167245,2185.51501039498,49733.2483027635,53407.6899254398,65477.836457553
26800.1225311793,2314.55513180275,52172.9351219743,54223.6511524147,69196.7299304223
27021.2774001751,2308.37444487379,52675.3735902335,54288.0349845778,68804.2161102896
27006.1707802858,2330.90319650907,52953.0199379298,54202.7371909831,67913.5382446519
26573.2967489578,2355.04820248831,52833.8637485242,53524.0935749511,67938.5159521292
26355.0010453624,2386.63694898664,52402.6382030671,53257.0503819388,68312.9594427394
26698.242627122,2507.13250441014,51684.4150185804,52771.6215342357,68307.681005886
26785.6407822459,2466.96827477928,51096.438588641,51130.5139378726,67261.2842339461
27140.7426884922,2459.03138675749,51284.513218487,49238.5120835391,64252.101807643
28500.2168843958,2520.38562163499,50522.6400491792,49398.36721216,66083.7971499094
25827.0125576967,2351.20722020132,45574.1485599994,45832.8065898904,58825.2370467115
25569.9489022855,2312.02778523323,43263.2663929282,43501.9754382203,57109.5967609389
25020.8859569739,2195.03051200459,41320.7192195055,41392.1244660765,55813.7153791259
23818.2146985515,2031.98367332401,38819.6861761435,38613.8895890443,51444.4705273153
22319.6875251143,1711.98466504257,36431.9026889942,36076.6164275296,51395.1699465806
22243.4782646746,1642.39954583268,35647.5229838858,35230.6564880204,51228.8020594122
21772.7638380017,1619.69910384645,35123.2783104039,34212.8827785373,50548.0930852139
21527.1419675345,1584.25130054641,34687.6458713997,33797.1472862775,50237.4859560781
21440.8792830726,1576.51386847248,34431.6924319499,33793.8546847428,50258.5004793398
21668.1922947305,1632.88570192833,35064.0064577441,34260.9184858961,50448.8500696545
22069.4301241023,1774.40428490163,36945.3272342515,36596.7498336168,51874.6963550805
23248.2329878457,2053.55353026575,42515.9553617815,42189.7213024379,58337.3094145601
24685.6371046448,2233.31873613588,48450.1228790662,48110.144437685,61354.8092249772
25112.4760787239,2161.43646483064,50391.2267745889,50800.8705060133,65308.2618652215
25229.6774167245,2185.51501039498,49733.2483027635,53407.6899254398,65477.836457553
26800.1225311793,2314.55513180275,52172.9351219743,54223.6511524147,69196.7299304223
27021.2774001751,2308.37444487379,52675.3735902335,54288.0349845778,68804.2161102896
27006.1707802858,2330.90319650907,52953.0199379298,54202.7371909831,67913.5382446519
26573.2967489578,2355.04820248831,52833.8637485242,53524.0935749511,67938.5159521292
26355.0010453624,2386.63694898664,52402.6382030671,53257.0503819388,68312.9594427394
26698.242627122,2507.13250441014,51684.4150185804,52771.6215342357,68307.681005886
26785.6407822459,2466.96827477928,51096.438588641,51130.5139378726,67261.2842339461
27140.7426884922,2459.03138675749,51284.513218487,49238.5120835391,64252.101807643
28500.2168843958,2520.38562163499,50522.6400491792,49398.36721216,66083.7971499094
25827.0125576967,2351.20722020132,45574.1485599994,45832.8065898904,58825.2370467115
25569.9489022855,2312.02778523323,43263.2663929282,43501.9754382203,57109.5967609389
25020.8859569739,2195.03051200459,41320.7192195055,41392.1244660765,55813.7153791259
23818.2146985515,2031.98367332401,38819.6861761435,38613.8895890443,51444.4705273153
22319.6875251143,1711.98466504257,36431.9026889942,36076.6164275296,51395.1699465806
22243.4782646746,1642.39954583268,35647.5229838858,35230.6564880204,51228.8020594122
21772.7638380017,1619.69910384645,35123.2783104039,34212.8827785373,50548.0930852139
21527.1419675345,1584.25130054641,34687.6458713997,33797.1472862775,50237.4859560781
21440.8792830726,1576.51386847248,34431.6924319499,33793.8546847428,50258.5004793398
21668.1922947305,1632.88570192833,35064.0064577441,34260.9184858961,50448.8500696545
22069.4301241023,1774.40428490163,36945.3272342515,36596.7498336168,51874.6963550805
23248.2329878457,2053.55353026575,42515.9553617815,42189.7213024379,58337.3094145601
24685.6371046448,2233.31873613588,48450.1228790662,48110.144437685,61354.8092249772
25112.4760787239,2161.43646483064,50391.2267745889,50800.8705060133,65308.2618652215
25229.6774167245,2185.51501039498,49733.2483027635,53407.6899254398,65477.836457553
26800.1225311793,2314.55513180275,52172.9351219743,54223.6511524147,69196.7299304223
27021.2774001751,2308.37444487379,52675.3735902335,54288.0349845778,68804.2161102896
27006.1707802858,2330.90319650907,52953.0199379298,54202.7371909831,67913.5382446519
26573.2967489578,2355.04820248831,52833.8637485242,53524.0935749511,67938.5159521292
26355.0010453624,2386.63694898664,52402.6382030671,53257.0503819388,68312.9594427394
26698.242627122,2507.13250441014,51684.4150185804,52771.6215342357,68307.681005886
26785.6407822459,2466.96827477928,51096.438588641,51130.5139378726,67261.2842339461
27140.7426884922,2459.03138675749,51284.513218487,49238.5120835391,64252.101807643
28500.2168843958,2520.38562163499,50522.6400491792,49398.36721216,66083.7971499094
25827.0125576967,2351.20722020132,45574.1485599994,45832.8065898904,58825.2370467115
25569.9489022855,2312.02778523323,43263.2663929282,43501.9754382203,57109.5967609389
25020.8859569739,2195.03051200459,41320.7192195055,41392.1244660765,55813.7153791259
23818.2146985515,2031.98367332401,38819.6861761435,38613.8895890443,51444.4705273153
22319.6875251143,1711.98466504257,36431.9026889942,36076.6164275296,51395.1699465806
22243.4782646746,1642.39954583268,35647.5229838858,35230.6564880204,51228.8020594122
21772.7638380017,1619.69910384645,35123.2783104039,34212.8827785373,50548.0930852139
21527.1419675345,1584.25130054641,34687.6458713997,33797.1472862775,50237.4859560781
21440.8792830726,1576.51386847248,34431.6924319499,33793.8546847428,50258.5004793398
21668.1922947305,1632.88570192833,35064.0064577441,34260.9184858961,50448.8500696545
22069.4301241023,1774.40428490163,36945.3272342515,36596.7498336168,51874.6963550805
23248.2329878457,2053.55353026575,42515.9553617815,42189.7213024379,58337.3094145601
24685.6371046448,2233.31873613588,48450.1228790662,48110.144437685,61354.8092249772
25112.4760787239,2161.43646483064,50391.2267745889,50800.8705060133,65308.2618652215
25229.6774167245,2185.51501039498,49733.2483027635,53407.6899254398,65477.836457553
26800.1225311793,2314.55513180275,52172.9351219743,54223.6511524147,69196.7299304223
27021.2774001751,2308.37444487379,52675.3735902335,54288.0349845778,68804.2161102896
27006.1707802858,2330.90319650907,52953.0199379298,54202.7371909831,67913.5382446519
26573.2967489578,2355.04820248831,52833.8637485242,53524.0935749511,67938.5159521292
26355.0010453624,2386.63694898664,52402.6382030671,53257.0503819388,68312.9594427394
26698.242627122,2507.13250441014,51684.4150185804,52771.6215342357,68307.681005886
26785.6407822459,2466.96827477928,51096.438588641,51130.5139378726,67261.2842339461
27140.7426884922,2459.03138675749,51284.513218487,49238.5120835391,64252.101807643
28500.2168843958,2520.38562163499,50522.6400491792,49398.36721216,66083.7971499094
25827.0125576967,2351.20722020132,45574.1485599994,45832.8065898904,58825.2370467115
25569.9489022855,2312.02778523323,43263.2663929282,43501.9754382203,57109.5967609389
25020.8859569739,2195.03051200459,41320.7192195055,41392.1244660765,55813.7153791259
23818.2146985515,2031.98367332401,38819.6861761435,38613.8895890443,51444.4705273153
22319.6875251143,1711.98466504257,36431.9026889942,36076.6164275296,51395.1699465806
22243.4782646746,1642.39954583268,35647.5229838858,35230.6564880204,51228.8020594122
21772.7638380017,1619.69910384645,35123.2783104039,34212.8827785373,50548.0930852139
21527.1419675345,1584.25130054641,34687.6458713997,33797.1472862775,50237.4859560781
21440.8792830726,1576.51386847248,34431.6924319499,33793.8546847428,50258.5004793398
21668.1922947305,1632.88570192833,35064.0064577441,34260.9184858961,50448.8500696545
22069.4301241023,1774.40428490163,36945.3272342515,36596.7498336168,51874.6963550805
23248.2329878457,2053.55353026575,42515.9553617815,42189.7213024379,58337.3094145601
24685.6371046448,2233.31873613588,48450.1228790662,48110.144437685,61354.8092249772
25112.4760787239,2161.43646483064,50391.2267745889,50800.8705060133,65308.2618652215
25229.6774167245,2185.51501039498,49733.2483027635,53407.6899254398,65477.836457553
26800.1225311793,2314.55513180275,52172.9351219743,54223.6511524147,69196.7299304223
27021.2774001751,2308.37444487379,52675.3735902335,54288.0349845778,68804.2161102896
27006.1707802858,2330.90319650907,52953.0199379298,54202.7371909831,67913.5382446519
26573.2967489578,2355.04820248831,52833.8637485242,53524.0935749511,67938.5159521292
26355.0010453624,2386.63694898664,52402.6382030671,53257.0503819388,68312.9594427394
26698.242627122,2507.13250441014,51684.4150185804,52771.6215342357,68307.681005886
26785.6407822459,2466.96827477928,51096.438588641,51130.5139378726,67261.2842339461
27140.7426884922,2459.03138675749,51284.513218487,49238.5120835391,64252.101807643
28500.2168843958,2520.38562163499,50522.6400491792,49398.36721216,66083.7971499094
25827.0125576967,2351.20722020132,45574.1485599994,45832.8065898904,58825.2370467115
25569.9489022855,2312.02778523323,43263.2663929282,43501.9754382203,57109.5967609389
25020.8859569739,2195.03051200459,41320.7192195055,41392.1244660765,55813.7153791259
23818.2146985515,2031.98367332401,38819.6861761435,38613.8895890443,51444.4705273153
22319.6875251143,1711.98466504257,36431.9026889942,36076.6164275296,51395.1699465806
22243.4782646746,1642.39954583268,35647.5229838858,35230.6564880204,51228.8020594122
21772.7638380017,1619.69910384645,35123.2783104039,34212.8827785373,50548.0930852139
21527.1419675345,1584.25130054641,34687.6458713997,33797.1472862775,50237.4859560781
21440.8792830726,1576.51386847248,34431.6924319499,33793.8546847428,50258.5004793398
21668.1922947305,1632.88570192833,35064.0064577441,34260.9184858961,50448.8500696545
22069.4301241023,1774.40428490163,36945.3272342515,36596.7498336168,51874.6963550805
23248.2329878457,2053.55353026575,42515.9553617815,42189.7213024379,58337.3094145601
24685.6371046448,2233.31873613588,48450.1228790662,48110.144437685,61354.8092249772
25112.4760787239,2161.43646483064,50391.2267745889,50800.8705060133,65308.2618652215
25229.6774167245,2185.51501039498,49733.2483027635,53407.6899254398,65477.836457553
26800.1225311793,2314.55513180275,52172.9351219743,54223.6511524147,69196.7299304223
27021.2774001751,2308.37444487379,52675.3735902335,54288.0349845778,68804.2161102896
27006.1707802858,2330.90319650907,52953.0199379298,54202.7371909831,67913.5382446519
26573.2967489578,2355.04820248831,52833.8637485242,53524.0935749511,67938.5159521292
26355.0010453624,2386.63694898664,52402.6382030671,53257.0503819388,68312.9594427394
26698.242627122,2507.13250441014,51684.4150185804,52771.6215342357,68307.681005886
26785.6407822459,2466.96827477928,51096.438588641,51130.5139378726,67261.2842339461
27140.7426884922,2459.03138675749,51284.513218487,49238.5120835391,64252.101807643
28500.2168843958,2520.38562163499,50522.6400491792,49398.36721216,66083.7971499094
25827.0125576967,2351.20722020132,45574.1485599994,45832.8065898904,58825.2370467115
25569.9489022855,2312.02778523323,43263.2663929282,43501.9754382203,57109.5967609389
25020.8859569739,2195.03051200459,41320.7192195055,41392.1244660765,55813.7153791259
23818.2146985515,2031.98367332401,38819.6861761435,38613.8895890443,51444.4705273153
22319.6875251143,1711.98466504257,36431.9026889942,36076.6164275296,51395.1699465806
22243.4782646746,1642.39954583268,35647.5229838858,35230.6564880204,51228.8020594122
21772.7638380017,1619.69910384645,35123.2783104039,34212.8827785373,50548.0930852139
21527.1419675345,1584.25130054641,34687.6458713997,33797.1472862775,50237.4859560781
21440.8792830726,1576.51386847248,34431.6924319499,33793.8546847428,50258.5004793398
21668.1922947305,1632.88570192833,35064.0064577441,34260.9184858961,50448.8500696545
22069.4301241023,1774.40428490163,36945.3272342515,36596.7498336168,51874.6963550805
23248.2329878457,2053.55353026575,42515.9553617815,42189.7213024379,58337.3094145601
24685.6371046448,2233.31873613588,48450.1228790662,48110.144437685,61354.8092249772
25112.4760787239,2161.43646483064,50391.2267745889,50800.8705060133,65308.2618652215
25229.6774167245,2185.51501039498,49733.2483027635,53407.6899254398,65477.836457553
26800.1225311793,2314.55513180275,52172.9351219743,54223.6511524147,69196.7299304223
27021.2774001751,2308.37444487379,52675.3735902335,54288.0349845778,68804.2161102896
27006.1707802858,2330.90319650907,52953.0199379298,54202.7371909831,67913.5382446519
26573.2967489578,2355.04820248831,52833.8637485242,53524.0935749511,67938.5159521292
26355.0010453624,2386.63694898664,52402.6382030671,53257.0503819388,68312.9594427394
26698.242627122,2507.13250441014,51684.4150185804,52771.6215342357,68307.681005886
26785.6407822459,2466.96827477928,51096.438588641,51130.5139378726,67261.2842339461
27140.7426884922,2459.03138675749,51284.513218487,49238.5120835391,64252.101807643
28500.2168843958,2520.38562163499,50522.6400491792,49398.36721216,66083.7971499094
25827.0125576967,2351.20722020132,45574.1485599994,45832.8065898904,58825.2370467115
25569.9489022855,2312.02778523323,43263.2663929282,43501.9754382203,57109.5967609389
25020.8859569739,2195.03051200459,41320.7192195055,41392.1244660765,55813.7153791259
23818.2146985515,2031.98367332401,38819.6861761435,38613.8895890443,51444.4705273153
22319.6875251143,1711.98466504257,36431.9026889942,36076.6164275296,51395.1699465806
22243.4782646746,1642.39954583268,35647.5229838858,35230.6564880204,51228.8020594122
21772.7638380017,1619.69910384645,35123.2783104039,34212.8827785373,50548.0930852139
21527.1419675345,1584.25130054641,34687.6458713997,33797.1472862775,50237.4859560781
21440.8792830726,1576.51386847248,34431.6924319499,33793.8546847428,50258.5004793398
21668.1922947305,1632.88570192833,35064.0064577441,34260.9184858961,50448.8500696545
22069.4301241023,1774.40428490163,36945.3272342515,36596.7498336168,51874.6963550805
23248.2329878457,2053.55353026575,42515.9553617815,42189.7213024379,58337.3094145601
24685.6371046448,2233.31873613588,48450.1228790662,48110.144437685,61354.8092249772
25112.4760787239,2161.43646483064,50391.2267745889,50800.8705060133,65308.2618652215
25229.6774167245,2185.51501039498,49733.2483027635,53407.6899254398,65477.836457553
26800.1225311793,2314.55513180275,52172.9351219743,54223.6511524147,69196.7299304223
27021.2774001751,2308.37444487379,52675.3735902335,54288.0349845778,68804.2161102896
27006.1707802858,2330.90319650907,52953.0199379298,54202.7371909831,67913.5382446519
26573.2967489578,2355.04820248831,52833.8637485242,53524.0935749511,67938.5159521292
26355.0010453624,2386.63694898664,52402.6382030671,53257.0503819388,68312.9594427394
26698.242627122,2507.13250441014,51684.4150185804,52771.6215342357,68307.681005886
26785.6407822459,2466.96827477928,51096.438588641,51130.5139378726,67261.2842339461
27140.7426884922,2459.03138675749,51284.513218487,49238.5120835391,64252.101807643
28500.2168843958,2520.38562163499,50522.6400491792,49398.36721216,66083.7971499094
25827.0125576967,2351.20722020132,45574.1485599994,45832.8065898904,58825.2370467115
25569.9489022855,2312.02778523323,43263.2663929282,43501.9754382203,57109.5967609389
25020.8859569739,2195.03051200459,41320.7192195055,41392.1244660765,55813.7153791259
23818.2146985515,2031.98367332401,38819.6861761435,38613.8895890443,51444.4705273153
22319.6875251143,1711.98466504257,36431.9026889942,36076.6164275296,51395.1699465806
22243.4782646746,1642.39954583268,35647.5229838858,35230.6564880204,51228.8020594122
21772.7638380017,1619.69910384645,35123.2783104039,34212.8827785373,50548.0930852139
21527.1419675345,1584.25130054641,34687.6458713997,33797.1472862775,50237.4859560781
21440.8792830726,1576.51386847248,34431.6924319499,33793.8546847428,50258.5004793398
21668.1922947305,1632.88570192833,35064.0064577441,34260.9184858961,50448.8500696545
22069.4301241023,1774.40428490163,36945.3272342515,36596.7498336168,51874.6963550805
23248.2329878457,2053.55353026575,42515.9553617815,42189.7213024379,58337.3094145601
24685.6371046448,2233.31873613588,48450.1228790662,48110.144437685,61354.8092249772
25112.4760787239,2161.43646483064,50391.2267745889,50800.8705060133,65308.2618652215
25229.6774167245,2185.51501039498,49733.2483027635,53407.6899254398,65477.836457553
26800.1225311793,2314.55513180275,52172.9351219743,54223.6511524147,69196.7299304223
27021.2774001751,2308.37444487379,52675.3735902335,54288.0349845778,68804.2161102896
27006.1707802858,2330.90319650907,52953.0199379298,54202.7371909831,67913.5382446519
26573.2967489578,2355.04820248831,52833.8637485242,53524.0935749511,67938.5159521292
26355.0010453624,2386.63694898664,52402.6382030671,53257.0503819388,68312.9594427394
26698.242627122,2507.13250441014,51684.4150185804,52771.6215342357,68307.681005886
26785.6407822459,2466.96827477928,51096.438588641,51130.5139378726,67261.2842339461
27140.7426884922,2459.03138675749,51284.513218487,49238.5120835391,64252.101807643
28500.2168843958,2520.38562163499,50522.6400491792,49398.36721216,66083.7971499094
25827.0125576967,2351.20722020132,45574.1485599994,45832.8065898904,58825.2370467115
25569.9489022855,2312.02778523323,43263.2663929282,43501.9754382203,57109.5967609389
25020.8859569739,2195.03051200459,41320.7192195055,41392.1244660765,55813.7153791259
23818.2146985515,2031.98367332401,38819.6861761435,38613.8895890443,51444.4705273153
22319.6875251143,1711.98466504257,36431.9026889942,36076.6164275296,51395.1699465806
22243.4782646746,1642.39954583268,35647.5229838858,35230.6564880204,51228.8020594122
21772.7638380017,1619.69910384645,35123.2783104039,34212.8827785373,50548.0930852139
21527.1419675345,1584.25130054641,34687.6458713997,33797.1472862775,50237.4859560781
21440.8792830726,1576.51386847248,34431.6924319499,33793.8546847428,50258.5004793398
21668.1922947305,1632.88570192833,35064.0064577441,34260.9184858961,50448.8500696545
22069.4301241023,1774.40428490163,36945.3272342515,36596.7498336168,51874.6963550805
23248.2329878457,2053.55353026575,42515.9553617815,42189.7213024379,58337.3094145601
24685.6371046448,2233.31873613588,48450.1228790662,48110.144437685,61354.8092249772
25112.4760787239,2161.43646483064,50391.2267745889,50800.8705060133,65308.2618652215
25229.6774167245,2185.51501039498,49733.2483027635,53407.6899254398,65477.836457553
26800.1225311793,2314.55513180275,52172.9351219743,54223.6511524147,69196.7299304223
27021.2774001751,2308.37444487379,52675.3735902335,54288.0349845778,68804.2161102896
27006.1707802858,2330.90319650907,52953.0199379298,54202.7371909831,67913.5382446519
26573.2967489578,2355.04820248831,52833.8637485242,53524.0935749511,67938.5159521292
26355.0010453624,2386.63694898664,52402.6382030671,53257.0503819388,68312.9594427394
26698.242627122,2507.13250441014,51684.4150185804,52771.6215342357,68307.681005886
26785.6407822459,2466.96827477928,51096.438588641,51130.5139378726,67261.2842339461
27140.7426884922,2459.03138675749,51284.513218487,49238.5120835391,64252.101807643
28500.2168843958,2520.38562163499,50522.6400491792,49398.36721216,66083.7971499094
25827.0125576967,2351.20722020132,45574.1485599994,45832.8065898904,58825.2370467115
25569.9489022855,2312.02778523323,43263.2663929282,43501.9754382203,57109.5967609389
25020.8859569739,2195.03051200459,41320.7192195055,41392.1244660765,55813.7153791259
23818.2146985515,2031.98367332401,38819.6861761435,38613.8895890443,51444.4705273153
22319.6875251143,1711.98466504257,36431.9026889942,36076.6164275296,51395.1699465806
22243.4782646746,1642.39954583268,35647.5229838858,35230.6564880204,51228.8020594122
21772.7638380017,1619.69910384645,35123.2783104039,34212.8827785373,50548.0930852139
21527.1419675345,1584.25130054641,34687.6458713997,33797.1472862775,50237.4859560781
21440.8792830726,1576.51386847248,34431.6924319499,33793.8546847428,50258.5004793398
21668.1922947305,1632.88570192833,35064.0064577441,34260.9184858961,50448.8500696545
22069.4301241023,1774.40428490163,36945.3272342515,36596.7498336168,51874.6963550805
23248.2329878457,2053.55353026575,42515.9553617815,42189.7213024379,58337.3094145601
24685.6371046448,2233.31873613588,48450.1228790662,48110.144437685,61354.8092249772
25112.4760787239,2161.43646483064,50391.2267745889,50800.8705060133,65308.2618652215
25229.6774167245,2185.51501039498,49733.2483027635,53407.6899254398,65477.836457553
26800.1225311793,2314.55513180275,52172.9351219743,54223.6511524147,69196.7299304223
27021.2774001751,2308.37444487379,52675.3735902335,54288.0349845778,68804.2161102896
27006.1707802858,2330.90319650907,52953.0199379298,54202.7371909831,67913.5382446519
26573.2967489578,2355.04820248831,52833.8637485242,53524.0935749511,67938.5159521292
26355.0010453624,2386.63694898664,52402.6382030671,53257.0503819388,68312.9594427394
26698.242627122,2507.13250441014,51684.4150185804,52771.6215342357,68307.681005886
26785.6407822459,2466.96827477928,51096.438588641,51130.5139378726,67261.2842339461
27140.7426884922,2459.03138675749,51284.513218487,49238.5120835391,64252.101807643
28500.2168843958,2520.38562163499,50522.6400491792,49398.36721216,66083.7971499094
25827.0125576967,2351.20722020132,45574.1485599994,45832.8065898904,58825.2370467115
25569.9489022855,2312.02778523323,43263.2663929282,43501.9754382203,57109.5967609389
25020.8859569739,2195.03051200459,41320.7192195055,41392.1244660765,55813.7153791259
23818.2146985515,2031.98367332401,38819.6861761435,38613.8895890443,51444.4705273153
22319.6875251143,1711.98466504257,36431.9026889942,36076.6164275296,51395.1699465806
22243.4782646746,1642.39954583268,35647.5229838858,35230.6564880204,51228.8020594122
21772.7638380017,1619.69910384645,35123.2783104039,34212.8827785373,50548.0930852139
21527.1419675345,1584.25130054641,34687.6458713997,33797.1472862775,50237.4859560781
21440.8792830726,1576.51386847248,34431.6924319499,33793.8546847428,50258.5004793398
21668.1922947305,1632.88570192833,35064.0064577441,34260.9184858961,50448.8500696545
22069.4301241023,1774.40428490163,36945.3272342515,36596.7498336168,51874.6963550805
23248.2329878457,2053.55353026575,42515.9553617815,42189.7213024379,58337.3094145601
24685.6371046448,2233.31873613588,48450.1228790662,48110.144437685,61354.8092249772
25112.4760787239,2161.43646483064,50391.2267745889,50800.8705060133,65308.2618652215
25229.6774167245,2185.51501039498,49733.2483027635,53407.6899254398,65477.836457553
26800.1225311793,2314.55513180275,52172.9351219743,54223.6511524147,69196.7299304223
27021.2774001751,2308.37444487379,52675.3735902335,54288.0349845778,68804.2161102896
27006.1707802858,2330.90319650907,52953.0199379298,54202.7371909831,67913.5382446519
26573.2967489578,2355.04820248831,52833.8637485242,53524.0935749511,67938.5159521292
26355.0010453624,2386.63694898664,52402.6382030671,53257.0503819388,68312.9594427394
26698.242627122,2507.13250441014,51684.4150185804,52771.6215342357,68307.681005886
26785.6407822459,2466.96827477928,51096.438588641,51130.5139378726,67261.2842339461
27140.7426884922,2459.03138675749,51284.513218487,49238.5120835391,64252.101807643
28500.2168843958,2520.38562163499,50522.6400491792,49398.36721216,66083.7971499094
25827.0125576967,2351.20722020132,45574.1485599994,45832.8065898904,58825.2370467115
25569.9489022855,2312.02778523323,43263.2663929282,43501.9754382203,57109.5967609389
25020.8859569739,2195.03051200459,41320.7192195055,41392.1244660765,55813.7153791259
23818.2146985515,2031.98367332401,38819.6861761435,38613.8895890443,51444.4705273153
22319.6875251143,1711.98466504257,36431.9026889942,36076.6164275296,51395.1699465806
22243.4782646746,1642.39954583268,35647.5229838858,35230.6564880204,51228.8020594122
21772.7638380017,1619.69910384645,35123.2783104039,34212.8827785373,50548.0930852139
21527.1419675345,1584.25130054641,34687.6458713997,33797.1472862775,50237.4859560781
21440.8792830726,1576.51386847248,34431.6924319499,33793.8546847428,50258.5004793398
21668.1922947305,1632.88570192833,35064.0064577441,34260.9184858961,50448.8500696545
22069.4301241023,1774.40428490163,36945.3272342515,36596.7498336168,51874.6963550805
23248.2329878457,2053.55353026575,42515.9553617815,42189.7213024379,58337.3094145601
24685.6371046448,2233.31873613588,48450.1228790662,48110.144437685,61354.8092249772
25112.4760787239,2161.43646483064,50391.2267745889,50800.8705060133,65308.2618652215
25229.6774167245,2185.51501039498,49733.2483027635,53407.6899254398,65477.836457553
26800.1225311793,2314.55513180275,52172.9351219743,54223.6511524147,69196.7299304223
27021.2774001751,2308.37444487379,52675.3735902335,54288.0349845778,68804.2161102896
27006.1707802858,2330.90319650907,52953.0199379298,54202.7371909831,67913.5382446519
26573.2967489578,2355.04820248831,52833.8637485242,53524.0935749511,67938.5159521292
26355.0010453624,2386.63694898664,52402.6382030671,53257.0503819388,68312.9594427394
26698.242627122,2507.13250441014,51684.4150185804,52771.6215342357,68307.681005886
26785.6407822459,2466.96827477928,51096.438588641,51130.5139378726,67261.2842339461
27140.7426884922,2459.03138675749,51284.513218487,49238.5120835391,64252.101807643
28500.2168843958,2520.38562163499,50522.6400491792,49398.36721216,66083.7971499094
25827.0125576967,2351.20722020132,45574.1485599994,45832.8065898904,58825.2370467115
25569.9489022855,2312.02778523323,43263.2663929282,43501.9754382203,57109.5967609389
25020.8859569739,2195.03051200459,41320.7192195055,41392.1244660765,55813.7153791259
23818.2146985515,2031.98367332401,38819.6861761435,38613.8895890443,51444.4705273153
22319.6875251143,1711.98466504257,36431.9026889942,36076.6164275296,51395.1699465806
22243.4782646746,1642.39954583268,35647.5229838858,35230.6564880204,51228.8020594122
21772.7638380017,1619.69910384645,35123.2783104039,34212.8827785373,50548.0930852139
21527.1419675345,1584.25130054641,34687.6458713997,33797.1472862775,50237.4859560781
21440.8792830726,1576.51386847248,34431.6924319499,33793.8546847428,50258.5004793398
21668.1922947305,1632.88570192833,35064.0064577441,34260.9184858961,50448.8500696545
22069.4301241023,1774.40428490163,36945.3272342515,36596.7498336168,51874.6963550805
23248.2329878457,2053.55353026575,42515.9553617815,42189.7213024379,58337.3094145601
24685.6371046448,2233.31873613588,48450.1228790662,48110.144437685,61354.8092249772
25112.4760787239,2161.43646483064,50391.2267745889,50800.8705060133,65308.2618652215
25229.6774167245,2185.51501039498,49733.2483027635,53407.6899254398,65477.836457553
26800.1225311793,2314.55513180275,52172.9351219743,54223.6511524147,69196.7299304223
27021.2774001751,2308.37444487379,52675.3735902335,54288.0349845778,68804.2161102896
27006.1707802858,2330.90319650907,52953.0199379298,54202.7371909831,67913.5382446519
26573.2967489578,2355.04820248831,52833.8637485242,53524.0935749511,67938.5159521292
26355.0010453624,2386.63694898664,52402.6382030671,53257.0503819388,68312.9594427394
26698.242627122,2507.13250441014,51684.4150185804,52771.6215342357,68307.681005886
26785.6407822459,2466.96827477928,51096.438588641,51130.5139378726,67261.2842339461
27140.7426884922,2459.03138675749,51284.513218487,49238.5120835391,64252.101807643
28500.2168843958,2520.38562163499,50522.6400491792,49398.36721216,66083.7971499094
25827.0125576967,2351.20722020132,45574.1485599994,45832.8065898904,58825.2370467115
25569.9489022855,2312.02778523323,43263.2663929282,43501.9754382203,57109.5967609389
25020.8859569739,2195.03051200459,41320.7192195055,41392.1244660765,55813.7153791259
23818.2146985515,2031.98367332401,38819.6861761435,38613.8895890443,51444.4705273153
22319.6875251143,1711.98466504257,36431.9026889942,36076.6164275296,51395.1699465806
22243.4782646746,1642.39954583268,35647.5229838858,35230.6564880204,51228.8020594122
21772.7638380017,1619.69910384645,35123.2783104039,34212.8827785373,50548.0930852139
21527.1419675345,1584.25130054641,34687.6458713997,33797.1472862775,50237.4859560781
21440.8792830726,1576.51386847248,34431.6924319499,33793.8546847428,50258.5004793398
21668.1922947305,1632.88570192833,35064.0064577441,34260.9184858961,50448.8500696545
22069.4301241023,1774.40428490163,36945.3272342515,36596.7498336168,51874.6963550805
23248.2329878457,2053.55353026575,42515.9553617815,42189.7213024379,58337.3094145601
24685.6371046448,2233.31873613588,48450.1228790662,48110.144437685,61354.8092249772
25112.4760787239,2161.43646483064,50391.2267745889,50800.8705060133,65308.2618652215
25229.6774167245,2185.51501039498,49733.2483027635,53407.6899254398,65477.836457553
26800.1225311793,2314.55513180275,52172.9351219743,54223.6511524147,69196.7299304223
27021.2774001751,2308.37444487379,52675.3735902335,54288.0349845778,68804.2161102896
27006.1707802858,2330.90319650907,52953.0199379298,54202.7371909831,67913.5382446519
26573.2967489578,2355.04820248831,52833.8637485242,53524.0935749511,67938.5159521292
26355.0010453624,2386.63694898664,52402.6382030671,53257.0503819388,68312.9594427394
26698.242627122,2507.13250441014,51684.4150185804,52771.6215342357,68307.681005886
26785.6407822459,2466.96827477928,51096.438588641,51130.5139378726,67261.2842339461
27140.7426884922,2459.03138675749,51284.513218487,49238.5120835391,64252.101807643
28500.2168843958,2520.38562163499,50522.6400491792,49398.36721216,66083.7971499094
25827.0125576967,2351.20722020132,45574.1485599994,45832.8065898904,58825.2370467115
25569.9489022855,2312.02778523323,43263.2663929282,43501.9754382203,57109.5967609389
25020.8859569739,2195.03051200459,41320.7192195055,41392.1244660765,55813.7153791259
23818.2146985515,2031.98367332401,38819.6861761435,38613.8895890443,51444.4705273153
22319.6875251143,1711.98466504257,36431.9026889942,36076.6164275296,51395.1699465806
22243.4782646746,1642.39954583268,35647.5229838858,35230.6564880204,51228.8020594122
21772.7638380017,1619.69910384645,35123.2783104039,34212.8827785373,50548.0930852139
21527.1419675345,1584.25130054641,34687.6458713997,33797.1472862775,50237.4859560781
21440.8792830726,1576.51386847248,34431.6924319499,33793.8546847428,50258.5004793398
21668.1922947305,1632.88570192833,35064.0064577441,34260.9184858961,50448.8500696545
22069.4301241023,1774.40428490163,36945.3272342515,36596.7498336168,51874.6963550805
23248.2329878457,2053.55353026575,42515.9553617815,42189.7213024379,58337.3094145601
24685.6371046448,2233.31873613588,48450.1228790662,48110.144437685,61354.8092249772
25112.4760787239,2161.43646483064,50391.2267745889,50800.8705060133,65308.2618652215
25229.6774167245,2185.51501039498,49733.2483027635,53407.6899254398,65477.836457553
26800.1225311793,2314.55513180275,52172.9351219743,54223.6511524147,69196.7299304223
27021.2774001751,2308.37444487379,52675.3735902335,54288.0349845778,68804.2161102896
27006.1707802858,2330.90319650907,52953.0199379298,54202.7371909831,67913.5382446519
26573.2967489578,2355.04820248831,52833.8637485242,53524.0935749511,67938.5159521292
26355.0010453624,2386.63694898664,52402.6382030671,53257.0503819388,68312.9594427394
26698.242627122,2507.13250441014,51684.4150185804,52771.6215342357,68307.681005886
26785.6407822459,2466.96827477928,51096.438588641,51130.5139378726,67261.2842339461
27140.7426884922,2459.03138675749,51284.513218487,49238.5120835391,64252.101807643
28500.2168843958,2520.38562163499,50522.6400491792,49398.36721216,66083.7971499094
25827.0125576967,2351.20722020132,45574.1485599994,45832.8065898904,58825.2370467115
25569.9489022855,2312.02778523323,43263.2663929282,43501.9754382203,57109.5967609389
25020.8859569739,2195.03051200459,41320.7192195055,41392.1244660765,55813.7153791259
23818.2146985515,2031.98367332401,38819.6861761435,38613.8895890443,51444.4705273153
22319.6875251143,1711.98466504257,36431.9026889942,36076.6164275296,51395.1699465806
22243.4782646746,1642.39954583268,35647.5229838858,35230.6564880204,51228.8020594122
21772.7638380017,1619.69910384645,35123.2783104039,34212.8827785373,50548.0930852139
21527.1419675345,1584.25130054641,34687.6458713997,33797.1472862775,50237.4859560781
21440.8792830726,1576.51386847248,34431.6924319499,33793.8546847428,50258.5004793398
21668.1922947305,1632.88570192833,35064.0064577441,34260.9184858961,50448.8500696545
22069.4301241023,1774.40428490163,36945.3272342515,36596.7498336168,51874.6963550805
23248.2329878457,2053.55353026575,42515.9553617815,42189.7213024379,58337.3094145601
24685.6371046448,2233.31873613588,48450.1228790662,48110.144437685,61354.8092249772
25112.4760787239,2161.43646483064,50391.2267745889,50800.8705060133,65308.2618652215
25229.6774167245,2185.51501039498,49733.2483027635,53407.6899254398,65477.836457553
26800.1225311793,2314.55513180275,52172.9351219743,54223.6511524147,69196.7299304223
27021.2774001751,2308.37444487379,52675.3735902335,54288.0349845778,68804.2161102896
27006.1707802858,2330.90319650907,52953.0199379298,54202.7371909831,67913.5382446519
26573.2967489578,2355.04820248831,52833.8637485242,53524.0935749511,67938.5159521292
26355.0010453624,2386.63694898664,52402.6382030671,53257.0503819388,68312.9594427394
26698.242627122,2507.13250441014,51684.4150185804,52771.6215342357,68307.681005886
26785.6407822459,2466.96827477928,51096.438588641,51130.5139378726,67261.2842339461
27140.7426884922,2459.03138675749,51284.513218487,49238.5120835391,64252.101807643
28500.2168843958,2520.38562163499,50522.6400491792,49398.36721216,66083.7971499094
25827.0125576967,2351.20722020132,45574.1485599994,45832.8065898904,58825.2370467115
25569.9489022855,2312.02778523323,43263.2663929282,43501.9754382203,57109.5967609389
25020.8859569739,2195.03051200459,41320.7192195055,41392.1244660765,55813.7153791259
23818.2146985515,2031.98367332401,38819.6861761435,38613.8895890443,51444.4705273153
22319.6875251143,1711.98466504257,36431.9026889942,36076.6164275296,51395.1699465806
22243.4782646746,1642.39954583268,35647.5229838858,35230.6564880204,51228.8020594122
21772.7638380017,1619.69910384645,35123.2783104039,34212.8827785373,50548.0930852139
21527.1419675345,1584.25130054641,34687.6458713997,33797.1472862775,50237.4859560781
21440.8792830726,1576.51386847248,34431.6924319499,33793.8546847428,50258.5004793398
21668.1922947305,1632.88570192833,35064.0064577441,34260.9184858961,50448.8500696545
22069.4301241023,1774.40428490163,36945.3272342515,36596.7498336168,51874.6963550805
23248.2329878457,2053.55353026575,42515.9553617815,42189.7213024379,58337.3094145601
24685.6371046448,2233.31873613588,48450.1228790662,48110.144437685,61354.8092249772
25112.4760787239,2161.43646483064,50391.2267745889,50800.8705060133,65308.2618652215
25229.6774167245,2185.51501039498,49733.2483027635,53407.6899254398,65477.836457553
26800.1225311793,2314.55513180275,52172.9351219743,54223.6511524147,69196.7299304223
27021.2774001751,2308.37444487379,52675.3735902335,54288.0349845778,68804.2161102896
27006.1707802858,2330.90319650907,52953.0199379298,54202.7371909831,67913.5382446519
26573.2967489578,2355.04820248831,52833.8637485242,53524.0935749511,67938.5159521292
26355.0010453624,2386.63694898664,52402.6382030671,53257.0503819388,68312.9594427394
26698.242627122,2507.13250441014,51684.4150185804,52771.6215342357,68307.681005886
26785.6407822459,2466.96827477928,51096.438588641,51130.5139378726,67261.2842339461
27140.7426884922,2459.03138675749,51284.513218487,49238.5120835391,64252.101807643
28500.2168843958,2520.38562163499,50522.6400491792,49398.36721216,66083.7971499094
25827.0125576967,2351.20722020132,45574.1485599994,45832.8065898904,58825.2370467115
25569.9489022855,2312.02778523323,43263.2663929282,43501.9754382203,57109.5967609389
25020.8859569739,2195.03051200459,41320.7192195055,41392.1244660765,55813.7153791259
23818.2146985515,2031.98367332401,38819.6861761435,38613.8895890443,51444.4705273153
22319.6875251143,1711.98466504257,36431.9026889942,36076.6164275296,51395.1699465806
22243.4782646746,1642.39954583268,35647.5229838858,35230.6564880204,51228.8020594122
21772.7638380017,1619.69910384645,35123.2783104039,34212.8827785373,50548.0930852139
21527.1419675345,1584.25130054641,34687.6458713997,33797.1472862775,50237.4859560781
21440.8792830726,1576.51386847248,34431.6924319499,33793.8546847428,50258.5004793398
21668.1922947305,1632.88570192833,35064.0064577441,34260.9184858961,50448.8500696545
22069.4301241023,1774.40428490163,36945.3272342515,36596.7498336168,51874.6963550805
23248.2329878457,2053.55353026575,42515.9553617815,42189.7213024379,58337.3094145601
24685.6371046448,2233.31873613588,48450.1228790662,48110.144437685,61354.8092249772
25112.4760787239,2161.43646483064,50391.2267745889,50800.8705060133,65308.2618652215
25229.6774167245,2185.51501039498,49733.2483027635,53407.6899254398,65477.836457553
26800.1225311793,2314.55513180275,52172.9351219743,54223.6511524147,69196.7299304223
27021.2774001751,2308.37444487379,52675.3735902335,54288.0349845778,68804.2161102896
27006.1707802858,2330.90319650907,52953.0199379298,54202.7371909831,67913.5382446519
26573.2967489578,2355.04820248831,52833.8637485242,53524.0935749511,67938.5159521292
26355.0010453624,2386.63694898664,52402.6382030671,53257.0503819388,68312.9594427394
26698.242627122,2507.13250441014,51684.4150185804,52771.6215342357,68307.681005886
26785.6407822459,2466.96827477928,51096.438588641,51130.5139378726,67261.2842339461
27140.7426884922,2459.03138675749,51284.513218487,49238.5120835391,64252.101807643
28500.2168843958,2520.38562163499,50522.6400491792,49398.36721216,66083.7971499094
25827.0125576967,2351.20722020132,45574.1485599994,45832.8065898904,58825.2370467115
25569.9489022855,2312.02778523323,43263.2663929282,43501.9754382203,57109.5967609389
25020.8859569739,2195.03051200459,41320.7192195055,41392.1244660765,55813.7153791259
23818.2146985515,2031.98367332401,38819.6861761435,38613.8895890443,51444.4705273153
22319.6875251143,1711.98466504257,36431.9026889942,36076.6164275296,51395.1699465806
22243.4782646746,1642.39954583268,35647.5229838858,35230.6564880204,51228.8020594122
21772.7638380017,1619.69910384645,35123.2783104039,34212.8827785373,50548.0930852139
21527.1419675345,1584.25130054641,34687.6458713997,33797.1472862775,50237.4859560781
21440.8792830726,1576.51386847248,34431.6924319499,33793.8546847428,50258.5004793398
21668.1922947305,1632.88570192833,35064.0064577441,34260.9184858961,50448.8500696545
22069.4301241023,1774.40428490163,36945.3272342515,36596.7498336168,51874.6963550805
23248.2329878457,2053.55353026575,42515.9553617815,42189.7213024379,58337.3094145601
24685.6371046448,2233.31873613588,48450.1228790662,48110.144437685,61354.8092249772
25112.4760787239,2161.43646483064,50391.2267745889,50800.8705060133,65308.2618652215
25229.6774167245,2185.51501039498,49733.2483027635,53407.6899254398,65477.836457553
26800.1225311793,2314.55513180275,52172.9351219743,54223.6511524147,69196.7299304223
27021.2774001751,2308.37444487379,52675.3735902335,54288.0349845778,68804.2161102896
27006.1707802858,2330.90319650907,52953.0199379298,54202.7371909831,67913.5382446519
26573.2967489578,2355.04820248831,52833.8637485242,53524.0935749511,67938.5159521292
26355.0010453624,2386.63694898664,52402.6382030671,53257.0503819388,68312.9594427394
26698.242627122,2507.13250441014,51684.4150185804,52771.6215342357,68307.681005886
26785.6407822459,2466.96827477928,51096.438588641,51130.5139378726,67261.2842339461
27140.7426884922,2459.03138675749,51284.513218487,49238.5120835391,64252.101807643
28500.2168843958,2520.38562163499,50522.6400491792,49398.36721216,66083.7971499094
25827.0125576967,2351.20722020132,45574.1485599994,45832.8065898904,58825.2370467115
25569.9489022855,2312.02778523323,43263.2663929282,43501.9754382203,57109.5967609389
25020.8859569739,2195.03051200459,41320.7192195055,41392.1244660765,55813.7153791259
23818.2146985515,2031.98367332401,38819.6861761435,38613.8895890443,51444.4705273153
22319.6875251143,1711.98466504257,36431.9026889942,36076.6164275296,51395.1699465806
22243.4782646746,1642.39954583268,35647.5229838858,35230.6564880204,51228.8020594122
21772.7638380017,1619.69910384645,35123.2783104039,34212.8827785373,50548.0930852139
21527.1419675345,1584.25130054641,34687.6458713997,33797.1472862775,50237.4859560781
21440.8792830726,1576.51386847248,34431.6924319499,33793.8546847428,50258.5004793398
21668.1922947305,1632.88570192833,35064.0064577441,34260.9184858961,50448.8500696545
22069.4301241023,1774.40428490163,36945.3272342515,36596.7498336168,51874.6963550805
23248.2329878457,2053.55353026575,42515.9553617815,42189.7213024379,58337.3094145601
24685.6371046448,2233.31873613588,48450.1228790662,48110.144437685,61354.8092249772
25112.4760787239,2161.43646483064,50391.2267745889,50800.8705060133,65308.2618652215
25229.6774167245,2185.51501039498,49733.2483027635,53407.6899254398,65477.836457553
26800.1225311793,2314.55513180275,52172.9351219743,54223.6511524147,69196.7299304223
27021.2774001751,2308.37444487379,52675.3735902335,54288.0349845778,68804.2161102896
27006.1707802858,2330.90319650907,52953.0199379298,54202.7371909831,67913.5382446519
26573.2967489578,2355.04820248831,52833.8637485242,53524.0935749511,67938.5159521292
26355.0010453624,2386.63694898664,52402.6382030671,53257.0503819388,68312.9594427394
26698.242627122,2507.13250441014,51684.4150185804,52771.6215342357,68307.681005886
26785.6407822459,2466.96827477928,51096.438588641,51130.5139378726,67261.2842339461
27140.7426884922,2459.03138675749,51284.513218487,49238.5120835391,64252.101807643
28500.2168843958,2520.38562163499,50522.6400491792,49398.36721216,66083.7971499094
25827.0125576967,2351.20722020132,45574.1485599994,45832.8065898904,58825.2370467115
25569.9489022855,2312.02778523323,43263.2663929282,43501.9754382203,57109.5967609389
25020.8859569739,2195.03051200459,41320.7192195055,41392.1244660765,55813.7153791259
23818.2146985515,2031.98367332401,38819.6861761435,38613.8895890443,51444.4705273153
22319.6875251143,1711.98466504257,36431.9026889942,36076.6164275296,51395.1699465806
22243.4782646746,1642.39954583268,35647.5229838858,35230.6564880204,51228.8020594122
21772.7638380017,1619.69910384645,35123.2783104039,34212.8827785373,50548.0930852139
21527.1419675345,1584.25130054641,34687.6458713997,33797.1472862775,50237.4859560781
21440.8792830726,1576.51386847248,34431.6924319499,33793.8546847428,50258.5004793398
21668.1922947305,1632.88570192833,35064.0064577441,34260.9184858961,50448.8500696545
22069.4301241023,1774.40428490163,36945.3272342515,36596.7498336168,51874.6963550805
23248.2329878457,2053.55353026575,42515.9553617815,42189.7213024379,58337.3094145601
24685.6371046448,2233.31873613588,48450.1228790662,48110.144437685,61354.8092249772
25112.4760787239,2161.43646483064,50391.2267745889,50800.8705060133,65308.2618652215
25229.6774167245,2185.51501039498,49733.2483027635,53407.6899254398,65477.836457553
26800.1225311793,2314.55513180275,52172.9351219743,54223.6511524147,69196.7299304223
27021.2774001751,2308.37444487379,52675.3735902335,54288.0349845778,68804.2161102896
27006.1707802858,2330.90319650907,52953.0199379298,54202.7371909831,67913.5382446519
26573.2967489578,2355.04820248831,52833.8637485242,53524.0935749511,67938.5159521292
26355.0010453624,2386.63694898664,52402.6382030671,53257.0503819388,68312.9594427394
26698.242627122,2507.13250441014,51684.4150185804,52771.6215342357,68307.681005886
26785.6407822459,2466.96827477928,51096.438588641,51130.5139378726,67261.2842339461
27140.7426884922,2459.03138675749,51284.513218487,49238.5120835391,64252.101807643
28500.2168843958,2520.38562163499,50522.6400491792,49398.36721216,66083.7971499094
25827.0125576967,2351.20722020132,45574.1485599994,45832.8065898904,58825.2370467115
25569.9489022855,2312.02778523323,43263.2663929282,43501.9754382203,57109.5967609389
25020.8859569739,2195.03051200459,41320.7192195055,41392.1244660765,55813.7153791259
23818.2146985515,2031.98367332401,38819.6861761435,38613.8895890443,51444.4705273153
22319.6875251143,1711.98466504257,36431.9026889942,36076.6164275296,51395.1699465806
22243.4782646746,1642.39954583268,35647.5229838858,35230.6564880204,51228.8020594122
21772.7638380017,1619.69910384645,35123.2783104039,34212.8827785373,50548.0930852139
21527.1419675345,1584.25130054641,34687.6458713997,33797.1472862775,50237.4859560781
21440.8792830726,1576.51386847248,34431.6924319499,33793.8546847428,50258.5004793398
21668.1922947305,1632.88570192833,35064.0064577441,34260.9184858961,50448.8500696545
22069.4301241023,1774.40428490163,36945.3272342515,36596.7498336168,51874.6963550805
23248.2329878457,2053.55353026575,42515.9553617815,42189.7213024379,58337.3094145601
24685.6371046448,2233.31873613588,48450.1228790662,48110.144437685,61354.8092249772
25112.4760787239,2161.43646483064,50391.2267745889,50800.8705060133,65308.2618652215
25229.6774167245,2185.51501039498,49733.2483027635,53407.6899254398,65477.836457553
26800.1225311793,2314.55513180275,52172.9351219743,54223.6511524147,69196.7299304223
27021.2774001751,2308.37444487379,52675.3735902335,54288.0349845778,68804.2161102896
27006.1707802858,2330.90319650907,52953.0199379298,54202.7371909831,67913.5382446519
26573.2967489578,2355.04820248831,52833.8637485242,53524.0935749511,67938.5159521292
26355.0010453624,2386.63694898664,52402.6382030671,53257.0503819388,68312.9594427394
26698.242627122,2507.13250441014,51684.4150185804,52771.6215342357,68307.681005886
26785.6407822459,2466.96827477928,51096.438588641,51130.5139378726,67261.2842339461
27140.7426884922,2459.03138675749,51284.513218487,49238.5120835391,64252.101807643
28500.2168843958,2520.38562163499,50522.6400491792,49398.36721216,66083.7971499094
25827.0125576967,2351.20722020132,45574.1485599994,45832.8065898904,58825.2370467115
25569.9489022855,2312.02778523323,43263.2663929282,43501.9754382203,57109.5967609389
25020.8859569739,2195.03051200459,41320.7192195055,41392.1244660765,55813.7153791259
23818.2146985515,2031.98367332401,38819.6861761435,38613.8895890443,51444.4705273153
22319.6875251143,1711.98466504257,36431.9026889942,36076.6164275296,51395.1699465806
22243.4782646746,1642.39954583268,35647.5229838858,35230.6564880204,51228.8020594122
21772.7638380017,1619.69910384645,35123.2783104039,34212.8827785373,50548.0930852139
21527.1419675345,1584.25130054641,34687.6458713997,33797.1472862775,50237.4859560781
21440.8792830726,1576.51386847248,34431.6924319499,33793.8546847428,50258.5004793398
21668.1922947305,1632.88570192833,35064.0064577441,34260.9184858961,50448.8500696545
22069.4301241023,1774.40428490163,36945.3272342515,36596.7498336168,51874.6963550805
23248.2329878457,2053.55353026575,42515.9553617815,42189.7213024379,58337.3094145601
24685.6371046448,2233.31873613588,48450.1228790662,48110.144437685,61354.8092249772
25112.4760787239,2161.43646483064,50391.2267745889,50800.8705060133,65308.2618652215
25229.6774167245,2185.51501039498,49733.2483027635,53407.6899254398,65477.836457553
26800.1225311793,2314.55513180275,52172.9351219743,54223.6511524147,69196.7299304223
27021.2774001751,2308.37444487379,52675.3735902335,54288.0349845778,68804.2161102896
27006.1707802858,2330.90319650907,52953.0199379298,54202.7371909831,67913.5382446519
26573.2967489578,2355.04820248831,52833.8637485242,53524.0935749511,67938.5159521292
26355.0010453624,2386.63694898664,52402.6382030671,53257.0503819388,68312.9594427394
26698.242627122,2507.13250441014,51684.4150185804,52771.6215342357,68307.681005886
26785.6407822459,2466.96827477928,51096.438588641,51130.5139378726,67261.2842339461
27140.7426884922,2459.03138675749,51284.513218487,49238.5120835391,64252.101807643
28500.2168843958,2520.38562163499,50522.6400491792,49398.36721216,66083.7971499094
25827.0125576967,2351.20722020132,45574.1485599994,45832.8065898904,58825.2370467115
25569.9489022855,2312.02778523323,43263.2663929282,43501.9754382203,57109.5967609389
25020.8859569739,2195.03051200459,41320.7192195055,41392.1244660765,55813.7153791259
23818.2146985515,2031.98367332401,38819.6861761435,38613.8895890443,51444.4705273153
22319.6875251143,1711.98466504257,36431.9026889942,36076.6164275296,51395.1699465806
22081.802763428,1672.92009816446,35588.7940215633,34985.9698473615,50819.3325316462
21903.6269477995,1637.14308304333,34497.1935498292,33946.7570509669,50606.7086625004
21730.6843680166,1599.6966911371,33921.47722354,33573.9462813934,50315.6597006227
21727.3295388136,1591.38284102816,33715.6643902076,33659.544307539,50328.9330598374
22002.2398620869,1639.03868462083,34979.3057622148,34921.195074227,50919.50485499
22463.4653868174,1759.13946818432,38729.8270740949,38077.8582662705,52969.5742703026
23561.6578330165,2093.21580383265,46679.2268012183,45475.7470191191,61377.1015792572
23654.9845875296,2084.7784208949,52315.9613304185,51295.7828032526,63590.4104196256
23846.676816312,2017.51151069868,55065.9390758662,53794.646226429,68488.4132998107
23584.6159485395,1985.52252766505,55607.6831831453,57075.3398787117,70196.34244912
25057.283474337,2097.44786093012,56016.9091608789,57883.1176931652,73705.451327789
25467.9947812811,2116.00510719454,56092.0159051156,57843.6607071835,73325.2179436252
25535.2916794138,2146.07079464914,55457.76047167,57629.5997766826,72268.2598772615
25518.8848910116,2227.44287816147,53390.4588925612,56307.7209663114,71652.1015604032
25092.950536163,2255.71014537031,52119.763930194,55791.7019491858,72005.3131251392
25234.6738393051,2363.77108100033,50453.5575326684,55052.968152998,71761.1419813645
24621.4180906046,2338.62058711289,49859.5667816142,53156.1178415208,70231.0673102809
25263.2365590335,2354.40866713969,50962.0769013196,50314.0473501038,66558.1138448613
25990.3228374352,2429.27846906736,53073.1412168709,50054.9318278889,66943.4966778704
24936.4771685248,2441.10988189219,49393.1514491807,45953.5088237558,60095.224450702
24602.7106091223,2397.08172663271,46556.4816747455,43476.7865788705,57375.0917312919
24094.1382796814,2286.22620776072,43397.4356193882,41451.0808335903,55454.7119308429
23446.4291387877,2106.74301370773,40000.9277904799,38540.7055854475,53400.8486930768
22347.0020507168,1765.5571493022,37287.2553754239,36059.1044842314,51245.4635250131
22081.802763428,1672.92009816446,35588.7940215633,34985.9698473615,50819.3325316462
21903.6269477995,1637.14308304333,34497.1935498292,33946.7570509669,50606.7086625004
21730.6843680166,1599.6966911371,33921.47722354,33573.9462813934,50315.6597006227
21727.3295388136,1591.38284102816,33715.6643902076,33659.544307539,50328.9330598374
22002.2398620869,1639.03868462083,34979.3057622148,34921.195074227,50919.50485499
22463.4653868174,1759.13946818432,38729.8270740949,38077.8582662705,52969.5742703026
23561.6578330165,2093.21580383265,46679.2268012183,45475.7470191191,61377.1015792572
23654.9845875296,2084.7784208949,52315.9613304185,51295.7828032526,63590.4104196256
23846.676816312,2017.51151069868,55065.9390758662,53794.646226429,68488.4132998107
23584.6159485395,1985.52252766505,55607.6831831453,57075.3398787117,70196.34244912
25057.283474337,2097.44786093012,56016.9091608789,57883.1176931652,73705.451327789
25467.9947812811,2116.00510719454,56092.0159051156,57843.6607071835,73325.2179436252
25535.2916794138,2146.07079464914,55457.76047167,57629.5997766826,72268.2598772615
25518.8848910116,2227.44287816147,53390.4588925612,56307.7209663114,71652.1015604032
25092.950536163,2255.71014537031,52119.763930194,55791.7019491858,72005.3131251392
25234.6738393051,2363.77108100033,50453.5575326684,55052.968152998,71761.1419813645
24621.4180906046,2338.62058711289,49859.5667816142,53156.1178415208,70231.0673102809
25263.2365590335,2354.40866713969,50962.0769013196,50314.0473501038,66558.1138448613
25990.3228374352,2429.27846906736,53073.1412168709,50054.9318278889,66943.4966778704
24936.4771685248,2441.10988189219,49393.1514491807,45953.5088237558,60095.224450702
24602.7106091223,2397.08172663271,46556.4816747455,43476.7865788705,57375.0917312919
24094.1382796814,2286.22620776072,43397.4356193882,41451.0808335903,55454.7119308429
23446.4291387877,2106.74301370773,40000.9277904799,38540.7055854475,53400.8486930768
22347.0020507168,1765.5571493022,37287.2553754239,36059.1044842314,51245.4635250131
22081.802763428,1672.92009816446,35588.7940215633,34985.9698473615,50819.3325316462
21903.6269477995,1637.14308304333,34497.1935498292,33946.7570509669,50606.7086625004
21730.6843680166,1599.6966911371,33921.47722354,33573.9462813934,50315.6597006227
21727.3295388136,1591.38284102816,33715.6643902076,33659.544307539,50328.9330598374
22002.2398620869,1639.03868462083,34979.3057622148,34921.195074227,50919.50485499
22463.4653868174,1759.13946818432,38729.8270740949,38077.8582662705,52969.5742703026
23561.6578330165,2093.21580383265,46679.2268012183,45475.7470191191,61377.1015792572
23654.9845875296,2084.7784208949,52315.9613304185,51295.7828032526,63590.4104196256
23846.676816312,2017.51151069868,55065.9390758662,53794.646226429,68488.4132998107
23584.6159485395,1985.52252766505,55607.6831831453,57075.3398787117,70196.34244912
25057.283474337,2097.44786093012,56016.9091608789,57883.1176931652,73705.451327789
25467.9947812811,2116.00510719454,56092.0159051156,57843.6607071835,73325.2179436252
25535.2916794138,2146.07079464914,55457.76047167,57629.5997766826,72268.2598772615
25518.8848910116,2227.44287816147,53390.4588925612,56307.7209663114,71652.1015604032
25092.950536163,2255.71014537031,52119.763930194,55791.7019491858,72005.3131251392
25234.6738393051,2363.77108100033,50453.5575326684,55052.968152998,71761.1419813645
24621.4180906046,2338.62058711289,49859.5667816142,53156.1178415208,70231.0673102809
25263.2365590335,2354.40866713969,50962.0769013196,50314.0473501038,66558.1138448613
25990.3228374352,2429.27846906736,53073.1412168709,50054.9318278889,66943.4966778704
24936.4771685248,2441.10988189219,49393.1514491807,45953.5088237558,60095.224450702
24602.7106091223,2397.08172663271,46556.4816747455,43476.7865788705,57375.0917312919
24094.1382796814,2286.22620776072,43397.4356193882,41451.0808335903,55454.7119308429
23446.4291387877,2106.74301370773,40000.9277904799,38540.7055854475,53400.8486930768
22347.0020507168,1765.5571493022,37287.2553754239,36059.1044842314,51245.4635250131
22081.802763428,1672.92009816446,35588.7940215633,34985.9698473615,50819.3325316462
21903.6269477995,1637.14308304333,34497.1935498292,33946.7570509669,50606.7086625004
21730.6843680166,1599.6966911371,33921.47722354,33573.9462813934,50315.6597006227
21727.3295388136,1591.38284102816,33715.6643902076,33659.544307539,50328.9330598374
22002.2398620869,1639.03868462083,34979.3057622148,34921.195074227,50919.50485499
22463.4653868174,1759.13946818432,38729.8270740949,38077.8582662705,52969.5742703026
23561.6578330165,2093.21580383265,46679.2268012183,45475.7470191191,61377.1015792572
23654.9845875296,2084.7784208949,52315.9613304185,51295.7828032526,63590.4104196256
23846.676816312,2017.51151069868,55065.9390758662,53794.646226429,68488.4132998107
23584.6159485395,1985.52252766505,55607.6831831453,57075.3398787117,70196.34244912
25057.283474337,2097.44786093012,56016.9091608789,57883.1176931652,73705.451327789
25467.9947812811,2116.00510719454,56092.0159051156,57843.6607071835,73325.2179436252
25535.2916794138,2146.07079464914,55457.76047167,57629.5997766826,72268.2598772615
25518.8848910116,2227.44287816147,53390.4588925612,56307.7209663114,71652.1015604032
25092.950536163,2255.71014537031,52119.763930194,55791.7019491858,72005.3131251392
25234.6738393051,2363.77108100033,50453.5575326684,55052.968152998,71761.1419813645
24621.4180906046,2338.62058711289,49859.5667816142,53156.1178415208,70231.0673102809
25263.2365590335,2354.40866713969,50962.0769013196,50314.0473501038,66558.1138448613
25990.3228374352,2429.27846906736,53073.1412168709,50054.9318278889,66943.4966778704
24936.4771685248,2441.10988189219,49393.1514491807,45953.5088237558,60095.224450702
24602.7106091223,2397.08172663271,46556.4816747455,43476.7865788705,57375.0917312919
24094.1382796814,2286.22620776072,43397.4356193882,41451.0808335903,55454.7119308429
23446.4291387877,2106.74301370773,40000.9277904799,38540.7055854475,53400.8486930768
22347.0020507168,1765.5571493022,37287.2553754239,36059.1044842314,51245.4635250131
22081.802763428,1672.92009816446,35588.7940215633,34985.9698473615,50819.3325316462
21903.6269477995,1637.14308304333,34497.1935498292,33946.7570509669,50606.7086625004
21730.6843680166,1599.6966911371,33921.47722354,33573.9462813934,50315.6597006227
21727.3295388136,1591.38284102816,33715.6643902076,33659.544307539,50328.9330598374
22002.2398620869,1639.03868462083,34979.3057622148,34921.195074227,50919.50485499
22463.4653868174,1759.13946818432,38729.8270740949,38077.8582662705,52969.5742703026
23561.6578330165,2093.21580383265,46679.2268012183,45475.7470191191,61377.1015792572
23654.9845875296,2084.7784208949,52315.9613304185,51295.7828032526,63590.4104196256
23846.676816312,2017.51151069868,55065.9390758662,53794.646226429,68488.4132998107
23584.6159485395,1985.52252766505,55607.6831831453,57075.3398787117,70196.34244912
25057.283474337,2097.44786093012,56016.9091608789,57883.1176931652,73705.451327789
25467.9947812811,2116.00510719454,56092.0159051156,57843.6607071835,73325.2179436252
25535.2916794138,2146.07079464914,55457.76047167,57629.5997766826,72268.2598772615
25518.8848910116,2227.44287816147,53390.4588925612,56307.7209663114,71652.1015604032
25092.950536163,2255.71014537031,52119.763930194,55791.7019491858,72005.3131251392
25234.6738393051,2363.77108100033,50453.5575326684,55052.968152998,71761.1419813645
24621.4180906046,2338.62058711289,49859.5667816142,53156.1178415208,70231.0673102809
25263.2365590335,2354.40866713969,50962.0769013196,50314.0473501038,66558.1138448613
25990.3228374352,2429.27846906736,53073.1412168709,50054.9318278889,66943.4966778704
24936.4771685248,2441.10988189219,49393.1514491807,45953.5088237558,60095.224450702
24602.7106091223,2397.08172663271,46556.4816747455,43476.7865788705,57375.0917312919
24094.1382796814,2286.22620776072,43397.4356193882,41451.0808335903,55454.7119308429
23446.4291387877,2106.74301370773,40000.9277904799,38540.7055854475,53400.8486930768
22347.0020507168,1765.5571493022,37287.2553754239,36059.1044842314,51245.4635250131
22081.802763428,1672.92009816446,35588.7940215633,34985.9698473615,50819.3325316462
21903.6269477995,1637.14308304333,34497.1935498292,33946.7570509669,50606.7086625004
21730.6843680166,1599.6966911371,33921.47722354,33573.9462813934,50315.6597006227
21727.3295388136,1591.38284102816,33715.6643902076,33659.544307539,50328.9330598374
22002.2398620869,1639.03868462083,34979.3057622148,34921.195074227,50919.50485499
22463.4653868174,1759.13946818432,38729.8270740949,38077.8582662705,52969.5742703026
23561.6578330165,2093.21580383265,46679.2268012183,45475.7470191191,61377.1015792572
23654.9845875296,2084.7784208949,52315.9613304185,51295.7828032526,63590.4104196256
23846.676816312,2017.51151069868,55065.9390758662,53794.646226429,68488.4132998107
23584.6159485395,1985.52252766505,55607.6831831453,57075.3398787117,70196.34244912
25057.283474337,2097.44786093012,56016.9091608789,57883.1176931652,73705.451327789
25467.9947812811,2116.00510719454,56092.0159051156,57843.6607071835,73325.2179436252
25535.2916794138,2146.07079464914,55457.76047167,57629.5997766826,72268.2598772615
25518.8848910116,2227.44287816147,53390.4588925612,56307.7209663114,71652.1015604032
25092.950536163,2255.71014537031,52119.763930194,55791.7019491858,72005.3131251392
25234.6738393051,2363.77108100033,50453.5575326684,55052.968152998,71761.1419813645
24621.4180906046,2338.62058711289,49859.5667816142,53156.1178415208,70231.0673102809
25263.2365590335,2354.40866713969,50962.0769013196,50314.0473501038,66558.1138448613
25990.3228374352,2429.27846906736,53073.1412168709,50054.9318278889,66943.4966778704
24936.4771685248,2441.10988189219,49393.1514491807,45953.5088237558,60095.224450702
24602.7106091223,2397.08172663271,46556.4816747455,43476.7865788705,57375.0917312919
24094.1382796814,2286.22620776072,43397.4356193882,41451.0808335903,55454.7119308429
23446.4291387877,2106.74301370773,40000.9277904799,38540.7055854475,53400.8486930768
22347.0020507168,1765.5571493022,37287.2553754239,36059.1044842314,51245.4635250131
22081.802763428,1672.92009816446,35588.7940215633,34985.9698473615,50819.3325316462
21903.6269477995,1637.14308304333,34497.1935498292,33946.7570509669,50606.7086625004
21730.6843680166,1599.6966911371,33921.47722354,33573.9462813934,50315.6597006227
21727.3295388136,1591.38284102816,33715.6643902076,33659.544307539,50328.9330598374
22002.2398620869,1639.03868462083,34979.3057622148,34921.195074227,50919.50485499
22463.4653868174,1759.13946818432,38729.8270740949,38077.8582662705,52969.5742703026
23561.6578330165,2093.21580383265,46679.2268012183,45475.7470191191,61377.1015792572
23654.9845875296,2084.7784208949,52315.9613304185,51295.7828032526,63590.4104196256
23846.676816312,2017.51151069868,55065.9390758662,53794.646226429,68488.4132998107
23584.6159485395,1985.52252766505,55607.6831831453,57075.3398787117,70196.34244912
25057.283474337,2097.44786093012,56016.9091608789,57883.1176931652,73705.451327789
25467.9947812811,2116.00510719454,56092.0159051156,57843.6607071835,73325.2179436252
25535.2916794138,2146.07079464914,55457.76047167,57629.5997766826,72268.2598772615
25518.8848910116,2227.44287816147,53390.4588925612,56307.7209663114,71652.1015604032
25092.950536163,2255.71014537031,52119.763930194,55791.7019491858,72005.3131251392
25234.6738393051,2363.77108100033,50453.5575326684,55052.968152998,71761.1419813645
24621.4180906046,2338.62058711289,49859.5667816142,53156.1178415208,70231.0673102809
25263.2365590335,2354.40866713969,50962.0769013196,50314.0473501038,66558.1138448613
25990.3228374352,2429.27846906736,53073.1412168709,50054.9318278889,66943.4966778704
24936.4771685248,2441.10988189219,49393.1514491807,45953.5088237558,60095.224450702
24602.7106091223,2397.08172663271,46556.4816747455,43476.7865788705,57375.0917312919
24094.1382796814,2286.22620776072,43397.4356193882,41451.0808335903,55454.7119308429
23446.4291387877,2106.74301370773,40000.9277904799,38540.7055854475,53400.8486930768
22347.0020507168,1765.5571493022,37287.2553754239,36059.1044842314,51245.4635250131
22081.802763428,1672.92009816446,35588.7940215633,34985.9698473615,50819.3325316462
21903.6269477995,1637.14308304333,34497.1935498292,33946.7570509669,50606.7086625004
21730.6843680166,1599.6966911371,33921.47722354,33573.9462813934,50315.6597006227
21727.3295388136,1591.38284102816,33715.6643902076,33659.544307539,50328.9330598374
22002.2398620869,1639.03868462083,34979.3057622148,34921.195074227,50919.50485499
22463.4653868174,1759.13946818432,38729.8270740949,38077.8582662705,52969.5742703026
23561.6578330165,2093.21580383265,46679.2268012183,45475.7470191191,61377.1015792572
23654.9845875296,2084.7784208949,52315.9613304185,51295.7828032526,63590.4104196256
23846.676816312,2017.51151069868,55065.9390758662,53794.646226429,68488.4132998107
23584.6159485395,1985.52252766505,55607.6831831453,57075.3398787117,70196.34244912
25057.283474337,2097.44786093012,56016.9091608789,57883.1176931652,73705.451327789
25467.9947812811,2116.00510719454,56092.0159051156,57843.6607071835,73325.2179436252
25535.2916794138,2146.07079464914,55457.76047167,57629.5997766826,72268.2598772615
25518.8848910116,2227.44287816147,53390.4588925612,56307.7209663114,71652.1015604032
25092.950536163,2255.71014537031,52119.763930194,55791.7019491858,72005.3131251392
25234.6738393051,2363.77108100033,50453.5575326684,55052.968152998,71761.1419813645
24621.4180906046,2338.62058711289,49859.5667816142,53156.1178415208,70231.0673102809
25263.2365590335,2354.40866713969,50962.0769013196,50314.0473501038,66558.1138448613
25990.3228374352,2429.27846906736,53073.1412168709,50054.9318278889,66943.4966778704
24936.4771685248,2441.10988189219,49393.1514491807,45953.5088237558,60095.224450702
24602.7106091223,2397.08172663271,46556.4816747455,43476.7865788705,57375.0917312919
24094.1382796814,2286.22620776072,43397.4356193882,41451.0808335903,55454.7119308429
23446.4291387877,2106.74301370773,40000.9277904799,38540.7055854475,53400.8486930768
22347.0020507168,1765.5571493022,37287.2553754239,36059.1044842314,51245.4635250131
22081.802763428,1672.92009816446,35588.7940215633,34985.9698473615,50819.3325316462
21903.6269477995,1637.14308304333,34497.1935498292,33946.7570509669,50606.7086625004
21730.6843680166,1599.6966911371,33921.47722354,33573.9462813934,50315.6597006227
21727.3295388136,1591.38284102816,33715.6643902076,33659.544307539,50328.9330598374
22002.2398620869,1639.03868462083,34979.3057622148,34921.195074227,50919.50485499
22463.4653868174,1759.13946818432,38729.8270740949,38077.8582662705,52969.5742703026
23561.6578330165,2093.21580383265,46679.2268012183,45475.7470191191,61377.1015792572
23654.9845875296,2084.7784208949,52315.9613304185,51295.7828032526,63590.4104196256
23846.676816312,2017.51151069868,55065.9390758662,53794.646226429,68488.4132998107
23584.6159485395,1985.52252766505,55607.6831831453,57075.3398787117,70196.34244912
25057.283474337,2097.44786093012,56016.9091608789,57883.1176931652,73705.451327789
25467.9947812811,2116.00510719454,56092.0159051156,57843.6607071835,73325.2179436252
25535.2916794138,2146.07079464914,55457.76047167,57629.5997766826,72268.2598772615
25518.8848910116,2227.44287816147,53390.4588925612,56307.7209663114,71652.1015604032
25092.950536163,2255.71014537031,52119.763930194,55791.7019491858,72005.3131251392
25234.6738393051,2363.77108100033,50453.5575326684,55052.968152998,71761.1419813645
24621.4180906046,2338.62058711289,49859.5667816142,53156.1178415208,70231.0673102809
25263.2365590335,2354.40866713969,50962.0769013196,50314.0473501038,66558.1138448613
25990.3228374352,2429.27846906736,53073.1412168709,50054.9318278889,66943.4966778704
24936.4771685248,2441.10988189219,49393.1514491807,45953.5088237558,60095.224450702
24602.7106091223,2397.08172663271,46556.4816747455,43476.7865788705,57375.0917312919
24094.1382796814,2286.22620776072,43397.4356193882,41451.0808335903,55454.7119308429
23446.4291387877,2106.74301370773,40000.9277904799,38540.7055854475,53400.8486930768
22347.0020507168,1765.5571493022,37287.2553754239,36059.1044842314,51245.4635250131
22081.802763428,1672.92009816446,35588.7940215633,34985.9698473615,50819.3325316462
21903.6269477995,1637.14308304333,34497.1935498292,33946.7570509669,50606.7086625004
21730.6843680166,1599.6966911371,33921.47722354,33573.9462813934,50315.6597006227
21727.3295388136,1591.38284102816,33715.6643902076,33659.544307539,50328.9330598374
22002.2398620869,1639.03868462083,34979.3057622148,34921.195074227,50919.50485499
22463.4653868174,1759.13946818432,38729.8270740949,38077.8582662705,52969.5742703026
23561.6578330165,2093.21580383265,46679.2268012183,45475.7470191191,61377.1015792572
23654.9845875296,2084.7784208949,52315.9613304185,51295.7828032526,63590.4104196256
23846.676816312,2017.51151069868,55065.9390758662,53794.646226429,68488.4132998107
23584.6159485395,1985.52252766505,55607.6831831453,57075.3398787117,70196.34244912
25057.283474337,2097.44786093012,56016.9091608789,57883.1176931652,73705.451327789
25467.9947812811,2116.00510719454,56092.0159051156,57843.6607071835,73325.2179436252
25535.2916794138,2146.07079464914,55457.76047167,57629.5997766826,72268.2598772615
25518.8848910116,2227.44287816147,53390.4588925612,56307.7209663114,71652.1015604032
25092.950536163,2255.71014537031,52119.763930194,55791.7019491858,72005.3131251392
25234.6738393051,2363.77108100033,50453.5575326684,55052.968152998,71761.1419813645
24621.4180906046,2338.62058711289,49859.5667816142,53156.1178415208,70231.0673102809
25263.2365590335,2354.40866713969,50962.0769013196,50314.0473501038,66558.1138448613
25990.3228374352,2429.27846906736,53073.1412168709,50054.9318278889,66943.4966778704
24936.4771685248,2441.10988189219,49393.1514491807,45953.5088237558,60095.224450702
24602.7106091223,2397.08172663271,46556.4816747455,43476.7865788705,57375.0917312919
24094.1382796814,2286.22620776072,43397.4356193882,41451.0808335903,55454.7119308429
23446.4291387877,2106.74301370773,40000.9277904799,38540.7055854475,53400.8486930768
22347.0020507168,1765.5571493022,37287.2553754239,36059.1044842314,51245.4635250131
22081.802763428,1672.92009816446,35588.7940215633,34985.9698473615,50819.3325316462
21903.6269477995,1637.14308304333,34497.1935498292,33946.7570509669,50606.7086625004
21730.6843680166,1599.6966911371,33921.47722354,33573.9462813934,50315.6597006227
21727.3295388136,1591.38284102816,33715.6643902076,33659.544307539,50328.9330598374
22002.2398620869,1639.03868462083,34979.3057622148,34921.195074227,50919.50485499
22463.4653868174,1759.13946818432,38729.8270740949,38077.8582662705,52969.5742703026
23561.6578330165,2093.21580383265,46679.2268012183,45475.7470191191,61377.1015792572
23654.9845875296,2084.7784208949,52315.9613304185,51295.7828032526,63590.4104196256
23846.676816312,2017.51151069868,55065.9390758662,53794.646226429,68488.4132998107
23584.6159485395,1985.52252766505,55607.6831831453,57075.3398787117,70196.34244912
25057.283474337,2097.44786093012,56016.9091608789,57883.1176931652,73705.451327789
25467.9947812811,2116.00510719454,56092.0159051156,57843.6607071835,73325.2179436252
25535.2916794138,2146.07079464914,55457.76047167,57629.5997766826,72268.2598772615
25518.8848910116,2227.44287816147,53390.4588925612,56307.7209663114,71652.1015604032
25092.950536163,2255.71014537031,52119.763930194,55791.7019491858,72005.3131251392
25234.6738393051,2363.77108100033,50453.5575326684,55052.968152998,71761.1419813645
24621.4180906046,2338.62058711289,49859.5667816142,53156.1178415208,70231.0673102809
25263.2365590335,2354.40866713969,50962.0769013196,50314.0473501038,66558.1138448613
25990.3228374352,2429.27846906736,53073.1412168709,50054.9318278889,66943.4966778704
24936.4771685248,2441.10988189219,49393.1514491807,45953.5088237558,60095.224450702
24602.7106091223,2397.08172663271,46556.4816747455,43476.7865788705,57375.0917312919
24094.1382796814,2286.22620776072,43397.4356193882,41451.0808335903,55454.7119308429
23446.4291387877,2106.74301370773,40000.9277904799,38540.7055854475,53400.8486930768
22347.0020507168,1765.5571493022,37287.2553754239,36059.1044842314,51245.4635250131
22081.802763428,1672.92009816446,35588.7940215633,34985.9698473615,50819.3325316462
21903.6269477995,1637.14308304333,34497.1935498292,33946.7570509669,50606.7086625004
21730.6843680166,1599.6966911371,33921.47722354,33573.9462813934,50315.6597006227
21727.3295388136,1591.38284102816,33715.6643902076,33659.544307539,50328.9330598374
22002.2398620869,1639.03868462083,34979.3057622148,34921.195074227,50919.50485499
22463.4653868174,1759.13946818432,38729.8270740949,38077.8582662705,52969.5742703026
23561.6578330165,2093.21580383265,46679.2268012183,45475.7470191191,61377.1015792572
23654.9845875296,2084.7784208949,52315.9613304185,51295.7828032526,63590.4104196256
23846.676816312,2017.51151069868,55065.9390758662,53794.646226429,68488.4132998107
23584.6159485395,1985.52252766505,55607.6831831453,57075.3398787117,70196.34244912
25057.283474337,2097.44786093012,56016.9091608789,57883.1176931652,73705.451327789
25467.9947812811,2116.00510719454,56092.0159051156,57843.6607071835,73325.2179436252
25535.2916794138,2146.07079464914,55457.76047167,57629.5997766826,72268.2598772615
25518.8848910116,2227.44287816147,53390.4588925612,56307.7209663114,71652.1015604032
25092.950536163,2255.71014537031,52119.763930194,55791.7019491858,72005.3131251392
25234.6738393051,2363.77108100033,50453.5575326684,55052.968152998,71761.1419813645
24621.4180906046,2338.62058711289,49859.5667816142,53156.1178415208,70231.0673102809
25263.2365590335,2354.40866713969,50962.0769013196,50314.0473501038,66558.1138448613
25990.3228374352,2429.27846906736,53073.1412168709,50054.9318278889,66943.4966778704
24936.4771685248,2441.10988189219,49393.1514491807,45953.5088237558,60095.224450702
24602.7106091223,2397.08172663271,46556.4816747455,43476.7865788705,57375.0917312919
24094.1382796814,2286.22620776072,43397.4356193882,41451.0808335903,55454.7119308429
23446.4291387877,2106.74301370773,40000.9277904799,38540.7055854475,53400.8486930768
22347.0020507168,1765.5571493022,37287.2553754239,36059.1044842314,51245.4635250131
22081.802763428,1672.92009816446,35588.7940215633,34985.9698473615,50819.3325316462
21903.6269477995,1637.14308304333,34497.1935498292,33946.7570509669,50606.7086625004
21730.6843680166,1599.6966911371,33921.47722354,33573.9462813934,50315.6597006227
21727.3295388136,1591.38284102816,33715.6643902076,33659.544307539,50328.9330598374
22002.2398620869,1639.03868462083,34979.3057622148,34921.195074227,50919.50485499
22463.4653868174,1759.13946818432,38729.8270740949,38077.8582662705,52969.5742703026
23561.6578330165,2093.21580383265,46679.2268012183,45475.7470191191,61377.1015792572
23654.9845875296,2084.7784208949,52315.9613304185,51295.7828032526,63590.4104196256
23846.676816312,2017.51151069868,55065.9390758662,53794.646226429,68488.4132998107
23584.6159485395,1985.52252766505,55607.6831831453,57075.3398787117,70196.34244912
25057.283474337,2097.44786093012,56016.9091608789,57883.1176931652,73705.451327789
25467.9947812811,2116.00510719454,56092.0159051156,57843.6607071835,73325.2179436252
25535.2916794138,2146.07079464914,55457.76047167,57629.5997766826,72268.2598772615
25518.8848910116,2227.44287816147,53390.4588925612,56307.7209663114,71652.1015604032
25092.950536163,2255.71014537031,52119.763930194,55791.7019491858,72005.3131251392
25234.6738393051,2363.77108100033,50453.5575326684,55052.968152998,71761.1419813645
24621.4180906046,2338.62058711289,49859.5667816142,53156.1178415208,70231.0673102809
25263.2365590335,2354.40866713969,50962.0769013196,50314.0473501038,66558.1138448613
25990.3228374352,2429.27846906736,53073.1412168709,50054.9318278889,66943.4966778704
24936.4771685248,2441.10988189219,49393.1514491807,45953.5088237558,60095.224450702
24602.7106091223,2397.08172663271,46556.4816747455,43476.7865788705,57375.0917312919
24094.1382796814,2286.22620776072,43397.4356193882,41451.0808335903,55454.7119308429
23446.4291387877,2106.74301370773,40000.9277904799,38540.7055854475,53400.8486930768
22347.0020507168,1765.5571493022,37287.2553754239,36059.1044842314,51245.4635250131
22081.802763428,1672.92009816446,35588.7940215633,34985.9698473615,50819.3325316462
21903.6269477995,1637.14308304333,34497.1935498292,33946.7570509669,50606.7086625004
21730.6843680166,1599.6966911371,33921.47722354,33573.9462813934,50315.6597006227
21727.3295388136,1591.38284102816,33715.6643902076,33659.544307539,50328.9330598374
22002.2398620869,1639.03868462083,34979.3057622148,34921.195074227,50919.50485499
22463.4653868174,1759.13946818432,38729.8270740949,38077.8582662705,52969.5742703026
23561.6578330165,2093.21580383265,46679.2268012183,45475.7470191191,61377.1015792572
23654.9845875296,2084.7784208949,52315.9613304185,51295.7828032526,63590.4104196256
23846.676816312,2017.51151069868,55065.9390758662,53794.646226429,68488.4132998107
23584.6159485395,1985.52252766505,55607.6831831453,57075.3398787117,70196.34244912
25057.283474337,2097.44786093012,56016.9091608789,57883.1176931652,73705.451327789
25467.9947812811,2116.00510719454,56092.0159051156,57843.6607071835,73325.2179436252
25535.2916794138,2146.07079464914,55457.76047167,57629.5997766826,72268.2598772615
25518.8848910116,2227.44287816147,53390.4588925612,56307.7209663114,71652.1015604032
25092.950536163,2255.71014537031,52119.763930194,55791.7019491858,72005.3131251392
25234.6738393051,2363.77108100033,50453.5575326684,55052.968152998,71761.1419813645
24621.4180906046,2338.62058711289,49859.5667816142,53156.1178415208,70231.0673102809
25263.2365590335,2354.40866713969,50962.0769013196,50314.0473501038,66558.1138448613
25990.3228374352,2429.27846906736,53073.1412168709,50054.9318278889,66943.4966778704
24936.4771685248,2441.10988189219,49393.1514491807,45953.5088237558,60095.224450702
24602.7106091223,2397.08172663271,46556.4816747455,43476.7865788705,57375.0917312919
24094.1382796814,2286.22620776072,43397.4356193882,41451.0808335903,55454.7119308429
23446.4291387877,2106.74301370773,40000.9277904799,38540.7055854475,53400.8486930768
22347.0020507168,1765.5571493022,37287.2553754239,36059.1044842314,51245.4635250131
22081.802763428,1672.92009816446,35588.7940215633,34985.9698473615,50819.3325316462
21903.6269477995,1637.14308304333,34497.1935498292,33946.7570509669,50606.7086625004
21730.6843680166,1599.6966911371,33921.47722354,33573.9462813934,50315.6597006227
21727.3295388136,1591.38284102816,33715.6643902076,33659.544307539,50328.9330598374
22002.2398620869,1639.03868462083,34979.3057622148,34921.195074227,50919.50485499
22463.4653868174,1759.13946818432,38729.8270740949,38077.8582662705,52969.5742703026
23561.6578330165,2093.21580383265,46679.2268012183,45475.7470191191,61377.1015792572
23654.9845875296,2084.7784208949,52315.9613304185,51295.7828032526,63590.4104196256
23846.676816312,2017.51151069868,55065.9390758662,53794.646226429,68488.4132998107
23584.6159485395,1985.52252766505,55607.6831831453,57075.3398787117,70196.34244912
25057.283474337,2097.44786093012,56016.9091608789,57883.1176931652,73705.451327789
25467.9947812811,2116.00510719454,56092.0159051156,57843.6607071835,73325.2179436252
25535.2916794138,2146.07079464914,55457.76047167,57629.5997766826,72268.2598772615
25518.8848910116,2227.44287816147,53390.4588925612,56307.7209663114,71652.1015604032
25092.950536163,2255.71014537031,52119.763930194,55791.7019491858,72005.3131251392
25234.6738393051,2363.77108100033,50453.5575326684,55052.968152998,71761.1419813645
24621.4180906046,2338.62058711289,49859.5667816142,53156.1178415208,70231.0673102809
25263.2365590335,2354.40866713969,50962.0769013196,50314.0473501038,66558.1138448613
25990.3228374352,2429.27846906736,53073.1412168709,50054.9318278889,66943.4966778704
24936.4771685248,2441.10988189219,49393.1514491807,45953.5088237558,60095.224450702
24602.7106091223,2397.08172663271,46556.4816747455,43476.7865788705,57375.0917312919
24094.1382796814,2286.22620776072,43397.4356193882,41451.0808335903,55454.7119308429
23446.4291387877,2106.74301370773,40000.9277904799,38540.7055854475,53400.8486930768
22347.0020507168,1765.5571493022,37287.2553754239,36059.1044842314,51245.4635250131
22081.802763428,1672.92009816446,35588.7940215633,34985.9698473615,50819.3325316462
21903.6269477995,1637.14308304333,34497.1935498292,33946.7570509669,50606.7086625004
21730.6843680166,1599.6966911371,33921.47722354,33573.9462813934,50315.6597006227
21727.3295388136,1591.38284102816,33715.6643902076,33659.544307539,50328.9330598374
22002.2398620869,1639.03868462083,34979.3057622148,34921.195074227,50919.50485499
22463.4653868174,1759.13946818432,38729.8270740949,38077.8582662705,52969.5742703026
23561.6578330165,2093.21580383265,46679.2268012183,45475.7470191191,61377.1015792572
23654.9845875296,2084.7784208949,52315.9613304185,51295.7828032526,63590.4104196256
23846.676816312,2017.51151069868,55065.9390758662,53794.646226429,68488.4132998107
23584.6159485395,1985.52252766505,55607.6831831453,57075.3398787117,70196.34244912
25057.283474337,2097.44786093012,56016.9091608789,57883.1176931652,73705.451327789
25467.9947812811,2116.00510719454,56092.0159051156,57843.6607071835,73325.2179436252
25535.2916794138,2146.07079464914,55457.76047167,57629.5997766826,72268.2598772615
25518.8848910116,2227.44287816147,53390.4588925612,56307.7209663114,71652.1015604032
25092.950536163,2255.71014537031,52119.763930194,55791.7019491858,72005.3131251392
25234.6738393051,2363.77108100033,50453.5575326684,55052.968152998,71761.1419813645
24621.4180906046,2338.62058711289,49859.5667816142,53156.1178415208,70231.0673102809
25263.2365590335,2354.40866713969,50962.0769013196,50314.0473501038,66558.1138448613
25990.3228374352,2429.27846906736,53073.1412168709,50054.9318278889,66943.4966778704
24936.4771685248,2441.10988189219,49393.1514491807,45953.5088237558,60095.224450702
24602.7106091223,2397.08172663271,46556.4816747455,43476.7865788705,57375.0917312919
24094.1382796814,2286.22620776072,43397.4356193882,41451.0808335903,55454.7119308429
23446.4291387877,2106.74301370773,40000.9277904799,38540.7055854475,53400.8486930768
22347.0020507168,1765.5571493022,37287.2553754239,36059.1044842314,51245.4635250131
22081.802763428,1672.92009816446,35588.7940215633,34985.9698473615,50819.3325316462
21903.6269477995,1637.14308304333,34497.1935498292,33946.7570509669,50606.7086625004
21730.6843680166,1599.6966911371,33921.47722354,33573.9462813934,50315.6597006227
21727.3295388136,1591.38284102816,33715.6643902076,33659.544307539,50328.9330598374
22002.2398620869,1639.03868462083,34979.3057622148,34921.195074227,50919.50485499
22463.4653868174,1759.13946818432,38729.8270740949,38077.8582662705,52969.5742703026
23561.6578330165,2093.21580383265,46679.2268012183,45475.7470191191,61377.1015792572
23654.9845875296,2084.7784208949,52315.9613304185,51295.7828032526,63590.4104196256
23846.676816312,2017.51151069868,55065.9390758662,53794.646226429,68488.4132998107
23584.6159485395,1985.52252766505,55607.6831831453,57075.3398787117,70196.34244912
25057.283474337,2097.44786093012,56016.9091608789,57883.1176931652,73705.451327789
25467.9947812811,2116.00510719454,56092.0159051156,57843.6607071835,73325.2179436252
25535.2916794138,2146.07079464914,55457.76047167,57629.5997766826,72268.2598772615
25518.8848910116,2227.44287816147,53390.4588925612,56307.7209663114,71652.1015604032
25092.950536163,2255.71014537031,52119.763930194,55791.7019491858,72005.3131251392
25234.6738393051,2363.77108100033,50453.5575326684,55052.968152998,71761.1419813645
24621.4180906046,2338.62058711289,49859.5667816142,53156.1178415208,70231.0673102809
25263.2365590335,2354.40866713969,50962.0769013196,50314.0473501038,66558.1138448613
25990.3228374352,2429.27846906736,53073.1412168709,50054.9318278889,66943.4966778704
24936.4771685248,2441.10988189219,49393.1514491807,45953.5088237558,60095.224450702
24602.7106091223,2397.08172663271,46556.4816747455,43476.7865788705,57375.0917312919
24094.1382796814,2286.22620776072,43397.4356193882,41451.0808335903,55454.7119308429
23446.4291387877,2106.74301370773,40000.9277904799,38540.7055854475,53400.8486930768
22347.0020507168,1765.5571493022,37287.2553754239,36059.1044842314,51245.4635250131
22081.802763428,1672.92009816446,35588.7940215633,34985.9698473615,50819.3325316462
21903.6269477995,1637.14308304333,34497.1935498292,33946.7570509669,50606.7086625004
21730.6843680166,1599.6966911371,33921.47722354,33573.9462813934,50315.6597006227
21727.3295388136,1591.38284102816,33715.6643902076,33659.544307539,50328.9330598374
22002.2398620869,1639.03868462083,34979.3057622148,34921.195074227,50919.50485499
22463.4653868174,1759.13946818432,38729.8270740949,38077.8582662705,52969.5742703026
23561.6578330165,2093.21580383265,46679.2268012183,45475.7470191191,61377.1015792572
23654.9845875296,2084.7784208949,52315.9613304185,51295.7828032526,63590.4104196256
23846.676816312,2017.51151069868,55065.9390758662,53794.646226429,68488.4132998107
23584.6159485395,1985.52252766505,55607.6831831453,57075.3398787117,70196.34244912
25057.283474337,2097.44786093012,56016.9091608789,57883.1176931652,73705.451327789
25467.9947812811,2116.00510719454,56092.0159051156,57843.6607071835,73325.2179436252
25535.2916794138,2146.07079464914,55457.76047167,57629.5997766826,72268.2598772615
25518.8848910116,2227.44287816147,53390.4588925612,56307.7209663114,71652.1015604032
25092.950536163,2255.71014537031,52119.763930194,55791.7019491858,72005.3131251392
25234.6738393051,2363.77108100033,50453.5575326684,55052.968152998,71761.1419813645
24621.4180906046,2338.62058711289,49859.5667816142,53156.1178415208,70231.0673102809
25263.2365590335,2354.40866713969,50962.0769013196,50314.0473501038,66558.1138448613
25990.3228374352,2429.27846906736,53073.1412168709,50054.9318278889,66943.4966778704
24936.4771685248,2441.10988189219,49393.1514491807,45953.5088237558,60095.224450702
24602.7106091223,2397.08172663271,46556.4816747455,43476.7865788705,57375.0917312919
24094.1382796814,2286.22620776072,43397.4356193882,41451.0808335903,55454.7119308429
23446.4291387877,2106.74301370773,40000.9277904799,38540.7055854475,53400.8486930768
22347.0020507168,1765.5571493022,37287.2553754239,36059.1044842314,51245.4635250131
22081.802763428,1672.92009816446,35588.7940215633,34985.9698473615,50819.3325316462
21903.6269477995,1637.14308304333,34497.1935498292,33946.7570509669,50606.7086625004
21730.6843680166,1599.6966911371,33921.47722354,33573.9462813934,50315.6597006227
21727.3295388136,1591.38284102816,33715.6643902076,33659.544307539,50328.9330598374
22002.2398620869,1639.03868462083,34979.3057622148,34921.195074227,50919.50485499
22463.4653868174,1759.13946818432,38729.8270740949,38077.8582662705,52969.5742703026
23561.6578330165,2093.21580383265,46679.2268012183,45475.7470191191,61377.1015792572
23654.9845875296,2084.7784208949,52315.9613304185,51295.7828032526,63590.4104196256
23846.676816312,2017.51151069868,55065.9390758662,53794.646226429,68488.4132998107
23584.6159485395,1985.52252766505,55607.6831831453,57075.3398787117,70196.34244912
25057.283474337,2097.44786093012,56016.9091608789,57883.1176931652,73705.451327789
25467.9947812811,2116.00510719454,56092.0159051156,57843.6607071835,73325.2179436252
25535.2916794138,2146.07079464914,55457.76047167,57629.5997766826,72268.2598772615
25518.8848910116,2227.44287816147,53390.4588925612,56307.7209663114,71652.1015604032
25092.950536163,2255.71014537031,52119.763930194,55791.7019491858,72005.3131251392
25234.6738393051,2363.77108100033,50453.5575326684,55052.968152998,71761.1419813645
24621.4180906046,2338.62058711289,49859.5667816142,53156.1178415208,70231.0673102809
25263.2365590335,2354.40866713969,50962.0769013196,50314.0473501038,66558.1138448613
25990.3228374352,2429.27846906736,53073.1412168709,50054.9318278889,66943.4966778704
24936.4771685248,2441.10988189219,49393.1514491807,45953.5088237558,60095.224450702
24602.7106091223,2397.08172663271,46556.4816747455,43476.7865788705,57375.0917312919
24094.1382796814,2286.22620776072,43397.4356193882,41451.0808335903,55454.7119308429
23446.4291387877,2106.74301370773,40000.9277904799,38540.7055854475,53400.8486930768
22347.0020507168,1765.5571493022,37287.2553754239,36059.1044842314,51245.4635250131
22081.802763428,1672.92009816446,35588.7940215633,34985.9698473615,50819.3325316462
21903.6269477995,1637.14308304333,34497.1935498292,33946.7570509669,50606.7086625004
21730.6843680166,1599.6966911371,33921.47722354,33573.9462813934,50315.6597006227
21727.3295388136,1591.38284102816,33715.6643902076,33659.544307539,50328.9330598374
22002.2398620869,1639.03868462083,34979.3057622148,34921.195074227,50919.50485499
22463.4653868174,1759.13946818432,38729.8270740949,38077.8582662705,52969.5742703026
23561.6578330165,2093.21580383265,46679.2268012183,45475.7470191191,61377.1015792572
23654.9845875296,2084.7784208949,52315.9613304185,51295.7828032526,63590.4104196256
23846.676816312,2017.51151069868,55065.9390758662,53794.646226429,68488.4132998107
23584.6159485395,1985.52252766505,55607.6831831453,57075.3398787117,70196.34244912
25057.283474337,2097.44786093012,56016.9091608789,57883.1176931652,73705.451327789
25467.9947812811,2116.00510719454,56092.0159051156,57843.6607071835,73325.2179436252
25535.2916794138,2146.07079464914,55457.76047167,57629.5997766826,72268.2598772615
25518.8848910116,2227.44287816147,53390.4588925612,56307.7209663114,71652.1015604032
25092.950536163,2255.71014537031,52119.763930194,55791.7019491858,72005.3131251392
25234.6738393051,2363.77108100033,50453.5575326684,55052.968152998,71761.1419813645
24621.4180906046,2338.62058711289,49859.5667816142,53156.1178415208,70231.0673102809
25263.2365590335,2354.40866713969,50962.0769013196,50314.0473501038,66558.1138448613
25990.3228374352,2429.27846906736,53073.1412168709,50054.9318278889,66943.4966778704
24936.4771685248,2441.10988189219,49393.1514491807,45953.5088237558,60095.224450702
24602.7106091223,2397.08172663271,46556.4816747455,43476.7865788705,57375.0917312919
24094.1382796814,2286.22620776072,43397.4356193882,41451.0808335903,55454.7119308429
23446.4291387877,2106.74301370773,40000.9277904799,38540.7055854475,53400.8486930768
22347.0020507168,1765.5571493022,37287.2553754239,36059.1044842314,51245.4635250131
22081.802763428,1672.92009816446,35588.7940215633,34985.9698473615,50819.3325316462
21903.6269477995,1637.14308304333,34497.1935498292,33946.7570509669,50606.7086625004
21730.6843680166,1599.6966911371,33921.47722354,33573.9462813934,50315.6597006227
21727.3295388136,1591.38284102816,33715.6643902076,33659.544307539,50328.9330598374
22002.2398620869,1639.03868462083,34979.3057622148,34921.195074227,50919.50485499
22463.4653868174,1759.13946818432,38729.8270740949,38077.8582662705,52969.5742703026
23561.6578330165,2093.21580383265,46679.2268012183,45475.7470191191,61377.1015792572
23654.9845875296,2084.7784208949,52315.9613304185,51295.7828032526,63590.4104196256
23846.676816312,2017.51151069868,55065.9390758662,53794.646226429,68488.4132998107
23584.6159485395,1985.52252766505,55607.6831831453,57075.3398787117,70196.34244912
25057.283474337,2097.44786093012,56016.9091608789,57883.1176931652,73705.451327789
25467.9947812811,2116.00510719454,56092.0159051156,57843.6607071835,73325.2179436252
25535.2916794138,2146.07079464914,55457.76047167,57629.5997766826,72268.2598772615
25518.8848910116,2227.44287816147,53390.4588925612,56307.7209663114,71652.1015604032
25092.950536163,2255.71014537031,52119.763930194,55791.7019491858,72005.3131251392
25234.6738393051,2363.77108100033,50453.5575326684,55052.968152998,71761.1419813645
24621.4180906046,2338.62058711289,49859.5667816142,53156.1178415208,70231.0673102809
25263.2365590335,2354.40866713969,50962.0769013196,50314.0473501038,66558.1138448613
25990.3228374352,2429.27846906736,53073.1412168709,50054.9318278889,66943.4966778704
24936.4771685248,2441.10988189219,49393.1514491807,45953.5088237558,60095.224450702
24602.7106091223,2397.08172663271,46556.4816747455,43476.7865788705,57375.0917312919
24094.1382796814,2286.22620776072,43397.4356193882,41451.0808335903,55454.7119308429
23446.4291387877,2106.74301370773,40000.9277904799,38540.7055854475,53400.8486930768
22347.0020507168,1765.5571493022,37287.2553754239,36059.1044842314,51245.4635250131
22081.802763428,1672.92009816446,35588.7940215633,34985.9698473615,50819.3325316462
21903.6269477995,1637.14308304333,34497.1935498292,33946.7570509669,50606.7086625004
21730.6843680166,1599.6966911371,33921.47722354,33573.9462813934,50315.6597006227
21727.3295388136,1591.38284102816,33715.6643902076,33659.544307539,50328.9330598374
22002.2398620869,1639.03868462083,34979.3057622148,34921.195074227,50919.50485499
22463.4653868174,1759.13946818432,38729.8270740949,38077.8582662705,52969.5742703026
23561.6578330165,2093.21580383265,46679.2268012183,45475.7470191191,61377.1015792572
23654.9845875296,2084.7784208949,52315.9613304185,51295.7828032526,63590.4104196256
23846.676816312,2017.51151069868,55065.9390758662,53794.646226429,68488.4132998107
23584.6159485395,1985.52252766505,55607.6831831453,57075.3398787117,70196.34244912
25057.283474337,2097.44786093012,56016.9091608789,57883.1176931652,73705.451327789
25467.9947812811,2116.00510719454,56092.0159051156,57843.6607071835,73325.2179436252
25535.2916794138,2146.07079464914,55457.76047167,57629.5997766826,72268.2598772615
25518.8848910116,2227.44287816147,53390.4588925612,56307.7209663114,71652.1015604032
25092.950536163,2255.71014537031,52119.763930194,55791.7019491858,72005.3131251392
25234.6738393051,2363.77108100033,50453.5575326684,55052.968152998,71761.1419813645
24621.4180906046,2338.62058711289,49859.5667816142,53156.1178415208,70231.0673102809
25263.2365590335,2354.40866713969,50962.0769013196,50314.0473501038,66558.1138448613
25990.3228374352,2429.27846906736,53073.1412168709,50054.9318278889,66943.4966778704
24936.4771685248,2441.10988189219,49393.1514491807,45953.5088237558,60095.224450702
24602.7106091223,2397.08172663271,46556.4816747455,43476.7865788705,57375.0917312919
24094.1382796814,2286.22620776072,43397.4356193882,41451.0808335903,55454.7119308429
23446.4291387877,2106.74301370773,40000.9277904799,38540.7055854475,53400.8486930768
22347.0020507168,1765.5571493022,37287.2553754239,36059.1044842314,51245.4635250131
22081.802763428,1672.92009816446,35588.7940215633,34985.9698473615,50819.3325316462
21903.6269477995,1637.14308304333,34497.1935498292,33946.7570509669,50606.7086625004
21730.6843680166,1599.6966911371,33921.47722354,33573.9462813934,50315.6597006227
21727.3295388136,1591.38284102816,33715.6643902076,33659.544307539,50328.9330598374
22002.2398620869,1639.03868462083,34979.3057622148,34921.195074227,50919.50485499
22463.4653868174,1759.13946818432,38729.8270740949,38077.8582662705,52969.5742703026
23561.6578330165,2093.21580383265,46679.2268012183,45475.7470191191,61377.1015792572
23654.9845875296,2084.7784208949,52315.9613304185,51295.7828032526,63590.4104196256
23846.676816312,2017.51151069868,55065.9390758662,53794.646226429,68488.4132998107
23584.6159485395,1985.52252766505,55607.6831831453,57075.3398787117,70196.34244912
25057.283474337,2097.44786093012,56016.9091608789,57883.1176931652,73705.451327789
25467.9947812811,2116.00510719454,56092.0159051156,57843.6607071835,73325.2179436252
25535.2916794138,2146.07079464914,55457.76047167,57629.5997766826,72268.2598772615
25518.8848910116,2227.44287816147,53390.4588925612,56307.7209663114,71652.1015604032
25092.950536163,2255.71014537031,52119.763930194,55791.7019491858,72005.3131251392
25234.6738393051,2363.77108100033,50453.5575326684,55052.968152998,71761.1419813645
24621.4180906046,2338.62058711289,49859.5667816142,53156.1178415208,70231.0673102809
25263.2365590335,2354.40866713969,50962.0769013196,50314.0473501038,66558.1138448613
25990.3228374352,2429.27846906736,53073.1412168709,50054.9318278889,66943.4966778704
24936.4771685248,2441.10988189219,49393.1514491807,45953.5088237558,60095.224450702
24602.7106091223,2397.08172663271,46556.4816747455,43476.7865788705,57375.0917312919
24094.1382796814,2286.22620776072,43397.4356193882,41451.0808335903,55454.7119308429
23446.4291387877,2106.74301370773,40000.9277904799,38540.7055854475,53400.8486930768
22347.0020507168,1765.5571493022,37287.2553754239,36059.1044842314,51245.4635250131
22081.802763428,1672.92009816446,35588.7940215633,34985.9698473615,50819.3325316462
21903.6269477995,1637.14308304333,34497.1935498292,33946.7570509669,50606.7086625004
21730.6843680166,1599.6966911371,33921.47722354,33573.9462813934,50315.6597006227
21727.3295388136,1591.38284102816,33715.6643902076,33659.544307539,50328.9330598374
22002.2398620869,1639.03868462083,34979.3057622148,34921.195074227,50919.50485499
22463.4653868174,1759.13946818432,38729.8270740949,38077.8582662705,52969.5742703026
23561.6578330165,2093.21580383265,46679.2268012183,45475.7470191191,61377.1015792572
23654.9845875296,2084.7784208949,52315.9613304185,51295.7828032526,63590.4104196256
23846.676816312,2017.51151069868,55065.9390758662,53794.646226429,68488.4132998107
23584.6159485395,1985.52252766505,55607.6831831453,57075.3398787117,70196.34244912
25057.283474337,2097.44786093012,56016.9091608789,57883.1176931652,73705.451327789
25467.9947812811,2116.00510719454,56092.0159051156,57843.6607071835,73325.2179436252
25535.2916794138,2146.07079464914,55457.76047167,57629.5997766826,72268.2598772615
25518.8848910116,2227.44287816147,53390.4588925612,56307.7209663114,71652.1015604032
25092.950536163,2255.71014537031,52119.763930194,55791.7019491858,72005.3131251392
25234.6738393051,2363.77108100033,50453.5575326684,55052.968152998,71761.1419813645
24621.4180906046,2338.62058711289,49859.5667816142,53156.1178415208,70231.0673102809
25263.2365590335,2354.40866713969,50962.0769013196,50314.0473501038,66558.1138448613
25990.3228374352,2429.27846906736,53073.1412168709,50054.9318278889,66943.4966778704
24936.4771685248,2441.10988189219,49393.1514491807,45953.5088237558,60095.224450702
24602.7106091223,2397.08172663271,46556.4816747455,43476.7865788705,57375.0917312919
24094.1382796814,2286.22620776072,43397.4356193882,41451.0808335903,55454.7119308429
23446.4291387877,2106.74301370773,40000.9277904799,38540.7055854475,53400.8486930768
22347.0020507168,1765.5571493022,37287.2553754239,36059.1044842314,51245.4635250131
22081.802763428,1672.92009816446,35588.7940215633,34985.9698473615,50819.3325316462
21903.6269477995,1637.14308304333,34497.1935498292,33946.7570509669,50606.7086625004
21730.6843680166,1599.6966911371,33921.47722354,33573.9462813934,50315.6597006227
21727.3295388136,1591.38284102816,33715.6643902076,33659.544307539,50328.9330598374
22002.2398620869,1639.03868462083,34979.3057622148,34921.195074227,50919.50485499
22463.4653868174,1759.13946818432,38729.8270740949,38077.8582662705,52969.5742703026
23561.6578330165,2093.21580383265,46679.2268012183,45475.7470191191,61377.1015792572
23654.9845875296,2084.7784208949,52315.9613304185,51295.7828032526,63590.4104196256
23846.676816312,2017.51151069868,55065.9390758662,53794.646226429,68488.4132998107
23584.6159485395,1985.52252766505,55607.6831831453,57075.3398787117,70196.34244912
25057.283474337,2097.44786093012,56016.9091608789,57883.1176931652,73705.451327789
25467.9947812811,2116.00510719454,56092.0159051156,57843.6607071835,73325.2179436252
25535.2916794138,2146.07079464914,55457.76047167,57629.5997766826,72268.2598772615
25518.8848910116,2227.44287816147,53390.4588925612,56307.7209663114,71652.1015604032
25092.950536163,2255.71014537031,52119.763930194,55791.7019491858,72005.3131251392
25234.6738393051,2363.77108100033,50453.5575326684,55052.968152998,71761.1419813645
24621.4180906046,2338.62058711289,49859.5667816142,53156.1178415208,70231.0673102809
25263.2365590335,2354.40866713969,50962.0769013196,50314.0473501038,66558.1138448613
25990.3228374352,2429.27846906736,53073.1412168709,50054.9318278889,66943.4966778704
24936.4771685248,2441.10988189219,49393.1514491807,45953.5088237558,60095.224450702
24602.7106091223,2397.08172663271,46556.4816747455,43476.7865788705,57375.0917312919
24094.1382796814,2286.22620776072,43397.4356193882,41451.0808335903,55454.7119308429
23446.4291387877,2106.74301370773,40000.9277904799,38540.7055854475,53400.8486930768
22347.0020507168,1765.5571493022,37287.2553754239,36059.1044842314,51245.4635250131
22081.802763428,1672.92009816446,35588.7940215633,34985.9698473615,50819.3325316462
21903.6269477995,1637.14308304333,34497.1935498292,33946.7570509669,50606.7086625004
21730.6843680166,1599.6966911371,33921.47722354,33573.9462813934,50315.6597006227
21727.3295388136,1591.38284102816,33715.6643902076,33659.544307539,50328.9330598374
22002.2398620869,1639.03868462083,34979.3057622148,34921.195074227,50919.50485499
22463.4653868174,1759.13946818432,38729.8270740949,38077.8582662705,52969.5742703026
23561.6578330165,2093.21580383265,46679.2268012183,45475.7470191191,61377.1015792572
23654.9845875296,2084.7784208949,52315.9613304185,51295.7828032526,63590.4104196256
23846.676816312,2017.51151069868,55065.9390758662,53794.646226429,68488.4132998107
23584.6159485395,1985.52252766505,55607.6831831453,57075.3398787117,70196.34244912
25057.283474337,2097.44786093012,56016.9091608789,57883.1176931652,73705.451327789
25467.9947812811,2116.00510719454,56092.0159051156,57843.6607071835,73325.2179436252
25535.2916794138,2146.07079464914,55457.76047167,57629.5997766826,72268.2598772615
25518.8848910116,2227.44287816147,53390.4588925612,56307.7209663114,71652.1015604032
25092.950536163,2255.71014537031,52119.763930194,55791.7019491858,72005.3131251392
25234.6738393051,2363.77108100033,50453.5575326684,55052.968152998,71761.1419813645
24621.4180906046,2338.62058711289,49859.5667816142,53156.1178415208,70231.0673102809
25263.2365590335,2354.40866713969,50962.0769013196,50314.0473501038,66558.1138448613
25990.3228374352,2429.27846906736,53073.1412168709,50054.9318278889,66943.4966778704
24936.4771685248,2441.10988189219,49393.1514491807,45953.5088237558,60095.224450702
24602.7106091223,2397.08172663271,46556.4816747455,43476.7865788705,57375.0917312919
24094.1382796814,2286.22620776072,43397.4356193882,41451.0808335903,55454.7119308429
23446.4291387877,2106.74301370773,40000.9277904799,38540.7055854475,53400.8486930768
22347.0020507168,1765.5571493022,37287.2553754239,36059.1044842314,51245.4635250131
22081.802763428,1672.92009816446,35588.7940215633,34985.9698473615,50819.3325316462
21903.6269477995,1637.14308304333,34497.1935498292,33946.7570509669,50606.7086625004
21730.6843680166,1599.6966911371,33921.47722354,33573.9462813934,50315.6597006227
21727.3295388136,1591.38284102816,33715.6643902076,33659.544307539,50328.9330598374
22002.2398620869,1639.03868462083,34979.3057622148,34921.195074227,50919.50485499
22463.4653868174,1759.13946818432,38729.8270740949,38077.8582662705,52969.5742703026
23561.6578330165,2093.21580383265,46679.2268012183,45475.7470191191,61377.1015792572
23654.9845875296,2084.7784208949,52315.9613304185,51295.7828032526,63590.4104196256
23846.676816312,2017.51151069868,55065.9390758662,53794.646226429,68488.4132998107
23584.6159485395,1985.52252766505,55607.6831831453,57075.3398787117,70196.34244912
25057.283474337,2097.44786093012,56016.9091608789,57883.1176931652,73705.451327789
25467.9947812811,2116.00510719454,56092.0159051156,57843.6607071835,73325.2179436252
25535.2916794138,2146.07079464914,55457.76047167,57629.5997766826,72268.2598772615
25518.8848910116,2227.44287816147,53390.4588925612,56307.7209663114,71652.1015604032
25092.950536163,2255.71014537031,52119.763930194,55791.7019491858,72005.3131251392
25234.6738393051,2363.77108100033,50453.5575326684,55052.968152998,71761.1419813645
24621.4180906046,2338.62058711289,49859.5667816142,53156.1178415208,70231.0673102809
25263.2365590335,2354.40866713969,50962.0769013196,50314.0473501038,66558.1138448613
25990.3228374352,2429.27846906736,53073.1412168709,50054.9318278889,66943.4966778704
24936.4771685248,2441.10988189219,49393.1514491807,45953.5088237558,60095.224450702
24602.7106091223,2397.08172663271,46556.4816747455,43476.7865788705,57375.0917312919
24094.1382796814,2286.22620776072,43397.4356193882,41451.0808335903,55454.7119308429
23446.4291387877,2106.74301370773,40000.9277904799,38540.7055854475,53400.8486930768
22347.0020507168,1765.5571493022,37287.2553754239,36059.1044842314,51245.4635250131
22081.802763428,1672.92009816446,35588.7940215633,34985.9698473615,50819.3325316462
21903.6269477995,1637.14308304333,34497.1935498292,33946.7570509669,50606.7086625004
21730.6843680166,1599.6966911371,33921.47722354,33573.9462813934,50315.6597006227
21727.3295388136,1591.38284102816,33715.6643902076,33659.544307539,50328.9330598374
22002.2398620869,1639.03868462083,34979.3057622148,34921.195074227,50919.50485499
22463.4653868174,1759.13946818432,38729.8270740949,38077.8582662705,52969.5742703026
23561.6578330165,2093.21580383265,46679.2268012183,45475.7470191191,61377.1015792572
23654.9845875296,2084.7784208949,52315.9613304185,51295.7828032526,63590.4104196256
23846.676816312,2017.51151069868,55065.9390758662,53794.646226429,68488.4132998107
23584.6159485395,1985.52252766505,55607.6831831453,57075.3398787117,70196.34244912
25057.283474337,2097.44786093012,56016.9091608789,57883.1176931652,73705.451327789
25467.9947812811,2116.00510719454,56092.0159051156,57843.6607071835,73325.2179436252
25535.2916794138,2146.07079464914,55457.76047167,57629.5997766826,72268.2598772615
25518.8848910116,2227.44287816147,53390.4588925612,56307.7209663114,71652.1015604032
25092.950536163,2255.71014537031,52119.763930194,55791.7019491858,72005.3131251392
25234.6738393051,2363.77108100033,50453.5575326684,55052.968152998,71761.1419813645
24621.4180906046,2338.62058711289,49859.5667816142,53156.1178415208,70231.0673102809
25263.2365590335,2354.40866713969,50962.0769013196,50314.0473501038,66558.1138448613
25990.3228374352,2429.27846906736,53073.1412168709,50054.9318278889,66943.4966778704
24936.4771685248,2441.10988189219,49393.1514491807,45953.5088237558,60095.224450702
24602.7106091223,2397.08172663271,46556.4816747455,43476.7865788705,57375.0917312919
24094.1382796814,2286.22620776072,43397.4356193882,41451.0808335903,55454.7119308429
23446.4291387877,2106.74301370773,40000.9277904799,38540.7055854475,53400.8486930768
22347.0020507168,1765.5571493022,37287.2553754239,36059.1044842314,51245.4635250131
22081.802763428,1672.92009816446,35588.7940215633,34985.9698473615,50819.3325316462
21903.6269477995,1637.14308304333,34497.1935498292,33946.7570509669,50606.7086625004
21730.6843680166,1599.6966911371,33921.47722354,33573.9462813934,50315.6597006227
21727.3295388136,1591.38284102816,33715.6643902076,33659.544307539,50328.9330598374
22002.2398620869,1639.03868462083,34979.3057622148,34921.195074227,50919.50485499
22463.4653868174,1759.13946818432,38729.8270740949,38077.8582662705,52969.5742703026
23561.6578330165,2093.21580383265,46679.2268012183,45475.7470191191,61377.1015792572
23654.9845875296,2084.7784208949,52315.9613304185,51295.7828032526,63590.4104196256
23846.676816312,2017.51151069868,55065.9390758662,53794.646226429,68488.4132998107
23584.6159485395,1985.52252766505,55607.6831831453,57075.3398787117,70196.34244912
25057.283474337,2097.44786093012,56016.9091608789,57883.1176931652,73705.451327789
25467.9947812811,2116.00510719454,56092.0159051156,57843.6607071835,73325.2179436252
25535.2916794138,2146.07079464914,55457.76047167,57629.5997766826,72268.2598772615
25518.8848910116,2227.44287816147,53390.4588925612,56307.7209663114,71652.1015604032
25092.950536163,2255.71014537031,52119.763930194,55791.7019491858,72005.3131251392
25234.6738393051,2363.77108100033,50453.5575326684,55052.968152998,71761.1419813645
24621.4180906046,2338.62058711289,49859.5667816142,53156.1178415208,70231.0673102809
25263.2365590335,2354.40866713969,50962.0769013196,50314.0473501038,66558.1138448613
25990.3228374352,2429.27846906736,53073.1412168709,50054.9318278889,66943.4966778704
24936.4771685248,2441.10988189219,49393.1514491807,45953.5088237558,60095.224450702
24602.7106091223,2397.08172663271,46556.4816747455,43476.7865788705,57375.0917312919
24094.1382796814,2286.22620776072,43397.4356193882,41451.0808335903,55454.7119308429
23446.4291387877,2106.74301370773,40000.9277904799,38540.7055854475,53400.8486930768
22347.0020507168,1765.5571493022,37287.2553754239,36059.1044842314,51245.4635250131
22081.802763428,1672.92009816446,35588.7940215633,34985.9698473615,50819.3325316462
21903.6269477995,1637.14308304333,34497.1935498292,33946.7570509669,50606.7086625004
21730.6843680166,1599.6966911371,33921.47722354,33573.9462813934,50315.6597006227
21727.3295388136,1591.38284102816,33715.6643902076,33659.544307539,50328.9330598374
22002.2398620869,1639.03868462083,34979.3057622148,34921.195074227,50919.50485499
22463.4653868174,1759.13946818432,38729.8270740949,38077.8582662705,52969.5742703026
23561.6578330165,2093.21580383265,46679.2268012183,45475.7470191191,61377.1015792572
23654.9845875296,2084.7784208949,52315.9613304185,51295.7828032526,63590.4104196256
23846.676816312,2017.51151069868,55065.9390758662,53794.646226429,68488.4132998107
23584.6159485395,1985.52252766505,55607.6831831453,57075.3398787117,70196.34244912
25057.283474337,2097.44786093012,56016.9091608789,57883.1176931652,73705.451327789
25467.9947812811,2116.00510719454,56092.0159051156,57843.6607071835,73325.2179436252
25535.2916794138,2146.07079464914,55457.76047167,57629.5997766826,72268.2598772615
25518.8848910116,2227.44287816147,53390.4588925612,56307.7209663114,71652.1015604032
25092.950536163,2255.71014537031,52119.763930194,55791.7019491858,72005.3131251392
25234.6738393051,2363.77108100033,50453.5575326684,55052.968152998,71761.1419813645
24621.4180906046,2338.62058711289,49859.5667816142,53156.1178415208,70231.0673102809
25263.2365590335,2354.40866713969,50962.0769013196,50314.0473501038,66558.1138448613
25990.3228374352,2429.27846906736,53073.1412168709,50054.9318278889,66943.4966778704
24936.4771685248,2441.10988189219,49393.1514491807,45953.5088237558,60095.224450702
24602.7106091223,2397.08172663271,46556.4816747455,43476.7865788705,57375.0917312919
24094.1382796814,2286.22620776072,43397.4356193882,41451.0808335903,55454.7119308429
23446.4291387877,2106.74301370773,40000.9277904799,38540.7055854475,53400.8486930768
22347.0020507168,1765.5571493022,37287.2553754239,36059.1044842314,51245.4635250131
22081.802763428,1672.92009816446,35588.7940215633,34985.9698473615,50819.3325316462
21903.6269477995,1637.14308304333,34497.1935498292,33946.7570509669,50606.7086625004
21730.6843680166,1599.6966911371,33921.47722354,33573.9462813934,50315.6597006227
21727.3295388136,1591.38284102816,33715.6643902076,33659.544307539,50328.9330598374
22002.2398620869,1639.03868462083,34979.3057622148,34921.195074227,50919.50485499
22463.4653868174,1759.13946818432,38729.8270740949,38077.8582662705,52969.5742703026
23561.6578330165,2093.21580383265,46679.2268012183,45475.7470191191,61377.1015792572
23654.9845875296,2084.7784208949,52315.9613304185,51295.7828032526,63590.4104196256
23846.676816312,2017.51151069868,55065.9390758662,53794.646226429,68488.4132998107
23584.6159485395,1985.52252766505,55607.6831831453,57075.3398787117,70196.34244912
25057.283474337,2097.44786093012,56016.9091608789,57883.1176931652,73705.451327789
25467.9947812811,2116.00510719454,56092.0159051156,57843.6607071835,73325.2179436252
25535.2916794138,2146.07079464914,55457.76047167,57629.5997766826,72268.2598772615
25518.8848910116,2227.44287816147,53390.4588925612,56307.7209663114,71652.1015604032
25092.950536163,2255.71014537031,52119.763930194,55791.7019491858,72005.3131251392
25234.6738393051,2363.77108100033,50453.5575326684,55052.968152998,71761.1419813645
24621.4180906046,2338.62058711289,49859.5667816142,53156.1178415208,70231.0673102809
25263.2365590335,2354.40866713969,50962.0769013196,50314.0473501038,66558.1138448613
25990.3228374352,2429.27846906736,53073.1412168709,50054.9318278889,66943.4966778704
24936.4771685248,2441.10988189219,49393.1514491807,45953.5088237558,60095.224450702
24602.7106091223,2397.08172663271,46556.4816747455,43476.7865788705,57375.0917312919
24094.1382796814,2286.22620776072,43397.4356193882,41451.0808335903,55454.7119308429
23446.4291387877,2106.74301370773,40000.9277904799,38540.7055854475,53400.8486930768
22347.0020507168,1765.5571493022,37287.2553754239,36059.1044842314,51245.4635250131
23695.5460228477,1720.02597225359,37864.3983379456,38509.6434897971,51391.3526602297
23439.2349760366,1634.16091857817,36111.4602793937,37755.9708791112,51185.3409870918
23224.1508336103,1584.90595136892,35287.5651372441,37393.7711487165,50926.5376965624
23201.5815590862,1566.88803739765,35246.0371657834,37499.1987835538,50948.3867448878
23392.3539880764,1600.2925355875,36926.5930291473,38604.556439329,51538.7600463014
23471.718442553,1766.25994885028,40843.9609562342,41348.9260410107,53248.5982133249
23691.1454022648,2141.14029705651,45733.9937880744,47548.96782382,60341.8779720382
24383.0163308712,2431.6433781184,50549.1238457237,53593.3503307875,62298.6628607232
24815.2268325893,2376.27989817673,55220.3016402622,57125.3704485395,67574.2127469321
24814.0889823951,2214.62714671738,58329.0383084616,61451.7765254541,68667.0158207145
25544.0800377367,2055.44642791344,59233.0990894463,63962.6157873297,71462.9929115621
25698.8562718134,2013.03524516015,59137.7809483533,63797.4574413662,70505.3901132845
25769.5305395207,1962.05452699123,58247.8505907559,63548.4895439543,69199.4722077373
25716.7544733382,1890.07257845229,56602.3808250378,62686.6879450096,69296.5967840898
25282.2490508077,1879.45924259117,55230.0163962657,61875.6108768145,69655.5697268478
25035.1077128984,1932.62393746321,53499.2176644676,60715.253834262,69686.0051387609
24726.5418151844,2269.2412419039,52143.3860450843,57795.2526237139,68306.7458989179
25757.3915244279,2770.9318956663,53002.5937622776,53328.6763071164,64453.0318330498
26662.1264016502,2769.03097258212,53329.2703132841,51909.2049833848,65498.8816416855
26018.4568681892,2698.20148957708,52853.288270217,47382.1674489645,58682.9563780349
25368.7523520749,2587.29962118289,51522.8328515895,44750.5525380605,56546.7660682948
24562.4761523542,2372.93951462655,48612.9566218394,43125.9425355064,54987.5542047685
24215.4758703392,2095.85465987142,44493.5581642582,41631.3371890759,53203.3504902449
24039.7884181983,1863.76487412375,40629.1322964565,39438.0096340427,51832.6527968348
23695.5460228477,1720.02597225359,37864.3983379456,38509.6434897971,51391.3526602297
23439.2349760366,1634.16091857817,36111.4602793937,37755.9708791112,51185.3409870918
23224.1508336103,1584.90595136892,35287.5651372441,37393.7711487165,50926.5376965624
23201.5815590862,1566.88803739765,35246.0371657834,37499.1987835538,50948.3867448878
23392.3539880764,1600.2925355875,36926.5930291473,38604.556439329,51538.7600463014
23471.718442553,1766.25994885028,40843.9609562342,41348.9260410107,53248.5982133249
23691.1454022648,2141.14029705651,45733.9937880744,47548.96782382,60341.8779720382
24383.0163308712,2431.6433781184,50549.1238457237,53593.3503307875,62298.6628607232
24815.2268325893,2376.27989817673,55220.3016402622,57125.3704485395,67574.2127469321
24814.0889823951,2214.62714671738,58329.0383084616,61451.7765254541,68667.0158207145
25544.0800377367,2055.44642791344,59233.0990894463,63962.6157873297,71462.9929115621
25698.8562718134,2013.03524516015,59137.7809483533,63797.4574413662,70505.3901132845
25769.5305395207,1962.05452699123,58247.8505907559,63548.4895439543,69199.4722077373
25716.7544733382,1890.07257845229,56602.3808250378,62686.6879450096,69296.5967840898
25282.2490508077,1879.45924259117,55230.0163962657,61875.6108768145,69655.5697268478
25035.1077128984,1932.62393746321,53499.2176644676,60715.253834262,69686.0051387609
24726.5418151844,2269.2412419039,52143.3860450843,57795.2526237139,68306.7458989179
25757.3915244279,2770.9318956663,53002.5937622776,53328.6763071164,64453.0318330498
26662.1264016502,2769.03097258212,53329.2703132841,51909.2049833848,65498.8816416855
26018.4568681892,2698.20148957708,52853.288270217,47382.1674489645,58682.9563780349
25368.7523520749,2587.29962118289,51522.8328515895,44750.5525380605,56546.7660682948
24562.4761523542,2372.93951462655,48612.9566218394,43125.9425355064,54987.5542047685
24215.4758703392,2095.85465987142,44493.5581642582,41631.3371890759,53203.3504902449
24039.7884181983,1863.76487412375,40629.1322964565,39438.0096340427,51832.6527968348
23695.5460228477,1720.02597225359,37864.3983379456,38509.6434897971,51391.3526602297
23439.2349760366,1634.16091857817,36111.4602793937,37755.9708791112,51185.3409870918
23224.1508336103,1584.90595136892,35287.5651372441,37393.7711487165,50926.5376965624
23201.5815590862,1566.88803739765,35246.0371657834,37499.1987835538,50948.3867448878
23392.3539880764,1600.2925355875,36926.5930291473,38604.556439329,51538.7600463014
23471.718442553,1766.25994885028,40843.9609562342,41348.9260410107,53248.5982133249
23691.1454022648,2141.14029705651,45733.9937880744,47548.96782382,60341.8779720382
24383.0163308712,2431.6433781184,50549.1238457237,53593.3503307875,62298.6628607232
24815.2268325893,2376.27989817673,55220.3016402622,57125.3704485395,67574.2127469321
24814.0889823951,2214.62714671738,58329.0383084616,61451.7765254541,68667.0158207145
25544.0800377367,2055.44642791344,59233.0990894463,63962.6157873297,71462.9929115621
25698.8562718134,2013.03524516015,59137.7809483533,63797.4574413662,70505.3901132845
25769.5305395207,1962.05452699123,58247.8505907559,63548.4895439543,69199.4722077373
25716.7544733382,1890.07257845229,56602.3808250378,62686.6879450096,69296.5967840898
25282.2490508077,1879.45924259117,55230.0163962657,61875.6108768145,69655.5697268478
25035.1077128984,1932.62393746321,53499.2176644676,60715.253834262,69686.0051387609
24726.5418151844,2269.2412419039,52143.3860450843,57795.2526237139,68306.7458989179
25757.3915244279,2770.9318956663,53002.5937622776,53328.6763071164,64453.0318330498
26662.1264016502,2769.03097258212,53329.2703132841,51909.2049833848,65498.8816416855
26018.4568681892,2698.20148957708,52853.288270217,47382.1674489645,58682.9563780349
25368.7523520749,2587.29962118289,51522.8328515895,44750.5525380605,56546.7660682948
24562.4761523542,2372.93951462655,48612.9566218394,43125.9425355064,54987.5542047685
24215.4758703392,2095.85465987142,44493.5581642582,41631.3371890759,53203.3504902449
24039.7884181983,1863.76487412375,40629.1322964565,39438.0096340427,51832.6527968348
23695.5460228477,1720.02597225359,37864.3983379456,38509.6434897971,51391.3526602297
23439.2349760366,1634.16091857817,36111.4602793937,37755.9708791112,51185.3409870918
23224.1508336103,1584.90595136892,35287.5651372441,37393.7711487165,50926.5376965624
23201.5815590862,1566.88803739765,35246.0371657834,37499.1987835538,50948.3867448878
23392.3539880764,1600.2925355875,36926.5930291473,38604.556439329,51538.7600463014
23471.718442553,1766.25994885028,40843.9609562342,41348.9260410107,53248.5982133249
23691.1454022648,2141.14029705651,45733.9937880744,47548.96782382,60341.8779720382
24383.0163308712,2431.6433781184,50549.1238457237,53593.3503307875,62298.6628607232
24815.2268325893,2376.27989817673,55220.3016402622,57125.3704485395,67574.2127469321
24814.0889823951,2214.62714671738,58329.0383084616,61451.7765254541,68667.0158207145
25544.0800377367,2055.44642791344,59233.0990894463,63962.6157873297,71462.9929115621
25698.8562718134,2013.03524516015,59137.7809483533,63797.4574413662,70505.3901132845
25769.5305395207,1962.05452699123,58247.8505907559,63548.4895439543,69199.4722077373
25716.7544733382,1890.07257845229,56602.3808250378,62686.6879450096,69296.5967840898
25282.2490508077,1879.45924259117,55230.0163962657,61875.6108768145,69655.5697268478
25035.1077128984,1932.62393746321,53499.2176644676,60715.253834262,69686.0051387609
24726.5418151844,2269.2412419039,52143.3860450843,57795.2526237139,68306.7458989179
25757.3915244279,2770.9318956663,53002.5937622776,53328.6763071164,64453.0318330498
26662.1264016502,2769.03097258212,53329.2703132841,51909.2049833848,65498.8816416855
26018.4568681892,2698.20148957708,52853.288270217,47382.1674489645,58682.9563780349
25368.7523520749,2587.29962118289,51522.8328515895,44750.5525380605,56546.7660682948
24562.4761523542,2372.93951462655,48612.9566218394,43125.9425355064,54987.5542047685
24215.4758703392,2095.85465987142,44493.5581642582,41631.3371890759,53203.3504902449
24039.7884181983,1863.76487412375,40629.1322964565,39438.0096340427,51832.6527968348
23695.5460228477,1720.02597225359,37864.3983379456,38509.6434897971,51391.3526602297
23439.2349760366,1634.16091857817,36111.4602793937,37755.9708791112,51185.3409870918
23224.1508336103,1584.90595136892,35287.5651372441,37393.7711487165,50926.5376965624
23201.5815590862,1566.88803739765,35246.0371657834,37499.1987835538,50948.3867448878
23392.3539880764,1600.2925355875,36926.5930291473,38604.556439329,51538.7600463014
23471.718442553,1766.25994885028,40843.9609562342,41348.9260410107,53248.5982133249
23691.1454022648,2141.14029705651,45733.9937880744,47548.96782382,60341.8779720382
24383.0163308712,2431.6433781184,50549.1238457237,53593.3503307875,62298.6628607232
24815.2268325893,2376.27989817673,55220.3016402622,57125.3704485395,67574.2127469321
24814.0889823951,2214.62714671738,58329.0383084616,61451.7765254541,68667.0158207145
25544.0800377367,2055.44642791344,59233.0990894463,63962.6157873297,71462.9929115621
25698.8562718134,2013.03524516015,59137.7809483533,63797.4574413662,70505.3901132845
25769.5305395207,1962.05452699123,58247.8505907559,63548.4895439543,69199.4722077373
25716.7544733382,1890.07257845229,56602.3808250378,62686.6879450096,69296.5967840898
25282.2490508077,1879.45924259117,55230.0163962657,61875.6108768145,69655.5697268478
25035.1077128984,1932.62393746321,53499.2176644676,60715.253834262,69686.0051387609
24726.5418151844,2269.2412419039,52143.3860450843,57795.2526237139,68306.7458989179
25757.3915244279,2770.9318956663,53002.5937622776,53328.6763071164,64453.0318330498
26662.1264016502,2769.03097258212,53329.2703132841,51909.2049833848,65498.8816416855
26018.4568681892,2698.20148957708,52853.288270217,47382.1674489645,58682.9563780349
25368.7523520749,2587.29962118289,51522.8328515895,44750.5525380605,56546.7660682948
24562.4761523542,2372.93951462655,48612.9566218394,43125.9425355064,54987.5542047685
24215.4758703392,2095.85465987142,44493.5581642582,41631.3371890759,53203.3504902449
24039.7884181983,1863.76487412375,40629.1322964565,39438.0096340427,51832.6527968348
23695.5460228477,1720.02597225359,37864.3983379456,38509.6434897971,51391.3526602297
23439.2349760366,1634.16091857817,36111.4602793937,37755.9708791112,51185.3409870918
23224.1508336103,1584.90595136892,35287.5651372441,37393.7711487165,50926.5376965624
23201.5815590862,1566.88803739765,35246.0371657834,37499.1987835538,50948.3867448878
23392.3539880764,1600.2925355875,36926.5930291473,38604.556439329,51538.7600463014
23471.718442553,1766.25994885028,40843.9609562342,41348.9260410107,53248.5982133249
23691.1454022648,2141.14029705651,45733.9937880744,47548.96782382,60341.8779720382
24383.0163308712,2431.6433781184,50549.1238457237,53593.3503307875,62298.6628607232
24815.2268325893,2376.27989817673,55220.3016402622,57125.3704485395,67574.2127469321
24814.0889823951,2214.62714671738,58329.0383084616,61451.7765254541,68667.0158207145
25544.0800377367,2055.44642791344,59233.0990894463,63962.6157873297,71462.9929115621
25698.8562718134,2013.03524516015,59137.7809483533,63797.4574413662,70505.3901132845
25769.5305395207,1962.05452699123,58247.8505907559,63548.4895439543,69199.4722077373
25716.7544733382,1890.07257845229,56602.3808250378,62686.6879450096,69296.5967840898
25282.2490508077,1879.45924259117,55230.0163962657,61875.6108768145,69655.5697268478
25035.1077128984,1932.62393746321,53499.2176644676,60715.253834262,69686.0051387609
24726.5418151844,2269.2412419039,52143.3860450843,57795.2526237139,68306.7458989179
25757.3915244279,2770.9318956663,53002.5937622776,53328.6763071164,64453.0318330498
26662.1264016502,2769.03097258212,53329.2703132841,51909.2049833848,65498.8816416855
26018.4568681892,2698.20148957708,52853.288270217,47382.1674489645,58682.9563780349
25368.7523520749,2587.29962118289,51522.8328515895,44750.5525380605,56546.7660682948
24562.4761523542,2372.93951462655,48612.9566218394,43125.9425355064,54987.5542047685
24215.4758703392,2095.85465987142,44493.5581642582,41631.3371890759,53203.3504902449
24039.7884181983,1863.76487412375,40629.1322964565,39438.0096340427,51832.6527968348
23695.5460228477,1720.02597225359,37864.3983379456,38509.6434897971,51391.3526602297
23439.2349760366,1634.16091857817,36111.4602793937,37755.9708791112,51185.3409870918
23224.1508336103,1584.90595136892,35287.5651372441,37393.7711487165,50926.5376965624
23201.5815590862,1566.88803739765,35246.0371657834,37499.1987835538,50948.3867448878
23392.3539880764,1600.2925355875,36926.5930291473,38604.556439329,51538.7600463014
23471.718442553,1766.25994885028,40843.9609562342,41348.9260410107,53248.5982133249
23691.1454022648,2141.14029705651,45733.9937880744,47548.96782382,60341.8779720382
24383.0163308712,2431.6433781184,50549.1238457237,53593.3503307875,62298.6628607232
24815.2268325893,2376.27989817673,55220.3016402622,57125.3704485395,67574.2127469321
24814.0889823951,2214.62714671738,58329.0383084616,61451.7765254541,68667.0158207145
25544.0800377367,2055.44642791344,59233.0990894463,63962.6157873297,71462.9929115621
25698.8562718134,2013.03524516015,59137.7809483533,63797.4574413662,70505.3901132845
25769.5305395207,1962.05452699123,58247.8505907559,63548.4895439543,69199.4722077373
25716.7544733382,1890.07257845229,56602.3808250378,62686.6879450096,69296.5967840898
25282.2490508077,1879.45924259117,55230.0163962657,61875.6108768145,69655.5697268478
25035.1077128984,1932.62393746321,53499.2176644676,60715.253834262,69686.0051387609
24726.5418151844,2269.2412419039,52143.3860450843,57795.2526237139,68306.7458989179
25757.3915244279,2770.9318956663,53002.5937622776,53328.6763071164,64453.0318330498
26662.1264016502,2769.03097258212,53329.2703132841,51909.2049833848,65498.8816416855
26018.4568681892,2698.20148957708,52853.288270217,47382.1674489645,58682.9563780349
25368.7523520749,2587.29962118289,51522.8328515895,44750.5525380605,56546.7660682948
24562.4761523542,2372.93951462655,48612.9566218394,43125.9425355064,54987.5542047685
24215.4758703392,2095.85465987142,44493.5581642582,41631.3371890759,53203.3504902449
24039.7884181983,1863.76487412375,40629.1322964565,39438.0096340427,51832.6527968348
23695.5460228477,1720.02597225359,37864.3983379456,38509.6434897971,51391.3526602297
23439.2349760366,1634.16091857817,36111.4602793937,37755.9708791112,51185.3409870918
23224.1508336103,1584.90595136892,35287.5651372441,37393.7711487165,50926.5376965624
23201.5815590862,1566.88803739765,35246.0371657834,37499.1987835538,50948.3867448878
23392.3539880764,1600.2925355875,36926.5930291473,38604.556439329,51538.7600463014
23471.718442553,1766.25994885028,40843.9609562342,41348.9260410107,53248.5982133249
23691.1454022648,2141.14029705651,45733.9937880744,47548.96782382,60341.8779720382
24383.0163308712,2431.6433781184,50549.1238457237,53593.3503307875,62298.6628607232
24815.2268325893,2376.27989817673,55220.3016402622,57125.3704485395,67574.2127469321
24814.0889823951,2214.62714671738,58329.0383084616,61451.7765254541,68667.0158207145
25544.0800377367,2055.44642791344,59233.0990894463,63962.6157873297,71462.9929115621
25698.8562718134,2013.03524516015,59137.7809483533,63797.4574413662,70505.3901132845
25769.5305395207,1962.05452699123,58247.8505907559,63548.4895439543,69199.4722077373
25716.7544733382,1890.07257845229,56602.3808250378,62686.6879450096,69296.5967840898
25282.2490508077,1879.45924259117,55230.0163962657,61875.6108768145,69655.5697268478
25035.1077128984,1932.62393746321,53499.2176644676,60715.253834262,69686.0051387609
24726.5418151844,2269.2412419039,52143.3860450843,57795.2526237139,68306.7458989179
25757.3915244279,2770.9318956663,53002.5937622776,53328.6763071164,64453.0318330498
26662.1264016502,2769.03097258212,53329.2703132841,51909.2049833848,65498.8816416855
26018.4568681892,2698.20148957708,52853.288270217,47382.1674489645,58682.9563780349
25368.7523520749,2587.29962118289,51522.8328515895,44750.5525380605,56546.7660682948
24562.4761523542,2372.93951462655,48612.9566218394,43125.9425355064,54987.5542047685
24215.4758703392,2095.85465987142,44493.5581642582,41631.3371890759,53203.3504902449
24039.7884181983,1863.76487412375,40629.1322964565,39438.0096340427,51832.6527968348
23695.5460228477,1720.02597225359,37864.3983379456,38509.6434897971,51391.3526602297
23439.2349760366,1634.16091857817,36111.4602793937,37755.9708791112,51185.3409870918
23224.1508336103,1584.90595136892,35287.5651372441,37393.7711487165,50926.5376965624
23201.5815590862,1566.88803739765,35246.0371657834,37499.1987835538,50948.3867448878
23392.3539880764,1600.2925355875,36926.5930291473,38604.556439329,51538.7600463014
23471.718442553,1766.25994885028,40843.9609562342,41348.9260410107,53248.5982133249
23691.1454022648,2141.14029705651,45733.9937880744,47548.96782382,60341.8779720382
24383.0163308712,2431.6433781184,50549.1238457237,53593.3503307875,62298.6628607232
24815.2268325893,2376.27989817673,55220.3016402622,57125.3704485395,67574.2127469321
24814.0889823951,2214.62714671738,58329.0383084616,61451.7765254541,68667.0158207145
25544.0800377367,2055.44642791344,59233.0990894463,63962.6157873297,71462.9929115621
25698.8562718134,2013.03524516015,59137.7809483533,63797.4574413662,70505.3901132845
25769.5305395207,1962.05452699123,58247.8505907559,63548.4895439543,69199.4722077373
25716.7544733382,1890.07257845229,56602.3808250378,62686.6879450096,69296.5967840898
25282.2490508077,1879.45924259117,55230.0163962657,61875.6108768145,69655.5697268478
25035.1077128984,1932.62393746321,53499.2176644676,60715.253834262,69686.0051387609
24726.5418151844,2269.2412419039,52143.3860450843,57795.2526237139,68306.7458989179
25757.3915244279,2770.9318956663,53002.5937622776,53328.6763071164,64453.0318330498
26662.1264016502,2769.03097258212,53329.2703132841,51909.2049833848,65498.8816416855
26018.4568681892,2698.20148957708,52853.288270217,47382.1674489645,58682.9563780349
25368.7523520749,2587.29962118289,51522.8328515895,44750.5525380605,56546.7660682948
24562.4761523542,2372.93951462655,48612.9566218394,43125.9425355064,54987.5542047685
24215.4758703392,2095.85465987142,44493.5581642582,41631.3371890759,53203.3504902449
24039.7884181983,1863.76487412375,40629.1322964565,39438.0096340427,51832.6527968348
23695.5460228477,1720.02597225359,37864.3983379456,38509.6434897971,51391.3526602297
23439.2349760366,1634.16091857817,36111.4602793937,37755.9708791112,51185.3409870918
23224.1508336103,1584.90595136892,35287.5651372441,37393.7711487165,50926.5376965624
23201.5815590862,1566.88803739765,35246.0371657834,37499.1987835538,50948.3867448878
23392.3539880764,1600.2925355875,36926.5930291473,38604.556439329,51538.7600463014
23471.718442553,1766.25994885028,40843.9609562342,41348.9260410107,53248.5982133249
23691.1454022648,2141.14029705651,45733.9937880744,47548.96782382,60341.8779720382
24383.0163308712,2431.6433781184,50549.1238457237,53593.3503307875,62298.6628607232
24815.2268325893,2376.27989817673,55220.3016402622,57125.3704485395,67574.2127469321
24814.0889823951,2214.62714671738,58329.0383084616,61451.7765254541,68667.0158207145
25544.0800377367,2055.44642791344,59233.0990894463,63962.6157873297,71462.9929115621
25698.8562718134,2013.03524516015,59137.7809483533,63797.4574413662,70505.3901132845
25769.5305395207,1962.05452699123,58247.8505907559,63548.4895439543,69199.4722077373
25716.7544733382,1890.07257845229,56602.3808250378,62686.6879450096,69296.5967840898
25282.2490508077,1879.45924259117,55230.0163962657,61875.6108768145,69655.5697268478
25035.1077128984,1932.62393746321,53499.2176644676,60715.253834262,69686.0051387609
24726.5418151844,2269.2412419039,52143.3860450843,57795.2526237139,68306.7458989179
25757.3915244279,2770.9318956663,53002.5937622776,53328.6763071164,64453.0318330498
26662.1264016502,2769.03097258212,53329.2703132841,51909.2049833848,65498.8816416855
26018.4568681892,2698.20148957708,52853.288270217,47382.1674489645,58682.9563780349
25368.7523520749,2587.29962118289,51522.8328515895,44750.5525380605,56546.7660682948
24562.4761523542,2372.93951462655,48612.9566218394,43125.9425355064,54987.5542047685
24215.4758703392,2095.85465987142,44493.5581642582,41631.3371890759,53203.3504902449
24039.7884181983,1863.76487412375,40629.1322964565,39438.0096340427,51832.6527968348
23695.5460228477,1720.02597225359,37864.3983379456,38509.6434897971,51391.3526602297
23439.2349760366,1634.16091857817,36111.4602793937,37755.9708791112,51185.3409870918
23224.1508336103,1584.90595136892,35287.5651372441,37393.7711487165,50926.5376965624
23201.5815590862,1566.88803739765,35246.0371657834,37499.1987835538,50948.3867448878
23392.3539880764,1600.2925355875,36926.5930291473,38604.556439329,51538.7600463014
23471.718442553,1766.25994885028,40843.9609562342,41348.9260410107,53248.5982133249
23691.1454022648,2141.14029705651,45733.9937880744,47548.96782382,60341.8779720382
24383.0163308712,2431.6433781184,50549.1238457237,53593.3503307875,62298.6628607232
24815.2268325893,2376.27989817673,55220.3016402622,57125.3704485395,67574.2127469321
24814.0889823951,2214.62714671738,58329.0383084616,61451.7765254541,68667.0158207145
25544.0800377367,2055.44642791344,59233.0990894463,63962.6157873297,71462.9929115621
25698.8562718134,2013.03524516015,59137.7809483533,63797.4574413662,70505.3901132845
25769.5305395207,1962.05452699123,58247.8505907559,63548.4895439543,69199.4722077373
25716.7544733382,1890.07257845229,56602.3808250378,62686.6879450096,69296.5967840898
25282.2490508077,1879.45924259117,55230.0163962657,61875.6108768145,69655.5697268478
25035.1077128984,1932.62393746321,53499.2176644676,60715.253834262,69686.0051387609
24726.5418151844,2269.2412419039,52143.3860450843,57795.2526237139,68306.7458989179
25757.3915244279,2770.9318956663,53002.5937622776,53328.6763071164,64453.0318330498
26662.1264016502,2769.03097258212,53329.2703132841,51909.2049833848,65498.8816416855
26018.4568681892,2698.20148957708,52853.288270217,47382.1674489645,58682.9563780349
25368.7523520749,2587.29962118289,51522.8328515895,44750.5525380605,56546.7660682948
24562.4761523542,2372.93951462655,48612.9566218394,43125.9425355064,54987.5542047685
24215.4758703392,2095.85465987142,44493.5581642582,41631.3371890759,53203.3504902449
24039.7884181983,1863.76487412375,40629.1322964565,39438.0096340427,51832.6527968348
23695.5460228477,1720.02597225359,37864.3983379456,38509.6434897971,51391.3526602297
23439.2349760366,1634.16091857817,36111.4602793937,37755.9708791112,51185.3409870918
23224.1508336103,1584.90595136892,35287.5651372441,37393.7711487165,50926.5376965624
23201.5815590862,1566.88803739765,35246.0371657834,37499.1987835538,50948.3867448878
23392.3539880764,1600.2925355875,36926.5930291473,38604.556439329,51538.7600463014
23471.718442553,1766.25994885028,40843.9609562342,41348.9260410107,53248.5982133249
23691.1454022648,2141.14029705651,45733.9937880744,47548.96782382,60341.8779720382
24383.0163308712,2431.6433781184,50549.1238457237,53593.3503307875,62298.6628607232
24815.2268325893,2376.27989817673,55220.3016402622,57125.3704485395,67574.2127469321
24814.0889823951,2214.62714671738,58329.0383084616,61451.7765254541,68667.0158207145
25544.0800377367,2055.44642791344,59233.0990894463,63962.6157873297,71462.9929115621
25698.8562718134,2013.03524516015,59137.7809483533,63797.4574413662,70505.3901132845
25769.5305395207,1962.05452699123,58247.8505907559,63548.4895439543,69199.4722077373
25716.7544733382,1890.07257845229,56602.3808250378,62686.6879450096,69296.5967840898
25282.2490508077,1879.45924259117,55230.0163962657,61875.6108768145,69655.5697268478
25035.1077128984,1932.62393746321,53499.2176644676,60715.253834262,69686.0051387609
24726.5418151844,2269.2412419039,52143.3860450843,57795.2526237139,68306.7458989179
25757.3915244279,2770.9318956663,53002.5937622776,53328.6763071164,64453.0318330498
26662.1264016502,2769.03097258212,53329.2703132841,51909.2049833848,65498.8816416855
26018.4568681892,2698.20148957708,52853.288270217,47382.1674489645,58682.9563780349
25368.7523520749,2587.29962118289,51522.8328515895,44750.5525380605,56546.7660682948
24562.4761523542,2372.93951462655,48612.9566218394,43125.9425355064,54987.5542047685
24215.4758703392,2095.85465987142,44493.5581642582,41631.3371890759,53203.3504902449
24039.7884181983,1863.76487412375,40629.1322964565,39438.0096340427,51832.6527968348
23695.5460228477,1720.02597225359,37864.3983379456,38509.6434897971,51391.3526602297
23439.2349760366,1634.16091857817,36111.4602793937,37755.9708791112,51185.3409870918
23224.1508336103,1584.90595136892,35287.5651372441,37393.7711487165,50926.5376965624
23201.5815590862,1566.88803739765,35246.0371657834,37499.1987835538,50948.3867448878
23392.3539880764,1600.2925355875,36926.5930291473,38604.556439329,51538.7600463014
23471.718442553,1766.25994885028,40843.9609562342,41348.9260410107,53248.5982133249
23691.1454022648,2141.14029705651,45733.9937880744,47548.96782382,60341.8779720382
24383.0163308712,2431.6433781184,50549.1238457237,53593.3503307875,62298.6628607232
24815.2268325893,2376.27989817673,55220.3016402622,57125.3704485395,67574.2127469321
24814.0889823951,2214.62714671738,58329.0383084616,61451.7765254541,68667.0158207145
25544.0800377367,2055.44642791344,59233.0990894463,63962.6157873297,71462.9929115621
25698.8562718134,2013.03524516015,59137.7809483533,63797.4574413662,70505.3901132845
25769.5305395207,1962.05452699123,58247.8505907559,63548.4895439543,69199.4722077373
25716.7544733382,1890.07257845229,56602.3808250378,62686.6879450096,69296.5967840898
25282.2490508077,1879.45924259117,55230.0163962657,61875.6108768145,69655.5697268478
25035.1077128984,1932.62393746321,53499.2176644676,60715.253834262,69686.0051387609
24726.5418151844,2269.2412419039,52143.3860450843,57795.2526237139,68306.7458989179
25757.3915244279,2770.9318956663,53002.5937622776,53328.6763071164,64453.0318330498
26662.1264016502,2769.03097258212,53329.2703132841,51909.2049833848,65498.8816416855
26018.4568681892,2698.20148957708,52853.288270217,47382.1674489645,58682.9563780349
25368.7523520749,2587.29962118289,51522.8328515895,44750.5525380605,56546.7660682948
24562.4761523542,2372.93951462655,48612.9566218394,43125.9425355064,54987.5542047685
24215.4758703392,2095.85465987142,44493.5581642582,41631.3371890759,53203.3504902449
24039.7884181983,1863.76487412375,40629.1322964565,39438.0096340427,51832.6527968348
23695.5460228477,1720.02597225359,37864.3983379456,38509.6434897971,51391.3526602297
23439.2349760366,1634.16091857817,36111.4602793937,37755.9708791112,51185.3409870918
23224.1508336103,1584.90595136892,35287.5651372441,37393.7711487165,50926.5376965624
23201.5815590862,1566.88803739765,35246.0371657834,37499.1987835538,50948.3867448878
23392.3539880764,1600.2925355875,36926.5930291473,38604.556439329,51538.7600463014
23471.718442553,1766.25994885028,40843.9609562342,41348.9260410107,53248.5982133249
23691.1454022648,2141.14029705651,45733.9937880744,47548.96782382,60341.8779720382
24383.0163308712,2431.6433781184,50549.1238457237,53593.3503307875,62298.6628607232
24815.2268325893,2376.27989817673,55220.3016402622,57125.3704485395,67574.2127469321
24814.0889823951,2214.62714671738,58329.0383084616,61451.7765254541,68667.0158207145
25544.0800377367,2055.44642791344,59233.0990894463,63962.6157873297,71462.9929115621
25698.8562718134,2013.03524516015,59137.7809483533,63797.4574413662,70505.3901132845
25769.5305395207,1962.05452699123,58247.8505907559,63548.4895439543,69199.4722077373
25716.7544733382,1890.07257845229,56602.3808250378,62686.6879450096,69296.5967840898
25282.2490508077,1879.45924259117,55230.0163962657,61875.6108768145,69655.5697268478
25035.1077128984,1932.62393746321,53499.2176644676,60715.253834262,69686.0051387609
24726.5418151844,2269.2412419039,52143.3860450843,57795.2526237139,68306.7458989179
25757.3915244279,2770.9318956663,53002.5937622776,53328.6763071164,64453.0318330498
26662.1264016502,2769.03097258212,53329.2703132841,51909.2049833848,65498.8816416855
26018.4568681892,2698.20148957708,52853.288270217,47382.1674489645,58682.9563780349
25368.7523520749,2587.29962118289,51522.8328515895,44750.5525380605,56546.7660682948
24562.4761523542,2372.93951462655,48612.9566218394,43125.9425355064,54987.5542047685
24215.4758703392,2095.85465987142,44493.5581642582,41631.3371890759,53203.3504902449
24039.7884181983,1863.76487412375,40629.1322964565,39438.0096340427,51832.6527968348
23695.5460228477,1720.02597225359,37864.3983379456,38509.6434897971,51391.3526602297
23439.2349760366,1634.16091857817,36111.4602793937,37755.9708791112,51185.3409870918
23224.1508336103,1584.90595136892,35287.5651372441,37393.7711487165,50926.5376965624
23201.5815590862,1566.88803739765,35246.0371657834,37499.1987835538,50948.3867448878
23392.3539880764,1600.2925355875,36926.5930291473,38604.556439329,51538.7600463014
23471.718442553,1766.25994885028,40843.9609562342,41348.9260410107,53248.5982133249
23691.1454022648,2141.14029705651,45733.9937880744,47548.96782382,60341.8779720382
24383.0163308712,2431.6433781184,50549.1238457237,53593.3503307875,62298.6628607232
24815.2268325893,2376.27989817673,55220.3016402622,57125.3704485395,67574.2127469321
24814.0889823951,2214.62714671738,58329.0383084616,61451.7765254541,68667.0158207145
25544.0800377367,2055.44642791344,59233.0990894463,63962.6157873297,71462.9929115621
25698.8562718134,2013.03524516015,59137.7809483533,63797.4574413662,70505.3901132845
25769.5305395207,1962.05452699123,58247.8505907559,63548.4895439543,69199.4722077373
25716.7544733382,1890.07257845229,56602.3808250378,62686.6879450096,69296.5967840898
25282.2490508077,1879.45924259117,55230.0163962657,61875.6108768145,69655.5697268478
25035.1077128984,1932.62393746321,53499.2176644676,60715.253834262,69686.0051387609
24726.5418151844,2269.2412419039,52143.3860450843,57795.2526237139,68306.7458989179
25757.3915244279,2770.9318956663,53002.5937622776,53328.6763071164,64453.0318330498
26662.1264016502,2769.03097258212,53329.2703132841,51909.2049833848,65498.8816416855
26018.4568681892,2698.20148957708,52853.288270217,47382.1674489645,58682.9563780349
25368.7523520749,2587.29962118289,51522.8328515895,44750.5525380605,56546.7660682948
24562.4761523542,2372.93951462655,48612.9566218394,43125.9425355064,54987.5542047685
24215.4758703392,2095.85465987142,44493.5581642582,41631.3371890759,53203.3504902449
24039.7884181983,1863.76487412375,40629.1322964565,39438.0096340427,51832.6527968348
23695.5460228477,1720.02597225359,37864.3983379456,38509.6434897971,51391.3526602297
23439.2349760366,1634.16091857817,36111.4602793937,37755.9708791112,51185.3409870918
23224.1508336103,1584.90595136892,35287.5651372441,37393.7711487165,50926.5376965624
23201.5815590862,1566.88803739765,35246.0371657834,37499.1987835538,50948.3867448878
23392.3539880764,1600.2925355875,36926.5930291473,38604.556439329,51538.7600463014
23471.718442553,1766.25994885028,40843.9609562342,41348.9260410107,53248.5982133249
23691.1454022648,2141.14029705651,45733.9937880744,47548.96782382,60341.8779720382
24383.0163308712,2431.6433781184,50549.1238457237,53593.3503307875,62298.6628607232
24815.2268325893,2376.27989817673,55220.3016402622,57125.3704485395,67574.2127469321
24814.0889823951,2214.62714671738,58329.0383084616,61451.7765254541,68667.0158207145
25544.0800377367,2055.44642791344,59233.0990894463,63962.6157873297,71462.9929115621
25698.8562718134,2013.03524516015,59137.7809483533,63797.4574413662,70505.3901132845
25769.5305395207,1962.05452699123,58247.8505907559,63548.4895439543,69199.4722077373
25716.7544733382,1890.07257845229,56602.3808250378,62686.6879450096,69296.5967840898
25282.2490508077,1879.45924259117,55230.0163962657,61875.6108768145,69655.5697268478
25035.1077128984,1932.62393746321,53499.2176644676,60715.253834262,69686.0051387609
24726.5418151844,2269.2412419039,52143.3860450843,57795.2526237139,68306.7458989179
25757.3915244279,2770.9318956663,53002.5937622776,53328.6763071164,64453.0318330498
26662.1264016502,2769.03097258212,53329.2703132841,51909.2049833848,65498.8816416855
26018.4568681892,2698.20148957708,52853.288270217,47382.1674489645,58682.9563780349
25368.7523520749,2587.29962118289,51522.8328515895,44750.5525380605,56546.7660682948
24562.4761523542,2372.93951462655,48612.9566218394,43125.9425355064,54987.5542047685
24215.4758703392,2095.85465987142,44493.5581642582,41631.3371890759,53203.3504902449
24039.7884181983,1863.76487412375,40629.1322964565,39438.0096340427,51832.6527968348
23695.5460228477,1720.02597225359,37864.3983379456,38509.6434897971,51391.3526602297
23439.2349760366,1634.16091857817,36111.4602793937,37755.9708791112,51185.3409870918
23224.1508336103,1584.90595136892,35287.5651372441,37393.7711487165,50926.5376965624
23201.5815590862,1566.88803739765,35246.0371657834,37499.1987835538,50948.3867448878
23392.3539880764,1600.2925355875,36926.5930291473,38604.556439329,51538.7600463014
23471.718442553,1766.25994885028,40843.9609562342,41348.9260410107,53248.5982133249
23691.1454022648,2141.14029705651,45733.9937880744,47548.96782382,60341.8779720382
24383.0163308712,2431.6433781184,50549.1238457237,53593.3503307875,62298.6628607232
24815.2268325893,2376.27989817673,55220.3016402622,57125.3704485395,67574.2127469321
24814.0889823951,2214.62714671738,58329.0383084616,61451.7765254541,68667.0158207145
25544.0800377367,2055.44642791344,59233.0990894463,63962.6157873297,71462.9929115621
25698.8562718134,2013.03524516015,59137.7809483533,63797.4574413662,70505.3901132845
25769.5305395207,1962.05452699123,58247.8505907559,63548.4895439543,69199.4722077373
25716.7544733382,1890.07257845229,56602.3808250378,62686.6879450096,69296.5967840898
25282.2490508077,1879.45924259117,55230.0163962657,61875.6108768145,69655.5697268478
25035.1077128984,1932.62393746321,53499.2176644676,60715.253834262,69686.0051387609
24726.5418151844,2269.2412419039,52143.3860450843,57795.2526237139,68306.7458989179
25757.3915244279,2770.9318956663,53002.5937622776,53328.6763071164,64453.0318330498
26662.1264016502,2769.03097258212,53329.2703132841,51909.2049833848,65498.8816416855
26018.4568681892,2698.20148957708,52853.288270217,47382.1674489645,58682.9563780349
25368.7523520749,2587.29962118289,51522.8328515895,44750.5525380605,56546.7660682948
24562.4761523542,2372.93951462655,48612.9566218394,43125.9425355064,54987.5542047685
24215.4758703392,2095.85465987142,44493.5581642582,41631.3371890759,53203.3504902449
24039.7884181983,1863.76487412375,40629.1322964565,39438.0096340427,51832.6527968348
23695.5460228477,1720.02597225359,37864.3983379456,38509.6434897971,51391.3526602297
23439.2349760366,1634.16091857817,36111.4602793937,37755.9708791112,51185.3409870918
23224.1508336103,1584.90595136892,35287.5651372441,37393.7711487165,50926.5376965624
23201.5815590862,1566.88803739765,35246.0371657834,37499.1987835538,50948.3867448878
23392.3539880764,1600.2925355875,36926.5930291473,38604.556439329,51538.7600463014
23471.718442553,1766.25994885028,40843.9609562342,41348.9260410107,53248.5982133249
23691.1454022648,2141.14029705651,45733.9937880744,47548.96782382,60341.8779720382
24383.0163308712,2431.6433781184,50549.1238457237,53593.3503307875,62298.6628607232
24815.2268325893,2376.27989817673,55220.3016402622,57125.3704485395,67574.2127469321
24814.0889823951,2214.62714671738,58329.0383084616,61451.7765254541,68667.0158207145
25544.0800377367,2055.44642791344,59233.0990894463,63962.6157873297,71462.9929115621
25698.8562718134,2013.03524516015,59137.7809483533,63797.4574413662,70505.3901132845
25769.5305395207,1962.05452699123,58247.8505907559,63548.4895439543,69199.4722077373
25716.7544733382,1890.07257845229,56602.3808250378,62686.6879450096,69296.5967840898
25282.2490508077,1879.45924259117,55230.0163962657,61875.6108768145,69655.5697268478
25035.1077128984,1932.62393746321,53499.2176644676,60715.253834262,69686.0051387609
24726.5418151844,2269.2412419039,52143.3860450843,57795.2526237139,68306.7458989179
25757.3915244279,2770.9318956663,53002.5937622776,53328.6763071164,64453.0318330498
26662.1264016502,2769.03097258212,53329.2703132841,51909.2049833848,65498.8816416855
26018.4568681892,2698.20148957708,52853.288270217,47382.1674489645,58682.9563780349
25368.7523520749,2587.29962118289,51522.8328515895,44750.5525380605,56546.7660682948
24562.4761523542,2372.93951462655,48612.9566218394,43125.9425355064,54987.5542047685
24215.4758703392,2095.85465987142,44493.5581642582,41631.3371890759,53203.3504902449
24039.7884181983,1863.76487412375,40629.1322964565,39438.0096340427,51832.6527968348
23695.5460228477,1720.02597225359,37864.3983379456,38509.6434897971,51391.3526602297
23439.2349760366,1634.16091857817,36111.4602793937,37755.9708791112,51185.3409870918
23224.1508336103,1584.90595136892,35287.5651372441,37393.7711487165,50926.5376965624
23201.5815590862,1566.88803739765,35246.0371657834,37499.1987835538,50948.3867448878
23392.3539880764,1600.2925355875,36926.5930291473,38604.556439329,51538.7600463014
23471.718442553,1766.25994885028,40843.9609562342,41348.9260410107,53248.5982133249
23691.1454022648,2141.14029705651,45733.9937880744,47548.96782382,60341.8779720382
24383.0163308712,2431.6433781184,50549.1238457237,53593.3503307875,62298.6628607232
24815.2268325893,2376.27989817673,55220.3016402622,57125.3704485395,67574.2127469321
24814.0889823951,2214.62714671738,58329.0383084616,61451.7765254541,68667.0158207145
25544.0800377367,2055.44642791344,59233.0990894463,63962.6157873297,71462.9929115621
25698.8562718134,2013.03524516015,59137.7809483533,63797.4574413662,70505.3901132845
25769.5305395207,1962.05452699123,58247.8505907559,63548.4895439543,69199.4722077373
25716.7544733382,1890.07257845229,56602.3808250378,62686.6879450096,69296.5967840898
25282.2490508077,1879.45924259117,55230.0163962657,61875.6108768145,69655.5697268478
25035.1077128984,1932.62393746321,53499.2176644676,60715.253834262,69686.0051387609
24726.5418151844,2269.2412419039,52143.3860450843,57795.2526237139,68306.7458989179
25757.3915244279,2770.9318956663,53002.5937622776,53328.6763071164,64453.0318330498
26662.1264016502,2769.03097258212,53329.2703132841,51909.2049833848,65498.8816416855
26018.4568681892,2698.20148957708,52853.288270217,47382.1674489645,58682.9563780349
25368.7523520749,2587.29962118289,51522.8328515895,44750.5525380605,56546.7660682948
24562.4761523542,2372.93951462655,48612.9566218394,43125.9425355064,54987.5542047685
24215.4758703392,2095.85465987142,44493.5581642582,41631.3371890759,53203.3504902449
24039.7884181983,1863.76487412375,40629.1322964565,39438.0096340427,51832.6527968348
23695.5460228477,1720.02597225359,37864.3983379456,38509.6434897971,51391.3526602297
23439.2349760366,1634.16091857817,36111.4602793937,37755.9708791112,51185.3409870918
23224.1508336103,1584.90595136892,35287.5651372441,37393.7711487165,50926.5376965624
23201.5815590862,1566.88803739765,35246.0371657834,37499.1987835538,50948.3867448878
23392.3539880764,1600.2925355875,36926.5930291473,38604.556439329,51538.7600463014
23471.718442553,1766.25994885028,40843.9609562342,41348.9260410107,53248.5982133249
23691.1454022648,2141.14029705651,45733.9937880744,47548.96782382,60341.8779720382
24383.0163308712,2431.6433781184,50549.1238457237,53593.3503307875,62298.6628607232
24815.2268325893,2376.27989817673,55220.3016402622,57125.3704485395,67574.2127469321
24814.0889823951,2214.62714671738,58329.0383084616,61451.7765254541,68667.0158207145
25544.0800377367,2055.44642791344,59233.0990894463,63962.6157873297,71462.9929115621
25698.8562718134,2013.03524516015,59137.7809483533,63797.4574413662,70505.3901132845
25769.5305395207,1962.05452699123,58247.8505907559,63548.4895439543,69199.4722077373
25716.7544733382,1890.07257845229,56602.3808250378,62686.6879450096,69296.5967840898
25282.2490508077,1879.45924259117,55230.0163962657,61875.6108768145,69655.5697268478
25035.1077128984,1932.62393746321,53499.2176644676,60715.253834262,69686.0051387609
24726.5418151844,2269.2412419039,52143.3860450843,57795.2526237139,68306.7458989179
25757.3915244279,2770.9318956663,53002.5937622776,53328.6763071164,64453.0318330498
26662.1264016502,2769.03097258212,53329.2703132841,51909.2049833848,65498.8816416855
26018.4568681892,2698.20148957708,52853.288270217,47382.1674489645,58682.9563780349
25368.7523520749,2587.29962118289,51522.8328515895,44750.5525380605,56546.7660682948
24562.4761523542,2372.93951462655,48612.9566218394,43125.9425355064,54987.5542047685
24215.4758703392,2095.85465987142,44493.5581642582,41631.3371890759,53203.3504902449
24039.7884181983,1863.76487412375,40629.1322964565,39438.0096340427,51832.6527968348
23695.5460228477,1720.02597225359,37864.3983379456,38509.6434897971,51391.3526602297
23439.2349760366,1634.16091857817,36111.4602793937,37755.9708791112,51185.3409870918
23224.1508336103,1584.90595136892,35287.5651372441,37393.7711487165,50926.5376965624
23201.5815590862,1566.88803739765,35246.0371657834,37499.1987835538,50948.3867448878
23392.3539880764,1600.2925355875,36926.5930291473,38604.556439329,51538.7600463014
23471.718442553,1766.25994885028,40843.9609562342,41348.9260410107,53248.5982133249
23691.1454022648,2141.14029705651,45733.9937880744,47548.96782382,60341.8779720382
24383.0163308712,2431.6433781184,50549.1238457237,53593.3503307875,62298.6628607232
24815.2268325893,2376.27989817673,55220.3016402622,57125.3704485395,67574.2127469321
24814.0889823951,2214.62714671738,58329.0383084616,61451.7765254541,68667.0158207145
25544.0800377367,2055.44642791344,59233.0990894463,63962.6157873297,71462.9929115621
25698.8562718134,2013.03524516015,59137.7809483533,63797.4574413662,70505.3901132845
25769.5305395207,1962.05452699123,58247.8505907559,63548.4895439543,69199.4722077373
25716.7544733382,1890.07257845229,56602.3808250378,62686.6879450096,69296.5967840898
25282.2490508077,1879.45924259117,55230.0163962657,61875.6108768145,69655.5697268478
25035.1077128984,1932.62393746321,53499.2176644676,60715.253834262,69686.0051387609
24726.5418151844,2269.2412419039,52143.3860450843,57795.2526237139,68306.7458989179
25757.3915244279,2770.9318956663,53002.5937622776,53328.6763071164,64453.0318330498
26662.1264016502,2769.03097258212,53329.2703132841,51909.2049833848,65498.8816416855
26018.4568681892,2698.20148957708,52853.288270217,47382.1674489645,58682.9563780349
25368.7523520749,2587.29962118289,51522.8328515895,44750.5525380605,56546.7660682948
24562.4761523542,2372.93951462655,48612.9566218394,43125.9425355064,54987.5542047685
24215.4758703392,2095.85465987142,44493.5581642582,41631.3371890759,53203.3504902449
24039.7884181983,1863.76487412375,40629.1322964565,39438.0096340427,51832.6527968348
23695.5460228477,1720.02597225359,37864.3983379456,38509.6434897971,51391.3526602297
23439.2349760366,1634.16091857817,36111.4602793937,37755.9708791112,51185.3409870918
23224.1508336103,1584.90595136892,35287.5651372441,37393.7711487165,50926.5376965624
23201.5815590862,1566.88803739765,35246.0371657834,37499.1987835538,50948.3867448878
23392.3539880764,1600.2925355875,36926.5930291473,38604.556439329,51538.7600463014
23471.718442553,1766.25994885028,40843.9609562342,41348.9260410107,53248.5982133249
23691.1454022648,2141.14029705651,45733.9937880744,47548.96782382,60341.8779720382
24383.0163308712,2431.6433781184,50549.1238457237,53593.3503307875,62298.6628607232
24815.2268325893,2376.27989817673,55220.3016402622,57125.3704485395,67574.2127469321
24814.0889823951,2214.62714671738,58329.0383084616,61451.7765254541,68667.0158207145
25544.0800377367,2055.44642791344,59233.0990894463,63962.6157873297,71462.9929115621
25698.8562718134,2013.03524516015,59137.7809483533,63797.4574413662,70505.3901132845
25769.5305395207,1962.05452699123,58247.8505907559,63548.4895439543,69199.4722077373
25716.7544733382,1890.07257845229,56602.3808250378,62686.6879450096,69296.5967840898
25282.2490508077,1879.45924259117,55230.0163962657,61875.6108768145,69655.5697268478
25035.1077128984,1932.62393746321,53499.2176644676,60715.253834262,69686.0051387609
24726.5418151844,2269.2412419039,52143.3860450843,57795.2526237139,68306.7458989179
25757.3915244279,2770.9318956663,53002.5937622776,53328.6763071164,64453.0318330498
26662.1264016502,2769.03097258212,53329.2703132841,51909.2049833848,65498.8816416855
26018.4568681892,2698.20148957708,52853.288270217,47382.1674489645,58682.9563780349
25368.7523520749,2587.29962118289,51522.8328515895,44750.5525380605,56546.7660682948
24562.4761523542,2372.93951462655,48612.9566218394,43125.9425355064,54987.5542047685
24215.4758703392,2095.85465987142,44493.5581642582,41631.3371890759,53203.3504902449
24039.7884181983,1863.76487412375,40629.1322964565,39438.0096340427,51832.6527968348
23695.5460228477,1720.02597225359,37864.3983379456,38509.6434897971,51391.3526602297
23439.2349760366,1634.16091857817,36111.4602793937,37755.9708791112,51185.3409870918
23224.1508336103,1584.90595136892,35287.5651372441,37393.7711487165,50926.5376965624
23201.5815590862,1566.88803739765,35246.0371657834,37499.1987835538,50948.3867448878
23392.3539880764,1600.2925355875,36926.5930291473,38604.556439329,51538.7600463014
23471.718442553,1766.25994885028,40843.9609562342,41348.9260410107,53248.5982133249
23691.1454022648,2141.14029705651,45733.9937880744,47548.96782382,60341.8779720382
24383.0163308712,2431.6433781184,50549.1238457237,53593.3503307875,62298.6628607232
24815.2268325893,2376.27989817673,55220.3016402622,57125.3704485395,67574.2127469321
24814.0889823951,2214.62714671738,58329.0383084616,61451.7765254541,68667.0158207145
25544.0800377367,2055.44642791344,59233.0990894463,63962.6157873297,71462.9929115621
25698.8562718134,2013.03524516015,59137.7809483533,63797.4574413662,70505.3901132845
25769.5305395207,1962.05452699123,58247.8505907559,63548.4895439543,69199.4722077373
25716.7544733382,1890.07257845229,56602.3808250378,62686.6879450096,69296.5967840898
25282.2490508077,1879.45924259117,55230.0163962657,61875.6108768145,69655.5697268478
25035.1077128984,1932.62393746321,53499.2176644676,60715.253834262,69686.0051387609
24726.5418151844,2269.2412419039,52143.3860450843,57795.2526237139,68306.7458989179
25757.3915244279,2770.9318956663,53002.5937622776,53328.6763071164,64453.0318330498
26662.1264016502,2769.03097258212,53329.2703132841,51909.2049833848,65498.8816416855
26018.4568681892,2698.20148957708,52853.288270217,47382.1674489645,58682.9563780349
25368.7523520749,2587.29962118289,51522.8328515895,44750.5525380605,56546.7660682948
24562.4761523542,2372.93951462655,48612.9566218394,43125.9425355064,54987.5542047685
24215.4758703392,2095.85465987142,44493.5581642582,41631.3371890759,53203.3504902449
24039.7884181983,1863.76487412375,40629.1322964565,39438.0096340427,51832.6527968348
23695.5460228477,1720.02597225359,37864.3983379456,38509.6434897971,51391.3526602297
23439.2349760366,1634.16091857817,36111.4602793937,37755.9708791112,51185.3409870918
23224.1508336103,1584.90595136892,35287.5651372441,37393.7711487165,50926.5376965624
23201.5815590862,1566.88803739765,35246.0371657834,37499.1987835538,50948.3867448878
23392.3539880764,1600.2925355875,36926.5930291473,38604.556439329,51538.7600463014
23471.718442553,1766.25994885028,40843.9609562342,41348.9260410107,53248.5982133249
23691.1454022648,2141.14029705651,45733.9937880744,47548.96782382,60341.8779720382
24383.0163308712,2431.6433781184,50549.1238457237,53593.3503307875,62298.6628607232
24815.2268325893,2376.27989817673,55220.3016402622,57125.3704485395,67574.2127469321
24814.0889823951,2214.62714671738,58329.0383084616,61451.7765254541,68667.0158207145
25544.0800377367,2055.44642791344,59233.0990894463,63962.6157873297,71462.9929115621
25698.8562718134,2013.03524516015,59137.7809483533,63797.4574413662,70505.3901132845
25769.5305395207,1962.05452699123,58247.8505907559,63548.4895439543,69199.4722077373
25716.7544733382,1890.07257845229,56602.3808250378,62686.6879450096,69296.5967840898
25282.2490508077,1879.45924259117,55230.0163962657,61875.6108768145,69655.5697268478
25035.1077128984,1932.62393746321,53499.2176644676,60715.253834262,69686.0051387609
24726.5418151844,2269.2412419039,52143.3860450843,57795.2526237139,68306.7458989179
25757.3915244279,2770.9318956663,53002.5937622776,53328.6763071164,64453.0318330498
26662.1264016502,2769.03097258212,53329.2703132841,51909.2049833848,65498.8816416855
26018.4568681892,2698.20148957708,52853.288270217,47382.1674489645,58682.9563780349
25368.7523520749,2587.29962118289,51522.8328515895,44750.5525380605,56546.7660682948
24562.4761523542,2372.93951462655,48612.9566218394,43125.9425355064,54987.5542047685
24215.4758703392,2095.85465987142,44493.5581642582,41631.3371890759,53203.3504902449
24039.7884181983,1863.76487412375,40629.1322964565,39438.0096340427,51832.6527968348
23695.5460228477,1720.02597225359,37864.3983379456,38509.6434897971,51391.3526602297
23439.2349760366,1634.16091857817,36111.4602793937,37755.9708791112,51185.3409870918
23224.1508336103,1584.90595136892,35287.5651372441,37393.7711487165,50926.5376965624
23201.5815590862,1566.88803739765,35246.0371657834,37499.1987835538,50948.3867448878
23392.3539880764,1600.2925355875,36926.5930291473,38604.556439329,51538.7600463014
23471.718442553,1766.25994885028,40843.9609562342,41348.9260410107,53248.5982133249
23691.1454022648,2141.14029705651,45733.9937880744,47548.96782382,60341.8779720382
24383.0163308712,2431.6433781184,50549.1238457237,53593.3503307875,62298.6628607232
24815.2268325893,2376.27989817673,55220.3016402622,57125.3704485395,67574.2127469321
24814.0889823951,2214.62714671738,58329.0383084616,61451.7765254541,68667.0158207145
25544.0800377367,2055.44642791344,59233.0990894463,63962.6157873297,71462.9929115621
25698.8562718134,2013.03524516015,59137.7809483533,63797.4574413662,70505.3901132845
25769.5305395207,1962.05452699123,58247.8505907559,63548.4895439543,69199.4722077373
25716.7544733382,1890.07257845229,56602.3808250378,62686.6879450096,69296.5967840898
25282.2490508077,1879.45924259117,55230.0163962657,61875.6108768145,69655.5697268478
25035.1077128984,1932.62393746321,53499.2176644676,60715.253834262,69686.0051387609
24726.5418151844,2269.2412419039,52143.3860450843,57795.2526237139,68306.7458989179
25757.3915244279,2770.9318956663,53002.5937622776,53328.6763071164,64453.0318330498
26662.1264016502,2769.03097258212,53329.2703132841,51909.2049833848,65498.8816416855
26018.4568681892,2698.20148957708,52853.288270217,47382.1674489645,58682.9563780349
25368.7523520749,2587.29962118289,51522.8328515895,44750.5525380605,56546.7660682948
24562.4761523542,2372.93951462655,48612.9566218394,43125.9425355064,54987.5542047685
24215.4758703392,2095.85465987142,44493.5581642582,41631.3371890759,53203.3504902449
24039.7884181983,1863.76487412375,40629.1322964565,39438.0096340427,51832.6527968348
23695.5460228477,1720.02597225359,37864.3983379456,38509.6434897971,51391.3526602297
23439.2349760366,1634.16091857817,36111.4602793937,37755.9708791112,51185.3409870918
23224.1508336103,1584.90595136892,35287.5651372441,37393.7711487165,50926.5376965624
23201.5815590862,1566.88803739765,35246.0371657834,37499.1987835538,50948.3867448878
23392.3539880764,1600.2925355875,36926.5930291473,38604.556439329,51538.7600463014
23471.718442553,1766.25994885028,40843.9609562342,41348.9260410107,53248.5982133249
23691.1454022648,2141.14029705651,45733.9937880744,47548.96782382,60341.8779720382
24383.0163308712,2431.6433781184,50549.1238457237,53593.3503307875,62298.6628607232
24815.2268325893,2376.27989817673,55220.3016402622,57125.3704485395,67574.2127469321
24814.0889823951,2214.62714671738,58329.0383084616,61451.7765254541,68667.0158207145
25544.0800377367,2055.44642791344,59233.0990894463,63962.6157873297,71462.9929115621
25698.8562718134,2013.03524516015,59137.7809483533,63797.4574413662,70505.3901132845
25769.5305395207,1962.05452699123,58247.8505907559,63548.4895439543,69199.4722077373
25716.7544733382,1890.07257845229,56602.3808250378,62686.6879450096,69296.5967840898
25282.2490508077,1879.45924259117,55230.0163962657,61875.6108768145,69655.5697268478
25035.1077128984,1932.62393746321,53499.2176644676,60715.253834262,69686.0051387609
24726.5418151844,2269.2412419039,52143.3860450843,57795.2526237139,68306.7458989179
25757.3915244279,2770.9318956663,53002.5937622776,53328.6763071164,64453.0318330498
26662.1264016502,2769.03097258212,53329.2703132841,51909.2049833848,65498.8816416855
26018.4568681892,2698.20148957708,52853.288270217,47382.1674489645,58682.9563780349
25368.7523520749,2587.29962118289,51522.8328515895,44750.5525380605,56546.7660682948
24562.4761523542,2372.93951462655,48612.9566218394,43125.9425355064,54987.5542047685
24215.4758703392,2095.85465987142,44493.5581642582,41631.3371890759,53203.3504902449
24039.7884181983,1863.76487412375,40629.1322964565,39438.0096340427,51832.6527968348
23695.5460228477,1720.02597225359,37864.3983379456,38509.6434897971,51391.3526602297
23439.2349760366,1634.16091857817,36111.4602793937,37755.9708791112,51185.3409870918
23224.1508336103,1584.90595136892,35287.5651372441,37393.7711487165,50926.5376965624
23201.5815590862,1566.88803739765,35246.0371657834,37499.1987835538,50948.3867448878
23392.3539880764,1600.2925355875,36926.5930291473,38604.556439329,51538.7600463014
23471.718442553,1766.25994885028,40843.9609562342,41348.9260410107,53248.5982133249
23691.1454022648,2141.14029705651,45733.9937880744,47548.96782382,60341.8779720382
24383.0163308712,2431.6433781184,50549.1238457237,53593.3503307875,62298.6628607232
24815.2268325893,2376.27989817673,55220.3016402622,57125.3704485395,67574.2127469321
24814.0889823951,2214.62714671738,58329.0383084616,61451.7765254541,68667.0158207145
25544.0800377367,2055.44642791344,59233.0990894463,63962.6157873297,71462.9929115621
25698.8562718134,2013.03524516015,59137.7809483533,63797.4574413662,70505.3901132845
25769.5305395207,1962.05452699123,58247.8505907559,63548.4895439543,69199.4722077373
25716.7544733382,1890.07257845229,56602.3808250378,62686.6879450096,69296.5967840898
25282.2490508077,1879.45924259117,55230.0163962657,61875.6108768145,69655.5697268478
25035.1077128984,1932.62393746321,53499.2176644676,60715.253834262,69686.0051387609
24726.5418151844,2269.2412419039,52143.3860450843,57795.2526237139,68306.7458989179
25757.3915244279,2770.9318956663,53002.5937622776,53328.6763071164,64453.0318330498
26662.1264016502,2769.03097258212,53329.2703132841,51909.2049833848,65498.8816416855
26018.4568681892,2698.20148957708,52853.288270217,47382.1674489645,58682.9563780349
25368.7523520749,2587.29962118289,51522.8328515895,44750.5525380605,56546.7660682948
24562.4761523542,2372.93951462655,48612.9566218394,43125.9425355064,54987.5542047685
24215.4758703392,2095.85465987142,44493.5581642582,41631.3371890759,53203.3504902449
24039.7884181983,1863.76487412375,40629.1322964565,39438.0096340427,51832.6527968348
23695.5460228477,1720.02597225359,37864.3983379456,38509.6434897971,51391.3526602297
23439.2349760366,1634.16091857817,36111.4602793937,37755.9708791112,51185.3409870918
23224.1508336103,1584.90595136892,35287.5651372441,37393.7711487165,50926.5376965624
23201.5815590862,1566.88803739765,35246.0371657834,37499.1987835538,50948.3867448878
23392.3539880764,1600.2925355875,36926.5930291473,38604.556439329,51538.7600463014
23471.718442553,1766.25994885028,40843.9609562342,41348.9260410107,53248.5982133249
23691.1454022648,2141.14029705651,45733.9937880744,47548.96782382,60341.8779720382
24383.0163308712,2431.6433781184,50549.1238457237,53593.3503307875,62298.6628607232
24815.2268325893,2376.27989817673,55220.3016402622,57125.3704485395,67574.2127469321
24814.0889823951,2214.62714671738,58329.0383084616,61451.7765254541,68667.0158207145
25544.0800377367,2055.44642791344,59233.0990894463,63962.6157873297,71462.9929115621
25698.8562718134,2013.03524516015,59137.7809483533,63797.4574413662,70505.3901132845
25769.5305395207,1962.05452699123,58247.8505907559,63548.4895439543,69199.4722077373
25716.7544733382,1890.07257845229,56602.3808250378,62686.6879450096,69296.5967840898
25282.2490508077,1879.45924259117,55230.0163962657,61875.6108768145,69655.5697268478
25035.1077128984,1932.62393746321,53499.2176644676,60715.253834262,69686.0051387609
24726.5418151844,2269.2412419039,52143.3860450843,57795.2526237139,68306.7458989179
25757.3915244279,2770.9318956663,53002.5937622776,53328.6763071164,64453.0318330498
26662.1264016502,2769.03097258212,53329.2703132841,51909.2049833848,65498.8816416855
26018.4568681892,2698.20148957708,52853.288270217,47382.1674489645,58682.9563780349
25368.7523520749,2587.29962118289,51522.8328515895,44750.5525380605,56546.7660682948
24562.4761523542,2372.93951462655,48612.9566218394,43125.9425355064,54987.5542047685
24215.4758703392,2095.85465987142,44493.5581642582,41631.3371890759,53203.3504902449
24039.7884181983,1863.76487412375,40629.1322964565,39438.0096340427,51832.6527968348
23695.5460228477,1720.02597225359,37864.3983379456,38509.6434897971,51391.3526602297
23439.2349760366,1634.16091857817,36111.4602793937,37755.9708791112,51185.3409870918
23224.1508336103,1584.90595136892,35287.5651372441,37393.7711487165,50926.5376965624
23201.5815590862,1566.88803739765,35246.0371657834,37499.1987835538,50948.3867448878
23392.3539880764,1600.2925355875,36926.5930291473,38604.556439329,51538.7600463014
23471.718442553,1766.25994885028,40843.9609562342,41348.9260410107,53248.5982133249
23691.1454022648,2141.14029705651,45733.9937880744,47548.96782382,60341.8779720382
24383.0163308712,2431.6433781184,50549.1238457237,53593.3503307875,62298.6628607232
24815.2268325893,2376.27989817673,55220.3016402622,57125.3704485395,67574.2127469321
24814.0889823951,2214.62714671738,58329.0383084616,61451.7765254541,68667.0158207145
25544.0800377367,2055.44642791344,59233.0990894463,63962.6157873297,71462.9929115621
25698.8562718134,2013.03524516015,59137.7809483533,63797.4574413662,70505.3901132845
25769.5305395207,1962.05452699123,58247.8505907559,63548.4895439543,69199.4722077373
25716.7544733382,1890.07257845229,56602.3808250378,62686.6879450096,69296.5967840898
25282.2490508077,1879.45924259117,55230.0163962657,61875.6108768145,69655.5697268478
25035.1077128984,1932.62393746321,53499.2176644676,60715.253834262,69686.0051387609
24726.5418151844,2269.2412419039,52143.3860450843,57795.2526237139,68306.7458989179
25757.3915244279,2770.9318956663,53002.5937622776,53328.6763071164,64453.0318330498
26662.1264016502,2769.03097258212,53329.2703132841,51909.2049833848,65498.8816416855
26018.4568681892,2698.20148957708,52853.288270217,47382.1674489645,58682.9563780349
25368.7523520749,2587.29962118289,51522.8328515895,44750.5525380605,56546.7660682948
24562.4761523542,2372.93951462655,48612.9566218394,43125.9425355064,54987.5542047685
24215.4758703392,2095.85465987142,44493.5581642582,41631.3371890759,53203.3504902449
24039.7884181983,1863.76487412375,40629.1322964565,39438.0096340427,51832.6527968348
23695.5460228477,1720.02597225359,37864.3983379456,38509.6434897971,51391.3526602297
23439.2349760366,1634.16091857817,36111.4602793937,37755.9708791112,51185.3409870918
23224.1508336103,1584.90595136892,35287.5651372441,37393.7711487165,50926.5376965624
23201.5815590862,1566.88803739765,35246.0371657834,37499.1987835538,50948.3867448878
23392.3539880764,1600.2925355875,36926.5930291473,38604.556439329,51538.7600463014
23471.718442553,1766.25994885028,40843.9609562342,41348.9260410107,53248.5982133249
23691.1454022648,2141.14029705651,45733.9937880744,47548.96782382,60341.8779720382
24383.0163308712,2431.6433781184,50549.1238457237,53593.3503307875,62298.6628607232
24815.2268325893,2376.27989817673,55220.3016402622,57125.3704485395,67574.2127469321
24814.0889823951,2214.62714671738,58329.0383084616,61451.7765254541,68667.0158207145
25544.0800377367,2055.44642791344,59233.0990894463,63962.6157873297,71462.9929115621
25698.8562718134,2013.03524516015,59137.7809483533,63797.4574413662,70505.3901132845
25769.5305395207,1962.05452699123,58247.8505907559,63548.4895439543,69199.4722077373
25716.7544733382,1890.07257845229,56602.3808250378,62686.6879450096,69296.5967840898
25282.2490508077,1879.45924259117,55230.0163962657,61875.6108768145,69655.5697268478
25035.1077128984,1932.62393746321,53499.2176644676,60715.253834262,69686.0051387609
24726.5418151844,2269.2412419039,52143.3860450843,57795.2526237139,68306.7458989179
25757.3915244279,2770.9318956663,53002.5937622776,53328.6763071164,64453.0318330498
26662.1264016502,2769.03097258212,53329.2703132841,51909.2049833848,65498.8816416855
26018.4568681892,2698.20148957708,52853.288270217,47382.1674489645,58682.9563780349
25368.7523520749,2587.29962118289,51522.8328515895,44750.5525380605,56546.7660682948
24562.4761523542,2372.93951462655,48612.9566218394,43125.9425355064,54987.5542047685
24215.4758703392,2095.85465987142,44493.5581642582,41631.3371890759,53203.3504902449
24039.7884181983,1863.76487412375,40629.1322964565,39438.0096340427,51832.6527968348
23695.5460228477,1720.02597225359,37864.3983379456,38509.6434897971,51391.3526602297
23439.2349760366,1634.16091857817,36111.4602793937,37755.9708791112,51185.3409870918
23224.1508336103,1584.90595136892,35287.5651372441,37393.7711487165,50926.5376965624
23201.5815590862,1566.88803739765,35246.0371657834,37499.1987835538,50948.3867448878
23392.3539880764,1600.2925355875,36926.5930291473,38604.556439329,51538.7600463014
23471.718442553,1766.25994885028,40843.9609562342,41348.9260410107,53248.5982133249
23691.1454022648,2141.14029705651,45733.9937880744,47548.96782382,60341.8779720382
24383.0163308712,2431.6433781184,50549.1238457237,53593.3503307875,62298.6628607232
24815.2268325893,2376.27989817673,55220.3016402622,57125.3704485395,67574.2127469321
24814.0889823951,2214.62714671738,58329.0383084616,61451.7765254541,68667.0158207145
25544.0800377367,2055.44642791344,59233.0990894463,63962.6157873297,71462.9929115621
25698.8562718134,2013.03524516015,59137.7809483533,63797.4574413662,70505.3901132845
25769.5305395207,1962.05452699123,58247.8505907559,63548.4895439543,69199.4722077373
25716.7544733382,1890.07257845229,56602.3808250378,62686.6879450096,69296.5967840898
25282.2490508077,1879.45924259117,55230.0163962657,61875.6108768145,69655.5697268478
25035.1077128984,1932.62393746321,53499.2176644676,60715.253834262,69686.0051387609
24726.5418151844,2269.2412419039,52143.3860450843,57795.2526237139,68306.7458989179
25757.3915244279,2770.9318956663,53002.5937622776,53328.6763071164,64453.0318330498
26662.1264016502,2769.03097258212,53329.2703132841,51909.2049833848,65498.8816416855
26018.4568681892,2698.20148957708,52853.288270217,47382.1674489645,58682.9563780349
25368.7523520749,2587.29962118289,51522.8328515895,44750.5525380605,56546.7660682948
24562.4761523542,2372.93951462655,48612.9566218394,43125.9425355064,54987.5542047685
24215.4758703392,2095.85465987142,44493.5581642582,41631.3371890759,53203.3504902449
24039.7884181983,1863.76487412375,40629.1322964565,39438.0096340427,51832.6527968348
24148.0384748083,1683.4605403415,39629.5933582556,48586.2239143278,57259.853415407
24063.1432597635,1649.02153748862,38523.6922591153,46988.3175283814,56803.4932269996
23836.3362160457,1616.24357660704,38043.0796848878,46538.3922954846,56406.3944522634
23780.1767668855,1606.21119138547,38001.8700614003,46710.2468651237,56327.0501139536
23968.6920589602,1652.25792648556,39375.771169595,47026.1070470691,56974.7073189321
24135.7087673193,1767.57179066156,42475.0131178187,48486.4631962966,58832.3521704078
23942.0893882326,1872.76475696378,44817.0379303098,52578.8422706103,63669.5034627073
24951.1958782255,1994.88538463034,49391.1468842152,60494.6266701319,66289.8750262637
25301.2433410027,1948.30915719298,53078.6889307914,64192.4282762095,68578.1033982066
25423.4092630281,1930.49040040377,55477.4970394761,69073.5135932094,70039.0074003021
26383.4624031235,2054.44228083157,56732.1079206308,70490.6758143901,73513.5143042693
26629.8116915521,2043.4613711986,56424.3787698268,70328.1860605844,73452.5006824817
26646.8194105802,2069.07964151638,54708.8247865451,70008.0876224053,72882.6077552805
26490.232983784,2113.53575724326,53706.0047341239,69053.2392298937,72400.247490137
26227.6162519163,2150.76046423689,53177.242865967,68565.4976073221,72742.4411340253
26188.6481924006,2236.92586059406,51555.0914410615,67355.4562176671,72807.5062956404
26094.5850313122,2121.56980600269,49961.3102393676,64225.8612227551,71295.7221606712
26657.614655535,2263.76506764194,49258.3481705527,59213.9064598961,68813.6652066258
28242.9850740681,2417.2487278196,48197.1333972919,57056.8969814398,69369.934719621
26747.5318238555,2412.06636054664,51338.3170101159,55120.076310045,63700.766257009
26221.245718335,2380.20380364522,49618.6092470755,52826.0164520764,60723.8837758515
25303.0048617521,2291.822226392,47150.0393645486,52021.4239803952,58953.3917907029
24928.3200256379,2112.79543412909,43969.731235298,50693.7344488842,57700.497470756
24486.7839024297,1756.99911925527,41360.0235728162,49214.0191247684,57732.8063031596
24148.0384748083,1683.4605403415,39629.5933582556,48586.2239143278,57259.853415407
24063.1432597635,1649.02153748862,38523.6922591153,46988.3175283814,56803.4932269996
23836.3362160457,1616.24357660704,38043.0796848878,46538.3922954846,56406.3944522634
23780.1767668855,1606.21119138547,38001.8700614003,46710.2468651237,56327.0501139536
23968.6920589602,1652.25792648556,39375.771169595,47026.1070470691,56974.7073189321
24135.7087673193,1767.57179066156,42475.0131178187,48486.4631962966,58832.3521704078
23942.0893882326,1872.76475696378,44817.0379303098,52578.8422706103,63669.5034627073
24951.1958782255,1994.88538463034,49391.1468842152,60494.6266701319,66289.8750262637
25301.2433410027,1948.30915719298,53078.6889307914,64192.4282762095,68578.1033982066
25423.4092630281,1930.49040040377,55477.4970394761,69073.5135932094,70039.0074003021
26383.4624031235,2054.44228083157,56732.1079206308,70490.6758143901,73513.5143042693
26629.8116915521,2043.4613711986,56424.3787698268,70328.1860605844,73452.5006824817
26646.8194105802,2069.07964151638,54708.8247865451,70008.0876224053,72882.6077552805
26490.232983784,2113.53575724326,53706.0047341239,69053.2392298937,72400.247490137
26227.6162519163,2150.76046423689,53177.242865967,68565.4976073221,72742.4411340253
26188.6481924006,2236.92586059406,51555.0914410615,67355.4562176671,72807.5062956404
26094.5850313122,2121.56980600269,49961.3102393676,64225.8612227551,71295.7221606712
26657.614655535,2263.76506764194,49258.3481705527,59213.9064598961,68813.6652066258
28242.9850740681,2417.2487278196,48197.1333972919,57056.8969814398,69369.934719621
26747.5318238555,2412.06636054664,51338.3170101159,55120.076310045,63700.766257009
26221.245718335,2380.20380364522,49618.6092470755,52826.0164520764,60723.8837758515
25303.0048617521,2291.822226392,47150.0393645486,52021.4239803952,58953.3917907029
24928.3200256379,2112.79543412909,43969.731235298,50693.7344488842,57700.497470756
24486.7839024297,1756.99911925527,41360.0235728162,49214.0191247684,57732.8063031596
24148.0384748083,1683.4605403415,39629.5933582556,48586.2239143278,57259.853415407
24063.1432597635,1649.02153748862,38523.6922591153,46988.3175283814,56803.4932269996
23836.3362160457,1616.24357660704,38043.0796848878,46538.3922954846,56406.3944522634
23780.1767668855,1606.21119138547,38001.8700614003,46710.2468651237,56327.0501139536
23968.6920589602,1652.25792648556,39375.771169595,47026.1070470691,56974.7073189321
24135.7087673193,1767.57179066156,42475.0131178187,48486.4631962966,58832.3521704078
23942.0893882326,1872.76475696378,44817.0379303098,52578.8422706103,63669.5034627073
24951.1958782255,1994.88538463034,49391.1468842152,60494.6266701319,66289.8750262637
25301.2433410027,1948.30915719298,53078.6889307914,64192.4282762095,68578.1033982066
25423.4092630281,1930.49040040377,55477.4970394761,69073.5135932094,70039.0074003021
26383.4624031235,2054.44228083157,56732.1079206308,70490.6758143901,73513.5143042693
26629.8116915521,2043.4613711986,56424.3787698268,70328.1860605844,73452.5006824817
26646.8194105802,2069.07964151638,54708.8247865451,70008.0876224053,72882.6077552805
26490.232983784,2113.53575724326,53706.0047341239,69053.2392298937,72400.247490137
26227.6162519163,2150.76046423689,53177.242865967,68565.4976073221,72742.4411340253
26188.6481924006,2236.92586059406,51555.0914410615,67355.4562176671,72807.5062956404
26094.5850313122,2121.56980600269,49961.3102393676,64225.8612227551,71295.7221606712
26657.614655535,2263.76506764194,49258.3481705527,59213.9064598961,68813.6652066258
28242.9850740681,2417.2487278196,48197.1333972919,57056.8969814398,69369.934719621
26747.5318238555,2412.06636054664,51338.3170101159,55120.076310045,63700.766257009
26221.245718335,2380.20380364522,49618.6092470755,52826.0164520764,60723.8837758515
25303.0048617521,2291.822226392,47150.0393645486,52021.4239803952,58953.3917907029
24928.3200256379,2112.79543412909,43969.731235298,50693.7344488842,57700.497470756
24486.7839024297,1756.99911925527,41360.0235728162,49214.0191247684,57732.8063031596
24148.0384748083,1683.4605403415,39629.5933582556,48586.2239143278,57259.853415407
24063.1432597635,1649.02153748862,38523.6922591153,46988.3175283814,56803.4932269996
23836.3362160457,1616.24357660704,38043.0796848878,46538.3922954846,56406.3944522634
23780.1767668855,1606.21119138547,38001.8700614003,46710.2468651237,56327.0501139536
23968.6920589602,1652.25792648556,39375.771169595,47026.1070470691,56974.7073189321
24135.7087673193,1767.57179066156,42475.0131178187,48486.4631962966,58832.3521704078
23942.0893882326,1872.76475696378,44817.0379303098,52578.8422706103,63669.5034627073
24951.1958782255,1994.88538463034,49391.1468842152,60494.6266701319,66289.8750262637
25301.2433410027,1948.30915719298,53078.6889307914,64192.4282762095,68578.1033982066
25423.4092630281,1930.49040040377,55477.4970394761,69073.5135932094,70039.0074003021
26383.4624031235,2054.44228083157,56732.1079206308,70490.6758143901,73513.5143042693
26629.8116915521,2043.4613711986,56424.3787698268,70328.1860605844,73452.5006824817
26646.8194105802,2069.07964151638,54708.8247865451,70008.0876224053,72882.6077552805
26490.232983784,2113.53575724326,53706.0047341239,69053.2392298937,72400.247490137
26227.6162519163,2150.76046423689,53177.242865967,68565.4976073221,72742.4411340253
26188.6481924006,2236.92586059406,51555.0914410615,67355.4562176671,72807.5062956404
26094.5850313122,2121.56980600269,49961.3102393676,64225.8612227551,71295.7221606712
26657.614655535,2263.76506764194,49258.3481705527,59213.9064598961,68813.6652066258
28242.9850740681,2417.2487278196,48197.1333972919,57056.8969814398,69369.934719621
26747.5318238555,2412.06636054664,51338.3170101159,55120.076310045,63700.766257009
26221.245718335,2380.20380364522,49618.6092470755,52826.0164520764,60723.8837758515
25303.0048617521,2291.822226392,47150.0393645486,52021.4239803952,58953.3917907029
24928.3200256379,2112.79543412909,43969.731235298,50693.7344488842,57700.497470756
24486.7839024297,1756.99911925527,41360.0235728162,49214.0191247684,57732.8063031596
24148.0384748083,1683.4605403415,39629.5933582556,48586.2239143278,57259.853415407
24063.1432597635,1649.02153748862,38523.6922591153,46988.3175283814,56803.4932269996
23836.3362160457,1616.24357660704,38043.0796848878,46538.3922954846,56406.3944522634
23780.1767668855,1606.21119138547,38001.8700614003,46710.2468651237,56327.0501139536
23968.6920589602,1652.25792648556,39375.771169595,47026.1070470691,56974.7073189321
24135.7087673193,1767.57179066156,42475.0131178187,48486.4631962966,58832.3521704078
23942.0893882326,1872.76475696378,44817.0379303098,52578.8422706103,63669.5034627073
24951.1958782255,1994.88538463034,49391.1468842152,60494.6266701319,66289.8750262637
25301.2433410027,1948.30915719298,53078.6889307914,64192.4282762095,68578.1033982066
25423.4092630281,1930.49040040377,55477.4970394761,69073.5135932094,70039.0074003021
26383.4624031235,2054.44228083157,56732.1079206308,70490.6758143901,73513.5143042693
26629.8116915521,2043.4613711986,56424.3787698268,70328.1860605844,73452.5006824817
26646.8194105802,2069.07964151638,54708.8247865451,70008.0876224053,72882.6077552805
26490.232983784,2113.53575724326,53706.0047341239,69053.2392298937,72400.247490137
26227.6162519163,2150.76046423689,53177.242865967,68565.4976073221,72742.4411340253
26188.6481924006,2236.92586059406,51555.0914410615,67355.4562176671,72807.5062956404
26094.5850313122,2121.56980600269,49961.3102393676,64225.8612227551,71295.7221606712
26657.614655535,2263.76506764194,49258.3481705527,59213.9064598961,68813.6652066258
28242.9850740681,2417.2487278196,48197.1333972919,57056.8969814398,69369.934719621
26747.5318238555,2412.06636054664,51338.3170101159,55120.076310045,63700.766257009
26221.245718335,2380.20380364522,49618.6092470755,52826.0164520764,60723.8837758515
25303.0048617521,2291.822226392,47150.0393645486,52021.4239803952,58953.3917907029
24928.3200256379,2112.79543412909,43969.731235298,50693.7344488842,57700.497470756
24486.7839024297,1756.99911925527,41360.0235728162,49214.0191247684,57732.8063031596
24148.0384748083,1683.4605403415,39629.5933582556,48586.2239143278,57259.853415407
24063.1432597635,1649.02153748862,38523.6922591153,46988.3175283814,56803.4932269996
23836.3362160457,1616.24357660704,38043.0796848878,46538.3922954846,56406.3944522634
23780.1767668855,1606.21119138547,38001.8700614003,46710.2468651237,56327.0501139536
23968.6920589602,1652.25792648556,39375.771169595,47026.1070470691,56974.7073189321
24135.7087673193,1767.57179066156,42475.0131178187,48486.4631962966,58832.3521704078
23942.0893882326,1872.76475696378,44817.0379303098,52578.8422706103,63669.5034627073
24951.1958782255,1994.88538463034,49391.1468842152,60494.6266701319,66289.8750262637
25301.2433410027,1948.30915719298,53078.6889307914,64192.4282762095,68578.1033982066
25423.4092630281,1930.49040040377,55477.4970394761,69073.5135932094,70039.0074003021
26383.4624031235,2054.44228083157,56732.1079206308,70490.6758143901,73513.5143042693
26629.8116915521,2043.4613711986,56424.3787698268,70328.1860605844,73452.5006824817
26646.8194105802,2069.07964151638,54708.8247865451,70008.0876224053,72882.6077552805
26490.232983784,2113.53575724326,53706.0047341239,69053.2392298937,72400.247490137
26227.6162519163,2150.76046423689,53177.242865967,68565.4976073221,72742.4411340253
26188.6481924006,2236.92586059406,51555.0914410615,67355.4562176671,72807.5062956404
26094.5850313122,2121.56980600269,49961.3102393676,64225.8612227551,71295.7221606712
26657.614655535,2263.76506764194,49258.3481705527,59213.9064598961,68813.6652066258
28242.9850740681,2417.2487278196,48197.1333972919,57056.8969814398,69369.934719621
26747.5318238555,2412.06636054664,51338.3170101159,55120.076310045,63700.766257009
26221.245718335,2380.20380364522,49618.6092470755,52826.0164520764,60723.8837758515
25303.0048617521,2291.822226392,47150.0393645486,52021.4239803952,58953.3917907029
24928.3200256379,2112.79543412909,43969.731235298,50693.7344488842,57700.497470756
24486.7839024297,1756.99911925527,41360.0235728162,49214.0191247684,57732.8063031596
24148.0384748083,1683.4605403415,39629.5933582556,48586.2239143278,57259.853415407
24063.1432597635,1649.02153748862,38523.6922591153,46988.3175283814,56803.4932269996
23836.3362160457,1616.24357660704,38043.0796848878,46538.3922954846,56406.3944522634
23780.1767668855,1606.21119138547,38001.8700614003,46710.2468651237,56327.0501139536
23968.6920589602,1652.25792648556,39375.771169595,47026.1070470691,56974.7073189321
24135.7087673193,1767.57179066156,42475.0131178187,48486.4631962966,58832.3521704078
23942.0893882326,1872.76475696378,44817.0379303098,52578.8422706103,63669.5034627073
24951.1958782255,1994.88538463034,49391.1468842152,60494.6266701319,66289.8750262637
25301.2433410027,1948.30915719298,53078.6889307914,64192.4282762095,68578.1033982066
25423.4092630281,1930.49040040377,55477.4970394761,69073.5135932094,70039.0074003021
26383.4624031235,2054.44228083157,56732.1079206308,70490.6758143901,73513.5143042693
26629.8116915521,2043.4613711986,56424.3787698268,70328.1860605844,73452.5006824817
26646.8194105802,2069.07964151638,54708.8247865451,70008.0876224053,72882.6077552805
26490.232983784,2113.53575724326,53706.0047341239,69053.2392298937,72400.247490137
26227.6162519163,2150.76046423689,53177.242865967,68565.4976073221,72742.4411340253
26188.6481924006,2236.92586059406,51555.0914410615,67355.4562176671,72807.5062956404
26094.5850313122,2121.56980600269,49961.3102393676,64225.8612227551,71295.7221606712
26657.614655535,2263.76506764194,49258.3481705527,59213.9064598961,68813.6652066258
28242.9850740681,2417.2487278196,48197.1333972919,57056.8969814398,69369.934719621
26747.5318238555,2412.06636054664,51338.3170101159,55120.076310045,63700.766257009
26221.245718335,2380.20380364522,49618.6092470755,52826.0164520764,60723.8837758515
25303.0048617521,2291.822226392,47150.0393645486,52021.4239803952,58953.3917907029
24928.3200256379,2112.79543412909,43969.731235298,50693.7344488842,57700.497470756
24486.7839024297,1756.99911925527,41360.0235728162,49214.0191247684,57732.8063031596
24148.0384748083,1683.4605403415,39629.5933582556,48586.2239143278,57259.853415407
24063.1432597635,1649.02153748862,38523.6922591153,46988.3175283814,56803.4932269996
23836.3362160457,1616.24357660704,38043.0796848878,46538.3922954846,56406.3944522634
23780.1767668855,1606.21119138547,38001.8700614003,46710.2468651237,56327.0501139536
23968.6920589602,1652.25792648556,39375.771169595,47026.1070470691,56974.7073189321
24135.7087673193,1767.57179066156,42475.0131178187,48486.4631962966,58832.3521704078
23942.0893882326,1872.76475696378,44817.0379303098,52578.8422706103,63669.5034627073
24951.1958782255,1994.88538463034,49391.1468842152,60494.6266701319,66289.8750262637
25301.2433410027,1948.30915719298,53078.6889307914,64192.4282762095,68578.1033982066
25423.4092630281,1930.49040040377,55477.4970394761,69073.5135932094,70039.0074003021
26383.4624031235,2054.44228083157,56732.1079206308,70490.6758143901,73513.5143042693
26629.8116915521,2043.4613711986,56424.3787698268,70328.1860605844,73452.5006824817
26646.8194105802,2069.07964151638,54708.8247865451,70008.0876224053,72882.6077552805
26490.232983784,2113.53575724326,53706.0047341239,69053.2392298937,72400.247490137
26227.6162519163,2150.76046423689,53177.242865967,68565.4976073221,72742.4411340253
26188.6481924006,2236.92586059406,51555.0914410615,67355.4562176671,72807.5062956404
26094.5850313122,2121.56980600269,49961.3102393676,64225.8612227551,71295.7221606712
26657.614655535,2263.76506764194,49258.3481705527,59213.9064598961,68813.6652066258
28242.9850740681,2417.2487278196,48197.1333972919,57056.8969814398,69369.934719621
26747.5318238555,2412.06636054664,51338.3170101159,55120.076310045,63700.766257009
26221.245718335,2380.20380364522,49618.6092470755,52826.0164520764,60723.8837758515
25303.0048617521,2291.822226392,47150.0393645486,52021.4239803952,58953.3917907029
24928.3200256379,2112.79543412909,43969.731235298,50693.7344488842,57700.497470756
24486.7839024297,1756.99911925527,41360.0235728162,49214.0191247684,57732.8063031596
24148.0384748083,1683.4605403415,39629.5933582556,48586.2239143278,57259.853415407
24063.1432597635,1649.02153748862,38523.6922591153,46988.3175283814,56803.4932269996
23836.3362160457,1616.24357660704,38043.0796848878,46538.3922954846,56406.3944522634
23780.1767668855,1606.21119138547,38001.8700614003,46710.2468651237,56327.0501139536
23968.6920589602,1652.25792648556,39375.771169595,47026.1070470691,56974.7073189321
24135.7087673193,1767.57179066156,42475.0131178187,48486.4631962966,58832.3521704078
23942.0893882326,1872.76475696378,44817.0379303098,52578.8422706103,63669.5034627073
24951.1958782255,1994.88538463034,49391.1468842152,60494.6266701319,66289.8750262637
25301.2433410027,1948.30915719298,53078.6889307914,64192.4282762095,68578.1033982066
25423.4092630281,1930.49040040377,55477.4970394761,69073.5135932094,70039.0074003021
26383.4624031235,2054.44228083157,56732.1079206308,70490.6758143901,73513.5143042693
26629.8116915521,2043.4613711986,56424.3787698268,70328.1860605844,73452.5006824817
26646.8194105802,2069.07964151638,54708.8247865451,70008.0876224053,72882.6077552805
26490.232983784,2113.53575724326,53706.0047341239,69053.2392298937,72400.247490137
26227.6162519163,2150.76046423689,53177.242865967,68565.4976073221,72742.4411340253
26188.6481924006,2236.92586059406,51555.0914410615,67355.4562176671,72807.5062956404
26094.5850313122,2121.56980600269,49961.3102393676,64225.8612227551,71295.7221606712
26657.614655535,2263.76506764194,49258.3481705527,59213.9064598961,68813.6652066258
28242.9850740681,2417.2487278196,48197.1333972919,57056.8969814398,69369.934719621
26747.5318238555,2412.06636054664,51338.3170101159,55120.076310045,63700.766257009
26221.245718335,2380.20380364522,49618.6092470755,52826.0164520764,60723.8837758515
25303.0048617521,2291.822226392,47150.0393645486,52021.4239803952,58953.3917907029
24928.3200256379,2112.79543412909,43969.731235298,50693.7344488842,57700.497470756
24486.7839024297,1756.99911925527,41360.0235728162,49214.0191247684,57732.8063031596
24148.0384748083,1683.4605403415,39629.5933582556,48586.2239143278,57259.853415407
24063.1432597635,1649.02153748862,38523.6922591153,46988.3175283814,56803.4932269996
23836.3362160457,1616.24357660704,38043.0796848878,46538.3922954846,56406.3944522634
23780.1767668855,1606.21119138547,38001.8700614003,46710.2468651237,56327.0501139536
23968.6920589602,1652.25792648556,39375.771169595,47026.1070470691,56974.7073189321
24135.7087673193,1767.57179066156,42475.0131178187,48486.4631962966,58832.3521704078
23942.0893882326,1872.76475696378,44817.0379303098,52578.8422706103,63669.5034627073
24951.1958782255,1994.88538463034,49391.1468842152,60494.6266701319,66289.8750262637
25301.2433410027,1948.30915719298,53078.6889307914,64192.4282762095,68578.1033982066
25423.4092630281,1930.49040040377,55477.4970394761,69073.5135932094,70039.0074003021
26383.4624031235,2054.44228083157,56732.1079206308,70490.6758143901,73513.5143042693
26629.8116915521,2043.4613711986,56424.3787698268,70328.1860605844,73452.5006824817
26646.8194105802,2069.07964151638,54708.8247865451,70008.0876224053,72882.6077552805
26490.232983784,2113.53575724326,53706.0047341239,69053.2392298937,72400.247490137
26227.6162519163,2150.76046423689,53177.242865967,68565.4976073221,72742.4411340253
26188.6481924006,2236.92586059406,51555.0914410615,67355.4562176671,72807.5062956404
26094.5850313122,2121.56980600269,49961.3102393676,64225.8612227551,71295.7221606712
26657.614655535,2263.76506764194,49258.3481705527,59213.9064598961,68813.6652066258
28242.9850740681,2417.2487278196,48197.1333972919,57056.8969814398,69369.934719621
26747.5318238555,2412.06636054664,51338.3170101159,55120.076310045,63700.766257009
26221.245718335,2380.20380364522,49618.6092470755,52826.0164520764,60723.8837758515
25303.0048617521,2291.822226392,47150.0393645486,52021.4239803952,58953.3917907029
24928.3200256379,2112.79543412909,43969.731235298,50693.7344488842,57700.497470756
24486.7839024297,1756.99911925527,41360.0235728162,49214.0191247684,57732.8063031596
24148.0384748083,1683.4605403415,39629.5933582556,48586.2239143278,57259.853415407
24063.1432597635,1649.02153748862,38523.6922591153,46988.3175283814,56803.4932269996
23836.3362160457,1616.24357660704,38043.0796848878,46538.3922954846,56406.3944522634
23780.1767668855,1606.21119138547,38001.8700614003,46710.2468651237,56327.0501139536
23968.6920589602,1652.25792648556,39375.771169595,47026.1070470691,56974.7073189321
24135.7087673193,1767.57179066156,42475.0131178187,48486.4631962966,58832.3521704078
23942.0893882326,1872.76475696378,44817.0379303098,52578.8422706103,63669.5034627073
24951.1958782255,1994.88538463034,49391.1468842152,60494.6266701319,66289.8750262637
25301.2433410027,1948.30915719298,53078.6889307914,64192.4282762095,68578.1033982066
25423.4092630281,1930.49040040377,55477.4970394761,69073.5135932094,70039.0074003021
26383.4624031235,2054.44228083157,56732.1079206308,70490.6758143901,73513.5143042693
26629.8116915521,2043.4613711986,56424.3787698268,70328.1860605844,73452.5006824817
26646.8194105802,2069.07964151638,54708.8247865451,70008.0876224053,72882.6077552805
26490.232983784,2113.53575724326,53706.0047341239,69053.2392298937,72400.247490137
26227.6162519163,2150.76046423689,53177.242865967,68565.4976073221,72742.4411340253
26188.6481924006,2236.92586059406,51555.0914410615,67355.4562176671,72807.5062956404
26094.5850313122,2121.56980600269,49961.3102393676,64225.8612227551,71295.7221606712
26657.614655535,2263.76506764194,49258.3481705527,59213.9064598961,68813.6652066258
28242.9850740681,2417.2487278196,48197.1333972919,57056.8969814398,69369.934719621
26747.5318238555,2412.06636054664,51338.3170101159,55120.076310045,63700.766257009
26221.245718335,2380.20380364522,49618.6092470755,52826.0164520764,60723.8837758515
25303.0048617521,2291.822226392,47150.0393645486,52021.4239803952,58953.3917907029
24928.3200256379,2112.79543412909,43969.731235298,50693.7344488842,57700.497470756
24486.7839024297,1756.99911925527,41360.0235728162,49214.0191247684,57732.8063031596
24148.0384748083,1683.4605403415,39629.5933582556,48586.2239143278,57259.853415407
24063.1432597635,1649.02153748862,38523.6922591153,46988.3175283814,56803.4932269996
23836.3362160457,1616.24357660704,38043.0796848878,46538.3922954846,56406.3944522634
23780.1767668855,1606.21119138547,38001.8700614003,46710.2468651237,56327.0501139536
23968.6920589602,1652.25792648556,39375.771169595,47026.1070470691,56974.7073189321
24135.7087673193,1767.57179066156,42475.0131178187,48486.4631962966,58832.3521704078
23942.0893882326,1872.76475696378,44817.0379303098,52578.8422706103,63669.5034627073
24951.1958782255,1994.88538463034,49391.1468842152,60494.6266701319,66289.8750262637
25301.2433410027,1948.30915719298,53078.6889307914,64192.4282762095,68578.1033982066
25423.4092630281,1930.49040040377,55477.4970394761,69073.5135932094,70039.0074003021
26383.4624031235,2054.44228083157,56732.1079206308,70490.6758143901,73513.5143042693
26629.8116915521,2043.4613711986,56424.3787698268,70328.1860605844,73452.5006824817
26646.8194105802,2069.07964151638,54708.8247865451,70008.0876224053,72882.6077552805
26490.232983784,2113.53575724326,53706.0047341239,69053.2392298937,72400.247490137
26227.6162519163,2150.76046423689,53177.242865967,68565.4976073221,72742.4411340253
26188.6481924006,2236.92586059406,51555.0914410615,67355.4562176671,72807.5062956404
26094.5850313122,2121.56980600269,49961.3102393676,64225.8612227551,71295.7221606712
26657.614655535,2263.76506764194,49258.3481705527,59213.9064598961,68813.6652066258
28242.9850740681,2417.2487278196,48197.1333972919,57056.8969814398,69369.934719621
26747.5318238555,2412.06636054664,51338.3170101159,55120.076310045,63700.766257009
26221.245718335,2380.20380364522,49618.6092470755,52826.0164520764,60723.8837758515
25303.0048617521,2291.822226392,47150.0393645486,52021.4239803952,58953.3917907029
24928.3200256379,2112.79543412909,43969.731235298,50693.7344488842,57700.497470756
24486.7839024297,1756.99911925527,41360.0235728162,49214.0191247684,57732.8063031596
24148.0384748083,1683.4605403415,39629.5933582556,48586.2239143278,57259.853415407
24063.1432597635,1649.02153748862,38523.6922591153,46988.3175283814,56803.4932269996
23836.3362160457,1616.24357660704,38043.0796848878,46538.3922954846,56406.3944522634
23780.1767668855,1606.21119138547,38001.8700614003,46710.2468651237,56327.0501139536
23968.6920589602,1652.25792648556,39375.771169595,47026.1070470691,56974.7073189321
24135.7087673193,1767.57179066156,42475.0131178187,48486.4631962966,58832.3521704078
23942.0893882326,1872.76475696378,44817.0379303098,52578.8422706103,63669.5034627073
24951.1958782255,1994.88538463034,49391.1468842152,60494.6266701319,66289.8750262637
25301.2433410027,1948.30915719298,53078.6889307914,64192.4282762095,68578.1033982066
25423.4092630281,1930.49040040377,55477.4970394761,69073.5135932094,70039.0074003021
26383.4624031235,2054.44228083157,56732.1079206308,70490.6758143901,73513.5143042693
26629.8116915521,2043.4613711986,56424.3787698268,70328.1860605844,73452.5006824817
26646.8194105802,2069.07964151638,54708.8247865451,70008.0876224053,72882.6077552805
26490.232983784,2113.53575724326,53706.0047341239,69053.2392298937,72400.247490137
26227.6162519163,2150.76046423689,53177.242865967,68565.4976073221,72742.4411340253
26188.6481924006,2236.92586059406,51555.0914410615,67355.4562176671,72807.5062956404
26094.5850313122,2121.56980600269,49961.3102393676,64225.8612227551,71295.7221606712
26657.614655535,2263.76506764194,49258.3481705527,59213.9064598961,68813.6652066258
28242.9850740681,2417.2487278196,48197.1333972919,57056.8969814398,69369.934719621
26747.5318238555,2412.06636054664,51338.3170101159,55120.076310045,63700.766257009
26221.245718335,2380.20380364522,49618.6092470755,52826.0164520764,60723.8837758515
25303.0048617521,2291.822226392,47150.0393645486,52021.4239803952,58953.3917907029
24928.3200256379,2112.79543412909,43969.731235298,50693.7344488842,57700.497470756
24486.7839024297,1756.99911925527,41360.0235728162,49214.0191247684,57732.8063031596
24148.0384748083,1683.4605403415,39629.5933582556,48586.2239143278,57259.853415407
24063.1432597635,1649.02153748862,38523.6922591153,46988.3175283814,56803.4932269996
23836.3362160457,1616.24357660704,38043.0796848878,46538.3922954846,56406.3944522634
23780.1767668855,1606.21119138547,38001.8700614003,46710.2468651237,56327.0501139536
23968.6920589602,1652.25792648556,39375.771169595,47026.1070470691,56974.7073189321
24135.7087673193,1767.57179066156,42475.0131178187,48486.4631962966,58832.3521704078
23942.0893882326,1872.76475696378,44817.0379303098,52578.8422706103,63669.5034627073
24951.1958782255,1994.88538463034,49391.1468842152,60494.6266701319,66289.8750262637
25301.2433410027,1948.30915719298,53078.6889307914,64192.4282762095,68578.1033982066
25423.4092630281,1930.49040040377,55477.4970394761,69073.5135932094,70039.0074003021
26383.4624031235,2054.44228083157,56732.1079206308,70490.6758143901,73513.5143042693
26629.8116915521,2043.4613711986,56424.3787698268,70328.1860605844,73452.5006824817
26646.8194105802,2069.07964151638,54708.8247865451,70008.0876224053,72882.6077552805
26490.232983784,2113.53575724326,53706.0047341239,69053.2392298937,72400.247490137
26227.6162519163,2150.76046423689,53177.242865967,68565.4976073221,72742.4411340253
26188.6481924006,2236.92586059406,51555.0914410615,67355.4562176671,72807.5062956404
26094.5850313122,2121.56980600269,49961.3102393676,64225.8612227551,71295.7221606712
26657.614655535,2263.76506764194,49258.3481705527,59213.9064598961,68813.6652066258
28242.9850740681,2417.2487278196,48197.1333972919,57056.8969814398,69369.934719621
26747.5318238555,2412.06636054664,51338.3170101159,55120.076310045,63700.766257009
26221.245718335,2380.20380364522,49618.6092470755,52826.0164520764,60723.8837758515
25303.0048617521,2291.822226392,47150.0393645486,52021.4239803952,58953.3917907029
24928.3200256379,2112.79543412909,43969.731235298,50693.7344488842,57700.497470756
24486.7839024297,1756.99911925527,41360.0235728162,49214.0191247684,57732.8063031596
24148.0384748083,1683.4605403415,39629.5933582556,48586.2239143278,57259.853415407
24063.1432597635,1649.02153748862,38523.6922591153,46988.3175283814,56803.4932269996
23836.3362160457,1616.24357660704,38043.0796848878,46538.3922954846,56406.3944522634
23780.1767668855,1606.21119138547,38001.8700614003,46710.2468651237,56327.0501139536
23968.6920589602,1652.25792648556,39375.771169595,47026.1070470691,56974.7073189321
24135.7087673193,1767.57179066156,42475.0131178187,48486.4631962966,58832.3521704078
23942.0893882326,1872.76475696378,44817.0379303098,52578.8422706103,63669.5034627073
24951.1958782255,1994.88538463034,49391.1468842152,60494.6266701319,66289.8750262637
25301.2433410027,1948.30915719298,53078.6889307914,64192.4282762095,68578.1033982066
25423.4092630281,1930.49040040377,55477.4970394761,69073.5135932094,70039.0074003021
26383.4624031235,2054.44228083157,56732.1079206308,70490.6758143901,73513.5143042693
26629.8116915521,2043.4613711986,56424.3787698268,70328.1860605844,73452.5006824817
26646.8194105802,2069.07964151638,54708.8247865451,70008.0876224053,72882.6077552805
26490.232983784,2113.53575724326,53706.0047341239,69053.2392298937,72400.247490137
26227.6162519163,2150.76046423689,53177.242865967,68565.4976073221,72742.4411340253
26188.6481924006,2236.92586059406,51555.0914410615,67355.4562176671,72807.5062956404
26094.5850313122,2121.56980600269,49961.3102393676,64225.8612227551,71295.7221606712
26657.614655535,2263.76506764194,49258.3481705527,59213.9064598961,68813.6652066258
28242.9850740681,2417.2487278196,48197.1333972919,57056.8969814398,69369.934719621
26747.5318238555,2412.06636054664,51338.3170101159,55120.076310045,63700.766257009
26221.245718335,2380.20380364522,49618.6092470755,52826.0164520764,60723.8837758515
25303.0048617521,2291.822226392,47150.0393645486,52021.4239803952,58953.3917907029
24928.3200256379,2112.79543412909,43969.731235298,50693.7344488842,57700.497470756
24486.7839024297,1756.99911925527,41360.0235728162,49214.0191247684,57732.8063031596
24148.0384748083,1683.4605403415,39629.5933582556,48586.2239143278,57259.853415407
24063.1432597635,1649.02153748862,38523.6922591153,46988.3175283814,56803.4932269996
23836.3362160457,1616.24357660704,38043.0796848878,46538.3922954846,56406.3944522634
23780.1767668855,1606.21119138547,38001.8700614003,46710.2468651237,56327.0501139536
23968.6920589602,1652.25792648556,39375.771169595,47026.1070470691,56974.7073189321
24135.7087673193,1767.57179066156,42475.0131178187,48486.4631962966,58832.3521704078
23942.0893882326,1872.76475696378,44817.0379303098,52578.8422706103,63669.5034627073
24951.1958782255,1994.88538463034,49391.1468842152,60494.6266701319,66289.8750262637
25301.2433410027,1948.30915719298,53078.6889307914,64192.4282762095,68578.1033982066
25423.4092630281,1930.49040040377,55477.4970394761,69073.5135932094,70039.0074003021
26383.4624031235,2054.44228083157,56732.1079206308,70490.6758143901,73513.5143042693
26629.8116915521,2043.4613711986,56424.3787698268,70328.1860605844,73452.5006824817
26646.8194105802,2069.07964151638,54708.8247865451,70008.0876224053,72882.6077552805
26490.232983784,2113.53575724326,53706.0047341239,69053.2392298937,72400.247490137
26227.6162519163,2150.76046423689,53177.242865967,68565.4976073221,72742.4411340253
26188.6481924006,2236.92586059406,51555.0914410615,67355.4562176671,72807.5062956404
26094.5850313122,2121.56980600269,49961.3102393676,64225.8612227551,71295.7221606712
26657.614655535,2263.76506764194,49258.3481705527,59213.9064598961,68813.6652066258
28242.9850740681,2417.2487278196,48197.1333972919,57056.8969814398,69369.934719621
26747.5318238555,2412.06636054664,51338.3170101159,55120.076310045,63700.766257009
26221.245718335,2380.20380364522,49618.6092470755,52826.0164520764,60723.8837758515
25303.0048617521,2291.822226392,47150.0393645486,52021.4239803952,58953.3917907029
24928.3200256379,2112.79543412909,43969.731235298,50693.7344488842,57700.497470756
24486.7839024297,1756.99911925527,41360.0235728162,49214.0191247684,57732.8063031596
24148.0384748083,1683.4605403415,39629.5933582556,48586.2239143278,57259.853415407
24063.1432597635,1649.02153748862,38523.6922591153,46988.3175283814,56803.4932269996
23836.3362160457,1616.24357660704,38043.0796848878,46538.3922954846,56406.3944522634
23780.1767668855,1606.21119138547,38001.8700614003,46710.2468651237,56327.0501139536
23968.6920589602,1652.25792648556,39375.771169595,47026.1070470691,56974.7073189321
24135.7087673193,1767.57179066156,42475.0131178187,48486.4631962966,58832.3521704078
23942.0893882326,1872.76475696378,44817.0379303098,52578.8422706103,63669.5034627073
24951.1958782255,1994.88538463034,49391.1468842152,60494.6266701319,66289.8750262637
25301.2433410027,1948.30915719298,53078.6889307914,64192.4282762095,68578.1033982066
25423.4092630281,1930.49040040377,55477.4970394761,69073.5135932094,70039.0074003021
26383.4624031235,2054.44228083157,56732.1079206308,70490.6758143901,73513.5143042693
26629.8116915521,2043.4613711986,56424.3787698268,70328.1860605844,73452.5006824817
26646.8194105802,2069.07964151638,54708.8247865451,70008.0876224053,72882.6077552805
26490.232983784,2113.53575724326,53706.0047341239,69053.2392298937,72400.247490137
26227.6162519163,2150.76046423689,53177.242865967,68565.4976073221,72742.4411340253
26188.6481924006,2236.92586059406,51555.0914410615,67355.4562176671,72807.5062956404
26094.5850313122,2121.56980600269,49961.3102393676,64225.8612227551,71295.7221606712
26657.614655535,2263.76506764194,49258.3481705527,59213.9064598961,68813.6652066258
28242.9850740681,2417.2487278196,48197.1333972919,57056.8969814398,69369.934719621
26747.5318238555,2412.06636054664,51338.3170101159,55120.076310045,63700.766257009
26221.245718335,2380.20380364522,49618.6092470755,52826.0164520764,60723.8837758515
25303.0048617521,2291.822226392,47150.0393645486,52021.4239803952,58953.3917907029
24928.3200256379,2112.79543412909,43969.731235298,50693.7344488842,57700.497470756
24486.7839024297,1756.99911925527,41360.0235728162,49214.0191247684,57732.8063031596
24148.0384748083,1683.4605403415,39629.5933582556,48586.2239143278,57259.853415407
24063.1432597635,1649.02153748862,38523.6922591153,46988.3175283814,56803.4932269996
23836.3362160457,1616.24357660704,38043.0796848878,46538.3922954846,56406.3944522634
23780.1767668855,1606.21119138547,38001.8700614003,46710.2468651237,56327.0501139536
23968.6920589602,1652.25792648556,39375.771169595,47026.1070470691,56974.7073189321
24135.7087673193,1767.57179066156,42475.0131178187,48486.4631962966,58832.3521704078
23942.0893882326,1872.76475696378,44817.0379303098,52578.8422706103,63669.5034627073
24951.1958782255,1994.88538463034,49391.1468842152,60494.6266701319,66289.8750262637
25301.2433410027,1948.30915719298,53078.6889307914,64192.4282762095,68578.1033982066
25423.4092630281,1930.49040040377,55477.4970394761,69073.5135932094,70039.0074003021
26383.4624031235,2054.44228083157,56732.1079206308,70490.6758143901,73513.5143042693
26629.8116915521,2043.4613711986,56424.3787698268,70328.1860605844,73452.5006824817
26646.8194105802,2069.07964151638,54708.8247865451,70008.0876224053,72882.6077552805
26490.232983784,2113.53575724326,53706.0047341239,69053.2392298937,72400.247490137
26227.6162519163,2150.76046423689,53177.242865967,68565.4976073221,72742.4411340253
26188.6481924006,2236.92586059406,51555.0914410615,67355.4562176671,72807.5062956404
26094.5850313122,2121.56980600269,49961.3102393676,64225.8612227551,71295.7221606712
26657.614655535,2263.76506764194,49258.3481705527,59213.9064598961,68813.6652066258
28242.9850740681,2417.2487278196,48197.1333972919,57056.8969814398,69369.934719621
26747.5318238555,2412.06636054664,51338.3170101159,55120.076310045,63700.766257009
26221.245718335,2380.20380364522,49618.6092470755,52826.0164520764,60723.8837758515
25303.0048617521,2291.822226392,47150.0393645486,52021.4239803952,58953.3917907029
24928.3200256379,2112.79543412909,43969.731235298,50693.7344488842,57700.497470756
24486.7839024297,1756.99911925527,41360.0235728162,49214.0191247684,57732.8063031596
24148.0384748083,1683.4605403415,39629.5933582556,48586.2239143278,57259.853415407
24063.1432597635,1649.02153748862,38523.6922591153,46988.3175283814,56803.4932269996
23836.3362160457,1616.24357660704,38043.0796848878,46538.3922954846,56406.3944522634
23780.1767668855,1606.21119138547,38001.8700614003,46710.2468651237,56327.0501139536
23968.6920589602,1652.25792648556,39375.771169595,47026.1070470691,56974.7073189321
24135.7087673193,1767.57179066156,42475.0131178187,48486.4631962966,58832.3521704078
23942.0893882326,1872.76475696378,44817.0379303098,52578.8422706103,63669.5034627073
24951.1958782255,1994.88538463034,49391.1468842152,60494.6266701319,66289.8750262637
25301.2433410027,1948.30915719298,53078.6889307914,64192.4282762095,68578.1033982066
25423.4092630281,1930.49040040377,55477.4970394761,69073.5135932094,70039.0074003021
26383.4624031235,2054.44228083157,56732.1079206308,70490.6758143901,73513.5143042693
26629.8116915521,2043.4613711986,56424.3787698268,70328.1860605844,73452.5006824817
26646.8194105802,2069.07964151638,54708.8247865451,70008.0876224053,72882.6077552805
26490.232983784,2113.53575724326,53706.0047341239,69053.2392298937,72400.247490137
26227.6162519163,2150.76046423689,53177.242865967,68565.4976073221,72742.4411340253
26188.6481924006,2236.92586059406,51555.0914410615,67355.4562176671,72807.5062956404
26094.5850313122,2121.56980600269,49961.3102393676,64225.8612227551,71295.7221606712
26657.614655535,2263.76506764194,49258.3481705527,59213.9064598961,68813.6652066258
28242.9850740681,2417.2487278196,48197.1333972919,57056.8969814398,69369.934719621
26747.5318238555,2412.06636054664,51338.3170101159,55120.076310045,63700.766257009
26221.245718335,2380.20380364522,49618.6092470755,52826.0164520764,60723.8837758515
25303.0048617521,2291.822226392,47150.0393645486,52021.4239803952,58953.3917907029
24928.3200256379,2112.79543412909,43969.731235298,50693.7344488842,57700.497470756
24486.7839024297,1756.99911925527,41360.0235728162,49214.0191247684,57732.8063031596
24148.0384748083,1683.4605403415,39629.5933582556,48586.2239143278,57259.853415407
24063.1432597635,1649.02153748862,38523.6922591153,46988.3175283814,56803.4932269996
23836.3362160457,1616.24357660704,38043.0796848878,46538.3922954846,56406.3944522634
23780.1767668855,1606.21119138547,38001.8700614003,46710.2468651237,56327.0501139536
23968.6920589602,1652.25792648556,39375.771169595,47026.1070470691,56974.7073189321
24135.7087673193,1767.57179066156,42475.0131178187,48486.4631962966,58832.3521704078
23942.0893882326,1872.76475696378,44817.0379303098,52578.8422706103,63669.5034627073
24951.1958782255,1994.88538463034,49391.1468842152,60494.6266701319,66289.8750262637
25301.2433410027,1948.30915719298,53078.6889307914,64192.4282762095,68578.1033982066
25423.4092630281,1930.49040040377,55477.4970394761,69073.5135932094,70039.0074003021
26383.4624031235,2054.44228083157,56732.1079206308,70490.6758143901,73513.5143042693
26629.8116915521,2043.4613711986,56424.3787698268,70328.1860605844,73452.5006824817
26646.8194105802,2069.07964151638,54708.8247865451,70008.0876224053,72882.6077552805
26490.232983784,2113.53575724326,53706.0047341239,69053.2392298937,72400.247490137
26227.6162519163,2150.76046423689,53177.242865967,68565.4976073221,72742.4411340253
26188.6481924006,2236.92586059406,51555.0914410615,67355.4562176671,72807.5062956404
26094.5850313122,2121.56980600269,49961.3102393676,64225.8612227551,71295.7221606712
26657.614655535,2263.76506764194,49258.3481705527,59213.9064598961,68813.6652066258
28242.9850740681,2417.2487278196,48197.1333972919,57056.8969814398,69369.934719621
26747.5318238555,2412.06636054664,51338.3170101159,55120.076310045,63700.766257009
26221.245718335,2380.20380364522,49618.6092470755,52826.0164520764,60723.8837758515
25303.0048617521,2291.822226392,47150.0393645486,52021.4239803952,58953.3917907029
24928.3200256379,2112.79543412909,43969.731235298,50693.7344488842,57700.497470756
24486.7839024297,1756.99911925527,41360.0235728162,49214.0191247684,57732.8063031596
24148.0384748083,1683.4605403415,39629.5933582556,48586.2239143278,57259.853415407
24063.1432597635,1649.02153748862,38523.6922591153,46988.3175283814,56803.4932269996
23836.3362160457,1616.24357660704,38043.0796848878,46538.3922954846,56406.3944522634
23780.1767668855,1606.21119138547,38001.8700614003,46710.2468651237,56327.0501139536
23968.6920589602,1652.25792648556,39375.771169595,47026.1070470691,56974.7073189321
24135.7087673193,1767.57179066156,42475.0131178187,48486.4631962966,58832.3521704078
23942.0893882326,1872.76475696378,44817.0379303098,52578.8422706103,63669.5034627073
24951.1958782255,1994.88538463034,49391.1468842152,60494.6266701319,66289.8750262637
25301.2433410027,1948.30915719298,53078.6889307914,64192.4282762095,68578.1033982066
25423.4092630281,1930.49040040377,55477.4970394761,69073.5135932094,70039.0074003021
26383.4624031235,2054.44228083157,56732.1079206308,70490.6758143901,73513.5143042693
26629.8116915521,2043.4613711986,56424.3787698268,70328.1860605844,73452.5006824817
26646.8194105802,2069.07964151638,54708.8247865451,70008.0876224053,72882.6077552805
26490.232983784,2113.53575724326,53706.0047341239,69053.2392298937,72400.247490137
26227.6162519163,2150.76046423689,53177.242865967,68565.4976073221,72742.4411340253
26188.6481924006,2236.92586059406,51555.0914410615,67355.4562176671,72807.5062956404
26094.5850313122,2121.56980600269,49961.3102393676,64225.8612227551,71295.7221606712
26657.614655535,2263.76506764194,49258.3481705527,59213.9064598961,68813.6652066258
28242.9850740681,2417.2487278196,48197.1333972919,57056.8969814398,69369.934719621
26747.5318238555,2412.06636054664,51338.3170101159,55120.076310045,63700.766257009
26221.245718335,2380.20380364522,49618.6092470755,52826.0164520764,60723.8837758515
25303.0048617521,2291.822226392,47150.0393645486,52021.4239803952,58953.3917907029
24928.3200256379,2112.79543412909,43969.731235298,50693.7344488842,57700.497470756
24486.7839024297,1756.99911925527,41360.0235728162,49214.0191247684,57732.8063031596
24148.0384748083,1683.4605403415,39629.5933582556,48586.2239143278,57259.853415407
24063.1432597635,1649.02153748862,38523.6922591153,46988.3175283814,56803.4932269996
23836.3362160457,1616.24357660704,38043.0796848878,46538.3922954846,56406.3944522634
23780.1767668855,1606.21119138547,38001.8700614003,46710.2468651237,56327.0501139536
23968.6920589602,1652.25792648556,39375.771169595,47026.1070470691,56974.7073189321
24135.7087673193,1767.57179066156,42475.0131178187,48486.4631962966,58832.3521704078
23942.0893882326,1872.76475696378,44817.0379303098,52578.8422706103,63669.5034627073
24951.1958782255,1994.88538463034,49391.1468842152,60494.6266701319,66289.8750262637
25301.2433410027,1948.30915719298,53078.6889307914,64192.4282762095,68578.1033982066
25423.4092630281,1930.49040040377,55477.4970394761,69073.5135932094,70039.0074003021
26383.4624031235,2054.44228083157,56732.1079206308,70490.6758143901,73513.5143042693
26629.8116915521,2043.4613711986,56424.3787698268,70328.1860605844,73452.5006824817
26646.8194105802,2069.07964151638,54708.8247865451,70008.0876224053,72882.6077552805
26490.232983784,2113.53575724326,53706.0047341239,69053.2392298937,72400.247490137
26227.6162519163,2150.76046423689,53177.242865967,68565.4976073221,72742.4411340253
26188.6481924006,2236.92586059406,51555.0914410615,67355.4562176671,72807.5062956404
26094.5850313122,2121.56980600269,49961.3102393676,64225.8612227551,71295.7221606712
26657.614655535,2263.76506764194,49258.3481705527,59213.9064598961,68813.6652066258
28242.9850740681,2417.2487278196,48197.1333972919,57056.8969814398,69369.934719621
26747.5318238555,2412.06636054664,51338.3170101159,55120.076310045,63700.766257009
26221.245718335,2380.20380364522,49618.6092470755,52826.0164520764,60723.8837758515
25303.0048617521,2291.822226392,47150.0393645486,52021.4239803952,58953.3917907029
24928.3200256379,2112.79543412909,43969.731235298,50693.7344488842,57700.497470756
24486.7839024297,1756.99911925527,41360.0235728162,49214.0191247684,57732.8063031596
24148.0384748083,1683.4605403415,39629.5933582556,48586.2239143278,57259.853415407
24063.1432597635,1649.02153748862,38523.6922591153,46988.3175283814,56803.4932269996
23836.3362160457,1616.24357660704,38043.0796848878,46538.3922954846,56406.3944522634
23780.1767668855,1606.21119138547,38001.8700614003,46710.2468651237,56327.0501139536
23968.6920589602,1652.25792648556,39375.771169595,47026.1070470691,56974.7073189321
24135.7087673193,1767.57179066156,42475.0131178187,48486.4631962966,58832.3521704078
23942.0893882326,1872.76475696378,44817.0379303098,52578.8422706103,63669.5034627073
24951.1958782255,1994.88538463034,49391.1468842152,60494.6266701319,66289.8750262637
25301.2433410027,1948.30915719298,53078.6889307914,64192.4282762095,68578.1033982066
25423.4092630281,1930.49040040377,55477.4970394761,69073.5135932094,70039.0074003021
26383.4624031235,2054.44228083157,56732.1079206308,70490.6758143901,73513.5143042693
26629.8116915521,2043.4613711986,56424.3787698268,70328.1860605844,73452.5006824817
26646.8194105802,2069.07964151638,54708.8247865451,70008.0876224053,72882.6077552805
26490.232983784,2113.53575724326,53706.0047341239,69053.2392298937,72400.247490137
26227.6162519163,2150.76046423689,53177.242865967,68565.4976073221,72742.4411340253
26188.6481924006,2236.92586059406,51555.0914410615,67355.4562176671,72807.5062956404
26094.5850313122,2121.56980600269,49961.3102393676,64225.8612227551,71295.7221606712
26657.614655535,2263.76506764194,49258.3481705527,59213.9064598961,68813.6652066258
28242.9850740681,2417.2487278196,48197.1333972919,57056.8969814398,69369.934719621
26747.5318238555,2412.06636054664,51338.3170101159,55120.076310045,63700.766257009
26221.245718335,2380.20380364522,49618.6092470755,52826.0164520764,60723.8837758515
25303.0048617521,2291.822226392,47150.0393645486,52021.4239803952,58953.3917907029
24928.3200256379,2112.79543412909,43969.731235298,50693.7344488842,57700.497470756
24486.7839024297,1756.99911925527,41360.0235728162,49214.0191247684,57732.8063031596
24148.0384748083,1683.4605403415,39629.5933582556,48586.2239143278,57259.853415407
24063.1432597635,1649.02153748862,38523.6922591153,46988.3175283814,56803.4932269996
23836.3362160457,1616.24357660704,38043.0796848878,46538.3922954846,56406.3944522634
23780.1767668855,1606.21119138547,38001.8700614003,46710.2468651237,56327.0501139536
23968.6920589602,1652.25792648556,39375.771169595,47026.1070470691,56974.7073189321
24135.7087673193,1767.57179066156,42475.0131178187,48486.4631962966,58832.3521704078
23942.0893882326,1872.76475696378,44817.0379303098,52578.8422706103,63669.5034627073
24951.1958782255,1994.88538463034,49391.1468842152,60494.6266701319,66289.8750262637
25301.2433410027,1948.30915719298,53078.6889307914,64192.4282762095,68578.1033982066
25423.4092630281,1930.49040040377,55477.4970394761,69073.5135932094,70039.0074003021
26383.4624031235,2054.44228083157,56732.1079206308,70490.6758143901,73513.5143042693
26629.8116915521,2043.4613711986,56424.3787698268,70328.1860605844,73452.5006824817
26646.8194105802,2069.07964151638,54708.8247865451,70008.0876224053,72882.6077552805
26490.232983784,2113.53575724326,53706.0047341239,69053.2392298937,72400.247490137
26227.6162519163,2150.76046423689,53177.242865967,68565.4976073221,72742.4411340253
26188.6481924006,2236.92586059406,51555.0914410615,67355.4562176671,72807.5062956404
26094.5850313122,2121.56980600269,49961.3102393676,64225.8612227551,71295.7221606712
26657.614655535,2263.76506764194,49258.3481705527,59213.9064598961,68813.6652066258
28242.9850740681,2417.2487278196,48197.1333972919,57056.8969814398,69369.934719621
26747.5318238555,2412.06636054664,51338.3170101159,55120.076310045,63700.766257009
26221.245718335,2380.20380364522,49618.6092470755,52826.0164520764,60723.8837758515
25303.0048617521,2291.822226392,47150.0393645486,52021.4239803952,58953.3917907029
24928.3200256379,2112.79543412909,43969.731235298,50693.7344488842,57700.497470756
24486.7839024297,1756.99911925527,41360.0235728162,49214.0191247684,57732.8063031596
24148.0384748083,1683.4605403415,39629.5933582556,48586.2239143278,57259.853415407
24063.1432597635,1649.02153748862,38523.6922591153,46988.3175283814,56803.4932269996
23836.3362160457,1616.24357660704,38043.0796848878,46538.3922954846,56406.3944522634
23780.1767668855,1606.21119138547,38001.8700614003,46710.2468651237,56327.0501139536
23968.6920589602,1652.25792648556,39375.771169595,47026.1070470691,56974.7073189321
24135.7087673193,1767.57179066156,42475.0131178187,48486.4631962966,58832.3521704078
23942.0893882326,1872.76475696378,44817.0379303098,52578.8422706103,63669.5034627073
24951.1958782255,1994.88538463034,49391.1468842152,60494.6266701319,66289.8750262637
25301.2433410027,1948.30915719298,53078.6889307914,64192.4282762095,68578.1033982066
25423.4092630281,1930.49040040377,55477.4970394761,69073.5135932094,70039.0074003021
26383.4624031235,2054.44228083157,56732.1079206308,70490.6758143901,73513.5143042693
26629.8116915521,2043.4613711986,56424.3787698268,70328.1860605844,73452.5006824817
26646.8194105802,2069.07964151638,54708.8247865451,70008.0876224053,72882.6077552805
26490.232983784,2113.53575724326,53706.0047341239,69053.2392298937,72400.247490137
26227.6162519163,2150.76046423689,53177.242865967,68565.4976073221,72742.4411340253
26188.6481924006,2236.92586059406,51555.0914410615,67355.4562176671,72807.5062956404
26094.5850313122,2121.56980600269,49961.3102393676,64225.8612227551,71295.7221606712
26657.614655535,2263.76506764194,49258.3481705527,59213.9064598961,68813.6652066258
28242.9850740681,2417.2487278196,48197.1333972919,57056.8969814398,69369.934719621
26747.5318238555,2412.06636054664,51338.3170101159,55120.076310045,63700.766257009
26221.245718335,2380.20380364522,49618.6092470755,52826.0164520764,60723.8837758515
25303.0048617521,2291.822226392,47150.0393645486,52021.4239803952,58953.3917907029
24928.3200256379,2112.79543412909,43969.731235298,50693.7344488842,57700.497470756
24486.7839024297,1756.99911925527,41360.0235728162,49214.0191247684,57732.8063031596
24148.0384748083,1683.4605403415,39629.5933582556,48586.2239143278,57259.853415407
24063.1432597635,1649.02153748862,38523.6922591153,46988.3175283814,56803.4932269996
23836.3362160457,1616.24357660704,38043.0796848878,46538.3922954846,56406.3944522634
23780.1767668855,1606.21119138547,38001.8700614003,46710.2468651237,56327.0501139536
23968.6920589602,1652.25792648556,39375.771169595,47026.1070470691,56974.7073189321
24135.7087673193,1767.57179066156,42475.0131178187,48486.4631962966,58832.3521704078
23942.0893882326,1872.76475696378,44817.0379303098,52578.8422706103,63669.5034627073
24951.1958782255,1994.88538463034,49391.1468842152,60494.6266701319,66289.8750262637
25301.2433410027,1948.30915719298,53078.6889307914,64192.4282762095,68578.1033982066
25423.4092630281,1930.49040040377,55477.4970394761,69073.5135932094,70039.0074003021
26383.4624031235,2054.44228083157,56732.1079206308,70490.6758143901,73513.5143042693
26629.8116915521,2043.4613711986,56424.3787698268,70328.1860605844,73452.5006824817
26646.8194105802,2069.07964151638,54708.8247865451,70008.0876224053,72882.6077552805
26490.232983784,2113.53575724326,53706.0047341239,69053.2392298937,72400.247490137
26227.6162519163,2150.76046423689,53177.242865967,68565.4976073221,72742.4411340253
26188.6481924006,2236.92586059406,51555.0914410615,67355.4562176671,72807.5062956404
26094.5850313122,2121.56980600269,49961.3102393676,64225.8612227551,71295.7221606712
26657.614655535,2263.76506764194,49258.3481705527,59213.9064598961,68813.6652066258
28242.9850740681,2417.2487278196,48197.1333972919,57056.8969814398,69369.934719621
26747.5318238555,2412.06636054664,51338.3170101159,55120.076310045,63700.766257009
26221.245718335,2380.20380364522,49618.6092470755,52826.0164520764,60723.8837758515
25303.0048617521,2291.822226392,47150.0393645486,52021.4239803952,58953.3917907029
24928.3200256379,2112.79543412909,43969.731235298,50693.7344488842,57700.497470756
24486.7839024297,1756.99911925527,41360.0235728162,49214.0191247684,57732.8063031596
24148.0384748083,1683.4605403415,39629.5933582556,48586.2239143278,57259.853415407
24063.1432597635,1649.02153748862,38523.6922591153,46988.3175283814,56803.4932269996
23836.3362160457,1616.24357660704,38043.0796848878,46538.3922954846,56406.3944522634
23780.1767668855,1606.21119138547,38001.8700614003,46710.2468651237,56327.0501139536
23968.6920589602,1652.25792648556,39375.771169595,47026.1070470691,56974.7073189321
24135.7087673193,1767.57179066156,42475.0131178187,48486.4631962966,58832.3521704078
23942.0893882326,1872.76475696378,44817.0379303098,52578.8422706103,63669.5034627073
24951.1958782255,1994.88538463034,49391.1468842152,60494.6266701319,66289.8750262637
25301.2433410027,1948.30915719298,53078.6889307914,64192.4282762095,68578.1033982066
25423.4092630281,1930.49040040377,55477.4970394761,69073.5135932094,70039.0074003021
26383.4624031235,2054.44228083157,56732.1079206308,70490.6758143901,73513.5143042693
26629.8116915521,2043.4613711986,56424.3787698268,70328.1860605844,73452.5006824817
26646.8194105802,2069.07964151638,54708.8247865451,70008.0876224053,72882.6077552805
26490.232983784,2113.53575724326,53706.0047341239,69053.2392298937,72400.247490137
26227.6162519163,2150.76046423689,53177.242865967,68565.4976073221,72742.4411340253
26188.6481924006,2236.92586059406,51555.0914410615,67355.4562176671,72807.5062956404
26094.5850313122,2121.56980600269,49961.3102393676,64225.8612227551,71295.7221606712
26657.614655535,2263.76506764194,49258.3481705527,59213.9064598961,68813.6652066258
28242.9850740681,2417.2487278196,48197.1333972919,57056.8969814398,69369.934719621
26747.5318238555,2412.06636054664,51338.3170101159,55120.076310045,63700.766257009
26221.245718335,2380.20380364522,49618.6092470755,52826.0164520764,60723.8837758515
25303.0048617521,2291.822226392,47150.0393645486,52021.4239803952,58953.3917907029
24928.3200256379,2112.79543412909,43969.731235298,50693.7344488842,57700.497470756
24486.7839024297,1756.99911925527,41360.0235728162,49214.0191247684,57732.8063031596
24148.0384748083,1683.4605403415,39629.5933582556,48586.2239143278,57259.853415407
24063.1432597635,1649.02153748862,38523.6922591153,46988.3175283814,56803.4932269996
23836.3362160457,1616.24357660704,38043.0796848878,46538.3922954846,56406.3944522634
23780.1767668855,1606.21119138547,38001.8700614003,46710.2468651237,56327.0501139536
23968.6920589602,1652.25792648556,39375.771169595,47026.1070470691,56974.7073189321
24135.7087673193,1767.57179066156,42475.0131178187,48486.4631962966,58832.3521704078
23942.0893882326,1872.76475696378,44817.0379303098,52578.8422706103,63669.5034627073
24951.1958782255,1994.88538463034,49391.1468842152,60494.6266701319,66289.8750262637
25301.2433410027,1948.30915719298,53078.6889307914,64192.4282762095,68578.1033982066
25423.4092630281,1930.49040040377,55477.4970394761,69073.5135932094,70039.0074003021
26383.4624031235,2054.44228083157,56732.1079206308,70490.6758143901,73513.5143042693
26629.8116915521,2043.4613711986,56424.3787698268,70328.1860605844,73452.5006824817
26646.8194105802,2069.07964151638,54708.8247865451,70008.0876224053,72882.6077552805
26490.232983784,2113.53575724326,53706.0047341239,69053.2392298937,72400.247490137
26227.6162519163,2150.76046423689,53177.242865967,68565.4976073221,72742.4411340253
26188.6481924006,2236.92586059406,51555.0914410615,67355.4562176671,72807.5062956404
26094.5850313122,2121.56980600269,49961.3102393676,64225.8612227551,71295.7221606712
26657.614655535,2263.76506764194,49258.3481705527,59213.9064598961,68813.6652066258
28242.9850740681,2417.2487278196,48197.1333972919,57056.8969814398,69369.934719621
26747.5318238555,2412.06636054664,51338.3170101159,55120.076310045,63700.766257009
26221.245718335,2380.20380364522,49618.6092470755,52826.0164520764,60723.8837758515
25303.0048617521,2291.822226392,47150.0393645486,52021.4239803952,58953.3917907029
24928.3200256379,2112.79543412909,43969.731235298,50693.7344488842,57700.497470756
24486.7839024297,1756.99911925527,41360.0235728162,49214.0191247684,57732.8063031596
23892.3967827438,1541.42927706935,32171.9619786836,50772.2833997113,53706.6816924652
23283.1396420889,1516.26871797074,31620.8089705173,49231.3241595996,52406.3602158542
23169.1494802173,1490.75963596447,31243.770783737,48564.7139212098,51998.6785836994
23018.4919274124,1480.71825039814,31213.5819182871,48692.463631382,51900.645361988
23057.5508080106,1521.59390505791,31941.3628332593,49308.0073662197,51884.6023934162
23058.8855713855,1625.29845190066,33099.9244829966,50926.169739526,52889.4469093578
22974.63133353,1641.16147049133,37161.9571453367,55648.7096568415,56748.0962709158
25812.8503756869,1834.23721517632,42563.1846730762,61279.5209428938,60899.1148555046
26102.6127114241,1796.04601873916,44972.0521143317,63849.6298872614,63730.2056493509
26084.5111622504,1896.69014667522,44360.5614674298,68372.6130954332,63671.16141195
27619.965012713,2195.22895853494,48925.8170322818,69905.6094849162,67513.7724444215
27808.3726782851,2232.02343862266,49218.8680955948,70025.4885514054,67383.3747272351
27838.5855823844,2250.60109321051,48990.2631598929,69678.532155561,66581.7329620028
27808.829143165,2295.23928707964,49510.4720302139,68309.1695756007,66445.151273702
27777.1550498059,2298.23114845195,49695.9031614003,68488.7844963317,66832.3039368731
28020.1988579181,2369.06534351139,49671.0253743702,68211.5376893884,66974.5765316409
27959.5967304987,2274.17844676444,50217.5434926623,65789.4604978928,66497.5254283589
27818.7715665916,2293.73001660225,49616.8552230746,61320.4501723349,63944.0672410262
30579.7923165511,2560.98520699578,47020.7219272015,57927.4721368081,65922.1554356585
28853.6491035093,2204.77001300765,43260.7026840466,55852.2087896104,61501.4603023063
28322.3258375567,2151.30231862666,41422.4301687806,53686.5327396111,60363.89086054
27623.2105533432,2083.23657213563,39737.1323030238,53448.458275468,59533.8234218993
25777.3091772673,1929.50754319634,35649.5774387662,53209.6128890285,54605.0986394638
24192.1398758949,1580.5874689107,32866.2850558524,51717.0052925737,54038.5630671969
23892.3967827438,1541.42927706935,32171.9619786836,50772.2833997113,53706.6816924652
23283.1396420889,1516.26871797074,31620.8089705173,49231.3241595996,52406.3602158542
23169.1494802173,1490.75963596447,31243.770783737,48564.7139212098,51998.6785836994
23018.4919274124,1480.71825039814,31213.5819182871,48692.463631382,51900.645361988
23057.5508080106,1521.59390505791,31941.3628332593,49308.0073662197,51884.6023934162
23058.8855713855,1625.29845190066,33099.9244829966,50926.169739526,52889.4469093578
22974.63133353,1641.16147049133,37161.9571453367,55648.7096568415,56748.0962709158
25812.8503756869,1834.23721517632,42563.1846730762,61279.5209428938,60899.1148555046
26102.6127114241,1796.04601873916,44972.0521143317,63849.6298872614,63730.2056493509
26084.5111622504,1896.69014667522,44360.5614674298,68372.6130954332,63671.16141195
27619.965012713,2195.22895853494,48925.8170322818,69905.6094849162,67513.7724444215
27808.3726782851,2232.02343862266,49218.8680955948,70025.4885514054,67383.3747272351
27838.5855823844,2250.60109321051,48990.2631598929,69678.532155561,66581.7329620028
27808.829143165,2295.23928707964,49510.4720302139,68309.1695756007,66445.151273702
27777.1550498059,2298.23114845195,49695.9031614003,68488.7844963317,66832.3039368731
28020.1988579181,2369.06534351139,49671.0253743702,68211.5376893884,66974.5765316409
27959.5967304987,2274.17844676444,50217.5434926623,65789.4604978928,66497.5254283589
27818.7715665916,2293.73001660225,49616.8552230746,61320.4501723349,63944.0672410262
30579.7923165511,2560.98520699578,47020.7219272015,57927.4721368081,65922.1554356585
28853.6491035093,2204.77001300765,43260.7026840466,55852.2087896104,61501.4603023063
28322.3258375567,2151.30231862666,41422.4301687806,53686.5327396111,60363.89086054
27623.2105533432,2083.23657213563,39737.1323030238,53448.458275468,59533.8234218993
25777.3091772673,1929.50754319634,35649.5774387662,53209.6128890285,54605.0986394638
24192.1398758949,1580.5874689107,32866.2850558524,51717.0052925737,54038.5630671969
23892.3967827438,1541.42927706935,32171.9619786836,50772.2833997113,53706.6816924652
23283.1396420889,1516.26871797074,31620.8089705173,49231.3241595996,52406.3602158542
23169.1494802173,1490.75963596447,31243.770783737,48564.7139212098,51998.6785836994
23018.4919274124,1480.71825039814,31213.5819182871,48692.463631382,51900.645361988
23057.5508080106,1521.59390505791,31941.3628332593,49308.0073662197,51884.6023934162
23058.8855713855,1625.29845190066,33099.9244829966,50926.169739526,52889.4469093578
22974.63133353,1641.16147049133,37161.9571453367,55648.7096568415,56748.0962709158
25812.8503756869,1834.23721517632,42563.1846730762,61279.5209428938,60899.1148555046
26102.6127114241,1796.04601873916,44972.0521143317,63849.6298872614,63730.2056493509
26084.5111622504,1896.69014667522,44360.5614674298,68372.6130954332,63671.16141195
27619.965012713,2195.22895853494,48925.8170322818,69905.6094849162,67513.7724444215
27808.3726782851,2232.02343862266,49218.8680955948,70025.4885514054,67383.3747272351
27838.5855823844,2250.60109321051,48990.2631598929,69678.532155561,66581.7329620028
27808.829143165,2295.23928707964,49510.4720302139,68309.1695756007,66445.151273702
27777.1550498059,2298.23114845195,49695.9031614003,68488.7844963317,66832.3039368731
28020.1988579181,2369.06534351139,49671.0253743702,68211.5376893884,66974.5765316409
27959.5967304987,2274.17844676444,50217.5434926623,65789.4604978928,66497.5254283589
27818.7715665916,2293.73001660225,49616.8552230746,61320.4501723349,63944.0672410262
30579.7923165511,2560.98520699578,47020.7219272015,57927.4721368081,65922.1554356585
28853.6491035093,2204.77001300765,43260.7026840466,55852.2087896104,61501.4603023063
28322.3258375567,2151.30231862666,41422.4301687806,53686.5327396111,60363.89086054
27623.2105533432,2083.23657213563,39737.1323030238,53448.458275468,59533.8234218993
25777.3091772673,1929.50754319634,35649.5774387662,53209.6128890285,54605.0986394638
24192.1398758949,1580.5874689107,32866.2850558524,51717.0052925737,54038.5630671969
23892.3967827438,1541.42927706935,32171.9619786836,50772.2833997113,53706.6816924652
23283.1396420889,1516.26871797074,31620.8089705173,49231.3241595996,52406.3602158542
23169.1494802173,1490.75963596447,31243.770783737,48564.7139212098,51998.6785836994
23018.4919274124,1480.71825039814,31213.5819182871,48692.463631382,51900.645361988
23057.5508080106,1521.59390505791,31941.3628332593,49308.0073662197,51884.6023934162
23058.8855713855,1625.29845190066,33099.9244829966,50926.169739526,52889.4469093578
22974.63133353,1641.16147049133,37161.9571453367,55648.7096568415,56748.0962709158
25812.8503756869,1834.23721517632,42563.1846730762,61279.5209428938,60899.1148555046
26102.6127114241,1796.04601873916,44972.0521143317,63849.6298872614,63730.2056493509
26084.5111622504,1896.69014667522,44360.5614674298,68372.6130954332,63671.16141195
27619.965012713,2195.22895853494,48925.8170322818,69905.6094849162,67513.7724444215
27808.3726782851,2232.02343862266,49218.8680955948,70025.4885514054,67383.3747272351
27838.5855823844,2250.60109321051,48990.2631598929,69678.532155561,66581.7329620028
27808.829143165,2295.23928707964,49510.4720302139,68309.1695756007,66445.151273702
27777.1550498059,2298.23114845195,49695.9031614003,68488.7844963317,66832.3039368731
28020.1988579181,2369.06534351139,49671.0253743702,68211.5376893884,66974.5765316409
27959.5967304987,2274.17844676444,50217.5434926623,65789.4604978928,66497.5254283589
27818.7715665916,2293.73001660225,49616.8552230746,61320.4501723349,63944.0672410262
30579.7923165511,2560.98520699578,47020.7219272015,57927.4721368081,65922.1554356585
28853.6491035093,2204.77001300765,43260.7026840466,55852.2087896104,61501.4603023063
28322.3258375567,2151.30231862666,41422.4301687806,53686.5327396111,60363.89086054
27623.2105533432,2083.23657213563,39737.1323030238,53448.458275468,59533.8234218993
25777.3091772673,1929.50754319634,35649.5774387662,53209.6128890285,54605.0986394638
24192.1398758949,1580.5874689107,32866.2850558524,51717.0052925737,54038.5630671969
23892.3967827438,1541.42927706935,32171.9619786836,50772.2833997113,53706.6816924652
23283.1396420889,1516.26871797074,31620.8089705173,49231.3241595996,52406.3602158542
23169.1494802173,1490.75963596447,31243.770783737,48564.7139212098,51998.6785836994
23018.4919274124,1480.71825039814,31213.5819182871,48692.463631382,51900.645361988
23057.5508080106,1521.59390505791,31941.3628332593,49308.0073662197,51884.6023934162
23058.8855713855,1625.29845190066,33099.9244829966,50926.169739526,52889.4469093578
22974.63133353,1641.16147049133,37161.9571453367,55648.7096568415,56748.0962709158
25812.8503756869,1834.23721517632,42563.1846730762,61279.5209428938,60899.1148555046
26102.6127114241,1796.04601873916,44972.0521143317,63849.6298872614,63730.2056493509
26084.5111622504,1896.69014667522,44360.5614674298,68372.6130954332,63671.16141195
27619.965012713,2195.22895853494,48925.8170322818,69905.6094849162,67513.7724444215
27808.3726782851,2232.02343862266,49218.8680955948,70025.4885514054,67383.3747272351
27838.5855823844,2250.60109321051,48990.2631598929,69678.532155561,66581.7329620028
27808.829143165,2295.23928707964,49510.4720302139,68309.1695756007,66445.151273702
27777.1550498059,2298.23114845195,49695.9031614003,68488.7844963317,66832.3039368731
28020.1988579181,2369.06534351139,49671.0253743702,68211.5376893884,66974.5765316409
27959.5967304987,2274.17844676444,50217.5434926623,65789.4604978928,66497.5254283589
27818.7715665916,2293.73001660225,49616.8552230746,61320.4501723349,63944.0672410262
30579.7923165511,2560.98520699578,47020.7219272015,57927.4721368081,65922.1554356585
28853.6491035093,2204.77001300765,43260.7026840466,55852.2087896104,61501.4603023063
28322.3258375567,2151.30231862666,41422.4301687806,53686.5327396111,60363.89086054
27623.2105533432,2083.23657213563,39737.1323030238,53448.458275468,59533.8234218993
25777.3091772673,1929.50754319634,35649.5774387662,53209.6128890285,54605.0986394638
24192.1398758949,1580.5874689107,32866.2850558524,51717.0052925737,54038.5630671969
23892.3967827438,1541.42927706935,32171.9619786836,50772.2833997113,53706.6816924652
23283.1396420889,1516.26871797074,31620.8089705173,49231.3241595996,52406.3602158542
23169.1494802173,1490.75963596447,31243.770783737,48564.7139212098,51998.6785836994
23018.4919274124,1480.71825039814,31213.5819182871,48692.463631382,51900.645361988
23057.5508080106,1521.59390505791,31941.3628332593,49308.0073662197,51884.6023934162
23058.8855713855,1625.29845190066,33099.9244829966,50926.169739526,52889.4469093578
22974.63133353,1641.16147049133,37161.9571453367,55648.7096568415,56748.0962709158
25812.8503756869,1834.23721517632,42563.1846730762,61279.5209428938,60899.1148555046
26102.6127114241,1796.04601873916,44972.0521143317,63849.6298872614,63730.2056493509
26084.5111622504,1896.69014667522,44360.5614674298,68372.6130954332,63671.16141195
27619.965012713,2195.22895853494,48925.8170322818,69905.6094849162,67513.7724444215
27808.3726782851,2232.02343862266,49218.8680955948,70025.4885514054,67383.3747272351
27838.5855823844,2250.60109321051,48990.2631598929,69678.532155561,66581.7329620028
27808.829143165,2295.23928707964,49510.4720302139,68309.1695756007,66445.151273702
27777.1550498059,2298.23114845195,49695.9031614003,68488.7844963317,66832.3039368731
28020.1988579181,2369.06534351139,49671.0253743702,68211.5376893884,66974.5765316409
27959.5967304987,2274.17844676444,50217.5434926623,65789.4604978928,66497.5254283589
27818.7715665916,2293.73001660225,49616.8552230746,61320.4501723349,63944.0672410262
30579.7923165511,2560.98520699578,47020.7219272015,57927.4721368081,65922.1554356585
28853.6491035093,2204.77001300765,43260.7026840466,55852.2087896104,61501.4603023063
28322.3258375567,2151.30231862666,41422.4301687806,53686.5327396111,60363.89086054
27623.2105533432,2083.23657213563,39737.1323030238,53448.458275468,59533.8234218993
25777.3091772673,1929.50754319634,35649.5774387662,53209.6128890285,54605.0986394638
24192.1398758949,1580.5874689107,32866.2850558524,51717.0052925737,54038.5630671969
23892.3967827438,1541.42927706935,32171.9619786836,50772.2833997113,53706.6816924652
23283.1396420889,1516.26871797074,31620.8089705173,49231.3241595996,52406.3602158542
23169.1494802173,1490.75963596447,31243.770783737,48564.7139212098,51998.6785836994
23018.4919274124,1480.71825039814,31213.5819182871,48692.463631382,51900.645361988
23057.5508080106,1521.59390505791,31941.3628332593,49308.0073662197,51884.6023934162
23058.8855713855,1625.29845190066,33099.9244829966,50926.169739526,52889.4469093578
22974.63133353,1641.16147049133,37161.9571453367,55648.7096568415,56748.0962709158
25812.8503756869,1834.23721517632,42563.1846730762,61279.5209428938,60899.1148555046
26102.6127114241,1796.04601873916,44972.0521143317,63849.6298872614,63730.2056493509
26084.5111622504,1896.69014667522,44360.5614674298,68372.6130954332,63671.16141195
27619.965012713,2195.22895853494,48925.8170322818,69905.6094849162,67513.7724444215
27808.3726782851,2232.02343862266,49218.8680955948,70025.4885514054,67383.3747272351
27838.5855823844,2250.60109321051,48990.2631598929,69678.532155561,66581.7329620028
27808.829143165,2295.23928707964,49510.4720302139,68309.1695756007,66445.151273702
27777.1550498059,2298.23114845195,49695.9031614003,68488.7844963317,66832.3039368731
28020.1988579181,2369.06534351139,49671.0253743702,68211.5376893884,66974.5765316409
27959.5967304987,2274.17844676444,50217.5434926623,65789.4604978928,66497.5254283589
27818.7715665916,2293.73001660225,49616.8552230746,61320.4501723349,63944.0672410262
30579.7923165511,2560.98520699578,47020.7219272015,57927.4721368081,65922.1554356585
28853.6491035093,2204.77001300765,43260.7026840466,55852.2087896104,61501.4603023063
28322.3258375567,2151.30231862666,41422.4301687806,53686.5327396111,60363.89086054
27623.2105533432,2083.23657213563,39737.1323030238,53448.458275468,59533.8234218993
25777.3091772673,1929.50754319634,35649.5774387662,53209.6128890285,54605.0986394638
24192.1398758949,1580.5874689107,32866.2850558524,51717.0052925737,54038.5630671969
23892.3967827438,1541.42927706935,32171.9619786836,50772.2833997113,53706.6816924652
23283.1396420889,1516.26871797074,31620.8089705173,49231.3241595996,52406.3602158542
23169.1494802173,1490.75963596447,31243.770783737,48564.7139212098,51998.6785836994
23018.4919274124,1480.71825039814,31213.5819182871,48692.463631382,51900.645361988
23057.5508080106,1521.59390505791,31941.3628332593,49308.0073662197,51884.6023934162
23058.8855713855,1625.29845190066,33099.9244829966,50926.169739526,52889.4469093578
22974.63133353,1641.16147049133,37161.9571453367,55648.7096568415,56748.0962709158
25812.8503756869,1834.23721517632,42563.1846730762,61279.5209428938,60899.1148555046
26102.6127114241,1796.04601873916,44972.0521143317,63849.6298872614,63730.2056493509
26084.5111622504,1896.69014667522,44360.5614674298,68372.6130954332,63671.16141195
27619.965012713,2195.22895853494,48925.8170322818,69905.6094849162,67513.7724444215
27808.3726782851,2232.02343862266,49218.8680955948,70025.4885514054,67383.3747272351
27838.5855823844,2250.60109321051,48990.2631598929,69678.532155561,66581.7329620028
27808.829143165,2295.23928707964,49510.4720302139,68309.1695756007,66445.151273702
27777.1550498059,2298.23114845195,49695.9031614003,68488.7844963317,66832.3039368731
28020.1988579181,2369.06534351139,49671.0253743702,68211.5376893884,66974.5765316409
27959.5967304987,2274.17844676444,50217.5434926623,65789.4604978928,66497.5254283589
27818.7715665916,2293.73001660225,49616.8552230746,61320.4501723349,63944.0672410262
30579.7923165511,2560.98520699578,47020.7219272015,57927.4721368081,65922.1554356585
28853.6491035093,2204.77001300765,43260.7026840466,55852.2087896104,61501.4603023063
28322.3258375567,2151.30231862666,41422.4301687806,53686.5327396111,60363.89086054
27623.2105533432,2083.23657213563,39737.1323030238,53448.458275468,59533.8234218993
25777.3091772673,1929.50754319634,35649.5774387662,53209.6128890285,54605.0986394638
24192.1398758949,1580.5874689107,32866.2850558524,51717.0052925737,54038.5630671969
23892.3967827438,1541.42927706935,32171.9619786836,50772.2833997113,53706.6816924652
23283.1396420889,1516.26871797074,31620.8089705173,49231.3241595996,52406.3602158542
23169.1494802173,1490.75963596447,31243.770783737,48564.7139212098,51998.6785836994
23018.4919274124,1480.71825039814,31213.5819182871,48692.463631382,51900.645361988
23057.5508080106,1521.59390505791,31941.3628332593,49308.0073662197,51884.6023934162
23058.8855713855,1625.29845190066,33099.9244829966,50926.169739526,52889.4469093578
22974.63133353,1641.16147049133,37161.9571453367,55648.7096568415,56748.0962709158
25812.8503756869,1834.23721517632,42563.1846730762,61279.5209428938,60899.1148555046
26102.6127114241,1796.04601873916,44972.0521143317,63849.6298872614,63730.2056493509
26084.5111622504,1896.69014667522,44360.5614674298,68372.6130954332,63671.16141195
27619.965012713,2195.22895853494,48925.8170322818,69905.6094849162,67513.7724444215
27808.3726782851,2232.02343862266,49218.8680955948,70025.4885514054,67383.3747272351
27838.5855823844,2250.60109321051,48990.2631598929,69678.532155561,66581.7329620028
27808.829143165,2295.23928707964,49510.4720302139,68309.1695756007,66445.151273702
27777.1550498059,2298.23114845195,49695.9031614003,68488.7844963317,66832.3039368731
28020.1988579181,2369.06534351139,49671.0253743702,68211.5376893884,66974.5765316409
27959.5967304987,2274.17844676444,50217.5434926623,65789.4604978928,66497.5254283589
27818.7715665916,2293.73001660225,49616.8552230746,61320.4501723349,63944.0672410262
30579.7923165511,2560.98520699578,47020.7219272015,57927.4721368081,65922.1554356585
28853.6491035093,2204.77001300765,43260.7026840466,55852.2087896104,61501.4603023063
28322.3258375567,2151.30231862666,41422.4301687806,53686.5327396111,60363.89086054
27623.2105533432,2083.23657213563,39737.1323030238,53448.458275468,59533.8234218993
25777.3091772673,1929.50754319634,35649.5774387662,53209.6128890285,54605.0986394638
24192.1398758949,1580.5874689107,32866.2850558524,51717.0052925737,54038.5630671969
23892.3967827438,1541.42927706935,32171.9619786836,50772.2833997113,53706.6816924652
23283.1396420889,1516.26871797074,31620.8089705173,49231.3241595996,52406.3602158542
23169.1494802173,1490.75963596447,31243.770783737,48564.7139212098,51998.6785836994
23018.4919274124,1480.71825039814,31213.5819182871,48692.463631382,51900.645361988
23057.5508080106,1521.59390505791,31941.3628332593,49308.0073662197,51884.6023934162
23058.8855713855,1625.29845190066,33099.9244829966,50926.169739526,52889.4469093578
22974.63133353,1641.16147049133,37161.9571453367,55648.7096568415,56748.0962709158
25812.8503756869,1834.23721517632,42563.1846730762,61279.5209428938,60899.1148555046
26102.6127114241,1796.04601873916,44972.0521143317,63849.6298872614,63730.2056493509
26084.5111622504,1896.69014667522,44360.5614674298,68372.6130954332,63671.16141195
27619.965012713,2195.22895853494,48925.8170322818,69905.6094849162,67513.7724444215
27808.3726782851,2232.02343862266,49218.8680955948,70025.4885514054,67383.3747272351
27838.5855823844,2250.60109321051,48990.2631598929,69678.532155561,66581.7329620028
27808.829143165,2295.23928707964,49510.4720302139,68309.1695756007,66445.151273702
27777.1550498059,2298.23114845195,49695.9031614003,68488.7844963317,66832.3039368731
28020.1988579181,2369.06534351139,49671.0253743702,68211.5376893884,66974.5765316409
27959.5967304987,2274.17844676444,50217.5434926623,65789.4604978928,66497.5254283589
27818.7715665916,2293.73001660225,49616.8552230746,61320.4501723349,63944.0672410262
30579.7923165511,2560.98520699578,47020.7219272015,57927.4721368081,65922.1554356585
28853.6491035093,2204.77001300765,43260.7026840466,55852.2087896104,61501.4603023063
28322.3258375567,2151.30231862666,41422.4301687806,53686.5327396111,60363.89086054
27623.2105533432,2083.23657213563,39737.1323030238,53448.458275468,59533.8234218993
25777.3091772673,1929.50754319634,35649.5774387662,53209.6128890285,54605.0986394638
24192.1398758949,1580.5874689107,32866.2850558524,51717.0052925737,54038.5630671969
23892.3967827438,1541.42927706935,32171.9619786836,50772.2833997113,53706.6816924652
23283.1396420889,1516.26871797074,31620.8089705173,49231.3241595996,52406.3602158542
23169.1494802173,1490.75963596447,31243.770783737,48564.7139212098,51998.6785836994
23018.4919274124,1480.71825039814,31213.5819182871,48692.463631382,51900.645361988
23057.5508080106,1521.59390505791,31941.3628332593,49308.0073662197,51884.6023934162
23058.8855713855,1625.29845190066,33099.9244829966,50926.169739526,52889.4469093578
22974.63133353,1641.16147049133,37161.9571453367,55648.7096568415,56748.0962709158
25812.8503756869,1834.23721517632,42563.1846730762,61279.5209428938,60899.1148555046
26102.6127114241,1796.04601873916,44972.0521143317,63849.6298872614,63730.2056493509
26084.5111622504,1896.69014667522,44360.5614674298,68372.6130954332,63671.16141195
27619.965012713,2195.22895853494,48925.8170322818,69905.6094849162,67513.7724444215
27808.3726782851,2232.02343862266,49218.8680955948,70025.4885514054,67383.3747272351
27838.5855823844,2250.60109321051,48990.2631598929,69678.532155561,66581.7329620028
27808.829143165,2295.23928707964,49510.4720302139,68309.1695756007,66445.151273702
27777.1550498059,2298.23114845195,49695.9031614003,68488.7844963317,66832.3039368731
28020.1988579181,2369.06534351139,49671.0253743702,68211.5376893884,66974.5765316409
27959.5967304987,2274.17844676444,50217.5434926623,65789.4604978928,66497.5254283589
27818.7715665916,2293.73001660225,49616.8552230746,61320.4501723349,63944.0672410262
30579.7923165511,2560.98520699578,47020.7219272015,57927.4721368081,65922.1554356585
28853.6491035093,2204.77001300765,43260.7026840466,55852.2087896104,61501.4603023063
28322.3258375567,2151.30231862666,41422.4301687806,53686.5327396111,60363.89086054
27623.2105533432,2083.23657213563,39737.1323030238,53448.458275468,59533.8234218993
25777.3091772673,1929.50754319634,35649.5774387662,53209.6128890285,54605.0986394638
24192.1398758949,1580.5874689107,32866.2850558524,51717.0052925737,54038.5630671969
23892.3967827438,1541.42927706935,32171.9619786836,50772.2833997113,53706.6816924652
23283.1396420889,1516.26871797074,31620.8089705173,49231.3241595996,52406.3602158542
23169.1494802173,1490.75963596447,31243.770783737,48564.7139212098,51998.6785836994
23018.4919274124,1480.71825039814,31213.5819182871,48692.463631382,51900.645361988
23057.5508080106,1521.59390505791,31941.3628332593,49308.0073662197,51884.6023934162
23058.8855713855,1625.29845190066,33099.9244829966,50926.169739526,52889.4469093578
22974.63133353,1641.16147049133,37161.9571453367,55648.7096568415,56748.0962709158
25812.8503756869,1834.23721517632,42563.1846730762,61279.5209428938,60899.1148555046
26102.6127114241,1796.04601873916,44972.0521143317,63849.6298872614,63730.2056493509
26084.5111622504,1896.69014667522,44360.5614674298,68372.6130954332,63671.16141195
27619.965012713,2195.22895853494,48925.8170322818,69905.6094849162,67513.7724444215
27808.3726782851,2232.02343862266,49218.8680955948,70025.4885514054,67383.3747272351
27838.5855823844,2250.60109321051,48990.2631598929,69678.532155561,66581.7329620028
27808.829143165,2295.23928707964,49510.4720302139,68309.1695756007,66445.151273702
27777.1550498059,2298.23114845195,49695.9031614003,68488.7844963317,66832.3039368731
28020.1988579181,2369.06534351139,49671.0253743702,68211.5376893884,66974.5765316409
27959.5967304987,2274.17844676444,50217.5434926623,65789.4604978928,66497.5254283589
27818.7715665916,2293.73001660225,49616.8552230746,61320.4501723349,63944.0672410262
30579.7923165511,2560.98520699578,47020.7219272015,57927.4721368081,65922.1554356585
28853.6491035093,2204.77001300765,43260.7026840466,55852.2087896104,61501.4603023063
28322.3258375567,2151.30231862666,41422.4301687806,53686.5327396111,60363.89086054
27623.2105533432,2083.23657213563,39737.1323030238,53448.458275468,59533.8234218993
25777.3091772673,1929.50754319634,35649.5774387662,53209.6128890285,54605.0986394638
24192.1398758949,1580.5874689107,32866.2850558524,51717.0052925737,54038.5630671969
23892.3967827438,1541.42927706935,32171.9619786836,50772.2833997113,53706.6816924652
23283.1396420889,1516.26871797074,31620.8089705173,49231.3241595996,52406.3602158542
23169.1494802173,1490.75963596447,31243.770783737,48564.7139212098,51998.6785836994
23018.4919274124,1480.71825039814,31213.5819182871,48692.463631382,51900.645361988
23057.5508080106,1521.59390505791,31941.3628332593,49308.0073662197,51884.6023934162
23058.8855713855,1625.29845190066,33099.9244829966,50926.169739526,52889.4469093578
22974.63133353,1641.16147049133,37161.9571453367,55648.7096568415,56748.0962709158
25812.8503756869,1834.23721517632,42563.1846730762,61279.5209428938,60899.1148555046
26102.6127114241,1796.04601873916,44972.0521143317,63849.6298872614,63730.2056493509
26084.5111622504,1896.69014667522,44360.5614674298,68372.6130954332,63671.16141195
27619.965012713,2195.22895853494,48925.8170322818,69905.6094849162,67513.7724444215
27808.3726782851,2232.02343862266,49218.8680955948,70025.4885514054,67383.3747272351
27838.5855823844,2250.60109321051,48990.2631598929,69678.532155561,66581.7329620028
27808.829143165,2295.23928707964,49510.4720302139,68309.1695756007,66445.151273702
27777.1550498059,2298.23114845195,49695.9031614003,68488.7844963317,66832.3039368731
28020.1988579181,2369.06534351139,49671.0253743702,68211.5376893884,66974.5765316409
27959.5967304987,2274.17844676444,50217.5434926623,65789.4604978928,66497.5254283589
27818.7715665916,2293.73001660225,49616.8552230746,61320.4501723349,63944.0672410262
30579.7923165511,2560.98520699578,47020.7219272015,57927.4721368081,65922.1554356585
28853.6491035093,2204.77001300765,43260.7026840466,55852.2087896104,61501.4603023063
28322.3258375567,2151.30231862666,41422.4301687806,53686.5327396111,60363.89086054
27623.2105533432,2083.23657213563,39737.1323030238,53448.458275468,59533.8234218993
25777.3091772673,1929.50754319634,35649.5774387662,53209.6128890285,54605.0986394638
24192.1398758949,1580.5874689107,32866.2850558524,51717.0052925737,54038.5630671969
23892.3967827438,1541.42927706935,32171.9619786836,50772.2833997113,53706.6816924652
23283.1396420889,1516.26871797074,31620.8089705173,49231.3241595996,52406.3602158542
23169.1494802173,1490.75963596447,31243.770783737,48564.7139212098,51998.6785836994
23018.4919274124,1480.71825039814,31213.5819182871,48692.463631382,51900.645361988
23057.5508080106,1521.59390505791,31941.3628332593,49308.0073662197,51884.6023934162
23058.8855713855,1625.29845190066,33099.9244829966,50926.169739526,52889.4469093578
22974.63133353,1641.16147049133,37161.9571453367,55648.7096568415,56748.0962709158
25812.8503756869,1834.23721517632,42563.1846730762,61279.5209428938,60899.1148555046
26102.6127114241,1796.04601873916,44972.0521143317,63849.6298872614,63730.2056493509
26084.5111622504,1896.69014667522,44360.5614674298,68372.6130954332,63671.16141195
27619.965012713,2195.22895853494,48925.8170322818,69905.6094849162,67513.7724444215
27808.3726782851,2232.02343862266,49218.8680955948,70025.4885514054,67383.3747272351
27838.5855823844,2250.60109321051,48990.2631598929,69678.532155561,66581.7329620028
27808.829143165,2295.23928707964,49510.4720302139,68309.1695756007,66445.151273702
27777.1550498059,2298.23114845195,49695.9031614003,68488.7844963317,66832.3039368731
28020.1988579181,2369.06534351139,49671.0253743702,68211.5376893884,66974.5765316409
27959.5967304987,2274.17844676444,50217.5434926623,65789.4604978928,66497.5254283589
27818.7715665916,2293.73001660225,49616.8552230746,61320.4501723349,63944.0672410262
30579.7923165511,2560.98520699578,47020.7219272015,57927.4721368081,65922.1554356585
28853.6491035093,2204.77001300765,43260.7026840466,55852.2087896104,61501.4603023063
28322.3258375567,2151.30231862666,41422.4301687806,53686.5327396111,60363.89086054
27623.2105533432,2083.23657213563,39737.1323030238,53448.458275468,59533.8234218993
25777.3091772673,1929.50754319634,35649.5774387662,53209.6128890285,54605.0986394638
24192.1398758949,1580.5874689107,32866.2850558524,51717.0052925737,54038.5630671969
23892.3967827438,1541.42927706935,32171.9619786836,50772.2833997113,53706.6816924652
23283.1396420889,1516.26871797074,31620.8089705173,49231.3241595996,52406.3602158542
23169.1494802173,1490.75963596447,31243.770783737,48564.7139212098,51998.6785836994
23018.4919274124,1480.71825039814,31213.5819182871,48692.463631382,51900.645361988
23057.5508080106,1521.59390505791,31941.3628332593,49308.0073662197,51884.6023934162
23058.8855713855,1625.29845190066,33099.9244829966,50926.169739526,52889.4469093578
22974.63133353,1641.16147049133,37161.9571453367,55648.7096568415,56748.0962709158
25812.8503756869,1834.23721517632,42563.1846730762,61279.5209428938,60899.1148555046
26102.6127114241,1796.04601873916,44972.0521143317,63849.6298872614,63730.2056493509
26084.5111622504,1896.69014667522,44360.5614674298,68372.6130954332,63671.16141195
27619.965012713,2195.22895853494,48925.8170322818,69905.6094849162,67513.7724444215
27808.3726782851,2232.02343862266,49218.8680955948,70025.4885514054,67383.3747272351
27838.5855823844,2250.60109321051,48990.2631598929,69678.532155561,66581.7329620028
27808.829143165,2295.23928707964,49510.4720302139,68309.1695756007,66445.151273702
27777.1550498059,2298.23114845195,49695.9031614003,68488.7844963317,66832.3039368731
28020.1988579181,2369.06534351139,49671.0253743702,68211.5376893884,66974.5765316409
27959.5967304987,2274.17844676444,50217.5434926623,65789.4604978928,66497.5254283589
27818.7715665916,2293.73001660225,49616.8552230746,61320.4501723349,63944.0672410262
30579.7923165511,2560.98520699578,47020.7219272015,57927.4721368081,65922.1554356585
28853.6491035093,2204.77001300765,43260.7026840466,55852.2087896104,61501.4603023063
28322.3258375567,2151.30231862666,41422.4301687806,53686.5327396111,60363.89086054
27623.2105533432,2083.23657213563,39737.1323030238,53448.458275468,59533.8234218993
25777.3091772673,1929.50754319634,35649.5774387662,53209.6128890285,54605.0986394638
24192.1398758949,1580.5874689107,32866.2850558524,51717.0052925737,54038.5630671969
23892.3967827438,1541.42927706935,32171.9619786836,50772.2833997113,53706.6816924652
23283.1396420889,1516.26871797074,31620.8089705173,49231.3241595996,52406.3602158542
23169.1494802173,1490.75963596447,31243.770783737,48564.7139212098,51998.6785836994
23018.4919274124,1480.71825039814,31213.5819182871,48692.463631382,51900.645361988
23057.5508080106,1521.59390505791,31941.3628332593,49308.0073662197,51884.6023934162
23058.8855713855,1625.29845190066,33099.9244829966,50926.169739526,52889.4469093578
22974.63133353,1641.16147049133,37161.9571453367,55648.7096568415,56748.0962709158
25812.8503756869,1834.23721517632,42563.1846730762,61279.5209428938,60899.1148555046
26102.6127114241,1796.04601873916,44972.0521143317,63849.6298872614,63730.2056493509
26084.5111622504,1896.69014667522,44360.5614674298,68372.6130954332,63671.16141195
27619.965012713,2195.22895853494,48925.8170322818,69905.6094849162,67513.7724444215
27808.3726782851,2232.02343862266,49218.8680955948,70025.4885514054,67383.3747272351
27838.5855823844,2250.60109321051,48990.2631598929,69678.532155561,66581.7329620028
27808.829143165,2295.23928707964,49510.4720302139,68309.1695756007,66445.151273702
27777.1550498059,2298.23114845195,49695.9031614003,68488.7844963317,66832.3039368731
28020.1988579181,2369.06534351139,49671.0253743702,68211.5376893884,66974.5765316409
27959.5967304987,2274.17844676444,50217.5434926623,65789.4604978928,66497.5254283589
27818.7715665916,2293.73001660225,49616.8552230746,61320.4501723349,63944.0672410262
30579.7923165511,2560.98520699578,47020.7219272015,57927.4721368081,65922.1554356585
28853.6491035093,2204.77001300765,43260.7026840466,55852.2087896104,61501.4603023063
28322.3258375567,2151.30231862666,41422.4301687806,53686.5327396111,60363.89086054
27623.2105533432,2083.23657213563,39737.1323030238,53448.458275468,59533.8234218993
25777.3091772673,1929.50754319634,35649.5774387662,53209.6128890285,54605.0986394638
24192.1398758949,1580.5874689107,32866.2850558524,51717.0052925737,54038.5630671969
23892.3967827438,1541.42927706935,32171.9619786836,50772.2833997113,53706.6816924652
23283.1396420889,1516.26871797074,31620.8089705173,49231.3241595996,52406.3602158542
23169.1494802173,1490.75963596447,31243.770783737,48564.7139212098,51998.6785836994
23018.4919274124,1480.71825039814,31213.5819182871,48692.463631382,51900.645361988
23057.5508080106,1521.59390505791,31941.3628332593,49308.0073662197,51884.6023934162
23058.8855713855,1625.29845190066,33099.9244829966,50926.169739526,52889.4469093578
22974.63133353,1641.16147049133,37161.9571453367,55648.7096568415,56748.0962709158
25812.8503756869,1834.23721517632,42563.1846730762,61279.5209428938,60899.1148555046
26102.6127114241,1796.04601873916,44972.0521143317,63849.6298872614,63730.2056493509
26084.5111622504,1896.69014667522,44360.5614674298,68372.6130954332,63671.16141195
27619.965012713,2195.22895853494,48925.8170322818,69905.6094849162,67513.7724444215
27808.3726782851,2232.02343862266,49218.8680955948,70025.4885514054,67383.3747272351
27838.5855823844,2250.60109321051,48990.2631598929,69678.532155561,66581.7329620028
27808.829143165,2295.23928707964,49510.4720302139,68309.1695756007,66445.151273702
27777.1550498059,2298.23114845195,49695.9031614003,68488.7844963317,66832.3039368731
28020.1988579181,2369.06534351139,49671.0253743702,68211.5376893884,66974.5765316409
27959.5967304987,2274.17844676444,50217.5434926623,65789.4604978928,66497.5254283589
27818.7715665916,2293.73001660225,49616.8552230746,61320.4501723349,63944.0672410262
30579.7923165511,2560.98520699578,47020.7219272015,57927.4721368081,65922.1554356585
28853.6491035093,2204.77001300765,43260.7026840466,55852.2087896104,61501.4603023063
28322.3258375567,2151.30231862666,41422.4301687806,53686.5327396111,60363.89086054
27623.2105533432,2083.23657213563,39737.1323030238,53448.458275468,59533.8234218993
25777.3091772673,1929.50754319634,35649.5774387662,53209.6128890285,54605.0986394638
24192.1398758949,1580.5874689107,32866.2850558524,51717.0052925737,54038.5630671969
23892.3967827438,1541.42927706935,32171.9619786836,50772.2833997113,53706.6816924652
23283.1396420889,1516.26871797074,31620.8089705173,49231.3241595996,52406.3602158542
23169.1494802173,1490.75963596447,31243.770783737,48564.7139212098,51998.6785836994
23018.4919274124,1480.71825039814,31213.5819182871,48692.463631382,51900.645361988
23057.5508080106,1521.59390505791,31941.3628332593,49308.0073662197,51884.6023934162
23058.8855713855,1625.29845190066,33099.9244829966,50926.169739526,52889.4469093578
22974.63133353,1641.16147049133,37161.9571453367,55648.7096568415,56748.0962709158
25812.8503756869,1834.23721517632,42563.1846730762,61279.5209428938,60899.1148555046
26102.6127114241,1796.04601873916,44972.0521143317,63849.6298872614,63730.2056493509
26084.5111622504,1896.69014667522,44360.5614674298,68372.6130954332,63671.16141195
27619.965012713,2195.22895853494,48925.8170322818,69905.6094849162,67513.7724444215
27808.3726782851,2232.02343862266,49218.8680955948,70025.4885514054,67383.3747272351
27838.5855823844,2250.60109321051,48990.2631598929,69678.532155561,66581.7329620028
27808.829143165,2295.23928707964,49510.4720302139,68309.1695756007,66445.151273702
27777.1550498059,2298.23114845195,49695.9031614003,68488.7844963317,66832.3039368731
28020.1988579181,2369.06534351139,49671.0253743702,68211.5376893884,66974.5765316409
27959.5967304987,2274.17844676444,50217.5434926623,65789.4604978928,66497.5254283589
27818.7715665916,2293.73001660225,49616.8552230746,61320.4501723349,63944.0672410262
30579.7923165511,2560.98520699578,47020.7219272015,57927.4721368081,65922.1554356585
28853.6491035093,2204.77001300765,43260.7026840466,55852.2087896104,61501.4603023063
28322.3258375567,2151.30231862666,41422.4301687806,53686.5327396111,60363.89086054
27623.2105533432,2083.23657213563,39737.1323030238,53448.458275468,59533.8234218993
25777.3091772673,1929.50754319634,35649.5774387662,53209.6128890285,54605.0986394638
24192.1398758949,1580.5874689107,32866.2850558524,51717.0052925737,54038.5630671969
23892.3967827438,1541.42927706935,32171.9619786836,50772.2833997113,53706.6816924652
23283.1396420889,1516.26871797074,31620.8089705173,49231.3241595996,52406.3602158542
23169.1494802173,1490.75963596447,31243.770783737,48564.7139212098,51998.6785836994
23018.4919274124,1480.71825039814,31213.5819182871,48692.463631382,51900.645361988
23057.5508080106,1521.59390505791,31941.3628332593,49308.0073662197,51884.6023934162
23058.8855713855,1625.29845190066,33099.9244829966,50926.169739526,52889.4469093578
22974.63133353,1641.16147049133,37161.9571453367,55648.7096568415,56748.0962709158
25812.8503756869,1834.23721517632,42563.1846730762,61279.5209428938,60899.1148555046
26102.6127114241,1796.04601873916,44972.0521143317,63849.6298872614,63730.2056493509
26084.5111622504,1896.69014667522,44360.5614674298,68372.6130954332,63671.16141195
27619.965012713,2195.22895853494,48925.8170322818,69905.6094849162,67513.7724444215
27808.3726782851,2232.02343862266,49218.8680955948,70025.4885514054,67383.3747272351
27838.5855823844,2250.60109321051,48990.2631598929,69678.532155561,66581.7329620028
27808.829143165,2295.23928707964,49510.4720302139,68309.1695756007,66445.151273702
27777.1550498059,2298.23114845195,49695.9031614003,68488.7844963317,66832.3039368731
28020.1988579181,2369.06534351139,49671.0253743702,68211.5376893884,66974.5765316409
27959.5967304987,2274.17844676444,50217.5434926623,65789.4604978928,66497.5254283589
27818.7715665916,2293.73001660225,49616.8552230746,61320.4501723349,63944.0672410262
30579.7923165511,2560.98520699578,47020.7219272015,57927.4721368081,65922.1554356585
28853.6491035093,2204.77001300765,43260.7026840466,55852.2087896104,61501.4603023063
28322.3258375567,2151.30231862666,41422.4301687806,53686.5327396111,60363.89086054
27623.2105533432,2083.23657213563,39737.1323030238,53448.458275468,59533.8234218993
25777.3091772673,1929.50754319634,35649.5774387662,53209.6128890285,54605.0986394638
24192.1398758949,1580.5874689107,32866.2850558524,51717.0052925737,54038.5630671969
23892.3967827438,1541.42927706935,32171.9619786836,50772.2833997113,53706.6816924652
23283.1396420889,1516.26871797074,31620.8089705173,49231.3241595996,52406.3602158542
23169.1494802173,1490.75963596447,31243.770783737,48564.7139212098,51998.6785836994
23018.4919274124,1480.71825039814,31213.5819182871,48692.463631382,51900.645361988
23057.5508080106,1521.59390505791,31941.3628332593,49308.0073662197,51884.6023934162
23058.8855713855,1625.29845190066,33099.9244829966,50926.169739526,52889.4469093578
22974.63133353,1641.16147049133,37161.9571453367,55648.7096568415,56748.0962709158
25812.8503756869,1834.23721517632,42563.1846730762,61279.5209428938,60899.1148555046
26102.6127114241,1796.04601873916,44972.0521143317,63849.6298872614,63730.2056493509
26084.5111622504,1896.69014667522,44360.5614674298,68372.6130954332,63671.16141195
27619.965012713,2195.22895853494,48925.8170322818,69905.6094849162,67513.7724444215
27808.3726782851,2232.02343862266,49218.8680955948,70025.4885514054,67383.3747272351
27838.5855823844,2250.60109321051,48990.2631598929,69678.532155561,66581.7329620028
27808.829143165,2295.23928707964,49510.4720302139,68309.1695756007,66445.151273702
27777.1550498059,2298.23114845195,49695.9031614003,68488.7844963317,66832.3039368731
28020.1988579181,2369.06534351139,49671.0253743702,68211.5376893884,66974.5765316409
27959.5967304987,2274.17844676444,50217.5434926623,65789.4604978928,66497.5254283589
27818.7715665916,2293.73001660225,49616.8552230746,61320.4501723349,63944.0672410262
30579.7923165511,2560.98520699578,47020.7219272015,57927.4721368081,65922.1554356585
28853.6491035093,2204.77001300765,43260.7026840466,55852.2087896104,61501.4603023063
28322.3258375567,2151.30231862666,41422.4301687806,53686.5327396111,60363.89086054
27623.2105533432,2083.23657213563,39737.1323030238,53448.458275468,59533.8234218993
25777.3091772673,1929.50754319634,35649.5774387662,53209.6128890285,54605.0986394638
24192.1398758949,1580.5874689107,32866.2850558524,51717.0052925737,54038.5630671969
23892.3967827438,1541.42927706935,32171.9619786836,50772.2833997113,53706.6816924652
23283.1396420889,1516.26871797074,31620.8089705173,49231.3241595996,52406.3602158542
23169.1494802173,1490.75963596447,31243.770783737,48564.7139212098,51998.6785836994
23018.4919274124,1480.71825039814,31213.5819182871,48692.463631382,51900.645361988
23057.5508080106,1521.59390505791,31941.3628332593,49308.0073662197,51884.6023934162
23058.8855713855,1625.29845190066,33099.9244829966,50926.169739526,52889.4469093578
22974.63133353,1641.16147049133,37161.9571453367,55648.7096568415,56748.0962709158
25812.8503756869,1834.23721517632,42563.1846730762,61279.5209428938,60899.1148555046
26102.6127114241,1796.04601873916,44972.0521143317,63849.6298872614,63730.2056493509
26084.5111622504,1896.69014667522,44360.5614674298,68372.6130954332,63671.16141195
27619.965012713,2195.22895853494,48925.8170322818,69905.6094849162,67513.7724444215
27808.3726782851,2232.02343862266,49218.8680955948,70025.4885514054,67383.3747272351
27838.5855823844,2250.60109321051,48990.2631598929,69678.532155561,66581.7329620028
27808.829143165,2295.23928707964,49510.4720302139,68309.1695756007,66445.151273702
27777.1550498059,2298.23114845195,49695.9031614003,68488.7844963317,66832.3039368731
28020.1988579181,2369.06534351139,49671.0253743702,68211.5376893884,66974.5765316409
27959.5967304987,2274.17844676444,50217.5434926623,65789.4604978928,66497.5254283589
27818.7715665916,2293.73001660225,49616.8552230746,61320.4501723349,63944.0672410262
30579.7923165511,2560.98520699578,47020.7219272015,57927.4721368081,65922.1554356585
28853.6491035093,2204.77001300765,43260.7026840466,55852.2087896104,61501.4603023063
28322.3258375567,2151.30231862666,41422.4301687806,53686.5327396111,60363.89086054
27623.2105533432,2083.23657213563,39737.1323030238,53448.458275468,59533.8234218993
25777.3091772673,1929.50754319634,35649.5774387662,53209.6128890285,54605.0986394638
24192.1398758949,1580.5874689107,32866.2850558524,51717.0052925737,54038.5630671969
23892.3967827438,1541.42927706935,32171.9619786836,50772.2833997113,53706.6816924652
23283.1396420889,1516.26871797074,31620.8089705173,49231.3241595996,52406.3602158542
23169.1494802173,1490.75963596447,31243.770783737,48564.7139212098,51998.6785836994
23018.4919274124,1480.71825039814,31213.5819182871,48692.463631382,51900.645361988
23057.5508080106,1521.59390505791,31941.3628332593,49308.0073662197,51884.6023934162
23058.8855713855,1625.29845190066,33099.9244829966,50926.169739526,52889.4469093578
22974.63133353,1641.16147049133,37161.9571453367,55648.7096568415,56748.0962709158
25812.8503756869,1834.23721517632,42563.1846730762,61279.5209428938,60899.1148555046
26102.6127114241,1796.04601873916,44972.0521143317,63849.6298872614,63730.2056493509
26084.5111622504,1896.69014667522,44360.5614674298,68372.6130954332,63671.16141195
27619.965012713,2195.22895853494,48925.8170322818,69905.6094849162,67513.7724444215
27808.3726782851,2232.02343862266,49218.8680955948,70025.4885514054,67383.3747272351
27838.5855823844,2250.60109321051,48990.2631598929,69678.532155561,66581.7329620028
27808.829143165,2295.23928707964,49510.4720302139,68309.1695756007,66445.151273702
27777.1550498059,2298.23114845195,49695.9031614003,68488.7844963317,66832.3039368731
28020.1988579181,2369.06534351139,49671.0253743702,68211.5376893884,66974.5765316409
27959.5967304987,2274.17844676444,50217.5434926623,65789.4604978928,66497.5254283589
27818.7715665916,2293.73001660225,49616.8552230746,61320.4501723349,63944.0672410262
30579.7923165511,2560.98520699578,47020.7219272015,57927.4721368081,65922.1554356585
28853.6491035093,2204.77001300765,43260.7026840466,55852.2087896104,61501.4603023063
28322.3258375567,2151.30231862666,41422.4301687806,53686.5327396111,60363.89086054
27623.2105533432,2083.23657213563,39737.1323030238,53448.458275468,59533.8234218993
25777.3091772673,1929.50754319634,35649.5774387662,53209.6128890285,54605.0986394638
24192.1398758949,1580.5874689107,32866.2850558524,51717.0052925737,54038.5630671969
23892.3967827438,1541.42927706935,32171.9619786836,50772.2833997113,53706.6816924652
23283.1396420889,1516.26871797074,31620.8089705173,49231.3241595996,52406.3602158542
23169.1494802173,1490.75963596447,31243.770783737,48564.7139212098,51998.6785836994
23018.4919274124,1480.71825039814,31213.5819182871,48692.463631382,51900.645361988
23057.5508080106,1521.59390505791,31941.3628332593,49308.0073662197,51884.6023934162
23058.8855713855,1625.29845190066,33099.9244829966,50926.169739526,52889.4469093578
22974.63133353,1641.16147049133,37161.9571453367,55648.7096568415,56748.0962709158
25812.8503756869,1834.23721517632,42563.1846730762,61279.5209428938,60899.1148555046
26102.6127114241,1796.04601873916,44972.0521143317,63849.6298872614,63730.2056493509
26084.5111622504,1896.69014667522,44360.5614674298,68372.6130954332,63671.16141195
27619.965012713,2195.22895853494,48925.8170322818,69905.6094849162,67513.7724444215
27808.3726782851,2232.02343862266,49218.8680955948,70025.4885514054,67383.3747272351
27838.5855823844,2250.60109321051,48990.2631598929,69678.532155561,66581.7329620028
27808.829143165,2295.23928707964,49510.4720302139,68309.1695756007,66445.151273702
27777.1550498059,2298.23114845195,49695.9031614003,68488.7844963317,66832.3039368731
28020.1988579181,2369.06534351139,49671.0253743702,68211.5376893884,66974.5765316409
27959.5967304987,2274.17844676444,50217.5434926623,65789.4604978928,66497.5254283589
27818.7715665916,2293.73001660225,49616.8552230746,61320.4501723349,63944.0672410262
30579.7923165511,2560.98520699578,47020.7219272015,57927.4721368081,65922.1554356585
28853.6491035093,2204.77001300765,43260.7026840466,55852.2087896104,61501.4603023063
28322.3258375567,2151.30231862666,41422.4301687806,53686.5327396111,60363.89086054
27623.2105533432,2083.23657213563,39737.1323030238,53448.458275468,59533.8234218993
25777.3091772673,1929.50754319634,35649.5774387662,53209.6128890285,54605.0986394638
24192.1398758949,1580.5874689107,32866.2850558524,51717.0052925737,54038.5630671969
23892.3967827438,1541.42927706935,32171.9619786836,50772.2833997113,53706.6816924652
23283.1396420889,1516.26871797074,31620.8089705173,49231.3241595996,52406.3602158542
23169.1494802173,1490.75963596447,31243.770783737,48564.7139212098,51998.6785836994
23018.4919274124,1480.71825039814,31213.5819182871,48692.463631382,51900.645361988
23057.5508080106,1521.59390505791,31941.3628332593,49308.0073662197,51884.6023934162
23058.8855713855,1625.29845190066,33099.9244829966,50926.169739526,52889.4469093578
22974.63133353,1641.16147049133,37161.9571453367,55648.7096568415,56748.0962709158
25812.8503756869,1834.23721517632,42563.1846730762,61279.5209428938,60899.1148555046
26102.6127114241,1796.04601873916,44972.0521143317,63849.6298872614,63730.2056493509
26084.5111622504,1896.69014667522,44360.5614674298,68372.6130954332,63671.16141195
27619.965012713,2195.22895853494,48925.8170322818,69905.6094849162,67513.7724444215
27808.3726782851,2232.02343862266,49218.8680955948,70025.4885514054,67383.3747272351
27838.5855823844,2250.60109321051,48990.2631598929,69678.532155561,66581.7329620028
27808.829143165,2295.23928707964,49510.4720302139,68309.1695756007,66445.151273702
27777.1550498059,2298.23114845195,49695.9031614003,68488.7844963317,66832.3039368731
28020.1988579181,2369.06534351139,49671.0253743702,68211.5376893884,66974.5765316409
27959.5967304987,2274.17844676444,50217.5434926623,65789.4604978928,66497.5254283589
27818.7715665916,2293.73001660225,49616.8552230746,61320.4501723349,63944.0672410262
30579.7923165511,2560.98520699578,47020.7219272015,57927.4721368081,65922.1554356585
28853.6491035093,2204.77001300765,43260.7026840466,55852.2087896104,61501.4603023063
28322.3258375567,2151.30231862666,41422.4301687806,53686.5327396111,60363.89086054
27623.2105533432,2083.23657213563,39737.1323030238,53448.458275468,59533.8234218993
25777.3091772673,1929.50754319634,35649.5774387662,53209.6128890285,54605.0986394638
24192.1398758949,1580.5874689107,32866.2850558524,51717.0052925737,54038.5630671969
23892.3967827438,1541.42927706935,32171.9619786836,50772.2833997113,53706.6816924652
23283.1396420889,1516.26871797074,31620.8089705173,49231.3241595996,52406.3602158542
23169.1494802173,1490.75963596447,31243.770783737,48564.7139212098,51998.6785836994
23018.4919274124,1480.71825039814,31213.5819182871,48692.463631382,51900.645361988
23057.5508080106,1521.59390505791,31941.3628332593,49308.0073662197,51884.6023934162
23058.8855713855,1625.29845190066,33099.9244829966,50926.169739526,52889.4469093578
22974.63133353,1641.16147049133,37161.9571453367,55648.7096568415,56748.0962709158
25812.8503756869,1834.23721517632,42563.1846730762,61279.5209428938,60899.1148555046
26102.6127114241,1796.04601873916,44972.0521143317,63849.6298872614,63730.2056493509
26084.5111622504,1896.69014667522,44360.5614674298,68372.6130954332,63671.16141195
27619.965012713,2195.22895853494,48925.8170322818,69905.6094849162,67513.7724444215
27808.3726782851,2232.02343862266,49218.8680955948,70025.4885514054,67383.3747272351
27838.5855823844,2250.60109321051,48990.2631598929,69678.532155561,66581.7329620028
27808.829143165,2295.23928707964,49510.4720302139,68309.1695756007,66445.151273702
27777.1550498059,2298.23114845195,49695.9031614003,68488.7844963317,66832.3039368731
28020.1988579181,2369.06534351139,49671.0253743702,68211.5376893884,66974.5765316409
27959.5967304987,2274.17844676444,50217.5434926623,65789.4604978928,66497.5254283589
27818.7715665916,2293.73001660225,49616.8552230746,61320.4501723349,63944.0672410262
30579.7923165511,2560.98520699578,47020.7219272015,57927.4721368081,65922.1554356585
28853.6491035093,2204.77001300765,43260.7026840466,55852.2087896104,61501.4603023063
28322.3258375567,2151.30231862666,41422.4301687806,53686.5327396111,60363.89086054
27623.2105533432,2083.23657213563,39737.1323030238,53448.458275468,59533.8234218993
25777.3091772673,1929.50754319634,35649.5774387662,53209.6128890285,54605.0986394638
24192.1398758949,1580.5874689107,32866.2850558524,51717.0052925737,54038.5630671969
23892.3967827438,1541.42927706935,32171.9619786836,50772.2833997113,53706.6816924652
23283.1396420889,1516.26871797074,31620.8089705173,49231.3241595996,52406.3602158542
23169.1494802173,1490.75963596447,31243.770783737,48564.7139212098,51998.6785836994
23018.4919274124,1480.71825039814,31213.5819182871,48692.463631382,51900.645361988
23057.5508080106,1521.59390505791,31941.3628332593,49308.0073662197,51884.6023934162
23058.8855713855,1625.29845190066,33099.9244829966,50926.169739526,52889.4469093578
22974.63133353,1641.16147049133,37161.9571453367,55648.7096568415,56748.0962709158
25812.8503756869,1834.23721517632,42563.1846730762,61279.5209428938,60899.1148555046
26102.6127114241,1796.04601873916,44972.0521143317,63849.6298872614,63730.2056493509
26084.5111622504,1896.69014667522,44360.5614674298,68372.6130954332,63671.16141195
27619.965012713,2195.22895853494,48925.8170322818,69905.6094849162,67513.7724444215
27808.3726782851,2232.02343862266,49218.8680955948,70025.4885514054,67383.3747272351
27838.5855823844,2250.60109321051,48990.2631598929,69678.532155561,66581.7329620028
27808.829143165,2295.23928707964,49510.4720302139,68309.1695756007,66445.151273702
27777.1550498059,2298.23114845195,49695.9031614003,68488.7844963317,66832.3039368731
28020.1988579181,2369.06534351139,49671.0253743702,68211.5376893884,66974.5765316409
27959.5967304987,2274.17844676444,50217.5434926623,65789.4604978928,66497.5254283589
27818.7715665916,2293.73001660225,49616.8552230746,61320.4501723349,63944.0672410262
30579.7923165511,2560.98520699578,47020.7219272015,57927.4721368081,65922.1554356585
28853.6491035093,2204.77001300765,43260.7026840466,55852.2087896104,61501.4603023063
28322.3258375567,2151.30231862666,41422.4301687806,53686.5327396111,60363.89086054
27623.2105533432,2083.23657213563,39737.1323030238,53448.458275468,59533.8234218993
25777.3091772673,1929.50754319634,35649.5774387662,53209.6128890285,54605.0986394638
24192.1398758949,1580.5874689107,32866.2850558524,51717.0052925737,54038.5630671969
23892.3967827438,1541.42927706935,32171.9619786836,50772.2833997113,53706.6816924652
23283.1396420889,1516.26871797074,31620.8089705173,49231.3241595996,52406.3602158542
23169.1494802173,1490.75963596447,31243.770783737,48564.7139212098,51998.6785836994
23018.4919274124,1480.71825039814,31213.5819182871,48692.463631382,51900.645361988
23057.5508080106,1521.59390505791,31941.3628332593,49308.0073662197,51884.6023934162
23058.8855713855,1625.29845190066,33099.9244829966,50926.169739526,52889.4469093578
22974.63133353,1641.16147049133,37161.9571453367,55648.7096568415,56748.0962709158
25812.8503756869,1834.23721517632,42563.1846730762,61279.5209428938,60899.1148555046
26102.6127114241,1796.04601873916,44972.0521143317,63849.6298872614,63730.2056493509
26084.5111622504,1896.69014667522,44360.5614674298,68372.6130954332,63671.16141195
27619.965012713,2195.22895853494,48925.8170322818,69905.6094849162,67513.7724444215
27808.3726782851,2232.02343862266,49218.8680955948,70025.4885514054,67383.3747272351
27838.5855823844,2250.60109321051,48990.2631598929,69678.532155561,66581.7329620028
27808.829143165,2295.23928707964,49510.4720302139,68309.1695756007,66445.151273702
27777.1550498059,2298.23114845195,49695.9031614003,68488.7844963317,66832.3039368731
28020.1988579181,2369.06534351139,49671.0253743702,68211.5376893884,66974.5765316409
27959.5967304987,2274.17844676444,50217.5434926623,65789.4604978928,66497.5254283589
27818.7715665916,2293.73001660225,49616.8552230746,61320.4501723349,63944.0672410262
30579.7923165511,2560.98520699578,47020.7219272015,57927.4721368081,65922.1554356585
28853.6491035093,2204.77001300765,43260.7026840466,55852.2087896104,61501.4603023063
28322.3258375567,2151.30231862666,41422.4301687806,53686.5327396111,60363.89086054
27623.2105533432,2083.23657213563,39737.1323030238,53448.458275468,59533.8234218993
25777.3091772673,1929.50754319634,35649.5774387662,53209.6128890285,54605.0986394638
24192.1398758949,1580.5874689107,32866.2850558524,51717.0052925737,54038.5630671969
23892.3967827438,1541.42927706935,32171.9619786836,50772.2833997113,53706.6816924652
23283.1396420889,1516.26871797074,31620.8089705173,49231.3241595996,52406.3602158542
23169.1494802173,1490.75963596447,31243.770783737,48564.7139212098,51998.6785836994
23018.4919274124,1480.71825039814,31213.5819182871,48692.463631382,51900.645361988
23057.5508080106,1521.59390505791,31941.3628332593,49308.0073662197,51884.6023934162
23058.8855713855,1625.29845190066,33099.9244829966,50926.169739526,52889.4469093578
22974.63133353,1641.16147049133,37161.9571453367,55648.7096568415,56748.0962709158
25812.8503756869,1834.23721517632,42563.1846730762,61279.5209428938,60899.1148555046
26102.6127114241,1796.04601873916,44972.0521143317,63849.6298872614,63730.2056493509
26084.5111622504,1896.69014667522,44360.5614674298,68372.6130954332,63671.16141195
27619.965012713,2195.22895853494,48925.8170322818,69905.6094849162,67513.7724444215
27808.3726782851,2232.02343862266,49218.8680955948,70025.4885514054,67383.3747272351
27838.5855823844,2250.60109321051,48990.2631598929,69678.532155561,66581.7329620028
27808.829143165,2295.23928707964,49510.4720302139,68309.1695756007,66445.151273702
27777.1550498059,2298.23114845195,49695.9031614003,68488.7844963317,66832.3039368731
28020.1988579181,2369.06534351139,49671.0253743702,68211.5376893884,66974.5765316409
27959.5967304987,2274.17844676444,50217.5434926623,65789.4604978928,66497.5254283589
27818.7715665916,2293.73001660225,49616.8552230746,61320.4501723349,63944.0672410262
30579.7923165511,2560.98520699578,47020.7219272015,57927.4721368081,65922.1554356585
28853.6491035093,2204.77001300765,43260.7026840466,55852.2087896104,61501.4603023063
28322.3258375567,2151.30231862666,41422.4301687806,53686.5327396111,60363.89086054
27623.2105533432,2083.23657213563,39737.1323030238,53448.458275468,59533.8234218993
25777.3091772673,1929.50754319634,35649.5774387662,53209.6128890285,54605.0986394638
24192.1398758949,1580.5874689107,32866.2850558524,51717.0052925737,54038.5630671969
23892.3967827438,1541.42927706935,32171.9619786836,50772.2833997113,53706.6816924652
23283.1396420889,1516.26871797074,31620.8089705173,49231.3241595996,52406.3602158542
23169.1494802173,1490.75963596447,31243.770783737,48564.7139212098,51998.6785836994
23018.4919274124,1480.71825039814,31213.5819182871,48692.463631382,51900.645361988
23057.5508080106,1521.59390505791,31941.3628332593,49308.0073662197,51884.6023934162
23058.8855713855,1625.29845190066,33099.9244829966,50926.169739526,52889.4469093578
22974.63133353,1641.16147049133,37161.9571453367,55648.7096568415,56748.0962709158
25812.8503756869,1834.23721517632,42563.1846730762,61279.5209428938,60899.1148555046
26102.6127114241,1796.04601873916,44972.0521143317,63849.6298872614,63730.2056493509
26084.5111622504,1896.69014667522,44360.5614674298,68372.6130954332,63671.16141195
27619.965012713,2195.22895853494,48925.8170322818,69905.6094849162,67513.7724444215
27808.3726782851,2232.02343862266,49218.8680955948,70025.4885514054,67383.3747272351
27838.5855823844,2250.60109321051,48990.2631598929,69678.532155561,66581.7329620028
27808.829143165,2295.23928707964,49510.4720302139,68309.1695756007,66445.151273702
27777.1550498059,2298.23114845195,49695.9031614003,68488.7844963317,66832.3039368731
28020.1988579181,2369.06534351139,49671.0253743702,68211.5376893884,66974.5765316409
27959.5967304987,2274.17844676444,50217.5434926623,65789.4604978928,66497.5254283589
27818.7715665916,2293.73001660225,49616.8552230746,61320.4501723349,63944.0672410262
30579.7923165511,2560.98520699578,47020.7219272015,57927.4721368081,65922.1554356585
28853.6491035093,2204.77001300765,43260.7026840466,55852.2087896104,61501.4603023063
28322.3258375567,2151.30231862666,41422.4301687806,53686.5327396111,60363.89086054
27623.2105533432,2083.23657213563,39737.1323030238,53448.458275468,59533.8234218993
25777.3091772673,1929.50754319634,35649.5774387662,53209.6128890285,54605.0986394638
24192.1398758949,1580.5874689107,32866.2850558524,51717.0052925737,54038.5630671969
23892.3967827438,1541.42927706935,32171.9619786836,50772.2833997113,53706.6816924652
23283.1396420889,1516.26871797074,31620.8089705173,49231.3241595996,52406.3602158542
23169.1494802173,1490.75963596447,31243.770783737,48564.7139212098,51998.6785836994
23018.4919274124,1480.71825039814,31213.5819182871,48692.463631382,51900.645361988
23057.5508080106,1521.59390505791,31941.3628332593,49308.0073662197,51884.6023934162
23058.8855713855,1625.29845190066,33099.9244829966,50926.169739526,52889.4469093578
22974.63133353,1641.16147049133,37161.9571453367,55648.7096568415,56748.0962709158
25812.8503756869,1834.23721517632,42563.1846730762,61279.5209428938,60899.1148555046
26102.6127114241,1796.04601873916,44972.0521143317,63849.6298872614,63730.2056493509
26084.5111622504,1896.69014667522,44360.5614674298,68372.6130954332,63671.16141195
27619.965012713,2195.22895853494,48925.8170322818,69905.6094849162,67513.7724444215
27808.3726782851,2232.02343862266,49218.8680955948,70025.4885514054,67383.3747272351
27838.5855823844,2250.60109321051,48990.2631598929,69678.532155561,66581.7329620028
27808.829143165,2295.23928707964,49510.4720302139,68309.1695756007,66445.151273702
27777.1550498059,2298.23114845195,49695.9031614003,68488.7844963317,66832.3039368731
28020.1988579181,2369.06534351139,49671.0253743702,68211.5376893884,66974.5765316409
27959.5967304987,2274.17844676444,50217.5434926623,65789.4604978928,66497.5254283589
27818.7715665916,2293.73001660225,49616.8552230746,61320.4501723349,63944.0672410262
30579.7923165511,2560.98520699578,47020.7219272015,57927.4721368081,65922.1554356585
28853.6491035093,2204.77001300765,43260.7026840466,55852.2087896104,61501.4603023063
28322.3258375567,2151.30231862666,41422.4301687806,53686.5327396111,60363.89086054
27623.2105533432,2083.23657213563,39737.1323030238,53448.458275468,59533.8234218993
25777.3091772673,1929.50754319634,35649.5774387662,53209.6128890285,54605.0986394638
24192.1398758949,1580.5874689107,32866.2850558524,51717.0052925737,54038.5630671969
23892.3967827438,1541.42927706935,32171.9619786836,50772.2833997113,53706.6816924652
23283.1396420889,1516.26871797074,31620.8089705173,49231.3241595996,52406.3602158542
23169.1494802173,1490.75963596447,31243.770783737,48564.7139212098,51998.6785836994
23018.4919274124,1480.71825039814,31213.5819182871,48692.463631382,51900.645361988
23057.5508080106,1521.59390505791,31941.3628332593,49308.0073662197,51884.6023934162
23058.8855713855,1625.29845190066,33099.9244829966,50926.169739526,52889.4469093578
22974.63133353,1641.16147049133,37161.9571453367,55648.7096568415,56748.0962709158
25812.8503756869,1834.23721517632,42563.1846730762,61279.5209428938,60899.1148555046
26102.6127114241,1796.04601873916,44972.0521143317,63849.6298872614,63730.2056493509
26084.5111622504,1896.69014667522,44360.5614674298,68372.6130954332,63671.16141195
27619.965012713,2195.22895853494,48925.8170322818,69905.6094849162,67513.7724444215
27808.3726782851,2232.02343862266,49218.8680955948,70025.4885514054,67383.3747272351
27838.5855823844,2250.60109321051,48990.2631598929,69678.532155561,66581.7329620028
27808.829143165,2295.23928707964,49510.4720302139,68309.1695756007,66445.151273702
27777.1550498059,2298.23114845195,49695.9031614003,68488.7844963317,66832.3039368731
28020.1988579181,2369.06534351139,49671.0253743702,68211.5376893884,66974.5765316409
27959.5967304987,2274.17844676444,50217.5434926623,65789.4604978928,66497.5254283589
27818.7715665916,2293.73001660225,49616.8552230746,61320.4501723349,63944.0672410262
30579.7923165511,2560.98520699578,47020.7219272015,57927.4721368081,65922.1554356585
28853.6491035093,2204.77001300765,43260.7026840466,55852.2087896104,61501.4603023063
28322.3258375567,2151.30231862666,41422.4301687806,53686.5327396111,60363.89086054
27623.2105533432,2083.23657213563,39737.1323030238,53448.458275468,59533.8234218993
25777.3091772673,1929.50754319634,35649.5774387662,53209.6128890285,54605.0986394638
24192.1398758949,1580.5874689107,32866.2850558524,51717.0052925737,54038.5630671969
