"elec_demand_ER","elec_demand_NER","elec_demand_NR","elec_demand_SR","elec_demand_WR"
44373.8339528178,3495.79513277058,52302.2069613345,59613.1506769428,70256.6634813482
43191.843641794,3388.92830204408,50375.663118536,58025.411615418,67816.6015274121
42530.6610926166,3256.07753927966,48917.2417919926,56456.0495006494,66440.2929130732
42092.4273029153,3168.81040917647,48055.8054918602,55324.0584352614,65899.0920730702
42205.5720755606,3189.27143995693,48338.8519034278,56571.375532691,65721.3988680069
41081.761676398,3370.15131795545,48670.8523424809,58729.6090071531,67092.7118808087
41227.4590394261,3573.34550265021,74526.5412209778,87467.16346697,107024.693613735
43268.4516135019,3519.86768839237,85888.922602057,96058.3884029545,115860.904971239
43479.597805698,3227.28886734178,90577.2687020771,101105.074691313,122790.887367734
44079.5932997708,3091.60248893743,95639.8875686575,109538.018652058,128174.936424911
45564.8447581603,3048.79977813401,104811.754835646,115424.727758467,137069.012459904
46303.9553405335,3114.89348342913,104653.301079692,116771.689095296,138033.523840368
46864.0978881002,3191.80801385969,103339.181602744,116893.16512192,137636.591699848
47070.2657583027,3224.01678647617,103870.756582875,116111.594490448,138439.615088117
47549.7525186941,3281.18890912988,105161.634682968,116640.847526311,139763.018069289
47214.9938960244,3249.09686119885,102612.545130241,110910.263746679,136068.924513073
45718.7053657082,3323.08901178862,98421.2360792934,102063.598097886,128938.036111849
44693.5627225187,3869.13418294832,95645.9914842661,93499.6885373637,119967.491319239
46949.3976148927,4356.78681862597,88383.1211803449,84988.7321001567,115269.884217357
45147.6922430271,4477.25398972598,62977.4446911816,65742.5630669092,86470.0252627094
45567.2196630767,4401.00472566563,62319.5165072168,65577.3308960441,85966.5889503041
45716.390539627,4059.15815502736,61231.4221135199,65297.9632825781,86332.4842921135
45340.2490076786,3959.06433329397,57074.5973021085,62759.8688089593,80160.2361964172
45140.0297888608,3860.20931004518,55133.8949786832,60701.386599848,71305.4527119049
44373.8339528178,3495.79513277058,52302.2069613345,59613.1506769428,70256.6634813482
43191.843641794,3388.92830204408,50375.663118536,58025.411615418,67816.6015274121
42530.6610926166,3256.07753927966,48917.2417919926,56456.0495006494,66440.2929130732
42092.4273029153,3168.81040917647,48055.8054918602,55324.0584352614,65899.0920730702
42205.5720755606,3189.27143995693,48338.8519034278,56571.375532691,65721.3988680069
41081.761676398,3370.15131795545,48670.8523424809,58729.6090071531,67092.7118808087
41227.4590394261,3573.34550265021,74526.5412209778,87467.16346697,107024.693613735
43268.4516135019,3519.86768839237,85888.922602057,96058.3884029545,115860.904971239
43479.597805698,3227.28886734178,90577.2687020771,101105.074691313,122790.887367734
44079.5932997708,3091.60248893743,95639.8875686575,109538.018652058,128174.936424911
45564.8447581603,3048.79977813401,104811.754835646,115424.727758467,137069.012459904
46303.9553405335,3114.89348342913,104653.301079692,116771.689095296,138033.523840368
46864.0978881002,3191.80801385969,103339.181602744,116893.16512192,137636.591699848
47070.2657583027,3224.01678647617,103870.756582875,116111.594490448,138439.615088117
47549.7525186941,3281.18890912988,105161.634682968,116640.847526311,139763.018069289
47214.9938960244,3249.09686119885,102612.545130241,110910.263746679,136068.924513073
45718.7053657082,3323.08901178862,98421.2360792934,102063.598097886,128938.036111849
44693.5627225187,3869.13418294832,95645.9914842661,93499.6885373637,119967.491319239
46949.3976148927,4356.78681862597,88383.1211803449,84988.7321001567,115269.884217357
45147.6922430271,4477.25398972598,62977.4446911816,65742.5630669092,86470.0252627094
45567.2196630767,4401.00472566563,62319.5165072168,65577.3308960441,85966.5889503041
45716.390539627,4059.15815502736,61231.4221135199,65297.9632825781,86332.4842921135
45340.2490076786,3959.06433329397,57074.5973021085,62759.8688089593,80160.2361964172
45140.0297888608,3860.20931004518,55133.8949786832,60701.386599848,71305.4527119049
44373.8339528178,3495.79513277058,52302.2069613345,59613.1506769428,70256.6634813482
43191.843641794,3388.92830204408,50375.663118536,58025.411615418,67816.6015274121
42530.6610926166,3256.07753927966,48917.2417919926,56456.0495006494,66440.2929130732
42092.4273029153,3168.81040917647,48055.8054918602,55324.0584352614,65899.0920730702
42205.5720755606,3189.27143995693,48338.8519034278,56571.375532691,65721.3988680069
41081.761676398,3370.15131795545,48670.8523424809,58729.6090071531,67092.7118808087
41227.4590394261,3573.34550265021,74526.5412209778,87467.16346697,107024.693613735
43268.4516135019,3519.86768839237,85888.922602057,96058.3884029545,115860.904971239
43479.597805698,3227.28886734178,90577.2687020771,101105.074691313,122790.887367734
44079.5932997708,3091.60248893743,95639.8875686575,109538.018652058,128174.936424911
45564.8447581603,3048.79977813401,104811.754835646,115424.727758467,137069.012459904
46303.9553405335,3114.89348342913,104653.301079692,116771.689095296,138033.523840368
46864.0978881002,3191.80801385969,103339.181602744,116893.16512192,137636.591699848
47070.2657583027,3224.01678647617,103870.756582875,116111.594490448,138439.615088117
47549.7525186941,3281.18890912988,105161.634682968,116640.847526311,139763.018069289
47214.9938960244,3249.09686119885,102612.545130241,110910.263746679,136068.924513073
45718.7053657082,3323.08901178862,98421.2360792934,102063.598097886,128938.036111849
44693.5627225187,3869.13418294832,95645.9914842661,93499.6885373637,119967.491319239
46949.3976148927,4356.78681862597,88383.1211803449,84988.7321001567,115269.884217357
45147.6922430271,4477.25398972598,62977.4446911816,65742.5630669092,86470.0252627094
45567.2196630767,4401.00472566563,62319.5165072168,65577.3308960441,85966.5889503041
45716.390539627,4059.15815502736,61231.4221135199,65297.9632825781,86332.4842921135
45340.2490076786,3959.06433329397,57074.5973021085,62759.8688089593,80160.2361964172
45140.0297888608,3860.20931004518,55133.8949786832,60701.386599848,71305.4527119049
44373.8339528178,3495.79513277058,52302.2069613345,59613.1506769428,70256.6634813482
43191.843641794,3388.92830204408,50375.663118536,58025.411615418,67816.6015274121
42530.6610926166,3256.07753927966,48917.2417919926,56456.0495006494,66440.2929130732
42092.4273029153,3168.81040917647,48055.8054918602,55324.0584352614,65899.0920730702
42205.5720755606,3189.27143995693,48338.8519034278,56571.375532691,65721.3988680069
41081.761676398,3370.15131795545,48670.8523424809,58729.6090071531,67092.7118808087
41227.4590394261,3573.34550265021,74526.5412209778,87467.16346697,107024.693613735
43268.4516135019,3519.86768839237,85888.922602057,96058.3884029545,115860.904971239
43479.597805698,3227.28886734178,90577.2687020771,101105.074691313,122790.887367734
44079.5932997708,3091.60248893743,95639.8875686575,109538.018652058,128174.936424911
45564.8447581603,3048.79977813401,104811.754835646,115424.727758467,137069.012459904
46303.9553405335,3114.89348342913,104653.301079692,116771.689095296,138033.523840368
46864.0978881002,3191.80801385969,103339.181602744,116893.16512192,137636.591699848
47070.2657583027,3224.01678647617,103870.756582875,116111.594490448,138439.615088117
47549.7525186941,3281.18890912988,105161.634682968,116640.847526311,139763.018069289
47214.9938960244,3249.09686119885,102612.545130241,110910.263746679,136068.924513073
45718.7053657082,3323.08901178862,98421.2360792934,102063.598097886,128938.036111849
44693.5627225187,3869.13418294832,95645.9914842661,93499.6885373637,119967.491319239
46949.3976148927,4356.78681862597,88383.1211803449,84988.7321001567,115269.884217357
45147.6922430271,4477.25398972598,62977.4446911816,65742.5630669092,86470.0252627094
45567.2196630767,4401.00472566563,62319.5165072168,65577.3308960441,85966.5889503041
45716.390539627,4059.15815502736,61231.4221135199,65297.9632825781,86332.4842921135
45340.2490076786,3959.06433329397,57074.5973021085,62759.8688089593,80160.2361964172
45140.0297888608,3860.20931004518,55133.8949786832,60701.386599848,71305.4527119049
44373.8339528178,3495.79513277058,52302.2069613345,59613.1506769428,70256.6634813482
43191.843641794,3388.92830204408,50375.663118536,58025.411615418,67816.6015274121
42530.6610926166,3256.07753927966,48917.2417919926,56456.0495006494,66440.2929130732
42092.4273029153,3168.81040917647,48055.8054918602,55324.0584352614,65899.0920730702
42205.5720755606,3189.27143995693,48338.8519034278,56571.375532691,65721.3988680069
41081.761676398,3370.15131795545,48670.8523424809,58729.6090071531,67092.7118808087
41227.4590394261,3573.34550265021,74526.5412209778,87467.16346697,107024.693613735
43268.4516135019,3519.86768839237,85888.922602057,96058.3884029545,115860.904971239
43479.597805698,3227.28886734178,90577.2687020771,101105.074691313,122790.887367734
44079.5932997708,3091.60248893743,95639.8875686575,109538.018652058,128174.936424911
45564.8447581603,3048.79977813401,104811.754835646,115424.727758467,137069.012459904
46303.9553405335,3114.89348342913,104653.301079692,116771.689095296,138033.523840368
46864.0978881002,3191.80801385969,103339.181602744,116893.16512192,137636.591699848
47070.2657583027,3224.01678647617,103870.756582875,116111.594490448,138439.615088117
47549.7525186941,3281.18890912988,105161.634682968,116640.847526311,139763.018069289
47214.9938960244,3249.09686119885,102612.545130241,110910.263746679,136068.924513073
45718.7053657082,3323.08901178862,98421.2360792934,102063.598097886,128938.036111849
44693.5627225187,3869.13418294832,95645.9914842661,93499.6885373637,119967.491319239
46949.3976148927,4356.78681862597,88383.1211803449,84988.7321001567,115269.884217357
45147.6922430271,4477.25398972598,62977.4446911816,65742.5630669092,86470.0252627094
45567.2196630767,4401.00472566563,62319.5165072168,65577.3308960441,85966.5889503041
45716.390539627,4059.15815502736,61231.4221135199,65297.9632825781,86332.4842921135
45340.2490076786,3959.06433329397,57074.5973021085,62759.8688089593,80160.2361964172
45140.0297888608,3860.20931004518,55133.8949786832,60701.386599848,71305.4527119049
44373.8339528178,3495.79513277058,52302.2069613345,59613.1506769428,70256.6634813482
43191.843641794,3388.92830204408,50375.663118536,58025.411615418,67816.6015274121
42530.6610926166,3256.07753927966,48917.2417919926,56456.0495006494,66440.2929130732
42092.4273029153,3168.81040917647,48055.8054918602,55324.0584352614,65899.0920730702
42205.5720755606,3189.27143995693,48338.8519034278,56571.375532691,65721.3988680069
41081.761676398,3370.15131795545,48670.8523424809,58729.6090071531,67092.7118808087
41227.4590394261,3573.34550265021,74526.5412209778,87467.16346697,107024.693613735
43268.4516135019,3519.86768839237,85888.922602057,96058.3884029545,115860.904971239
43479.597805698,3227.28886734178,90577.2687020771,101105.074691313,122790.887367734
44079.5932997708,3091.60248893743,95639.8875686575,109538.018652058,128174.936424911
45564.8447581603,3048.79977813401,104811.754835646,115424.727758467,137069.012459904
46303.9553405335,3114.89348342913,104653.301079692,116771.689095296,138033.523840368
46864.0978881002,3191.80801385969,103339.181602744,116893.16512192,137636.591699848
47070.2657583027,3224.01678647617,103870.756582875,116111.594490448,138439.615088117
47549.7525186941,3281.18890912988,105161.634682968,116640.847526311,139763.018069289
47214.9938960244,3249.09686119885,102612.545130241,110910.263746679,136068.924513073
45718.7053657082,3323.08901178862,98421.2360792934,102063.598097886,128938.036111849
44693.5627225187,3869.13418294832,95645.9914842661,93499.6885373637,119967.491319239
46949.3976148927,4356.78681862597,88383.1211803449,84988.7321001567,115269.884217357
45147.6922430271,4477.25398972598,62977.4446911816,65742.5630669092,86470.0252627094
45567.2196630767,4401.00472566563,62319.5165072168,65577.3308960441,85966.5889503041
45716.390539627,4059.15815502736,61231.4221135199,65297.9632825781,86332.4842921135
45340.2490076786,3959.06433329397,57074.5973021085,62759.8688089593,80160.2361964172
45140.0297888608,3860.20931004518,55133.8949786832,60701.386599848,71305.4527119049
44373.8339528178,3495.79513277058,52302.2069613345,59613.1506769428,70256.6634813482
43191.843641794,3388.92830204408,50375.663118536,58025.411615418,67816.6015274121
42530.6610926166,3256.07753927966,48917.2417919926,56456.0495006494,66440.2929130732
42092.4273029153,3168.81040917647,48055.8054918602,55324.0584352614,65899.0920730702
42205.5720755606,3189.27143995693,48338.8519034278,56571.375532691,65721.3988680069
41081.761676398,3370.15131795545,48670.8523424809,58729.6090071531,67092.7118808087
41227.4590394261,3573.34550265021,74526.5412209778,87467.16346697,107024.693613735
43268.4516135019,3519.86768839237,85888.922602057,96058.3884029545,115860.904971239
43479.597805698,3227.28886734178,90577.2687020771,101105.074691313,122790.887367734
44079.5932997708,3091.60248893743,95639.8875686575,109538.018652058,128174.936424911
45564.8447581603,3048.79977813401,104811.754835646,115424.727758467,137069.012459904
46303.9553405335,3114.89348342913,104653.301079692,116771.689095296,138033.523840368
46864.0978881002,3191.80801385969,103339.181602744,116893.16512192,137636.591699848
47070.2657583027,3224.01678647617,103870.756582875,116111.594490448,138439.615088117
47549.7525186941,3281.18890912988,105161.634682968,116640.847526311,139763.018069289
47214.9938960244,3249.09686119885,102612.545130241,110910.263746679,136068.924513073
45718.7053657082,3323.08901178862,98421.2360792934,102063.598097886,128938.036111849
44693.5627225187,3869.13418294832,95645.9914842661,93499.6885373637,119967.491319239
46949.3976148927,4356.78681862597,88383.1211803449,84988.7321001567,115269.884217357
45147.6922430271,4477.25398972598,62977.4446911816,65742.5630669092,86470.0252627094
45567.2196630767,4401.00472566563,62319.5165072168,65577.3308960441,85966.5889503041
45716.390539627,4059.15815502736,61231.4221135199,65297.9632825781,86332.4842921135
45340.2490076786,3959.06433329397,57074.5973021085,62759.8688089593,80160.2361964172
45140.0297888608,3860.20931004518,55133.8949786832,60701.386599848,71305.4527119049
44373.8339528178,3495.79513277058,52302.2069613345,59613.1506769428,70256.6634813482
43191.843641794,3388.92830204408,50375.663118536,58025.411615418,67816.6015274121
42530.6610926166,3256.07753927966,48917.2417919926,56456.0495006494,66440.2929130732
42092.4273029153,3168.81040917647,48055.8054918602,55324.0584352614,65899.0920730702
42205.5720755606,3189.27143995693,48338.8519034278,56571.375532691,65721.3988680069
41081.761676398,3370.15131795545,48670.8523424809,58729.6090071531,67092.7118808087
41227.4590394261,3573.34550265021,74526.5412209778,87467.16346697,107024.693613735
43268.4516135019,3519.86768839237,85888.922602057,96058.3884029545,115860.904971239
43479.597805698,3227.28886734178,90577.2687020771,101105.074691313,122790.887367734
44079.5932997708,3091.60248893743,95639.8875686575,109538.018652058,128174.936424911
45564.8447581603,3048.79977813401,104811.754835646,115424.727758467,137069.012459904
46303.9553405335,3114.89348342913,104653.301079692,116771.689095296,138033.523840368
46864.0978881002,3191.80801385969,103339.181602744,116893.16512192,137636.591699848
47070.2657583027,3224.01678647617,103870.756582875,116111.594490448,138439.615088117
47549.7525186941,3281.18890912988,105161.634682968,116640.847526311,139763.018069289
47214.9938960244,3249.09686119885,102612.545130241,110910.263746679,136068.924513073
45718.7053657082,3323.08901178862,98421.2360792934,102063.598097886,128938.036111849
44693.5627225187,3869.13418294832,95645.9914842661,93499.6885373637,119967.491319239
46949.3976148927,4356.78681862597,88383.1211803449,84988.7321001567,115269.884217357
45147.6922430271,4477.25398972598,62977.4446911816,65742.5630669092,86470.0252627094
45567.2196630767,4401.00472566563,62319.5165072168,65577.3308960441,85966.5889503041
45716.390539627,4059.15815502736,61231.4221135199,65297.9632825781,86332.4842921135
45340.2490076786,3959.06433329397,57074.5973021085,62759.8688089593,80160.2361964172
45140.0297888608,3860.20931004518,55133.8949786832,60701.386599848,71305.4527119049
44373.8339528178,3495.79513277058,52302.2069613345,59613.1506769428,70256.6634813482
43191.843641794,3388.92830204408,50375.663118536,58025.411615418,67816.6015274121
42530.6610926166,3256.07753927966,48917.2417919926,56456.0495006494,66440.2929130732
42092.4273029153,3168.81040917647,48055.8054918602,55324.0584352614,65899.0920730702
42205.5720755606,3189.27143995693,48338.8519034278,56571.375532691,65721.3988680069
41081.761676398,3370.15131795545,48670.8523424809,58729.6090071531,67092.7118808087
41227.4590394261,3573.34550265021,74526.5412209778,87467.16346697,107024.693613735
43268.4516135019,3519.86768839237,85888.922602057,96058.3884029545,115860.904971239
43479.597805698,3227.28886734178,90577.2687020771,101105.074691313,122790.887367734
44079.5932997708,3091.60248893743,95639.8875686575,109538.018652058,128174.936424911
45564.8447581603,3048.79977813401,104811.754835646,115424.727758467,137069.012459904
46303.9553405335,3114.89348342913,104653.301079692,116771.689095296,138033.523840368
46864.0978881002,3191.80801385969,103339.181602744,116893.16512192,137636.591699848
47070.2657583027,3224.01678647617,103870.756582875,116111.594490448,138439.615088117
47549.7525186941,3281.18890912988,105161.634682968,116640.847526311,139763.018069289
47214.9938960244,3249.09686119885,102612.545130241,110910.263746679,136068.924513073
45718.7053657082,3323.08901178862,98421.2360792934,102063.598097886,128938.036111849
44693.5627225187,3869.13418294832,95645.9914842661,93499.6885373637,119967.491319239
46949.3976148927,4356.78681862597,88383.1211803449,84988.7321001567,115269.884217357
45147.6922430271,4477.25398972598,62977.4446911816,65742.5630669092,86470.0252627094
45567.2196630767,4401.00472566563,62319.5165072168,65577.3308960441,85966.5889503041
45716.390539627,4059.15815502736,61231.4221135199,65297.9632825781,86332.4842921135
45340.2490076786,3959.06433329397,57074.5973021085,62759.8688089593,80160.2361964172
45140.0297888608,3860.20931004518,55133.8949786832,60701.386599848,71305.4527119049
44373.8339528178,3495.79513277058,52302.2069613345,59613.1506769428,70256.6634813482
43191.843641794,3388.92830204408,50375.663118536,58025.411615418,67816.6015274121
42530.6610926166,3256.07753927966,48917.2417919926,56456.0495006494,66440.2929130732
42092.4273029153,3168.81040917647,48055.8054918602,55324.0584352614,65899.0920730702
42205.5720755606,3189.27143995693,48338.8519034278,56571.375532691,65721.3988680069
41081.761676398,3370.15131795545,48670.8523424809,58729.6090071531,67092.7118808087
41227.4590394261,3573.34550265021,74526.5412209778,87467.16346697,107024.693613735
43268.4516135019,3519.86768839237,85888.922602057,96058.3884029545,115860.904971239
43479.597805698,3227.28886734178,90577.2687020771,101105.074691313,122790.887367734
44079.5932997708,3091.60248893743,95639.8875686575,109538.018652058,128174.936424911
45564.8447581603,3048.79977813401,104811.754835646,115424.727758467,137069.012459904
46303.9553405335,3114.89348342913,104653.301079692,116771.689095296,138033.523840368
46864.0978881002,3191.80801385969,103339.181602744,116893.16512192,137636.591699848
47070.2657583027,3224.01678647617,103870.756582875,116111.594490448,138439.615088117
47549.7525186941,3281.18890912988,105161.634682968,116640.847526311,139763.018069289
47214.9938960244,3249.09686119885,102612.545130241,110910.263746679,136068.924513073
45718.7053657082,3323.08901178862,98421.2360792934,102063.598097886,128938.036111849
44693.5627225187,3869.13418294832,95645.9914842661,93499.6885373637,119967.491319239
46949.3976148927,4356.78681862597,88383.1211803449,84988.7321001567,115269.884217357
45147.6922430271,4477.25398972598,62977.4446911816,65742.5630669092,86470.0252627094
45567.2196630767,4401.00472566563,62319.5165072168,65577.3308960441,85966.5889503041
45716.390539627,4059.15815502736,61231.4221135199,65297.9632825781,86332.4842921135
45340.2490076786,3959.06433329397,57074.5973021085,62759.8688089593,80160.2361964172
45140.0297888608,3860.20931004518,55133.8949786832,60701.386599848,71305.4527119049
44373.8339528178,3495.79513277058,52302.2069613345,59613.1506769428,70256.6634813482
43191.843641794,3388.92830204408,50375.663118536,58025.411615418,67816.6015274121
42530.6610926166,3256.07753927966,48917.2417919926,56456.0495006494,66440.2929130732
42092.4273029153,3168.81040917647,48055.8054918602,55324.0584352614,65899.0920730702
42205.5720755606,3189.27143995693,48338.8519034278,56571.375532691,65721.3988680069
41081.761676398,3370.15131795545,48670.8523424809,58729.6090071531,67092.7118808087
41227.4590394261,3573.34550265021,74526.5412209778,87467.16346697,107024.693613735
43268.4516135019,3519.86768839237,85888.922602057,96058.3884029545,115860.904971239
43479.597805698,3227.28886734178,90577.2687020771,101105.074691313,122790.887367734
44079.5932997708,3091.60248893743,95639.8875686575,109538.018652058,128174.936424911
45564.8447581603,3048.79977813401,104811.754835646,115424.727758467,137069.012459904
46303.9553405335,3114.89348342913,104653.301079692,116771.689095296,138033.523840368
46864.0978881002,3191.80801385969,103339.181602744,116893.16512192,137636.591699848
47070.2657583027,3224.01678647617,103870.756582875,116111.594490448,138439.615088117
47549.7525186941,3281.18890912988,105161.634682968,116640.847526311,139763.018069289
47214.9938960244,3249.09686119885,102612.545130241,110910.263746679,136068.924513073
45718.7053657082,3323.08901178862,98421.2360792934,102063.598097886,128938.036111849
44693.5627225187,3869.13418294832,95645.9914842661,93499.6885373637,119967.491319239
46949.3976148927,4356.78681862597,88383.1211803449,84988.7321001567,115269.884217357
45147.6922430271,4477.25398972598,62977.4446911816,65742.5630669092,86470.0252627094
45567.2196630767,4401.00472566563,62319.5165072168,65577.3308960441,85966.5889503041
45716.390539627,4059.15815502736,61231.4221135199,65297.9632825781,86332.4842921135
45340.2490076786,3959.06433329397,57074.5973021085,62759.8688089593,80160.2361964172
45140.0297888608,3860.20931004518,55133.8949786832,60701.386599848,71305.4527119049
44373.8339528178,3495.79513277058,52302.2069613345,59613.1506769428,70256.6634813482
43191.843641794,3388.92830204408,50375.663118536,58025.411615418,67816.6015274121
42530.6610926166,3256.07753927966,48917.2417919926,56456.0495006494,66440.2929130732
42092.4273029153,3168.81040917647,48055.8054918602,55324.0584352614,65899.0920730702
42205.5720755606,3189.27143995693,48338.8519034278,56571.375532691,65721.3988680069
41081.761676398,3370.15131795545,48670.8523424809,58729.6090071531,67092.7118808087
41227.4590394261,3573.34550265021,74526.5412209778,87467.16346697,107024.693613735
43268.4516135019,3519.86768839237,85888.922602057,96058.3884029545,115860.904971239
43479.597805698,3227.28886734178,90577.2687020771,101105.074691313,122790.887367734
44079.5932997708,3091.60248893743,95639.8875686575,109538.018652058,128174.936424911
45564.8447581603,3048.79977813401,104811.754835646,115424.727758467,137069.012459904
46303.9553405335,3114.89348342913,104653.301079692,116771.689095296,138033.523840368
46864.0978881002,3191.80801385969,103339.181602744,116893.16512192,137636.591699848
47070.2657583027,3224.01678647617,103870.756582875,116111.594490448,138439.615088117
47549.7525186941,3281.18890912988,105161.634682968,116640.847526311,139763.018069289
47214.9938960244,3249.09686119885,102612.545130241,110910.263746679,136068.924513073
45718.7053657082,3323.08901178862,98421.2360792934,102063.598097886,128938.036111849
44693.5627225187,3869.13418294832,95645.9914842661,93499.6885373637,119967.491319239
46949.3976148927,4356.78681862597,88383.1211803449,84988.7321001567,115269.884217357
45147.6922430271,4477.25398972598,62977.4446911816,65742.5630669092,86470.0252627094
45567.2196630767,4401.00472566563,62319.5165072168,65577.3308960441,85966.5889503041
45716.390539627,4059.15815502736,61231.4221135199,65297.9632825781,86332.4842921135
45340.2490076786,3959.06433329397,57074.5973021085,62759.8688089593,80160.2361964172
45140.0297888608,3860.20931004518,55133.8949786832,60701.386599848,71305.4527119049
44373.8339528178,3495.79513277058,52302.2069613345,59613.1506769428,70256.6634813482
43191.843641794,3388.92830204408,50375.663118536,58025.411615418,67816.6015274121
42530.6610926166,3256.07753927966,48917.2417919926,56456.0495006494,66440.2929130732
42092.4273029153,3168.81040917647,48055.8054918602,55324.0584352614,65899.0920730702
42205.5720755606,3189.27143995693,48338.8519034278,56571.375532691,65721.3988680069
41081.761676398,3370.15131795545,48670.8523424809,58729.6090071531,67092.7118808087
41227.4590394261,3573.34550265021,74526.5412209778,87467.16346697,107024.693613735
43268.4516135019,3519.86768839237,85888.922602057,96058.3884029545,115860.904971239
43479.597805698,3227.28886734178,90577.2687020771,101105.074691313,122790.887367734
44079.5932997708,3091.60248893743,95639.8875686575,109538.018652058,128174.936424911
45564.8447581603,3048.79977813401,104811.754835646,115424.727758467,137069.012459904
46303.9553405335,3114.89348342913,104653.301079692,116771.689095296,138033.523840368
46864.0978881002,3191.80801385969,103339.181602744,116893.16512192,137636.591699848
47070.2657583027,3224.01678647617,103870.756582875,116111.594490448,138439.615088117
47549.7525186941,3281.18890912988,105161.634682968,116640.847526311,139763.018069289
47214.9938960244,3249.09686119885,102612.545130241,110910.263746679,136068.924513073
45718.7053657082,3323.08901178862,98421.2360792934,102063.598097886,128938.036111849
44693.5627225187,3869.13418294832,95645.9914842661,93499.6885373637,119967.491319239
46949.3976148927,4356.78681862597,88383.1211803449,84988.7321001567,115269.884217357
45147.6922430271,4477.25398972598,62977.4446911816,65742.5630669092,86470.0252627094
45567.2196630767,4401.00472566563,62319.5165072168,65577.3308960441,85966.5889503041
45716.390539627,4059.15815502736,61231.4221135199,65297.9632825781,86332.4842921135
45340.2490076786,3959.06433329397,57074.5973021085,62759.8688089593,80160.2361964172
45140.0297888608,3860.20931004518,55133.8949786832,60701.386599848,71305.4527119049
44373.8339528178,3495.79513277058,52302.2069613345,59613.1506769428,70256.6634813482
43191.843641794,3388.92830204408,50375.663118536,58025.411615418,67816.6015274121
42530.6610926166,3256.07753927966,48917.2417919926,56456.0495006494,66440.2929130732
42092.4273029153,3168.81040917647,48055.8054918602,55324.0584352614,65899.0920730702
42205.5720755606,3189.27143995693,48338.8519034278,56571.375532691,65721.3988680069
41081.761676398,3370.15131795545,48670.8523424809,58729.6090071531,67092.7118808087
41227.4590394261,3573.34550265021,74526.5412209778,87467.16346697,107024.693613735
43268.4516135019,3519.86768839237,85888.922602057,96058.3884029545,115860.904971239
43479.597805698,3227.28886734178,90577.2687020771,101105.074691313,122790.887367734
44079.5932997708,3091.60248893743,95639.8875686575,109538.018652058,128174.936424911
45564.8447581603,3048.79977813401,104811.754835646,115424.727758467,137069.012459904
46303.9553405335,3114.89348342913,104653.301079692,116771.689095296,138033.523840368
46864.0978881002,3191.80801385969,103339.181602744,116893.16512192,137636.591699848
47070.2657583027,3224.01678647617,103870.756582875,116111.594490448,138439.615088117
47549.7525186941,3281.18890912988,105161.634682968,116640.847526311,139763.018069289
47214.9938960244,3249.09686119885,102612.545130241,110910.263746679,136068.924513073
45718.7053657082,3323.08901178862,98421.2360792934,102063.598097886,128938.036111849
44693.5627225187,3869.13418294832,95645.9914842661,93499.6885373637,119967.491319239
46949.3976148927,4356.78681862597,88383.1211803449,84988.7321001567,115269.884217357
45147.6922430271,4477.25398972598,62977.4446911816,65742.5630669092,86470.0252627094
45567.2196630767,4401.00472566563,62319.5165072168,65577.3308960441,85966.5889503041
45716.390539627,4059.15815502736,61231.4221135199,65297.9632825781,86332.4842921135
45340.2490076786,3959.06433329397,57074.5973021085,62759.8688089593,80160.2361964172
45140.0297888608,3860.20931004518,55133.8949786832,60701.386599848,71305.4527119049
44373.8339528178,3495.79513277058,52302.2069613345,59613.1506769428,70256.6634813482
43191.843641794,3388.92830204408,50375.663118536,58025.411615418,67816.6015274121
42530.6610926166,3256.07753927966,48917.2417919926,56456.0495006494,66440.2929130732
42092.4273029153,3168.81040917647,48055.8054918602,55324.0584352614,65899.0920730702
42205.5720755606,3189.27143995693,48338.8519034278,56571.375532691,65721.3988680069
41081.761676398,3370.15131795545,48670.8523424809,58729.6090071531,67092.7118808087
41227.4590394261,3573.34550265021,74526.5412209778,87467.16346697,107024.693613735
43268.4516135019,3519.86768839237,85888.922602057,96058.3884029545,115860.904971239
43479.597805698,3227.28886734178,90577.2687020771,101105.074691313,122790.887367734
44079.5932997708,3091.60248893743,95639.8875686575,109538.018652058,128174.936424911
45564.8447581603,3048.79977813401,104811.754835646,115424.727758467,137069.012459904
46303.9553405335,3114.89348342913,104653.301079692,116771.689095296,138033.523840368
46864.0978881002,3191.80801385969,103339.181602744,116893.16512192,137636.591699848
47070.2657583027,3224.01678647617,103870.756582875,116111.594490448,138439.615088117
47549.7525186941,3281.18890912988,105161.634682968,116640.847526311,139763.018069289
47214.9938960244,3249.09686119885,102612.545130241,110910.263746679,136068.924513073
45718.7053657082,3323.08901178862,98421.2360792934,102063.598097886,128938.036111849
44693.5627225187,3869.13418294832,95645.9914842661,93499.6885373637,119967.491319239
46949.3976148927,4356.78681862597,88383.1211803449,84988.7321001567,115269.884217357
45147.6922430271,4477.25398972598,62977.4446911816,65742.5630669092,86470.0252627094
45567.2196630767,4401.00472566563,62319.5165072168,65577.3308960441,85966.5889503041
45716.390539627,4059.15815502736,61231.4221135199,65297.9632825781,86332.4842921135
45340.2490076786,3959.06433329397,57074.5973021085,62759.8688089593,80160.2361964172
45140.0297888608,3860.20931004518,55133.8949786832,60701.386599848,71305.4527119049
44373.8339528178,3495.79513277058,52302.2069613345,59613.1506769428,70256.6634813482
43191.843641794,3388.92830204408,50375.663118536,58025.411615418,67816.6015274121
42530.6610926166,3256.07753927966,48917.2417919926,56456.0495006494,66440.2929130732
42092.4273029153,3168.81040917647,48055.8054918602,55324.0584352614,65899.0920730702
42205.5720755606,3189.27143995693,48338.8519034278,56571.375532691,65721.3988680069
41081.761676398,3370.15131795545,48670.8523424809,58729.6090071531,67092.7118808087
41227.4590394261,3573.34550265021,74526.5412209778,87467.16346697,107024.693613735
43268.4516135019,3519.86768839237,85888.922602057,96058.3884029545,115860.904971239
43479.597805698,3227.28886734178,90577.2687020771,101105.074691313,122790.887367734
44079.5932997708,3091.60248893743,95639.8875686575,109538.018652058,128174.936424911
45564.8447581603,3048.79977813401,104811.754835646,115424.727758467,137069.012459904
46303.9553405335,3114.89348342913,104653.301079692,116771.689095296,138033.523840368
46864.0978881002,3191.80801385969,103339.181602744,116893.16512192,137636.591699848
47070.2657583027,3224.01678647617,103870.756582875,116111.594490448,138439.615088117
47549.7525186941,3281.18890912988,105161.634682968,116640.847526311,139763.018069289
47214.9938960244,3249.09686119885,102612.545130241,110910.263746679,136068.924513073
45718.7053657082,3323.08901178862,98421.2360792934,102063.598097886,128938.036111849
44693.5627225187,3869.13418294832,95645.9914842661,93499.6885373637,119967.491319239
46949.3976148927,4356.78681862597,88383.1211803449,84988.7321001567,115269.884217357
45147.6922430271,4477.25398972598,62977.4446911816,65742.5630669092,86470.0252627094
45567.2196630767,4401.00472566563,62319.5165072168,65577.3308960441,85966.5889503041
45716.390539627,4059.15815502736,61231.4221135199,65297.9632825781,86332.4842921135
45340.2490076786,3959.06433329397,57074.5973021085,62759.8688089593,80160.2361964172
45140.0297888608,3860.20931004518,55133.8949786832,60701.386599848,71305.4527119049
44373.8339528178,3495.79513277058,52302.2069613345,59613.1506769428,70256.6634813482
43191.843641794,3388.92830204408,50375.663118536,58025.411615418,67816.6015274121
42530.6610926166,3256.07753927966,48917.2417919926,56456.0495006494,66440.2929130732
42092.4273029153,3168.81040917647,48055.8054918602,55324.0584352614,65899.0920730702
42205.5720755606,3189.27143995693,48338.8519034278,56571.375532691,65721.3988680069
41081.761676398,3370.15131795545,48670.8523424809,58729.6090071531,67092.7118808087
41227.4590394261,3573.34550265021,74526.5412209778,87467.16346697,107024.693613735
43268.4516135019,3519.86768839237,85888.922602057,96058.3884029545,115860.904971239
43479.597805698,3227.28886734178,90577.2687020771,101105.074691313,122790.887367734
44079.5932997708,3091.60248893743,95639.8875686575,109538.018652058,128174.936424911
45564.8447581603,3048.79977813401,104811.754835646,115424.727758467,137069.012459904
46303.9553405335,3114.89348342913,104653.301079692,116771.689095296,138033.523840368
46864.0978881002,3191.80801385969,103339.181602744,116893.16512192,137636.591699848
47070.2657583027,3224.01678647617,103870.756582875,116111.594490448,138439.615088117
47549.7525186941,3281.18890912988,105161.634682968,116640.847526311,139763.018069289
47214.9938960244,3249.09686119885,102612.545130241,110910.263746679,136068.924513073
45718.7053657082,3323.08901178862,98421.2360792934,102063.598097886,128938.036111849
44693.5627225187,3869.13418294832,95645.9914842661,93499.6885373637,119967.491319239
46949.3976148927,4356.78681862597,88383.1211803449,84988.7321001567,115269.884217357
45147.6922430271,4477.25398972598,62977.4446911816,65742.5630669092,86470.0252627094
45567.2196630767,4401.00472566563,62319.5165072168,65577.3308960441,85966.5889503041
45716.390539627,4059.15815502736,61231.4221135199,65297.9632825781,86332.4842921135
45340.2490076786,3959.06433329397,57074.5973021085,62759.8688089593,80160.2361964172
45140.0297888608,3860.20931004518,55133.8949786832,60701.386599848,71305.4527119049
44373.8339528178,3495.79513277058,52302.2069613345,59613.1506769428,70256.6634813482
43191.843641794,3388.92830204408,50375.663118536,58025.411615418,67816.6015274121
42530.6610926166,3256.07753927966,48917.2417919926,56456.0495006494,66440.2929130732
42092.4273029153,3168.81040917647,48055.8054918602,55324.0584352614,65899.0920730702
42205.5720755606,3189.27143995693,48338.8519034278,56571.375532691,65721.3988680069
41081.761676398,3370.15131795545,48670.8523424809,58729.6090071531,67092.7118808087
41227.4590394261,3573.34550265021,74526.5412209778,87467.16346697,107024.693613735
43268.4516135019,3519.86768839237,85888.922602057,96058.3884029545,115860.904971239
43479.597805698,3227.28886734178,90577.2687020771,101105.074691313,122790.887367734
44079.5932997708,3091.60248893743,95639.8875686575,109538.018652058,128174.936424911
45564.8447581603,3048.79977813401,104811.754835646,115424.727758467,137069.012459904
46303.9553405335,3114.89348342913,104653.301079692,116771.689095296,138033.523840368
46864.0978881002,3191.80801385969,103339.181602744,116893.16512192,137636.591699848
47070.2657583027,3224.01678647617,103870.756582875,116111.594490448,138439.615088117
47549.7525186941,3281.18890912988,105161.634682968,116640.847526311,139763.018069289
47214.9938960244,3249.09686119885,102612.545130241,110910.263746679,136068.924513073
45718.7053657082,3323.08901178862,98421.2360792934,102063.598097886,128938.036111849
44693.5627225187,3869.13418294832,95645.9914842661,93499.6885373637,119967.491319239
46949.3976148927,4356.78681862597,88383.1211803449,84988.7321001567,115269.884217357
45147.6922430271,4477.25398972598,62977.4446911816,65742.5630669092,86470.0252627094
45567.2196630767,4401.00472566563,62319.5165072168,65577.3308960441,85966.5889503041
45716.390539627,4059.15815502736,61231.4221135199,65297.9632825781,86332.4842921135
45340.2490076786,3959.06433329397,57074.5973021085,62759.8688089593,80160.2361964172
45140.0297888608,3860.20931004518,55133.8949786832,60701.386599848,71305.4527119049
44373.8339528178,3495.79513277058,52302.2069613345,59613.1506769428,70256.6634813482
43191.843641794,3388.92830204408,50375.663118536,58025.411615418,67816.6015274121
42530.6610926166,3256.07753927966,48917.2417919926,56456.0495006494,66440.2929130732
42092.4273029153,3168.81040917647,48055.8054918602,55324.0584352614,65899.0920730702
42205.5720755606,3189.27143995693,48338.8519034278,56571.375532691,65721.3988680069
41081.761676398,3370.15131795545,48670.8523424809,58729.6090071531,67092.7118808087
41227.4590394261,3573.34550265021,74526.5412209778,87467.16346697,107024.693613735
43268.4516135019,3519.86768839237,85888.922602057,96058.3884029545,115860.904971239
43479.597805698,3227.28886734178,90577.2687020771,101105.074691313,122790.887367734
44079.5932997708,3091.60248893743,95639.8875686575,109538.018652058,128174.936424911
45564.8447581603,3048.79977813401,104811.754835646,115424.727758467,137069.012459904
46303.9553405335,3114.89348342913,104653.301079692,116771.689095296,138033.523840368
46864.0978881002,3191.80801385969,103339.181602744,116893.16512192,137636.591699848
47070.2657583027,3224.01678647617,103870.756582875,116111.594490448,138439.615088117
47549.7525186941,3281.18890912988,105161.634682968,116640.847526311,139763.018069289
47214.9938960244,3249.09686119885,102612.545130241,110910.263746679,136068.924513073
45718.7053657082,3323.08901178862,98421.2360792934,102063.598097886,128938.036111849
44693.5627225187,3869.13418294832,95645.9914842661,93499.6885373637,119967.491319239
46949.3976148927,4356.78681862597,88383.1211803449,84988.7321001567,115269.884217357
45147.6922430271,4477.25398972598,62977.4446911816,65742.5630669092,86470.0252627094
45567.2196630767,4401.00472566563,62319.5165072168,65577.3308960441,85966.5889503041
45716.390539627,4059.15815502736,61231.4221135199,65297.9632825781,86332.4842921135
45340.2490076786,3959.06433329397,57074.5973021085,62759.8688089593,80160.2361964172
45140.0297888608,3860.20931004518,55133.8949786832,60701.386599848,71305.4527119049
44373.8339528178,3495.79513277058,52302.2069613345,59613.1506769428,70256.6634813482
43191.843641794,3388.92830204408,50375.663118536,58025.411615418,67816.6015274121
42530.6610926166,3256.07753927966,48917.2417919926,56456.0495006494,66440.2929130732
42092.4273029153,3168.81040917647,48055.8054918602,55324.0584352614,65899.0920730702
42205.5720755606,3189.27143995693,48338.8519034278,56571.375532691,65721.3988680069
41081.761676398,3370.15131795545,48670.8523424809,58729.6090071531,67092.7118808087
41227.4590394261,3573.34550265021,74526.5412209778,87467.16346697,107024.693613735
43268.4516135019,3519.86768839237,85888.922602057,96058.3884029545,115860.904971239
43479.597805698,3227.28886734178,90577.2687020771,101105.074691313,122790.887367734
44079.5932997708,3091.60248893743,95639.8875686575,109538.018652058,128174.936424911
45564.8447581603,3048.79977813401,104811.754835646,115424.727758467,137069.012459904
46303.9553405335,3114.89348342913,104653.301079692,116771.689095296,138033.523840368
46864.0978881002,3191.80801385969,103339.181602744,116893.16512192,137636.591699848
47070.2657583027,3224.01678647617,103870.756582875,116111.594490448,138439.615088117
47549.7525186941,3281.18890912988,105161.634682968,116640.847526311,139763.018069289
47214.9938960244,3249.09686119885,102612.545130241,110910.263746679,136068.924513073
45718.7053657082,3323.08901178862,98421.2360792934,102063.598097886,128938.036111849
44693.5627225187,3869.13418294832,95645.9914842661,93499.6885373637,119967.491319239
46949.3976148927,4356.78681862597,88383.1211803449,84988.7321001567,115269.884217357
45147.6922430271,4477.25398972598,62977.4446911816,65742.5630669092,86470.0252627094
45567.2196630767,4401.00472566563,62319.5165072168,65577.3308960441,85966.5889503041
45716.390539627,4059.15815502736,61231.4221135199,65297.9632825781,86332.4842921135
45340.2490076786,3959.06433329397,57074.5973021085,62759.8688089593,80160.2361964172
45140.0297888608,3860.20931004518,55133.8949786832,60701.386599848,71305.4527119049
44373.8339528178,3495.79513277058,52302.2069613345,59613.1506769428,70256.6634813482
43191.843641794,3388.92830204408,50375.663118536,58025.411615418,67816.6015274121
42530.6610926166,3256.07753927966,48917.2417919926,56456.0495006494,66440.2929130732
42092.4273029153,3168.81040917647,48055.8054918602,55324.0584352614,65899.0920730702
42205.5720755606,3189.27143995693,48338.8519034278,56571.375532691,65721.3988680069
41081.761676398,3370.15131795545,48670.8523424809,58729.6090071531,67092.7118808087
41227.4590394261,3573.34550265021,74526.5412209778,87467.16346697,107024.693613735
43268.4516135019,3519.86768839237,85888.922602057,96058.3884029545,115860.904971239
43479.597805698,3227.28886734178,90577.2687020771,101105.074691313,122790.887367734
44079.5932997708,3091.60248893743,95639.8875686575,109538.018652058,128174.936424911
45564.8447581603,3048.79977813401,104811.754835646,115424.727758467,137069.012459904
46303.9553405335,3114.89348342913,104653.301079692,116771.689095296,138033.523840368
46864.0978881002,3191.80801385969,103339.181602744,116893.16512192,137636.591699848
47070.2657583027,3224.01678647617,103870.756582875,116111.594490448,138439.615088117
47549.7525186941,3281.18890912988,105161.634682968,116640.847526311,139763.018069289
47214.9938960244,3249.09686119885,102612.545130241,110910.263746679,136068.924513073
45718.7053657082,3323.08901178862,98421.2360792934,102063.598097886,128938.036111849
44693.5627225187,3869.13418294832,95645.9914842661,93499.6885373637,119967.491319239
46949.3976148927,4356.78681862597,88383.1211803449,84988.7321001567,115269.884217357
45147.6922430271,4477.25398972598,62977.4446911816,65742.5630669092,86470.0252627094
45567.2196630767,4401.00472566563,62319.5165072168,65577.3308960441,85966.5889503041
45716.390539627,4059.15815502736,61231.4221135199,65297.9632825781,86332.4842921135
45340.2490076786,3959.06433329397,57074.5973021085,62759.8688089593,80160.2361964172
45140.0297888608,3860.20931004518,55133.8949786832,60701.386599848,71305.4527119049
44373.8339528178,3495.79513277058,52302.2069613345,59613.1506769428,70256.6634813482
43191.843641794,3388.92830204408,50375.663118536,58025.411615418,67816.6015274121
42530.6610926166,3256.07753927966,48917.2417919926,56456.0495006494,66440.2929130732
42092.4273029153,3168.81040917647,48055.8054918602,55324.0584352614,65899.0920730702
42205.5720755606,3189.27143995693,48338.8519034278,56571.375532691,65721.3988680069
41081.761676398,3370.15131795545,48670.8523424809,58729.6090071531,67092.7118808087
41227.4590394261,3573.34550265021,74526.5412209778,87467.16346697,107024.693613735
43268.4516135019,3519.86768839237,85888.922602057,96058.3884029545,115860.904971239
43479.597805698,3227.28886734178,90577.2687020771,101105.074691313,122790.887367734
44079.5932997708,3091.60248893743,95639.8875686575,109538.018652058,128174.936424911
45564.8447581603,3048.79977813401,104811.754835646,115424.727758467,137069.012459904
46303.9553405335,3114.89348342913,104653.301079692,116771.689095296,138033.523840368
46864.0978881002,3191.80801385969,103339.181602744,116893.16512192,137636.591699848
47070.2657583027,3224.01678647617,103870.756582875,116111.594490448,138439.615088117
47549.7525186941,3281.18890912988,105161.634682968,116640.847526311,139763.018069289
47214.9938960244,3249.09686119885,102612.545130241,110910.263746679,136068.924513073
45718.7053657082,3323.08901178862,98421.2360792934,102063.598097886,128938.036111849
44693.5627225187,3869.13418294832,95645.9914842661,93499.6885373637,119967.491319239
46949.3976148927,4356.78681862597,88383.1211803449,84988.7321001567,115269.884217357
45147.6922430271,4477.25398972598,62977.4446911816,65742.5630669092,86470.0252627094
45567.2196630767,4401.00472566563,62319.5165072168,65577.3308960441,85966.5889503041
45716.390539627,4059.15815502736,61231.4221135199,65297.9632825781,86332.4842921135
45340.2490076786,3959.06433329397,57074.5973021085,62759.8688089593,80160.2361964172
45140.0297888608,3860.20931004518,55133.8949786832,60701.386599848,71305.4527119049
44373.8339528178,3495.79513277058,52302.2069613345,59613.1506769428,70256.6634813482
43191.843641794,3388.92830204408,50375.663118536,58025.411615418,67816.6015274121
42530.6610926166,3256.07753927966,48917.2417919926,56456.0495006494,66440.2929130732
42092.4273029153,3168.81040917647,48055.8054918602,55324.0584352614,65899.0920730702
42205.5720755606,3189.27143995693,48338.8519034278,56571.375532691,65721.3988680069
41081.761676398,3370.15131795545,48670.8523424809,58729.6090071531,67092.7118808087
41227.4590394261,3573.34550265021,74526.5412209778,87467.16346697,107024.693613735
43268.4516135019,3519.86768839237,85888.922602057,96058.3884029545,115860.904971239
43479.597805698,3227.28886734178,90577.2687020771,101105.074691313,122790.887367734
44079.5932997708,3091.60248893743,95639.8875686575,109538.018652058,128174.936424911
45564.8447581603,3048.79977813401,104811.754835646,115424.727758467,137069.012459904
46303.9553405335,3114.89348342913,104653.301079692,116771.689095296,138033.523840368
46864.0978881002,3191.80801385969,103339.181602744,116893.16512192,137636.591699848
47070.2657583027,3224.01678647617,103870.756582875,116111.594490448,138439.615088117
47549.7525186941,3281.18890912988,105161.634682968,116640.847526311,139763.018069289
47214.9938960244,3249.09686119885,102612.545130241,110910.263746679,136068.924513073
45718.7053657082,3323.08901178862,98421.2360792934,102063.598097886,128938.036111849
44693.5627225187,3869.13418294832,95645.9914842661,93499.6885373637,119967.491319239
46949.3976148927,4356.78681862597,88383.1211803449,84988.7321001567,115269.884217357
45147.6922430271,4477.25398972598,62977.4446911816,65742.5630669092,86470.0252627094
45567.2196630767,4401.00472566563,62319.5165072168,65577.3308960441,85966.5889503041
45716.390539627,4059.15815502736,61231.4221135199,65297.9632825781,86332.4842921135
45340.2490076786,3959.06433329397,57074.5973021085,62759.8688089593,80160.2361964172
45140.0297888608,3860.20931004518,55133.8949786832,60701.386599848,71305.4527119049
44373.8339528178,3495.79513277058,52302.2069613345,59613.1506769428,70256.6634813482
43191.843641794,3388.92830204408,50375.663118536,58025.411615418,67816.6015274121
42530.6610926166,3256.07753927966,48917.2417919926,56456.0495006494,66440.2929130732
42092.4273029153,3168.81040917647,48055.8054918602,55324.0584352614,65899.0920730702
42205.5720755606,3189.27143995693,48338.8519034278,56571.375532691,65721.3988680069
41081.761676398,3370.15131795545,48670.8523424809,58729.6090071531,67092.7118808087
41227.4590394261,3573.34550265021,74526.5412209778,87467.16346697,107024.693613735
43268.4516135019,3519.86768839237,85888.922602057,96058.3884029545,115860.904971239
43479.597805698,3227.28886734178,90577.2687020771,101105.074691313,122790.887367734
44079.5932997708,3091.60248893743,95639.8875686575,109538.018652058,128174.936424911
45564.8447581603,3048.79977813401,104811.754835646,115424.727758467,137069.012459904
46303.9553405335,3114.89348342913,104653.301079692,116771.689095296,138033.523840368
46864.0978881002,3191.80801385969,103339.181602744,116893.16512192,137636.591699848
47070.2657583027,3224.01678647617,103870.756582875,116111.594490448,138439.615088117
47549.7525186941,3281.18890912988,105161.634682968,116640.847526311,139763.018069289
47214.9938960244,3249.09686119885,102612.545130241,110910.263746679,136068.924513073
45718.7053657082,3323.08901178862,98421.2360792934,102063.598097886,128938.036111849
44693.5627225187,3869.13418294832,95645.9914842661,93499.6885373637,119967.491319239
46949.3976148927,4356.78681862597,88383.1211803449,84988.7321001567,115269.884217357
45147.6922430271,4477.25398972598,62977.4446911816,65742.5630669092,86470.0252627094
45567.2196630767,4401.00472566563,62319.5165072168,65577.3308960441,85966.5889503041
45716.390539627,4059.15815502736,61231.4221135199,65297.9632825781,86332.4842921135
45340.2490076786,3959.06433329397,57074.5973021085,62759.8688089593,80160.2361964172
45140.0297888608,3860.20931004518,55133.8949786832,60701.386599848,71305.4527119049
44373.8339528178,3495.79513277058,52302.2069613345,59613.1506769428,70256.6634813482
43191.843641794,3388.92830204408,50375.663118536,58025.411615418,67816.6015274121
42530.6610926166,3256.07753927966,48917.2417919926,56456.0495006494,66440.2929130732
42092.4273029153,3168.81040917647,48055.8054918602,55324.0584352614,65899.0920730702
42205.5720755606,3189.27143995693,48338.8519034278,56571.375532691,65721.3988680069
41081.761676398,3370.15131795545,48670.8523424809,58729.6090071531,67092.7118808087
41227.4590394261,3573.34550265021,74526.5412209778,87467.16346697,107024.693613735
43268.4516135019,3519.86768839237,85888.922602057,96058.3884029545,115860.904971239
43479.597805698,3227.28886734178,90577.2687020771,101105.074691313,122790.887367734
44079.5932997708,3091.60248893743,95639.8875686575,109538.018652058,128174.936424911
45564.8447581603,3048.79977813401,104811.754835646,115424.727758467,137069.012459904
46303.9553405335,3114.89348342913,104653.301079692,116771.689095296,138033.523840368
46864.0978881002,3191.80801385969,103339.181602744,116893.16512192,137636.591699848
47070.2657583027,3224.01678647617,103870.756582875,116111.594490448,138439.615088117
47549.7525186941,3281.18890912988,105161.634682968,116640.847526311,139763.018069289
47214.9938960244,3249.09686119885,102612.545130241,110910.263746679,136068.924513073
45718.7053657082,3323.08901178862,98421.2360792934,102063.598097886,128938.036111849
44693.5627225187,3869.13418294832,95645.9914842661,93499.6885373637,119967.491319239
46949.3976148927,4356.78681862597,88383.1211803449,84988.7321001567,115269.884217357
45147.6922430271,4477.25398972598,62977.4446911816,65742.5630669092,86470.0252627094
45567.2196630767,4401.00472566563,62319.5165072168,65577.3308960441,85966.5889503041
45716.390539627,4059.15815502736,61231.4221135199,65297.9632825781,86332.4842921135
45340.2490076786,3959.06433329397,57074.5973021085,62759.8688089593,80160.2361964172
45140.0297888608,3860.20931004518,55133.8949786832,60701.386599848,71305.4527119049
44373.8339528178,3495.79513277058,52302.2069613345,59613.1506769428,70256.6634813482
43191.843641794,3388.92830204408,50375.663118536,58025.411615418,67816.6015274121
42530.6610926166,3256.07753927966,48917.2417919926,56456.0495006494,66440.2929130732
42092.4273029153,3168.81040917647,48055.8054918602,55324.0584352614,65899.0920730702
42205.5720755606,3189.27143995693,48338.8519034278,56571.375532691,65721.3988680069
41081.761676398,3370.15131795545,48670.8523424809,58729.6090071531,67092.7118808087
41227.4590394261,3573.34550265021,74526.5412209778,87467.16346697,107024.693613735
43268.4516135019,3519.86768839237,85888.922602057,96058.3884029545,115860.904971239
43479.597805698,3227.28886734178,90577.2687020771,101105.074691313,122790.887367734
44079.5932997708,3091.60248893743,95639.8875686575,109538.018652058,128174.936424911
45564.8447581603,3048.79977813401,104811.754835646,115424.727758467,137069.012459904
46303.9553405335,3114.89348342913,104653.301079692,116771.689095296,138033.523840368
46864.0978881002,3191.80801385969,103339.181602744,116893.16512192,137636.591699848
47070.2657583027,3224.01678647617,103870.756582875,116111.594490448,138439.615088117
47549.7525186941,3281.18890912988,105161.634682968,116640.847526311,139763.018069289
47214.9938960244,3249.09686119885,102612.545130241,110910.263746679,136068.924513073
45718.7053657082,3323.08901178862,98421.2360792934,102063.598097886,128938.036111849
44693.5627225187,3869.13418294832,95645.9914842661,93499.6885373637,119967.491319239
46949.3976148927,4356.78681862597,88383.1211803449,84988.7321001567,115269.884217357
45147.6922430271,4477.25398972598,62977.4446911816,65742.5630669092,86470.0252627094
45567.2196630767,4401.00472566563,62319.5165072168,65577.3308960441,85966.5889503041
45716.390539627,4059.15815502736,61231.4221135199,65297.9632825781,86332.4842921135
45340.2490076786,3959.06433329397,57074.5973021085,62759.8688089593,80160.2361964172
45140.0297888608,3860.20931004518,55133.8949786832,60701.386599848,71305.4527119049
44373.8339528178,3495.79513277058,52302.2069613345,59613.1506769428,70256.6634813482
43191.843641794,3388.92830204408,50375.663118536,58025.411615418,67816.6015274121
42530.6610926166,3256.07753927966,48917.2417919926,56456.0495006494,66440.2929130732
42092.4273029153,3168.81040917647,48055.8054918602,55324.0584352614,65899.0920730702
42205.5720755606,3189.27143995693,48338.8519034278,56571.375532691,65721.3988680069
41081.761676398,3370.15131795545,48670.8523424809,58729.6090071531,67092.7118808087
41227.4590394261,3573.34550265021,74526.5412209778,87467.16346697,107024.693613735
43268.4516135019,3519.86768839237,85888.922602057,96058.3884029545,115860.904971239
43479.597805698,3227.28886734178,90577.2687020771,101105.074691313,122790.887367734
44079.5932997708,3091.60248893743,95639.8875686575,109538.018652058,128174.936424911
45564.8447581603,3048.79977813401,104811.754835646,115424.727758467,137069.012459904
46303.9553405335,3114.89348342913,104653.301079692,116771.689095296,138033.523840368
46864.0978881002,3191.80801385969,103339.181602744,116893.16512192,137636.591699848
47070.2657583027,3224.01678647617,103870.756582875,116111.594490448,138439.615088117
47549.7525186941,3281.18890912988,105161.634682968,116640.847526311,139763.018069289
47214.9938960244,3249.09686119885,102612.545130241,110910.263746679,136068.924513073
45718.7053657082,3323.08901178862,98421.2360792934,102063.598097886,128938.036111849
44693.5627225187,3869.13418294832,95645.9914842661,93499.6885373637,119967.491319239
46949.3976148927,4356.78681862597,88383.1211803449,84988.7321001567,115269.884217357
45147.6922430271,4477.25398972598,62977.4446911816,65742.5630669092,86470.0252627094
45567.2196630767,4401.00472566563,62319.5165072168,65577.3308960441,85966.5889503041
45716.390539627,4059.15815502736,61231.4221135199,65297.9632825781,86332.4842921135
45340.2490076786,3959.06433329397,57074.5973021085,62759.8688089593,80160.2361964172
45140.0297888608,3860.20931004518,55133.8949786832,60701.386599848,71305.4527119049
44373.8339528178,3495.79513277058,52302.2069613345,59613.1506769428,70256.6634813482
43191.843641794,3388.92830204408,50375.663118536,58025.411615418,67816.6015274121
42530.6610926166,3256.07753927966,48917.2417919926,56456.0495006494,66440.2929130732
42092.4273029153,3168.81040917647,48055.8054918602,55324.0584352614,65899.0920730702
42205.5720755606,3189.27143995693,48338.8519034278,56571.375532691,65721.3988680069
41081.761676398,3370.15131795545,48670.8523424809,58729.6090071531,67092.7118808087
41227.4590394261,3573.34550265021,74526.5412209778,87467.16346697,107024.693613735
43268.4516135019,3519.86768839237,85888.922602057,96058.3884029545,115860.904971239
43479.597805698,3227.28886734178,90577.2687020771,101105.074691313,122790.887367734
44079.5932997708,3091.60248893743,95639.8875686575,109538.018652058,128174.936424911
45564.8447581603,3048.79977813401,104811.754835646,115424.727758467,137069.012459904
46303.9553405335,3114.89348342913,104653.301079692,116771.689095296,138033.523840368
46864.0978881002,3191.80801385969,103339.181602744,116893.16512192,137636.591699848
47070.2657583027,3224.01678647617,103870.756582875,116111.594490448,138439.615088117
47549.7525186941,3281.18890912988,105161.634682968,116640.847526311,139763.018069289
47214.9938960244,3249.09686119885,102612.545130241,110910.263746679,136068.924513073
45718.7053657082,3323.08901178862,98421.2360792934,102063.598097886,128938.036111849
44693.5627225187,3869.13418294832,95645.9914842661,93499.6885373637,119967.491319239
46949.3976148927,4356.78681862597,88383.1211803449,84988.7321001567,115269.884217357
45147.6922430271,4477.25398972598,62977.4446911816,65742.5630669092,86470.0252627094
45567.2196630767,4401.00472566563,62319.5165072168,65577.3308960441,85966.5889503041
45716.390539627,4059.15815502736,61231.4221135199,65297.9632825781,86332.4842921135
45340.2490076786,3959.06433329397,57074.5973021085,62759.8688089593,80160.2361964172
45140.0297888608,3860.20931004518,55133.8949786832,60701.386599848,71305.4527119049
44373.8339528178,3495.79513277058,52302.2069613345,59613.1506769428,70256.6634813482
43191.843641794,3388.92830204408,50375.663118536,58025.411615418,67816.6015274121
42530.6610926166,3256.07753927966,48917.2417919926,56456.0495006494,66440.2929130732
42092.4273029153,3168.81040917647,48055.8054918602,55324.0584352614,65899.0920730702
42205.5720755606,3189.27143995693,48338.8519034278,56571.375532691,65721.3988680069
41081.761676398,3370.15131795545,48670.8523424809,58729.6090071531,67092.7118808087
41227.4590394261,3573.34550265021,74526.5412209778,87467.16346697,107024.693613735
43268.4516135019,3519.86768839237,85888.922602057,96058.3884029545,115860.904971239
43479.597805698,3227.28886734178,90577.2687020771,101105.074691313,122790.887367734
44079.5932997708,3091.60248893743,95639.8875686575,109538.018652058,128174.936424911
45564.8447581603,3048.79977813401,104811.754835646,115424.727758467,137069.012459904
46303.9553405335,3114.89348342913,104653.301079692,116771.689095296,138033.523840368
46864.0978881002,3191.80801385969,103339.181602744,116893.16512192,137636.591699848
47070.2657583027,3224.01678647617,103870.756582875,116111.594490448,138439.615088117
47549.7525186941,3281.18890912988,105161.634682968,116640.847526311,139763.018069289
47214.9938960244,3249.09686119885,102612.545130241,110910.263746679,136068.924513073
45718.7053657082,3323.08901178862,98421.2360792934,102063.598097886,128938.036111849
44693.5627225187,3869.13418294832,95645.9914842661,93499.6885373637,119967.491319239
46949.3976148927,4356.78681862597,88383.1211803449,84988.7321001567,115269.884217357
45147.6922430271,4477.25398972598,62977.4446911816,65742.5630669092,86470.0252627094
45567.2196630767,4401.00472566563,62319.5165072168,65577.3308960441,85966.5889503041
45716.390539627,4059.15815502736,61231.4221135199,65297.9632825781,86332.4842921135
45340.2490076786,3959.06433329397,57074.5973021085,62759.8688089593,80160.2361964172
45140.0297888608,3860.20931004518,55133.8949786832,60701.386599848,71305.4527119049
44373.8339528178,3495.79513277058,52302.2069613345,59613.1506769428,70256.6634813482
43191.843641794,3388.92830204408,50375.663118536,58025.411615418,67816.6015274121
42530.6610926166,3256.07753927966,48917.2417919926,56456.0495006494,66440.2929130732
42092.4273029153,3168.81040917647,48055.8054918602,55324.0584352614,65899.0920730702
42205.5720755606,3189.27143995693,48338.8519034278,56571.375532691,65721.3988680069
41081.761676398,3370.15131795545,48670.8523424809,58729.6090071531,67092.7118808087
41227.4590394261,3573.34550265021,74526.5412209778,87467.16346697,107024.693613735
43268.4516135019,3519.86768839237,85888.922602057,96058.3884029545,115860.904971239
43479.597805698,3227.28886734178,90577.2687020771,101105.074691313,122790.887367734
44079.5932997708,3091.60248893743,95639.8875686575,109538.018652058,128174.936424911
45564.8447581603,3048.79977813401,104811.754835646,115424.727758467,137069.012459904
46303.9553405335,3114.89348342913,104653.301079692,116771.689095296,138033.523840368
46864.0978881002,3191.80801385969,103339.181602744,116893.16512192,137636.591699848
47070.2657583027,3224.01678647617,103870.756582875,116111.594490448,138439.615088117
47549.7525186941,3281.18890912988,105161.634682968,116640.847526311,139763.018069289
47214.9938960244,3249.09686119885,102612.545130241,110910.263746679,136068.924513073
45718.7053657082,3323.08901178862,98421.2360792934,102063.598097886,128938.036111849
44693.5627225187,3869.13418294832,95645.9914842661,93499.6885373637,119967.491319239
46949.3976148927,4356.78681862597,88383.1211803449,84988.7321001567,115269.884217357
45147.6922430271,4477.25398972598,62977.4446911816,65742.5630669092,86470.0252627094
45567.2196630767,4401.00472566563,62319.5165072168,65577.3308960441,85966.5889503041
45716.390539627,4059.15815502736,61231.4221135199,65297.9632825781,86332.4842921135
45340.2490076786,3959.06433329397,57074.5973021085,62759.8688089593,80160.2361964172
45140.0297888608,3860.20931004518,55133.8949786832,60701.386599848,71305.4527119049
44871.724877541,3592.61982324716,69944.4390754158,55024.0915927063,80111.2661939479
43549.2746969761,3433.91493408532,65455.2323697639,52181.0314106122,77309.6190731264
42901.1890840995,3302.49004506934,63940.039895997,50455.075454103,75710.9854930988
42592.4237468373,3239.52535980294,62219.736464627,49170.2509090498,74792.4666635215
42274.1477149738,3299.13642566252,61578.8149036404,49468.2995687496,73234.590846701
41628.4069075143,3512.20525406722,61420.4145125237,51232.6709256775,74997.4235306267
42068.9075646182,3744.7076292922,87187.3275917435,71398.527092646,104997.160604379
45485.3382425132,3811.39048290405,99983.1888052948,80205.6484220437,112525.736890108
45094.3108435234,3609.61718374935,104171.110030838,83574.0070871791,117388.853110129
44186.9670603949,3390.05304361986,109791.175576544,88972.137813232,119601.413709047
44148.326542868,3166.08092174532,117956.23300937,92891.9785702512,125557.492354393
44492.3592255342,3223.6528777571,119140.218324335,94568.3124319508,126528.578562546
44876.5614702073,3266.41184170764,119998.208393347,95036.2431334784,126121.430431307
45134.125229692,3279.85758416268,121988.078938694,94453.1724295993,127356.492619023
45427.0977716175,3339.24291349101,122539.213887261,95490.8056395441,129355.707567465
45448.8108345775,3297.5831337864,118799.32629176,93386.0154506727,127233.869718238
44147.3856694417,3411.57494662022,111672.718248583,87044.2000590726,121441.265735666
42900.830306379,3927.43795020704,105373.845556549,82215.1475987946,113959.052137211
45769.2004077347,4483.32415430184,99230.0268532409,78406.7883948019,110460.711613733
46287.911593702,4738.86108421519,74869.6634062745,65241.4997092264,88685.3632398193
46954.0739010407,4687.79379860165,76833.0825905324,64411.4349038298,88715.7537116824
47337.6715465027,4346.14546879742,77569.7442138768,63520.2906241594,89118.0214404376
47176.922423082,4140.22147470409,75396.8516132919,61008.3917724145,86845.6406724577
45837.430479762,4040.31823642231,73373.5702719334,57836.4154685762,80917.9879428472
44871.724877541,3592.61982324716,69944.4390754158,55024.0915927063,80111.2661939479
43549.2746969761,3433.91493408532,65455.2323697639,52181.0314106122,77309.6190731264
42901.1890840995,3302.49004506934,63940.039895997,50455.075454103,75710.9854930988
42592.4237468373,3239.52535980294,62219.736464627,49170.2509090498,74792.4666635215
42274.1477149738,3299.13642566252,61578.8149036404,49468.2995687496,73234.590846701
41628.4069075143,3512.20525406722,61420.4145125237,51232.6709256775,74997.4235306267
42068.9075646182,3744.7076292922,87187.3275917435,71398.527092646,104997.160604379
45485.3382425132,3811.39048290405,99983.1888052948,80205.6484220437,112525.736890108
45094.3108435234,3609.61718374935,104171.110030838,83574.0070871791,117388.853110129
44186.9670603949,3390.05304361986,109791.175576544,88972.137813232,119601.413709047
44148.326542868,3166.08092174532,117956.23300937,92891.9785702512,125557.492354393
44492.3592255342,3223.6528777571,119140.218324335,94568.3124319508,126528.578562546
44876.5614702073,3266.41184170764,119998.208393347,95036.2431334784,126121.430431307
45134.125229692,3279.85758416268,121988.078938694,94453.1724295993,127356.492619023
45427.0977716175,3339.24291349101,122539.213887261,95490.8056395441,129355.707567465
45448.8108345775,3297.5831337864,118799.32629176,93386.0154506727,127233.869718238
44147.3856694417,3411.57494662022,111672.718248583,87044.2000590726,121441.265735666
42900.830306379,3927.43795020704,105373.845556549,82215.1475987946,113959.052137211
45769.2004077347,4483.32415430184,99230.0268532409,78406.7883948019,110460.711613733
46287.911593702,4738.86108421519,74869.6634062745,65241.4997092264,88685.3632398193
46954.0739010407,4687.79379860165,76833.0825905324,64411.4349038298,88715.7537116824
47337.6715465027,4346.14546879742,77569.7442138768,63520.2906241594,89118.0214404376
47176.922423082,4140.22147470409,75396.8516132919,61008.3917724145,86845.6406724577
45837.430479762,4040.31823642231,73373.5702719334,57836.4154685762,80917.9879428472
44871.724877541,3592.61982324716,69944.4390754158,55024.0915927063,80111.2661939479
43549.2746969761,3433.91493408532,65455.2323697639,52181.0314106122,77309.6190731264
42901.1890840995,3302.49004506934,63940.039895997,50455.075454103,75710.9854930988
42592.4237468373,3239.52535980294,62219.736464627,49170.2509090498,74792.4666635215
42274.1477149738,3299.13642566252,61578.8149036404,49468.2995687496,73234.590846701
41628.4069075143,3512.20525406722,61420.4145125237,51232.6709256775,74997.4235306267
42068.9075646182,3744.7076292922,87187.3275917435,71398.527092646,104997.160604379
45485.3382425132,3811.39048290405,99983.1888052948,80205.6484220437,112525.736890108
45094.3108435234,3609.61718374935,104171.110030838,83574.0070871791,117388.853110129
44186.9670603949,3390.05304361986,109791.175576544,88972.137813232,119601.413709047
44148.326542868,3166.08092174532,117956.23300937,92891.9785702512,125557.492354393
44492.3592255342,3223.6528777571,119140.218324335,94568.3124319508,126528.578562546
44876.5614702073,3266.41184170764,119998.208393347,95036.2431334784,126121.430431307
45134.125229692,3279.85758416268,121988.078938694,94453.1724295993,127356.492619023
45427.0977716175,3339.24291349101,122539.213887261,95490.8056395441,129355.707567465
45448.8108345775,3297.5831337864,118799.32629176,93386.0154506727,127233.869718238
44147.3856694417,3411.57494662022,111672.718248583,87044.2000590726,121441.265735666
42900.830306379,3927.43795020704,105373.845556549,82215.1475987946,113959.052137211
45769.2004077347,4483.32415430184,99230.0268532409,78406.7883948019,110460.711613733
46287.911593702,4738.86108421519,74869.6634062745,65241.4997092264,88685.3632398193
46954.0739010407,4687.79379860165,76833.0825905324,64411.4349038298,88715.7537116824
47337.6715465027,4346.14546879742,77569.7442138768,63520.2906241594,89118.0214404376
47176.922423082,4140.22147470409,75396.8516132919,61008.3917724145,86845.6406724577
45837.430479762,4040.31823642231,73373.5702719334,57836.4154685762,80917.9879428472
44871.724877541,3592.61982324716,69944.4390754158,55024.0915927063,80111.2661939479
43549.2746969761,3433.91493408532,65455.2323697639,52181.0314106122,77309.6190731264
42901.1890840995,3302.49004506934,63940.039895997,50455.075454103,75710.9854930988
42592.4237468373,3239.52535980294,62219.736464627,49170.2509090498,74792.4666635215
42274.1477149738,3299.13642566252,61578.8149036404,49468.2995687496,73234.590846701
41628.4069075143,3512.20525406722,61420.4145125237,51232.6709256775,74997.4235306267
42068.9075646182,3744.7076292922,87187.3275917435,71398.527092646,104997.160604379
45485.3382425132,3811.39048290405,99983.1888052948,80205.6484220437,112525.736890108
45094.3108435234,3609.61718374935,104171.110030838,83574.0070871791,117388.853110129
44186.9670603949,3390.05304361986,109791.175576544,88972.137813232,119601.413709047
44148.326542868,3166.08092174532,117956.23300937,92891.9785702512,125557.492354393
44492.3592255342,3223.6528777571,119140.218324335,94568.3124319508,126528.578562546
44876.5614702073,3266.41184170764,119998.208393347,95036.2431334784,126121.430431307
45134.125229692,3279.85758416268,121988.078938694,94453.1724295993,127356.492619023
45427.0977716175,3339.24291349101,122539.213887261,95490.8056395441,129355.707567465
45448.8108345775,3297.5831337864,118799.32629176,93386.0154506727,127233.869718238
44147.3856694417,3411.57494662022,111672.718248583,87044.2000590726,121441.265735666
42900.830306379,3927.43795020704,105373.845556549,82215.1475987946,113959.052137211
45769.2004077347,4483.32415430184,99230.0268532409,78406.7883948019,110460.711613733
46287.911593702,4738.86108421519,74869.6634062745,65241.4997092264,88685.3632398193
46954.0739010407,4687.79379860165,76833.0825905324,64411.4349038298,88715.7537116824
47337.6715465027,4346.14546879742,77569.7442138768,63520.2906241594,89118.0214404376
47176.922423082,4140.22147470409,75396.8516132919,61008.3917724145,86845.6406724577
45837.430479762,4040.31823642231,73373.5702719334,57836.4154685762,80917.9879428472
44871.724877541,3592.61982324716,69944.4390754158,55024.0915927063,80111.2661939479
43549.2746969761,3433.91493408532,65455.2323697639,52181.0314106122,77309.6190731264
42901.1890840995,3302.49004506934,63940.039895997,50455.075454103,75710.9854930988
42592.4237468373,3239.52535980294,62219.736464627,49170.2509090498,74792.4666635215
42274.1477149738,3299.13642566252,61578.8149036404,49468.2995687496,73234.590846701
41628.4069075143,3512.20525406722,61420.4145125237,51232.6709256775,74997.4235306267
42068.9075646182,3744.7076292922,87187.3275917435,71398.527092646,104997.160604379
45485.3382425132,3811.39048290405,99983.1888052948,80205.6484220437,112525.736890108
45094.3108435234,3609.61718374935,104171.110030838,83574.0070871791,117388.853110129
44186.9670603949,3390.05304361986,109791.175576544,88972.137813232,119601.413709047
44148.326542868,3166.08092174532,117956.23300937,92891.9785702512,125557.492354393
44492.3592255342,3223.6528777571,119140.218324335,94568.3124319508,126528.578562546
44876.5614702073,3266.41184170764,119998.208393347,95036.2431334784,126121.430431307
45134.125229692,3279.85758416268,121988.078938694,94453.1724295993,127356.492619023
45427.0977716175,3339.24291349101,122539.213887261,95490.8056395441,129355.707567465
45448.8108345775,3297.5831337864,118799.32629176,93386.0154506727,127233.869718238
44147.3856694417,3411.57494662022,111672.718248583,87044.2000590726,121441.265735666
42900.830306379,3927.43795020704,105373.845556549,82215.1475987946,113959.052137211
45769.2004077347,4483.32415430184,99230.0268532409,78406.7883948019,110460.711613733
46287.911593702,4738.86108421519,74869.6634062745,65241.4997092264,88685.3632398193
46954.0739010407,4687.79379860165,76833.0825905324,64411.4349038298,88715.7537116824
47337.6715465027,4346.14546879742,77569.7442138768,63520.2906241594,89118.0214404376
47176.922423082,4140.22147470409,75396.8516132919,61008.3917724145,86845.6406724577
45837.430479762,4040.31823642231,73373.5702719334,57836.4154685762,80917.9879428472
44871.724877541,3592.61982324716,69944.4390754158,55024.0915927063,80111.2661939479
43549.2746969761,3433.91493408532,65455.2323697639,52181.0314106122,77309.6190731264
42901.1890840995,3302.49004506934,63940.039895997,50455.075454103,75710.9854930988
42592.4237468373,3239.52535980294,62219.736464627,49170.2509090498,74792.4666635215
42274.1477149738,3299.13642566252,61578.8149036404,49468.2995687496,73234.590846701
41628.4069075143,3512.20525406722,61420.4145125237,51232.6709256775,74997.4235306267
42068.9075646182,3744.7076292922,87187.3275917435,71398.527092646,104997.160604379
45485.3382425132,3811.39048290405,99983.1888052948,80205.6484220437,112525.736890108
45094.3108435234,3609.61718374935,104171.110030838,83574.0070871791,117388.853110129
44186.9670603949,3390.05304361986,109791.175576544,88972.137813232,119601.413709047
44148.326542868,3166.08092174532,117956.23300937,92891.9785702512,125557.492354393
44492.3592255342,3223.6528777571,119140.218324335,94568.3124319508,126528.578562546
44876.5614702073,3266.41184170764,119998.208393347,95036.2431334784,126121.430431307
45134.125229692,3279.85758416268,121988.078938694,94453.1724295993,127356.492619023
45427.0977716175,3339.24291349101,122539.213887261,95490.8056395441,129355.707567465
45448.8108345775,3297.5831337864,118799.32629176,93386.0154506727,127233.869718238
44147.3856694417,3411.57494662022,111672.718248583,87044.2000590726,121441.265735666
42900.830306379,3927.43795020704,105373.845556549,82215.1475987946,113959.052137211
45769.2004077347,4483.32415430184,99230.0268532409,78406.7883948019,110460.711613733
46287.911593702,4738.86108421519,74869.6634062745,65241.4997092264,88685.3632398193
46954.0739010407,4687.79379860165,76833.0825905324,64411.4349038298,88715.7537116824
47337.6715465027,4346.14546879742,77569.7442138768,63520.2906241594,89118.0214404376
47176.922423082,4140.22147470409,75396.8516132919,61008.3917724145,86845.6406724577
45837.430479762,4040.31823642231,73373.5702719334,57836.4154685762,80917.9879428472
44871.724877541,3592.61982324716,69944.4390754158,55024.0915927063,80111.2661939479
43549.2746969761,3433.91493408532,65455.2323697639,52181.0314106122,77309.6190731264
42901.1890840995,3302.49004506934,63940.039895997,50455.075454103,75710.9854930988
42592.4237468373,3239.52535980294,62219.736464627,49170.2509090498,74792.4666635215
42274.1477149738,3299.13642566252,61578.8149036404,49468.2995687496,73234.590846701
41628.4069075143,3512.20525406722,61420.4145125237,51232.6709256775,74997.4235306267
42068.9075646182,3744.7076292922,87187.3275917435,71398.527092646,104997.160604379
45485.3382425132,3811.39048290405,99983.1888052948,80205.6484220437,112525.736890108
45094.3108435234,3609.61718374935,104171.110030838,83574.0070871791,117388.853110129
44186.9670603949,3390.05304361986,109791.175576544,88972.137813232,119601.413709047
44148.326542868,3166.08092174532,117956.23300937,92891.9785702512,125557.492354393
44492.3592255342,3223.6528777571,119140.218324335,94568.3124319508,126528.578562546
44876.5614702073,3266.41184170764,119998.208393347,95036.2431334784,126121.430431307
45134.125229692,3279.85758416268,121988.078938694,94453.1724295993,127356.492619023
45427.0977716175,3339.24291349101,122539.213887261,95490.8056395441,129355.707567465
45448.8108345775,3297.5831337864,118799.32629176,93386.0154506727,127233.869718238
44147.3856694417,3411.57494662022,111672.718248583,87044.2000590726,121441.265735666
42900.830306379,3927.43795020704,105373.845556549,82215.1475987946,113959.052137211
45769.2004077347,4483.32415430184,99230.0268532409,78406.7883948019,110460.711613733
46287.911593702,4738.86108421519,74869.6634062745,65241.4997092264,88685.3632398193
46954.0739010407,4687.79379860165,76833.0825905324,64411.4349038298,88715.7537116824
47337.6715465027,4346.14546879742,77569.7442138768,63520.2906241594,89118.0214404376
47176.922423082,4140.22147470409,75396.8516132919,61008.3917724145,86845.6406724577
45837.430479762,4040.31823642231,73373.5702719334,57836.4154685762,80917.9879428472
44871.724877541,3592.61982324716,69944.4390754158,55024.0915927063,80111.2661939479
43549.2746969761,3433.91493408532,65455.2323697639,52181.0314106122,77309.6190731264
42901.1890840995,3302.49004506934,63940.039895997,50455.075454103,75710.9854930988
42592.4237468373,3239.52535980294,62219.736464627,49170.2509090498,74792.4666635215
42274.1477149738,3299.13642566252,61578.8149036404,49468.2995687496,73234.590846701
41628.4069075143,3512.20525406722,61420.4145125237,51232.6709256775,74997.4235306267
42068.9075646182,3744.7076292922,87187.3275917435,71398.527092646,104997.160604379
45485.3382425132,3811.39048290405,99983.1888052948,80205.6484220437,112525.736890108
45094.3108435234,3609.61718374935,104171.110030838,83574.0070871791,117388.853110129
44186.9670603949,3390.05304361986,109791.175576544,88972.137813232,119601.413709047
44148.326542868,3166.08092174532,117956.23300937,92891.9785702512,125557.492354393
44492.3592255342,3223.6528777571,119140.218324335,94568.3124319508,126528.578562546
44876.5614702073,3266.41184170764,119998.208393347,95036.2431334784,126121.430431307
45134.125229692,3279.85758416268,121988.078938694,94453.1724295993,127356.492619023
45427.0977716175,3339.24291349101,122539.213887261,95490.8056395441,129355.707567465
45448.8108345775,3297.5831337864,118799.32629176,93386.0154506727,127233.869718238
44147.3856694417,3411.57494662022,111672.718248583,87044.2000590726,121441.265735666
42900.830306379,3927.43795020704,105373.845556549,82215.1475987946,113959.052137211
45769.2004077347,4483.32415430184,99230.0268532409,78406.7883948019,110460.711613733
46287.911593702,4738.86108421519,74869.6634062745,65241.4997092264,88685.3632398193
46954.0739010407,4687.79379860165,76833.0825905324,64411.4349038298,88715.7537116824
47337.6715465027,4346.14546879742,77569.7442138768,63520.2906241594,89118.0214404376
47176.922423082,4140.22147470409,75396.8516132919,61008.3917724145,86845.6406724577
45837.430479762,4040.31823642231,73373.5702719334,57836.4154685762,80917.9879428472
44871.724877541,3592.61982324716,69944.4390754158,55024.0915927063,80111.2661939479
43549.2746969761,3433.91493408532,65455.2323697639,52181.0314106122,77309.6190731264
42901.1890840995,3302.49004506934,63940.039895997,50455.075454103,75710.9854930988
42592.4237468373,3239.52535980294,62219.736464627,49170.2509090498,74792.4666635215
42274.1477149738,3299.13642566252,61578.8149036404,49468.2995687496,73234.590846701
41628.4069075143,3512.20525406722,61420.4145125237,51232.6709256775,74997.4235306267
42068.9075646182,3744.7076292922,87187.3275917435,71398.527092646,104997.160604379
45485.3382425132,3811.39048290405,99983.1888052948,80205.6484220437,112525.736890108
45094.3108435234,3609.61718374935,104171.110030838,83574.0070871791,117388.853110129
44186.9670603949,3390.05304361986,109791.175576544,88972.137813232,119601.413709047
44148.326542868,3166.08092174532,117956.23300937,92891.9785702512,125557.492354393
44492.3592255342,3223.6528777571,119140.218324335,94568.3124319508,126528.578562546
44876.5614702073,3266.41184170764,119998.208393347,95036.2431334784,126121.430431307
45134.125229692,3279.85758416268,121988.078938694,94453.1724295993,127356.492619023
45427.0977716175,3339.24291349101,122539.213887261,95490.8056395441,129355.707567465
45448.8108345775,3297.5831337864,118799.32629176,93386.0154506727,127233.869718238
44147.3856694417,3411.57494662022,111672.718248583,87044.2000590726,121441.265735666
42900.830306379,3927.43795020704,105373.845556549,82215.1475987946,113959.052137211
45769.2004077347,4483.32415430184,99230.0268532409,78406.7883948019,110460.711613733
46287.911593702,4738.86108421519,74869.6634062745,65241.4997092264,88685.3632398193
46954.0739010407,4687.79379860165,76833.0825905324,64411.4349038298,88715.7537116824
47337.6715465027,4346.14546879742,77569.7442138768,63520.2906241594,89118.0214404376
47176.922423082,4140.22147470409,75396.8516132919,61008.3917724145,86845.6406724577
45837.430479762,4040.31823642231,73373.5702719334,57836.4154685762,80917.9879428472
44871.724877541,3592.61982324716,69944.4390754158,55024.0915927063,80111.2661939479
43549.2746969761,3433.91493408532,65455.2323697639,52181.0314106122,77309.6190731264
42901.1890840995,3302.49004506934,63940.039895997,50455.075454103,75710.9854930988
42592.4237468373,3239.52535980294,62219.736464627,49170.2509090498,74792.4666635215
42274.1477149738,3299.13642566252,61578.8149036404,49468.2995687496,73234.590846701
41628.4069075143,3512.20525406722,61420.4145125237,51232.6709256775,74997.4235306267
42068.9075646182,3744.7076292922,87187.3275917435,71398.527092646,104997.160604379
45485.3382425132,3811.39048290405,99983.1888052948,80205.6484220437,112525.736890108
45094.3108435234,3609.61718374935,104171.110030838,83574.0070871791,117388.853110129
44186.9670603949,3390.05304361986,109791.175576544,88972.137813232,119601.413709047
44148.326542868,3166.08092174532,117956.23300937,92891.9785702512,125557.492354393
44492.3592255342,3223.6528777571,119140.218324335,94568.3124319508,126528.578562546
44876.5614702073,3266.41184170764,119998.208393347,95036.2431334784,126121.430431307
45134.125229692,3279.85758416268,121988.078938694,94453.1724295993,127356.492619023
45427.0977716175,3339.24291349101,122539.213887261,95490.8056395441,129355.707567465
45448.8108345775,3297.5831337864,118799.32629176,93386.0154506727,127233.869718238
44147.3856694417,3411.57494662022,111672.718248583,87044.2000590726,121441.265735666
42900.830306379,3927.43795020704,105373.845556549,82215.1475987946,113959.052137211
45769.2004077347,4483.32415430184,99230.0268532409,78406.7883948019,110460.711613733
46287.911593702,4738.86108421519,74869.6634062745,65241.4997092264,88685.3632398193
46954.0739010407,4687.79379860165,76833.0825905324,64411.4349038298,88715.7537116824
47337.6715465027,4346.14546879742,77569.7442138768,63520.2906241594,89118.0214404376
47176.922423082,4140.22147470409,75396.8516132919,61008.3917724145,86845.6406724577
45837.430479762,4040.31823642231,73373.5702719334,57836.4154685762,80917.9879428472
44871.724877541,3592.61982324716,69944.4390754158,55024.0915927063,80111.2661939479
43549.2746969761,3433.91493408532,65455.2323697639,52181.0314106122,77309.6190731264
42901.1890840995,3302.49004506934,63940.039895997,50455.075454103,75710.9854930988
42592.4237468373,3239.52535980294,62219.736464627,49170.2509090498,74792.4666635215
42274.1477149738,3299.13642566252,61578.8149036404,49468.2995687496,73234.590846701
41628.4069075143,3512.20525406722,61420.4145125237,51232.6709256775,74997.4235306267
42068.9075646182,3744.7076292922,87187.3275917435,71398.527092646,104997.160604379
45485.3382425132,3811.39048290405,99983.1888052948,80205.6484220437,112525.736890108
45094.3108435234,3609.61718374935,104171.110030838,83574.0070871791,117388.853110129
44186.9670603949,3390.05304361986,109791.175576544,88972.137813232,119601.413709047
44148.326542868,3166.08092174532,117956.23300937,92891.9785702512,125557.492354393
44492.3592255342,3223.6528777571,119140.218324335,94568.3124319508,126528.578562546
44876.5614702073,3266.41184170764,119998.208393347,95036.2431334784,126121.430431307
45134.125229692,3279.85758416268,121988.078938694,94453.1724295993,127356.492619023
45427.0977716175,3339.24291349101,122539.213887261,95490.8056395441,129355.707567465
45448.8108345775,3297.5831337864,118799.32629176,93386.0154506727,127233.869718238
44147.3856694417,3411.57494662022,111672.718248583,87044.2000590726,121441.265735666
42900.830306379,3927.43795020704,105373.845556549,82215.1475987946,113959.052137211
45769.2004077347,4483.32415430184,99230.0268532409,78406.7883948019,110460.711613733
46287.911593702,4738.86108421519,74869.6634062745,65241.4997092264,88685.3632398193
46954.0739010407,4687.79379860165,76833.0825905324,64411.4349038298,88715.7537116824
47337.6715465027,4346.14546879742,77569.7442138768,63520.2906241594,89118.0214404376
47176.922423082,4140.22147470409,75396.8516132919,61008.3917724145,86845.6406724577
45837.430479762,4040.31823642231,73373.5702719334,57836.4154685762,80917.9879428472
44871.724877541,3592.61982324716,69944.4390754158,55024.0915927063,80111.2661939479
43549.2746969761,3433.91493408532,65455.2323697639,52181.0314106122,77309.6190731264
42901.1890840995,3302.49004506934,63940.039895997,50455.075454103,75710.9854930988
42592.4237468373,3239.52535980294,62219.736464627,49170.2509090498,74792.4666635215
42274.1477149738,3299.13642566252,61578.8149036404,49468.2995687496,73234.590846701
41628.4069075143,3512.20525406722,61420.4145125237,51232.6709256775,74997.4235306267
42068.9075646182,3744.7076292922,87187.3275917435,71398.527092646,104997.160604379
45485.3382425132,3811.39048290405,99983.1888052948,80205.6484220437,112525.736890108
45094.3108435234,3609.61718374935,104171.110030838,83574.0070871791,117388.853110129
44186.9670603949,3390.05304361986,109791.175576544,88972.137813232,119601.413709047
44148.326542868,3166.08092174532,117956.23300937,92891.9785702512,125557.492354393
44492.3592255342,3223.6528777571,119140.218324335,94568.3124319508,126528.578562546
44876.5614702073,3266.41184170764,119998.208393347,95036.2431334784,126121.430431307
45134.125229692,3279.85758416268,121988.078938694,94453.1724295993,127356.492619023
45427.0977716175,3339.24291349101,122539.213887261,95490.8056395441,129355.707567465
45448.8108345775,3297.5831337864,118799.32629176,93386.0154506727,127233.869718238
44147.3856694417,3411.57494662022,111672.718248583,87044.2000590726,121441.265735666
42900.830306379,3927.43795020704,105373.845556549,82215.1475987946,113959.052137211
45769.2004077347,4483.32415430184,99230.0268532409,78406.7883948019,110460.711613733
46287.911593702,4738.86108421519,74869.6634062745,65241.4997092264,88685.3632398193
46954.0739010407,4687.79379860165,76833.0825905324,64411.4349038298,88715.7537116824
47337.6715465027,4346.14546879742,77569.7442138768,63520.2906241594,89118.0214404376
47176.922423082,4140.22147470409,75396.8516132919,61008.3917724145,86845.6406724577
45837.430479762,4040.31823642231,73373.5702719334,57836.4154685762,80917.9879428472
44871.724877541,3592.61982324716,69944.4390754158,55024.0915927063,80111.2661939479
43549.2746969761,3433.91493408532,65455.2323697639,52181.0314106122,77309.6190731264
42901.1890840995,3302.49004506934,63940.039895997,50455.075454103,75710.9854930988
42592.4237468373,3239.52535980294,62219.736464627,49170.2509090498,74792.4666635215
42274.1477149738,3299.13642566252,61578.8149036404,49468.2995687496,73234.590846701
41628.4069075143,3512.20525406722,61420.4145125237,51232.6709256775,74997.4235306267
42068.9075646182,3744.7076292922,87187.3275917435,71398.527092646,104997.160604379
45485.3382425132,3811.39048290405,99983.1888052948,80205.6484220437,112525.736890108
45094.3108435234,3609.61718374935,104171.110030838,83574.0070871791,117388.853110129
44186.9670603949,3390.05304361986,109791.175576544,88972.137813232,119601.413709047
44148.326542868,3166.08092174532,117956.23300937,92891.9785702512,125557.492354393
44492.3592255342,3223.6528777571,119140.218324335,94568.3124319508,126528.578562546
44876.5614702073,3266.41184170764,119998.208393347,95036.2431334784,126121.430431307
45134.125229692,3279.85758416268,121988.078938694,94453.1724295993,127356.492619023
45427.0977716175,3339.24291349101,122539.213887261,95490.8056395441,129355.707567465
45448.8108345775,3297.5831337864,118799.32629176,93386.0154506727,127233.869718238
44147.3856694417,3411.57494662022,111672.718248583,87044.2000590726,121441.265735666
42900.830306379,3927.43795020704,105373.845556549,82215.1475987946,113959.052137211
45769.2004077347,4483.32415430184,99230.0268532409,78406.7883948019,110460.711613733
46287.911593702,4738.86108421519,74869.6634062745,65241.4997092264,88685.3632398193
46954.0739010407,4687.79379860165,76833.0825905324,64411.4349038298,88715.7537116824
47337.6715465027,4346.14546879742,77569.7442138768,63520.2906241594,89118.0214404376
47176.922423082,4140.22147470409,75396.8516132919,61008.3917724145,86845.6406724577
45837.430479762,4040.31823642231,73373.5702719334,57836.4154685762,80917.9879428472
44871.724877541,3592.61982324716,69944.4390754158,55024.0915927063,80111.2661939479
43549.2746969761,3433.91493408532,65455.2323697639,52181.0314106122,77309.6190731264
42901.1890840995,3302.49004506934,63940.039895997,50455.075454103,75710.9854930988
42592.4237468373,3239.52535980294,62219.736464627,49170.2509090498,74792.4666635215
42274.1477149738,3299.13642566252,61578.8149036404,49468.2995687496,73234.590846701
41628.4069075143,3512.20525406722,61420.4145125237,51232.6709256775,74997.4235306267
42068.9075646182,3744.7076292922,87187.3275917435,71398.527092646,104997.160604379
45485.3382425132,3811.39048290405,99983.1888052948,80205.6484220437,112525.736890108
45094.3108435234,3609.61718374935,104171.110030838,83574.0070871791,117388.853110129
44186.9670603949,3390.05304361986,109791.175576544,88972.137813232,119601.413709047
44148.326542868,3166.08092174532,117956.23300937,92891.9785702512,125557.492354393
44492.3592255342,3223.6528777571,119140.218324335,94568.3124319508,126528.578562546
44876.5614702073,3266.41184170764,119998.208393347,95036.2431334784,126121.430431307
45134.125229692,3279.85758416268,121988.078938694,94453.1724295993,127356.492619023
45427.0977716175,3339.24291349101,122539.213887261,95490.8056395441,129355.707567465
45448.8108345775,3297.5831337864,118799.32629176,93386.0154506727,127233.869718238
44147.3856694417,3411.57494662022,111672.718248583,87044.2000590726,121441.265735666
42900.830306379,3927.43795020704,105373.845556549,82215.1475987946,113959.052137211
45769.2004077347,4483.32415430184,99230.0268532409,78406.7883948019,110460.711613733
46287.911593702,4738.86108421519,74869.6634062745,65241.4997092264,88685.3632398193
46954.0739010407,4687.79379860165,76833.0825905324,64411.4349038298,88715.7537116824
47337.6715465027,4346.14546879742,77569.7442138768,63520.2906241594,89118.0214404376
47176.922423082,4140.22147470409,75396.8516132919,61008.3917724145,86845.6406724577
45837.430479762,4040.31823642231,73373.5702719334,57836.4154685762,80917.9879428472
44871.724877541,3592.61982324716,69944.4390754158,55024.0915927063,80111.2661939479
43549.2746969761,3433.91493408532,65455.2323697639,52181.0314106122,77309.6190731264
42901.1890840995,3302.49004506934,63940.039895997,50455.075454103,75710.9854930988
42592.4237468373,3239.52535980294,62219.736464627,49170.2509090498,74792.4666635215
42274.1477149738,3299.13642566252,61578.8149036404,49468.2995687496,73234.590846701
41628.4069075143,3512.20525406722,61420.4145125237,51232.6709256775,74997.4235306267
42068.9075646182,3744.7076292922,87187.3275917435,71398.527092646,104997.160604379
45485.3382425132,3811.39048290405,99983.1888052948,80205.6484220437,112525.736890108
45094.3108435234,3609.61718374935,104171.110030838,83574.0070871791,117388.853110129
44186.9670603949,3390.05304361986,109791.175576544,88972.137813232,119601.413709047
44148.326542868,3166.08092174532,117956.23300937,92891.9785702512,125557.492354393
44492.3592255342,3223.6528777571,119140.218324335,94568.3124319508,126528.578562546
44876.5614702073,3266.41184170764,119998.208393347,95036.2431334784,126121.430431307
45134.125229692,3279.85758416268,121988.078938694,94453.1724295993,127356.492619023
45427.0977716175,3339.24291349101,122539.213887261,95490.8056395441,129355.707567465
45448.8108345775,3297.5831337864,118799.32629176,93386.0154506727,127233.869718238
44147.3856694417,3411.57494662022,111672.718248583,87044.2000590726,121441.265735666
42900.830306379,3927.43795020704,105373.845556549,82215.1475987946,113959.052137211
45769.2004077347,4483.32415430184,99230.0268532409,78406.7883948019,110460.711613733
46287.911593702,4738.86108421519,74869.6634062745,65241.4997092264,88685.3632398193
46954.0739010407,4687.79379860165,76833.0825905324,64411.4349038298,88715.7537116824
47337.6715465027,4346.14546879742,77569.7442138768,63520.2906241594,89118.0214404376
47176.922423082,4140.22147470409,75396.8516132919,61008.3917724145,86845.6406724577
45837.430479762,4040.31823642231,73373.5702719334,57836.4154685762,80917.9879428472
44871.724877541,3592.61982324716,69944.4390754158,55024.0915927063,80111.2661939479
43549.2746969761,3433.91493408532,65455.2323697639,52181.0314106122,77309.6190731264
42901.1890840995,3302.49004506934,63940.039895997,50455.075454103,75710.9854930988
42592.4237468373,3239.52535980294,62219.736464627,49170.2509090498,74792.4666635215
42274.1477149738,3299.13642566252,61578.8149036404,49468.2995687496,73234.590846701
41628.4069075143,3512.20525406722,61420.4145125237,51232.6709256775,74997.4235306267
42068.9075646182,3744.7076292922,87187.3275917435,71398.527092646,104997.160604379
45485.3382425132,3811.39048290405,99983.1888052948,80205.6484220437,112525.736890108
45094.3108435234,3609.61718374935,104171.110030838,83574.0070871791,117388.853110129
44186.9670603949,3390.05304361986,109791.175576544,88972.137813232,119601.413709047
44148.326542868,3166.08092174532,117956.23300937,92891.9785702512,125557.492354393
44492.3592255342,3223.6528777571,119140.218324335,94568.3124319508,126528.578562546
44876.5614702073,3266.41184170764,119998.208393347,95036.2431334784,126121.430431307
45134.125229692,3279.85758416268,121988.078938694,94453.1724295993,127356.492619023
45427.0977716175,3339.24291349101,122539.213887261,95490.8056395441,129355.707567465
45448.8108345775,3297.5831337864,118799.32629176,93386.0154506727,127233.869718238
44147.3856694417,3411.57494662022,111672.718248583,87044.2000590726,121441.265735666
42900.830306379,3927.43795020704,105373.845556549,82215.1475987946,113959.052137211
45769.2004077347,4483.32415430184,99230.0268532409,78406.7883948019,110460.711613733
46287.911593702,4738.86108421519,74869.6634062745,65241.4997092264,88685.3632398193
46954.0739010407,4687.79379860165,76833.0825905324,64411.4349038298,88715.7537116824
47337.6715465027,4346.14546879742,77569.7442138768,63520.2906241594,89118.0214404376
47176.922423082,4140.22147470409,75396.8516132919,61008.3917724145,86845.6406724577
45837.430479762,4040.31823642231,73373.5702719334,57836.4154685762,80917.9879428472
44871.724877541,3592.61982324716,69944.4390754158,55024.0915927063,80111.2661939479
43549.2746969761,3433.91493408532,65455.2323697639,52181.0314106122,77309.6190731264
42901.1890840995,3302.49004506934,63940.039895997,50455.075454103,75710.9854930988
42592.4237468373,3239.52535980294,62219.736464627,49170.2509090498,74792.4666635215
42274.1477149738,3299.13642566252,61578.8149036404,49468.2995687496,73234.590846701
41628.4069075143,3512.20525406722,61420.4145125237,51232.6709256775,74997.4235306267
42068.9075646182,3744.7076292922,87187.3275917435,71398.527092646,104997.160604379
45485.3382425132,3811.39048290405,99983.1888052948,80205.6484220437,112525.736890108
45094.3108435234,3609.61718374935,104171.110030838,83574.0070871791,117388.853110129
44186.9670603949,3390.05304361986,109791.175576544,88972.137813232,119601.413709047
44148.326542868,3166.08092174532,117956.23300937,92891.9785702512,125557.492354393
44492.3592255342,3223.6528777571,119140.218324335,94568.3124319508,126528.578562546
44876.5614702073,3266.41184170764,119998.208393347,95036.2431334784,126121.430431307
45134.125229692,3279.85758416268,121988.078938694,94453.1724295993,127356.492619023
45427.0977716175,3339.24291349101,122539.213887261,95490.8056395441,129355.707567465
45448.8108345775,3297.5831337864,118799.32629176,93386.0154506727,127233.869718238
44147.3856694417,3411.57494662022,111672.718248583,87044.2000590726,121441.265735666
42900.830306379,3927.43795020704,105373.845556549,82215.1475987946,113959.052137211
45769.2004077347,4483.32415430184,99230.0268532409,78406.7883948019,110460.711613733
46287.911593702,4738.86108421519,74869.6634062745,65241.4997092264,88685.3632398193
46954.0739010407,4687.79379860165,76833.0825905324,64411.4349038298,88715.7537116824
47337.6715465027,4346.14546879742,77569.7442138768,63520.2906241594,89118.0214404376
47176.922423082,4140.22147470409,75396.8516132919,61008.3917724145,86845.6406724577
45837.430479762,4040.31823642231,73373.5702719334,57836.4154685762,80917.9879428472
44871.724877541,3592.61982324716,69944.4390754158,55024.0915927063,80111.2661939479
43549.2746969761,3433.91493408532,65455.2323697639,52181.0314106122,77309.6190731264
42901.1890840995,3302.49004506934,63940.039895997,50455.075454103,75710.9854930988
42592.4237468373,3239.52535980294,62219.736464627,49170.2509090498,74792.4666635215
42274.1477149738,3299.13642566252,61578.8149036404,49468.2995687496,73234.590846701
41628.4069075143,3512.20525406722,61420.4145125237,51232.6709256775,74997.4235306267
42068.9075646182,3744.7076292922,87187.3275917435,71398.527092646,104997.160604379
45485.3382425132,3811.39048290405,99983.1888052948,80205.6484220437,112525.736890108
45094.3108435234,3609.61718374935,104171.110030838,83574.0070871791,117388.853110129
44186.9670603949,3390.05304361986,109791.175576544,88972.137813232,119601.413709047
44148.326542868,3166.08092174532,117956.23300937,92891.9785702512,125557.492354393
44492.3592255342,3223.6528777571,119140.218324335,94568.3124319508,126528.578562546
44876.5614702073,3266.41184170764,119998.208393347,95036.2431334784,126121.430431307
45134.125229692,3279.85758416268,121988.078938694,94453.1724295993,127356.492619023
45427.0977716175,3339.24291349101,122539.213887261,95490.8056395441,129355.707567465
45448.8108345775,3297.5831337864,118799.32629176,93386.0154506727,127233.869718238
44147.3856694417,3411.57494662022,111672.718248583,87044.2000590726,121441.265735666
42900.830306379,3927.43795020704,105373.845556549,82215.1475987946,113959.052137211
45769.2004077347,4483.32415430184,99230.0268532409,78406.7883948019,110460.711613733
46287.911593702,4738.86108421519,74869.6634062745,65241.4997092264,88685.3632398193
46954.0739010407,4687.79379860165,76833.0825905324,64411.4349038298,88715.7537116824
47337.6715465027,4346.14546879742,77569.7442138768,63520.2906241594,89118.0214404376
47176.922423082,4140.22147470409,75396.8516132919,61008.3917724145,86845.6406724577
45837.430479762,4040.31823642231,73373.5702719334,57836.4154685762,80917.9879428472
44871.724877541,3592.61982324716,69944.4390754158,55024.0915927063,80111.2661939479
43549.2746969761,3433.91493408532,65455.2323697639,52181.0314106122,77309.6190731264
42901.1890840995,3302.49004506934,63940.039895997,50455.075454103,75710.9854930988
42592.4237468373,3239.52535980294,62219.736464627,49170.2509090498,74792.4666635215
42274.1477149738,3299.13642566252,61578.8149036404,49468.2995687496,73234.590846701
41628.4069075143,3512.20525406722,61420.4145125237,51232.6709256775,74997.4235306267
42068.9075646182,3744.7076292922,87187.3275917435,71398.527092646,104997.160604379
45485.3382425132,3811.39048290405,99983.1888052948,80205.6484220437,112525.736890108
45094.3108435234,3609.61718374935,104171.110030838,83574.0070871791,117388.853110129
44186.9670603949,3390.05304361986,109791.175576544,88972.137813232,119601.413709047
44148.326542868,3166.08092174532,117956.23300937,92891.9785702512,125557.492354393
44492.3592255342,3223.6528777571,119140.218324335,94568.3124319508,126528.578562546
44876.5614702073,3266.41184170764,119998.208393347,95036.2431334784,126121.430431307
45134.125229692,3279.85758416268,121988.078938694,94453.1724295993,127356.492619023
45427.0977716175,3339.24291349101,122539.213887261,95490.8056395441,129355.707567465
45448.8108345775,3297.5831337864,118799.32629176,93386.0154506727,127233.869718238
44147.3856694417,3411.57494662022,111672.718248583,87044.2000590726,121441.265735666
42900.830306379,3927.43795020704,105373.845556549,82215.1475987946,113959.052137211
45769.2004077347,4483.32415430184,99230.0268532409,78406.7883948019,110460.711613733
46287.911593702,4738.86108421519,74869.6634062745,65241.4997092264,88685.3632398193
46954.0739010407,4687.79379860165,76833.0825905324,64411.4349038298,88715.7537116824
47337.6715465027,4346.14546879742,77569.7442138768,63520.2906241594,89118.0214404376
47176.922423082,4140.22147470409,75396.8516132919,61008.3917724145,86845.6406724577
45837.430479762,4040.31823642231,73373.5702719334,57836.4154685762,80917.9879428472
44871.724877541,3592.61982324716,69944.4390754158,55024.0915927063,80111.2661939479
43549.2746969761,3433.91493408532,65455.2323697639,52181.0314106122,77309.6190731264
42901.1890840995,3302.49004506934,63940.039895997,50455.075454103,75710.9854930988
42592.4237468373,3239.52535980294,62219.736464627,49170.2509090498,74792.4666635215
42274.1477149738,3299.13642566252,61578.8149036404,49468.2995687496,73234.590846701
41628.4069075143,3512.20525406722,61420.4145125237,51232.6709256775,74997.4235306267
42068.9075646182,3744.7076292922,87187.3275917435,71398.527092646,104997.160604379
45485.3382425132,3811.39048290405,99983.1888052948,80205.6484220437,112525.736890108
45094.3108435234,3609.61718374935,104171.110030838,83574.0070871791,117388.853110129
44186.9670603949,3390.05304361986,109791.175576544,88972.137813232,119601.413709047
44148.326542868,3166.08092174532,117956.23300937,92891.9785702512,125557.492354393
44492.3592255342,3223.6528777571,119140.218324335,94568.3124319508,126528.578562546
44876.5614702073,3266.41184170764,119998.208393347,95036.2431334784,126121.430431307
45134.125229692,3279.85758416268,121988.078938694,94453.1724295993,127356.492619023
45427.0977716175,3339.24291349101,122539.213887261,95490.8056395441,129355.707567465
45448.8108345775,3297.5831337864,118799.32629176,93386.0154506727,127233.869718238
44147.3856694417,3411.57494662022,111672.718248583,87044.2000590726,121441.265735666
42900.830306379,3927.43795020704,105373.845556549,82215.1475987946,113959.052137211
45769.2004077347,4483.32415430184,99230.0268532409,78406.7883948019,110460.711613733
46287.911593702,4738.86108421519,74869.6634062745,65241.4997092264,88685.3632398193
46954.0739010407,4687.79379860165,76833.0825905324,64411.4349038298,88715.7537116824
47337.6715465027,4346.14546879742,77569.7442138768,63520.2906241594,89118.0214404376
47176.922423082,4140.22147470409,75396.8516132919,61008.3917724145,86845.6406724577
45837.430479762,4040.31823642231,73373.5702719334,57836.4154685762,80917.9879428472
44871.724877541,3592.61982324716,69944.4390754158,55024.0915927063,80111.2661939479
43549.2746969761,3433.91493408532,65455.2323697639,52181.0314106122,77309.6190731264
42901.1890840995,3302.49004506934,63940.039895997,50455.075454103,75710.9854930988
42592.4237468373,3239.52535980294,62219.736464627,49170.2509090498,74792.4666635215
42274.1477149738,3299.13642566252,61578.8149036404,49468.2995687496,73234.590846701
41628.4069075143,3512.20525406722,61420.4145125237,51232.6709256775,74997.4235306267
42068.9075646182,3744.7076292922,87187.3275917435,71398.527092646,104997.160604379
45485.3382425132,3811.39048290405,99983.1888052948,80205.6484220437,112525.736890108
45094.3108435234,3609.61718374935,104171.110030838,83574.0070871791,117388.853110129
44186.9670603949,3390.05304361986,109791.175576544,88972.137813232,119601.413709047
44148.326542868,3166.08092174532,117956.23300937,92891.9785702512,125557.492354393
44492.3592255342,3223.6528777571,119140.218324335,94568.3124319508,126528.578562546
44876.5614702073,3266.41184170764,119998.208393347,95036.2431334784,126121.430431307
45134.125229692,3279.85758416268,121988.078938694,94453.1724295993,127356.492619023
45427.0977716175,3339.24291349101,122539.213887261,95490.8056395441,129355.707567465
45448.8108345775,3297.5831337864,118799.32629176,93386.0154506727,127233.869718238
44147.3856694417,3411.57494662022,111672.718248583,87044.2000590726,121441.265735666
42900.830306379,3927.43795020704,105373.845556549,82215.1475987946,113959.052137211
45769.2004077347,4483.32415430184,99230.0268532409,78406.7883948019,110460.711613733
46287.911593702,4738.86108421519,74869.6634062745,65241.4997092264,88685.3632398193
46954.0739010407,4687.79379860165,76833.0825905324,64411.4349038298,88715.7537116824
47337.6715465027,4346.14546879742,77569.7442138768,63520.2906241594,89118.0214404376
47176.922423082,4140.22147470409,75396.8516132919,61008.3917724145,86845.6406724577
45837.430479762,4040.31823642231,73373.5702719334,57836.4154685762,80917.9879428472
44871.724877541,3592.61982324716,69944.4390754158,55024.0915927063,80111.2661939479
43549.2746969761,3433.91493408532,65455.2323697639,52181.0314106122,77309.6190731264
42901.1890840995,3302.49004506934,63940.039895997,50455.075454103,75710.9854930988
42592.4237468373,3239.52535980294,62219.736464627,49170.2509090498,74792.4666635215
42274.1477149738,3299.13642566252,61578.8149036404,49468.2995687496,73234.590846701
41628.4069075143,3512.20525406722,61420.4145125237,51232.6709256775,74997.4235306267
42068.9075646182,3744.7076292922,87187.3275917435,71398.527092646,104997.160604379
45485.3382425132,3811.39048290405,99983.1888052948,80205.6484220437,112525.736890108
45094.3108435234,3609.61718374935,104171.110030838,83574.0070871791,117388.853110129
44186.9670603949,3390.05304361986,109791.175576544,88972.137813232,119601.413709047
44148.326542868,3166.08092174532,117956.23300937,92891.9785702512,125557.492354393
44492.3592255342,3223.6528777571,119140.218324335,94568.3124319508,126528.578562546
44876.5614702073,3266.41184170764,119998.208393347,95036.2431334784,126121.430431307
45134.125229692,3279.85758416268,121988.078938694,94453.1724295993,127356.492619023
45427.0977716175,3339.24291349101,122539.213887261,95490.8056395441,129355.707567465
45448.8108345775,3297.5831337864,118799.32629176,93386.0154506727,127233.869718238
44147.3856694417,3411.57494662022,111672.718248583,87044.2000590726,121441.265735666
42900.830306379,3927.43795020704,105373.845556549,82215.1475987946,113959.052137211
45769.2004077347,4483.32415430184,99230.0268532409,78406.7883948019,110460.711613733
46287.911593702,4738.86108421519,74869.6634062745,65241.4997092264,88685.3632398193
46954.0739010407,4687.79379860165,76833.0825905324,64411.4349038298,88715.7537116824
47337.6715465027,4346.14546879742,77569.7442138768,63520.2906241594,89118.0214404376
47176.922423082,4140.22147470409,75396.8516132919,61008.3917724145,86845.6406724577
45837.430479762,4040.31823642231,73373.5702719334,57836.4154685762,80917.9879428472
44871.724877541,3592.61982324716,69944.4390754158,55024.0915927063,80111.2661939479
43549.2746969761,3433.91493408532,65455.2323697639,52181.0314106122,77309.6190731264
42901.1890840995,3302.49004506934,63940.039895997,50455.075454103,75710.9854930988
42592.4237468373,3239.52535980294,62219.736464627,49170.2509090498,74792.4666635215
42274.1477149738,3299.13642566252,61578.8149036404,49468.2995687496,73234.590846701
41628.4069075143,3512.20525406722,61420.4145125237,51232.6709256775,74997.4235306267
42068.9075646182,3744.7076292922,87187.3275917435,71398.527092646,104997.160604379
45485.3382425132,3811.39048290405,99983.1888052948,80205.6484220437,112525.736890108
45094.3108435234,3609.61718374935,104171.110030838,83574.0070871791,117388.853110129
44186.9670603949,3390.05304361986,109791.175576544,88972.137813232,119601.413709047
44148.326542868,3166.08092174532,117956.23300937,92891.9785702512,125557.492354393
44492.3592255342,3223.6528777571,119140.218324335,94568.3124319508,126528.578562546
44876.5614702073,3266.41184170764,119998.208393347,95036.2431334784,126121.430431307
45134.125229692,3279.85758416268,121988.078938694,94453.1724295993,127356.492619023
45427.0977716175,3339.24291349101,122539.213887261,95490.8056395441,129355.707567465
45448.8108345775,3297.5831337864,118799.32629176,93386.0154506727,127233.869718238
44147.3856694417,3411.57494662022,111672.718248583,87044.2000590726,121441.265735666
42900.830306379,3927.43795020704,105373.845556549,82215.1475987946,113959.052137211
45769.2004077347,4483.32415430184,99230.0268532409,78406.7883948019,110460.711613733
46287.911593702,4738.86108421519,74869.6634062745,65241.4997092264,88685.3632398193
46954.0739010407,4687.79379860165,76833.0825905324,64411.4349038298,88715.7537116824
47337.6715465027,4346.14546879742,77569.7442138768,63520.2906241594,89118.0214404376
47176.922423082,4140.22147470409,75396.8516132919,61008.3917724145,86845.6406724577
45837.430479762,4040.31823642231,73373.5702719334,57836.4154685762,80917.9879428472
44871.724877541,3592.61982324716,69944.4390754158,55024.0915927063,80111.2661939479
43549.2746969761,3433.91493408532,65455.2323697639,52181.0314106122,77309.6190731264
42901.1890840995,3302.49004506934,63940.039895997,50455.075454103,75710.9854930988
42592.4237468373,3239.52535980294,62219.736464627,49170.2509090498,74792.4666635215
42274.1477149738,3299.13642566252,61578.8149036404,49468.2995687496,73234.590846701
41628.4069075143,3512.20525406722,61420.4145125237,51232.6709256775,74997.4235306267
42068.9075646182,3744.7076292922,87187.3275917435,71398.527092646,104997.160604379
45485.3382425132,3811.39048290405,99983.1888052948,80205.6484220437,112525.736890108
45094.3108435234,3609.61718374935,104171.110030838,83574.0070871791,117388.853110129
44186.9670603949,3390.05304361986,109791.175576544,88972.137813232,119601.413709047
44148.326542868,3166.08092174532,117956.23300937,92891.9785702512,125557.492354393
44492.3592255342,3223.6528777571,119140.218324335,94568.3124319508,126528.578562546
44876.5614702073,3266.41184170764,119998.208393347,95036.2431334784,126121.430431307
45134.125229692,3279.85758416268,121988.078938694,94453.1724295993,127356.492619023
45427.0977716175,3339.24291349101,122539.213887261,95490.8056395441,129355.707567465
45448.8108345775,3297.5831337864,118799.32629176,93386.0154506727,127233.869718238
44147.3856694417,3411.57494662022,111672.718248583,87044.2000590726,121441.265735666
42900.830306379,3927.43795020704,105373.845556549,82215.1475987946,113959.052137211
45769.2004077347,4483.32415430184,99230.0268532409,78406.7883948019,110460.711613733
46287.911593702,4738.86108421519,74869.6634062745,65241.4997092264,88685.3632398193
46954.0739010407,4687.79379860165,76833.0825905324,64411.4349038298,88715.7537116824
47337.6715465027,4346.14546879742,77569.7442138768,63520.2906241594,89118.0214404376
47176.922423082,4140.22147470409,75396.8516132919,61008.3917724145,86845.6406724577
45837.430479762,4040.31823642231,73373.5702719334,57836.4154685762,80917.9879428472
44871.724877541,3592.61982324716,69944.4390754158,55024.0915927063,80111.2661939479
43549.2746969761,3433.91493408532,65455.2323697639,52181.0314106122,77309.6190731264
42901.1890840995,3302.49004506934,63940.039895997,50455.075454103,75710.9854930988
42592.4237468373,3239.52535980294,62219.736464627,49170.2509090498,74792.4666635215
42274.1477149738,3299.13642566252,61578.8149036404,49468.2995687496,73234.590846701
41628.4069075143,3512.20525406722,61420.4145125237,51232.6709256775,74997.4235306267
42068.9075646182,3744.7076292922,87187.3275917435,71398.527092646,104997.160604379
45485.3382425132,3811.39048290405,99983.1888052948,80205.6484220437,112525.736890108
45094.3108435234,3609.61718374935,104171.110030838,83574.0070871791,117388.853110129
44186.9670603949,3390.05304361986,109791.175576544,88972.137813232,119601.413709047
44148.326542868,3166.08092174532,117956.23300937,92891.9785702512,125557.492354393
44492.3592255342,3223.6528777571,119140.218324335,94568.3124319508,126528.578562546
44876.5614702073,3266.41184170764,119998.208393347,95036.2431334784,126121.430431307
45134.125229692,3279.85758416268,121988.078938694,94453.1724295993,127356.492619023
45427.0977716175,3339.24291349101,122539.213887261,95490.8056395441,129355.707567465
45448.8108345775,3297.5831337864,118799.32629176,93386.0154506727,127233.869718238
44147.3856694417,3411.57494662022,111672.718248583,87044.2000590726,121441.265735666
42900.830306379,3927.43795020704,105373.845556549,82215.1475987946,113959.052137211
45769.2004077347,4483.32415430184,99230.0268532409,78406.7883948019,110460.711613733
46287.911593702,4738.86108421519,74869.6634062745,65241.4997092264,88685.3632398193
46954.0739010407,4687.79379860165,76833.0825905324,64411.4349038298,88715.7537116824
47337.6715465027,4346.14546879742,77569.7442138768,63520.2906241594,89118.0214404376
47176.922423082,4140.22147470409,75396.8516132919,61008.3917724145,86845.6406724577
45837.430479762,4040.31823642231,73373.5702719334,57836.4154685762,80917.9879428472
44871.724877541,3592.61982324716,69944.4390754158,55024.0915927063,80111.2661939479
43549.2746969761,3433.91493408532,65455.2323697639,52181.0314106122,77309.6190731264
42901.1890840995,3302.49004506934,63940.039895997,50455.075454103,75710.9854930988
42592.4237468373,3239.52535980294,62219.736464627,49170.2509090498,74792.4666635215
42274.1477149738,3299.13642566252,61578.8149036404,49468.2995687496,73234.590846701
41628.4069075143,3512.20525406722,61420.4145125237,51232.6709256775,74997.4235306267
42068.9075646182,3744.7076292922,87187.3275917435,71398.527092646,104997.160604379
45485.3382425132,3811.39048290405,99983.1888052948,80205.6484220437,112525.736890108
45094.3108435234,3609.61718374935,104171.110030838,83574.0070871791,117388.853110129
44186.9670603949,3390.05304361986,109791.175576544,88972.137813232,119601.413709047
44148.326542868,3166.08092174532,117956.23300937,92891.9785702512,125557.492354393
44492.3592255342,3223.6528777571,119140.218324335,94568.3124319508,126528.578562546
44876.5614702073,3266.41184170764,119998.208393347,95036.2431334784,126121.430431307
45134.125229692,3279.85758416268,121988.078938694,94453.1724295993,127356.492619023
45427.0977716175,3339.24291349101,122539.213887261,95490.8056395441,129355.707567465
45448.8108345775,3297.5831337864,118799.32629176,93386.0154506727,127233.869718238
44147.3856694417,3411.57494662022,111672.718248583,87044.2000590726,121441.265735666
42900.830306379,3927.43795020704,105373.845556549,82215.1475987946,113959.052137211
45769.2004077347,4483.32415430184,99230.0268532409,78406.7883948019,110460.711613733
46287.911593702,4738.86108421519,74869.6634062745,65241.4997092264,88685.3632398193
46954.0739010407,4687.79379860165,76833.0825905324,64411.4349038298,88715.7537116824
47337.6715465027,4346.14546879742,77569.7442138768,63520.2906241594,89118.0214404376
47176.922423082,4140.22147470409,75396.8516132919,61008.3917724145,86845.6406724577
45837.430479762,4040.31823642231,73373.5702719334,57836.4154685762,80917.9879428472
44871.724877541,3592.61982324716,69944.4390754158,55024.0915927063,80111.2661939479
43549.2746969761,3433.91493408532,65455.2323697639,52181.0314106122,77309.6190731264
42901.1890840995,3302.49004506934,63940.039895997,50455.075454103,75710.9854930988
42592.4237468373,3239.52535980294,62219.736464627,49170.2509090498,74792.4666635215
42274.1477149738,3299.13642566252,61578.8149036404,49468.2995687496,73234.590846701
41628.4069075143,3512.20525406722,61420.4145125237,51232.6709256775,74997.4235306267
42068.9075646182,3744.7076292922,87187.3275917435,71398.527092646,104997.160604379
45485.3382425132,3811.39048290405,99983.1888052948,80205.6484220437,112525.736890108
45094.3108435234,3609.61718374935,104171.110030838,83574.0070871791,117388.853110129
44186.9670603949,3390.05304361986,109791.175576544,88972.137813232,119601.413709047
44148.326542868,3166.08092174532,117956.23300937,92891.9785702512,125557.492354393
44492.3592255342,3223.6528777571,119140.218324335,94568.3124319508,126528.578562546
44876.5614702073,3266.41184170764,119998.208393347,95036.2431334784,126121.430431307
45134.125229692,3279.85758416268,121988.078938694,94453.1724295993,127356.492619023
45427.0977716175,3339.24291349101,122539.213887261,95490.8056395441,129355.707567465
45448.8108345775,3297.5831337864,118799.32629176,93386.0154506727,127233.869718238
44147.3856694417,3411.57494662022,111672.718248583,87044.2000590726,121441.265735666
42900.830306379,3927.43795020704,105373.845556549,82215.1475987946,113959.052137211
45769.2004077347,4483.32415430184,99230.0268532409,78406.7883948019,110460.711613733
46287.911593702,4738.86108421519,74869.6634062745,65241.4997092264,88685.3632398193
46954.0739010407,4687.79379860165,76833.0825905324,64411.4349038298,88715.7537116824
47337.6715465027,4346.14546879742,77569.7442138768,63520.2906241594,89118.0214404376
47176.922423082,4140.22147470409,75396.8516132919,61008.3917724145,86845.6406724577
45837.430479762,4040.31823642231,73373.5702719334,57836.4154685762,80917.9879428472
44871.724877541,3592.61982324716,69944.4390754158,55024.0915927063,80111.2661939479
43549.2746969761,3433.91493408532,65455.2323697639,52181.0314106122,77309.6190731264
42901.1890840995,3302.49004506934,63940.039895997,50455.075454103,75710.9854930988
42592.4237468373,3239.52535980294,62219.736464627,49170.2509090498,74792.4666635215
42274.1477149738,3299.13642566252,61578.8149036404,49468.2995687496,73234.590846701
41628.4069075143,3512.20525406722,61420.4145125237,51232.6709256775,74997.4235306267
42068.9075646182,3744.7076292922,87187.3275917435,71398.527092646,104997.160604379
45485.3382425132,3811.39048290405,99983.1888052948,80205.6484220437,112525.736890108
45094.3108435234,3609.61718374935,104171.110030838,83574.0070871791,117388.853110129
44186.9670603949,3390.05304361986,109791.175576544,88972.137813232,119601.413709047
44148.326542868,3166.08092174532,117956.23300937,92891.9785702512,125557.492354393
44492.3592255342,3223.6528777571,119140.218324335,94568.3124319508,126528.578562546
44876.5614702073,3266.41184170764,119998.208393347,95036.2431334784,126121.430431307
45134.125229692,3279.85758416268,121988.078938694,94453.1724295993,127356.492619023
45427.0977716175,3339.24291349101,122539.213887261,95490.8056395441,129355.707567465
45448.8108345775,3297.5831337864,118799.32629176,93386.0154506727,127233.869718238
44147.3856694417,3411.57494662022,111672.718248583,87044.2000590726,121441.265735666
42900.830306379,3927.43795020704,105373.845556549,82215.1475987946,113959.052137211
45769.2004077347,4483.32415430184,99230.0268532409,78406.7883948019,110460.711613733
46287.911593702,4738.86108421519,74869.6634062745,65241.4997092264,88685.3632398193
46954.0739010407,4687.79379860165,76833.0825905324,64411.4349038298,88715.7537116824
47337.6715465027,4346.14546879742,77569.7442138768,63520.2906241594,89118.0214404376
47176.922423082,4140.22147470409,75396.8516132919,61008.3917724145,86845.6406724577
45837.430479762,4040.31823642231,73373.5702719334,57836.4154685762,80917.9879428472
44871.724877541,3592.61982324716,69944.4390754158,55024.0915927063,80111.2661939479
43549.2746969761,3433.91493408532,65455.2323697639,52181.0314106122,77309.6190731264
42901.1890840995,3302.49004506934,63940.039895997,50455.075454103,75710.9854930988
42592.4237468373,3239.52535980294,62219.736464627,49170.2509090498,74792.4666635215
42274.1477149738,3299.13642566252,61578.8149036404,49468.2995687496,73234.590846701
41628.4069075143,3512.20525406722,61420.4145125237,51232.6709256775,74997.4235306267
42068.9075646182,3744.7076292922,87187.3275917435,71398.527092646,104997.160604379
45485.3382425132,3811.39048290405,99983.1888052948,80205.6484220437,112525.736890108
45094.3108435234,3609.61718374935,104171.110030838,83574.0070871791,117388.853110129
44186.9670603949,3390.05304361986,109791.175576544,88972.137813232,119601.413709047
44148.326542868,3166.08092174532,117956.23300937,92891.9785702512,125557.492354393
44492.3592255342,3223.6528777571,119140.218324335,94568.3124319508,126528.578562546
44876.5614702073,3266.41184170764,119998.208393347,95036.2431334784,126121.430431307
45134.125229692,3279.85758416268,121988.078938694,94453.1724295993,127356.492619023
45427.0977716175,3339.24291349101,122539.213887261,95490.8056395441,129355.707567465
45448.8108345775,3297.5831337864,118799.32629176,93386.0154506727,127233.869718238
44147.3856694417,3411.57494662022,111672.718248583,87044.2000590726,121441.265735666
42900.830306379,3927.43795020704,105373.845556549,82215.1475987946,113959.052137211
45769.2004077347,4483.32415430184,99230.0268532409,78406.7883948019,110460.711613733
46287.911593702,4738.86108421519,74869.6634062745,65241.4997092264,88685.3632398193
46954.0739010407,4687.79379860165,76833.0825905324,64411.4349038298,88715.7537116824
47337.6715465027,4346.14546879742,77569.7442138768,63520.2906241594,89118.0214404376
47176.922423082,4140.22147470409,75396.8516132919,61008.3917724145,86845.6406724577
45837.430479762,4040.31823642231,73373.5702719334,57836.4154685762,80917.9879428472
44871.724877541,3592.61982324716,69944.4390754158,55024.0915927063,80111.2661939479
43549.2746969761,3433.91493408532,65455.2323697639,52181.0314106122,77309.6190731264
42901.1890840995,3302.49004506934,63940.039895997,50455.075454103,75710.9854930988
42592.4237468373,3239.52535980294,62219.736464627,49170.2509090498,74792.4666635215
42274.1477149738,3299.13642566252,61578.8149036404,49468.2995687496,73234.590846701
41628.4069075143,3512.20525406722,61420.4145125237,51232.6709256775,74997.4235306267
42068.9075646182,3744.7076292922,87187.3275917435,71398.527092646,104997.160604379
45485.3382425132,3811.39048290405,99983.1888052948,80205.6484220437,112525.736890108
45094.3108435234,3609.61718374935,104171.110030838,83574.0070871791,117388.853110129
44186.9670603949,3390.05304361986,109791.175576544,88972.137813232,119601.413709047
44148.326542868,3166.08092174532,117956.23300937,92891.9785702512,125557.492354393
44492.3592255342,3223.6528777571,119140.218324335,94568.3124319508,126528.578562546
44876.5614702073,3266.41184170764,119998.208393347,95036.2431334784,126121.430431307
45134.125229692,3279.85758416268,121988.078938694,94453.1724295993,127356.492619023
45427.0977716175,3339.24291349101,122539.213887261,95490.8056395441,129355.707567465
45448.8108345775,3297.5831337864,118799.32629176,93386.0154506727,127233.869718238
44147.3856694417,3411.57494662022,111672.718248583,87044.2000590726,121441.265735666
42900.830306379,3927.43795020704,105373.845556549,82215.1475987946,113959.052137211
45769.2004077347,4483.32415430184,99230.0268532409,78406.7883948019,110460.711613733
46287.911593702,4738.86108421519,74869.6634062745,65241.4997092264,88685.3632398193
46954.0739010407,4687.79379860165,76833.0825905324,64411.4349038298,88715.7537116824
47337.6715465027,4346.14546879742,77569.7442138768,63520.2906241594,89118.0214404376
47176.922423082,4140.22147470409,75396.8516132919,61008.3917724145,86845.6406724577
45837.430479762,4040.31823642231,73373.5702719334,57836.4154685762,80917.9879428472
44871.724877541,3592.61982324716,69944.4390754158,55024.0915927063,80111.2661939479
43549.2746969761,3433.91493408532,65455.2323697639,52181.0314106122,77309.6190731264
42901.1890840995,3302.49004506934,63940.039895997,50455.075454103,75710.9854930988
42592.4237468373,3239.52535980294,62219.736464627,49170.2509090498,74792.4666635215
42274.1477149738,3299.13642566252,61578.8149036404,49468.2995687496,73234.590846701
41628.4069075143,3512.20525406722,61420.4145125237,51232.6709256775,74997.4235306267
42068.9075646182,3744.7076292922,87187.3275917435,71398.527092646,104997.160604379
45485.3382425132,3811.39048290405,99983.1888052948,80205.6484220437,112525.736890108
45094.3108435234,3609.61718374935,104171.110030838,83574.0070871791,117388.853110129
44186.9670603949,3390.05304361986,109791.175576544,88972.137813232,119601.413709047
44148.326542868,3166.08092174532,117956.23300937,92891.9785702512,125557.492354393
44492.3592255342,3223.6528777571,119140.218324335,94568.3124319508,126528.578562546
44876.5614702073,3266.41184170764,119998.208393347,95036.2431334784,126121.430431307
45134.125229692,3279.85758416268,121988.078938694,94453.1724295993,127356.492619023
45427.0977716175,3339.24291349101,122539.213887261,95490.8056395441,129355.707567465
45448.8108345775,3297.5831337864,118799.32629176,93386.0154506727,127233.869718238
44147.3856694417,3411.57494662022,111672.718248583,87044.2000590726,121441.265735666
42900.830306379,3927.43795020704,105373.845556549,82215.1475987946,113959.052137211
45769.2004077347,4483.32415430184,99230.0268532409,78406.7883948019,110460.711613733
46287.911593702,4738.86108421519,74869.6634062745,65241.4997092264,88685.3632398193
46954.0739010407,4687.79379860165,76833.0825905324,64411.4349038298,88715.7537116824
47337.6715465027,4346.14546879742,77569.7442138768,63520.2906241594,89118.0214404376
47176.922423082,4140.22147470409,75396.8516132919,61008.3917724145,86845.6406724577
45837.430479762,4040.31823642231,73373.5702719334,57836.4154685762,80917.9879428472
43476.0350668038,2927.25062684517,76755.0847045843,50219.1646840202,74226.6070516455
42014.9082991566,2723.09754756314,73282.1068971532,47793.9778667817,72328.4234242066
41503.3609565281,2630.87439372435,71558.2773085379,46110.8166308556,70881.370870862
41161.2238782371,2576.46262699748,69741.0031758523,44994.9056720139,69985.5778408352
40726.3608570249,2625.77406526647,67848.166274594,46142.1016910301,70252.296672167
40262.8791684992,2734.15072349127,62684.9125043255,49080.0602053145,72790.8249325653
42133.5422309535,3245.08694988244,95762.6617163867,74417.9861932791,98569.5578916804
45692.4955297458,3791.84642853551,112353.601046673,85106.4247837361,103993.300199173
45631.7528240544,3680.12761541543,117959.076439084,88233.7420753437,107038.670666234
44553.7133004388,3417.78516438525,123776.348543934,93615.2847016514,109128.050114036
44462.6817855465,3246.61614463573,131975.514562436,96864.7370852565,113898.601555624
44651.963475942,3257.06196841834,133895.210764629,98035.4944853461,114772.333426493
44905.6339972127,3309.3854973204,135234.435551754,97518.5905379537,114419.955923025
45034.3952103456,3355.54170835927,136250.860538111,96829.5601922777,115072.197658477
45237.3390511683,3365.04228319633,136493.747940498,98156.4178603126,116887.221866318
45253.5762019774,3439.79780829375,131547.534743681,95676.4169411096,114508.914499979
44318.6541035283,3469.00800382123,124612.982627991,88198.5985308933,109466.28473463
43078.2062084026,3426.86204454849,118036.803929421,82862.4292180844,104288.114903839
45845.7895643436,4110.97998307183,107881.478842825,77873.5971662851,101434.122774789
45770.0632289306,3937.71552665148,77414.1542484071,62196.819049358,84780.2529782138
46259.7191048969,4028.38001366116,80358.6371319497,61217.6262550101,84779.0884380059
46447.9062331909,3971.70103315952,81537.2148520679,60747.7730661257,84113.2536324459
46001.5951023328,3654.62245588715,79831.940178086,57501.8935445055,82155.154229715
44353.9631999858,3053.33626635778,78412.9644556448,53589.0013873791,75485.2370926102
43476.0350668038,2927.25062684517,76755.0847045843,50219.1646840202,74226.6070516455
42014.9082991566,2723.09754756314,73282.1068971532,47793.9778667817,72328.4234242066
41503.3609565281,2630.87439372435,71558.2773085379,46110.8166308556,70881.370870862
41161.2238782371,2576.46262699748,69741.0031758523,44994.9056720139,69985.5778408352
40726.3608570249,2625.77406526647,67848.166274594,46142.1016910301,70252.296672167
40262.8791684992,2734.15072349127,62684.9125043255,49080.0602053145,72790.8249325653
42133.5422309535,3245.08694988244,95762.6617163867,74417.9861932791,98569.5578916804
45692.4955297458,3791.84642853551,112353.601046673,85106.4247837361,103993.300199173
45631.7528240544,3680.12761541543,117959.076439084,88233.7420753437,107038.670666234
44553.7133004388,3417.78516438525,123776.348543934,93615.2847016514,109128.050114036
44462.6817855465,3246.61614463573,131975.514562436,96864.7370852565,113898.601555624
44651.963475942,3257.06196841834,133895.210764629,98035.4944853461,114772.333426493
44905.6339972127,3309.3854973204,135234.435551754,97518.5905379537,114419.955923025
45034.3952103456,3355.54170835927,136250.860538111,96829.5601922777,115072.197658477
45237.3390511683,3365.04228319633,136493.747940498,98156.4178603126,116887.221866318
45253.5762019774,3439.79780829375,131547.534743681,95676.4169411096,114508.914499979
44318.6541035283,3469.00800382123,124612.982627991,88198.5985308933,109466.28473463
43078.2062084026,3426.86204454849,118036.803929421,82862.4292180844,104288.114903839
45845.7895643436,4110.97998307183,107881.478842825,77873.5971662851,101434.122774789
45770.0632289306,3937.71552665148,77414.1542484071,62196.819049358,84780.2529782138
46259.7191048969,4028.38001366116,80358.6371319497,61217.6262550101,84779.0884380059
46447.9062331909,3971.70103315952,81537.2148520679,60747.7730661257,84113.2536324459
46001.5951023328,3654.62245588715,79831.940178086,57501.8935445055,82155.154229715
44353.9631999858,3053.33626635778,78412.9644556448,53589.0013873791,75485.2370926102
43476.0350668038,2927.25062684517,76755.0847045843,50219.1646840202,74226.6070516455
42014.9082991566,2723.09754756314,73282.1068971532,47793.9778667817,72328.4234242066
41503.3609565281,2630.87439372435,71558.2773085379,46110.8166308556,70881.370870862
41161.2238782371,2576.46262699748,69741.0031758523,44994.9056720139,69985.5778408352
40726.3608570249,2625.77406526647,67848.166274594,46142.1016910301,70252.296672167
40262.8791684992,2734.15072349127,62684.9125043255,49080.0602053145,72790.8249325653
42133.5422309535,3245.08694988244,95762.6617163867,74417.9861932791,98569.5578916804
45692.4955297458,3791.84642853551,112353.601046673,85106.4247837361,103993.300199173
45631.7528240544,3680.12761541543,117959.076439084,88233.7420753437,107038.670666234
44553.7133004388,3417.78516438525,123776.348543934,93615.2847016514,109128.050114036
44462.6817855465,3246.61614463573,131975.514562436,96864.7370852565,113898.601555624
44651.963475942,3257.06196841834,133895.210764629,98035.4944853461,114772.333426493
44905.6339972127,3309.3854973204,135234.435551754,97518.5905379537,114419.955923025
45034.3952103456,3355.54170835927,136250.860538111,96829.5601922777,115072.197658477
45237.3390511683,3365.04228319633,136493.747940498,98156.4178603126,116887.221866318
45253.5762019774,3439.79780829375,131547.534743681,95676.4169411096,114508.914499979
44318.6541035283,3469.00800382123,124612.982627991,88198.5985308933,109466.28473463
43078.2062084026,3426.86204454849,118036.803929421,82862.4292180844,104288.114903839
45845.7895643436,4110.97998307183,107881.478842825,77873.5971662851,101434.122774789
45770.0632289306,3937.71552665148,77414.1542484071,62196.819049358,84780.2529782138
46259.7191048969,4028.38001366116,80358.6371319497,61217.6262550101,84779.0884380059
46447.9062331909,3971.70103315952,81537.2148520679,60747.7730661257,84113.2536324459
46001.5951023328,3654.62245588715,79831.940178086,57501.8935445055,82155.154229715
44353.9631999858,3053.33626635778,78412.9644556448,53589.0013873791,75485.2370926102
43476.0350668038,2927.25062684517,76755.0847045843,50219.1646840202,74226.6070516455
42014.9082991566,2723.09754756314,73282.1068971532,47793.9778667817,72328.4234242066
41503.3609565281,2630.87439372435,71558.2773085379,46110.8166308556,70881.370870862
41161.2238782371,2576.46262699748,69741.0031758523,44994.9056720139,69985.5778408352
40726.3608570249,2625.77406526647,67848.166274594,46142.1016910301,70252.296672167
40262.8791684992,2734.15072349127,62684.9125043255,49080.0602053145,72790.8249325653
42133.5422309535,3245.08694988244,95762.6617163867,74417.9861932791,98569.5578916804
45692.4955297458,3791.84642853551,112353.601046673,85106.4247837361,103993.300199173
45631.7528240544,3680.12761541543,117959.076439084,88233.7420753437,107038.670666234
44553.7133004388,3417.78516438525,123776.348543934,93615.2847016514,109128.050114036
44462.6817855465,3246.61614463573,131975.514562436,96864.7370852565,113898.601555624
44651.963475942,3257.06196841834,133895.210764629,98035.4944853461,114772.333426493
44905.6339972127,3309.3854973204,135234.435551754,97518.5905379537,114419.955923025
45034.3952103456,3355.54170835927,136250.860538111,96829.5601922777,115072.197658477
45237.3390511683,3365.04228319633,136493.747940498,98156.4178603126,116887.221866318
45253.5762019774,3439.79780829375,131547.534743681,95676.4169411096,114508.914499979
44318.6541035283,3469.00800382123,124612.982627991,88198.5985308933,109466.28473463
43078.2062084026,3426.86204454849,118036.803929421,82862.4292180844,104288.114903839
45845.7895643436,4110.97998307183,107881.478842825,77873.5971662851,101434.122774789
45770.0632289306,3937.71552665148,77414.1542484071,62196.819049358,84780.2529782138
46259.7191048969,4028.38001366116,80358.6371319497,61217.6262550101,84779.0884380059
46447.9062331909,3971.70103315952,81537.2148520679,60747.7730661257,84113.2536324459
46001.5951023328,3654.62245588715,79831.940178086,57501.8935445055,82155.154229715
44353.9631999858,3053.33626635778,78412.9644556448,53589.0013873791,75485.2370926102
43476.0350668038,2927.25062684517,76755.0847045843,50219.1646840202,74226.6070516455
42014.9082991566,2723.09754756314,73282.1068971532,47793.9778667817,72328.4234242066
41503.3609565281,2630.87439372435,71558.2773085379,46110.8166308556,70881.370870862
41161.2238782371,2576.46262699748,69741.0031758523,44994.9056720139,69985.5778408352
40726.3608570249,2625.77406526647,67848.166274594,46142.1016910301,70252.296672167
40262.8791684992,2734.15072349127,62684.9125043255,49080.0602053145,72790.8249325653
42133.5422309535,3245.08694988244,95762.6617163867,74417.9861932791,98569.5578916804
45692.4955297458,3791.84642853551,112353.601046673,85106.4247837361,103993.300199173
45631.7528240544,3680.12761541543,117959.076439084,88233.7420753437,107038.670666234
44553.7133004388,3417.78516438525,123776.348543934,93615.2847016514,109128.050114036
44462.6817855465,3246.61614463573,131975.514562436,96864.7370852565,113898.601555624
44651.963475942,3257.06196841834,133895.210764629,98035.4944853461,114772.333426493
44905.6339972127,3309.3854973204,135234.435551754,97518.5905379537,114419.955923025
45034.3952103456,3355.54170835927,136250.860538111,96829.5601922777,115072.197658477
45237.3390511683,3365.04228319633,136493.747940498,98156.4178603126,116887.221866318
45253.5762019774,3439.79780829375,131547.534743681,95676.4169411096,114508.914499979
44318.6541035283,3469.00800382123,124612.982627991,88198.5985308933,109466.28473463
43078.2062084026,3426.86204454849,118036.803929421,82862.4292180844,104288.114903839
45845.7895643436,4110.97998307183,107881.478842825,77873.5971662851,101434.122774789
45770.0632289306,3937.71552665148,77414.1542484071,62196.819049358,84780.2529782138
46259.7191048969,4028.38001366116,80358.6371319497,61217.6262550101,84779.0884380059
46447.9062331909,3971.70103315952,81537.2148520679,60747.7730661257,84113.2536324459
46001.5951023328,3654.62245588715,79831.940178086,57501.8935445055,82155.154229715
44353.9631999858,3053.33626635778,78412.9644556448,53589.0013873791,75485.2370926102
43476.0350668038,2927.25062684517,76755.0847045843,50219.1646840202,74226.6070516455
42014.9082991566,2723.09754756314,73282.1068971532,47793.9778667817,72328.4234242066
41503.3609565281,2630.87439372435,71558.2773085379,46110.8166308556,70881.370870862
41161.2238782371,2576.46262699748,69741.0031758523,44994.9056720139,69985.5778408352
40726.3608570249,2625.77406526647,67848.166274594,46142.1016910301,70252.296672167
40262.8791684992,2734.15072349127,62684.9125043255,49080.0602053145,72790.8249325653
42133.5422309535,3245.08694988244,95762.6617163867,74417.9861932791,98569.5578916804
45692.4955297458,3791.84642853551,112353.601046673,85106.4247837361,103993.300199173
45631.7528240544,3680.12761541543,117959.076439084,88233.7420753437,107038.670666234
44553.7133004388,3417.78516438525,123776.348543934,93615.2847016514,109128.050114036
44462.6817855465,3246.61614463573,131975.514562436,96864.7370852565,113898.601555624
44651.963475942,3257.06196841834,133895.210764629,98035.4944853461,114772.333426493
44905.6339972127,3309.3854973204,135234.435551754,97518.5905379537,114419.955923025
45034.3952103456,3355.54170835927,136250.860538111,96829.5601922777,115072.197658477
45237.3390511683,3365.04228319633,136493.747940498,98156.4178603126,116887.221866318
45253.5762019774,3439.79780829375,131547.534743681,95676.4169411096,114508.914499979
44318.6541035283,3469.00800382123,124612.982627991,88198.5985308933,109466.28473463
43078.2062084026,3426.86204454849,118036.803929421,82862.4292180844,104288.114903839
45845.7895643436,4110.97998307183,107881.478842825,77873.5971662851,101434.122774789
45770.0632289306,3937.71552665148,77414.1542484071,62196.819049358,84780.2529782138
46259.7191048969,4028.38001366116,80358.6371319497,61217.6262550101,84779.0884380059
46447.9062331909,3971.70103315952,81537.2148520679,60747.7730661257,84113.2536324459
46001.5951023328,3654.62245588715,79831.940178086,57501.8935445055,82155.154229715
44353.9631999858,3053.33626635778,78412.9644556448,53589.0013873791,75485.2370926102
43476.0350668038,2927.25062684517,76755.0847045843,50219.1646840202,74226.6070516455
42014.9082991566,2723.09754756314,73282.1068971532,47793.9778667817,72328.4234242066
41503.3609565281,2630.87439372435,71558.2773085379,46110.8166308556,70881.370870862
41161.2238782371,2576.46262699748,69741.0031758523,44994.9056720139,69985.5778408352
40726.3608570249,2625.77406526647,67848.166274594,46142.1016910301,70252.296672167
40262.8791684992,2734.15072349127,62684.9125043255,49080.0602053145,72790.8249325653
42133.5422309535,3245.08694988244,95762.6617163867,74417.9861932791,98569.5578916804
45692.4955297458,3791.84642853551,112353.601046673,85106.4247837361,103993.300199173
45631.7528240544,3680.12761541543,117959.076439084,88233.7420753437,107038.670666234
44553.7133004388,3417.78516438525,123776.348543934,93615.2847016514,109128.050114036
44462.6817855465,3246.61614463573,131975.514562436,96864.7370852565,113898.601555624
44651.963475942,3257.06196841834,133895.210764629,98035.4944853461,114772.333426493
44905.6339972127,3309.3854973204,135234.435551754,97518.5905379537,114419.955923025
45034.3952103456,3355.54170835927,136250.860538111,96829.5601922777,115072.197658477
45237.3390511683,3365.04228319633,136493.747940498,98156.4178603126,116887.221866318
45253.5762019774,3439.79780829375,131547.534743681,95676.4169411096,114508.914499979
44318.6541035283,3469.00800382123,124612.982627991,88198.5985308933,109466.28473463
43078.2062084026,3426.86204454849,118036.803929421,82862.4292180844,104288.114903839
45845.7895643436,4110.97998307183,107881.478842825,77873.5971662851,101434.122774789
45770.0632289306,3937.71552665148,77414.1542484071,62196.819049358,84780.2529782138
46259.7191048969,4028.38001366116,80358.6371319497,61217.6262550101,84779.0884380059
46447.9062331909,3971.70103315952,81537.2148520679,60747.7730661257,84113.2536324459
46001.5951023328,3654.62245588715,79831.940178086,57501.8935445055,82155.154229715
44353.9631999858,3053.33626635778,78412.9644556448,53589.0013873791,75485.2370926102
43476.0350668038,2927.25062684517,76755.0847045843,50219.1646840202,74226.6070516455
42014.9082991566,2723.09754756314,73282.1068971532,47793.9778667817,72328.4234242066
41503.3609565281,2630.87439372435,71558.2773085379,46110.8166308556,70881.370870862
41161.2238782371,2576.46262699748,69741.0031758523,44994.9056720139,69985.5778408352
40726.3608570249,2625.77406526647,67848.166274594,46142.1016910301,70252.296672167
40262.8791684992,2734.15072349127,62684.9125043255,49080.0602053145,72790.8249325653
42133.5422309535,3245.08694988244,95762.6617163867,74417.9861932791,98569.5578916804
45692.4955297458,3791.84642853551,112353.601046673,85106.4247837361,103993.300199173
45631.7528240544,3680.12761541543,117959.076439084,88233.7420753437,107038.670666234
44553.7133004388,3417.78516438525,123776.348543934,93615.2847016514,109128.050114036
44462.6817855465,3246.61614463573,131975.514562436,96864.7370852565,113898.601555624
44651.963475942,3257.06196841834,133895.210764629,98035.4944853461,114772.333426493
44905.6339972127,3309.3854973204,135234.435551754,97518.5905379537,114419.955923025
45034.3952103456,3355.54170835927,136250.860538111,96829.5601922777,115072.197658477
45237.3390511683,3365.04228319633,136493.747940498,98156.4178603126,116887.221866318
45253.5762019774,3439.79780829375,131547.534743681,95676.4169411096,114508.914499979
44318.6541035283,3469.00800382123,124612.982627991,88198.5985308933,109466.28473463
43078.2062084026,3426.86204454849,118036.803929421,82862.4292180844,104288.114903839
45845.7895643436,4110.97998307183,107881.478842825,77873.5971662851,101434.122774789
45770.0632289306,3937.71552665148,77414.1542484071,62196.819049358,84780.2529782138
46259.7191048969,4028.38001366116,80358.6371319497,61217.6262550101,84779.0884380059
46447.9062331909,3971.70103315952,81537.2148520679,60747.7730661257,84113.2536324459
46001.5951023328,3654.62245588715,79831.940178086,57501.8935445055,82155.154229715
44353.9631999858,3053.33626635778,78412.9644556448,53589.0013873791,75485.2370926102
43476.0350668038,2927.25062684517,76755.0847045843,50219.1646840202,74226.6070516455
42014.9082991566,2723.09754756314,73282.1068971532,47793.9778667817,72328.4234242066
41503.3609565281,2630.87439372435,71558.2773085379,46110.8166308556,70881.370870862
41161.2238782371,2576.46262699748,69741.0031758523,44994.9056720139,69985.5778408352
40726.3608570249,2625.77406526647,67848.166274594,46142.1016910301,70252.296672167
40262.8791684992,2734.15072349127,62684.9125043255,49080.0602053145,72790.8249325653
42133.5422309535,3245.08694988244,95762.6617163867,74417.9861932791,98569.5578916804
45692.4955297458,3791.84642853551,112353.601046673,85106.4247837361,103993.300199173
45631.7528240544,3680.12761541543,117959.076439084,88233.7420753437,107038.670666234
44553.7133004388,3417.78516438525,123776.348543934,93615.2847016514,109128.050114036
44462.6817855465,3246.61614463573,131975.514562436,96864.7370852565,113898.601555624
44651.963475942,3257.06196841834,133895.210764629,98035.4944853461,114772.333426493
44905.6339972127,3309.3854973204,135234.435551754,97518.5905379537,114419.955923025
45034.3952103456,3355.54170835927,136250.860538111,96829.5601922777,115072.197658477
45237.3390511683,3365.04228319633,136493.747940498,98156.4178603126,116887.221866318
45253.5762019774,3439.79780829375,131547.534743681,95676.4169411096,114508.914499979
44318.6541035283,3469.00800382123,124612.982627991,88198.5985308933,109466.28473463
43078.2062084026,3426.86204454849,118036.803929421,82862.4292180844,104288.114903839
45845.7895643436,4110.97998307183,107881.478842825,77873.5971662851,101434.122774789
45770.0632289306,3937.71552665148,77414.1542484071,62196.819049358,84780.2529782138
46259.7191048969,4028.38001366116,80358.6371319497,61217.6262550101,84779.0884380059
46447.9062331909,3971.70103315952,81537.2148520679,60747.7730661257,84113.2536324459
46001.5951023328,3654.62245588715,79831.940178086,57501.8935445055,82155.154229715
44353.9631999858,3053.33626635778,78412.9644556448,53589.0013873791,75485.2370926102
43476.0350668038,2927.25062684517,76755.0847045843,50219.1646840202,74226.6070516455
42014.9082991566,2723.09754756314,73282.1068971532,47793.9778667817,72328.4234242066
41503.3609565281,2630.87439372435,71558.2773085379,46110.8166308556,70881.370870862
41161.2238782371,2576.46262699748,69741.0031758523,44994.9056720139,69985.5778408352
40726.3608570249,2625.77406526647,67848.166274594,46142.1016910301,70252.296672167
40262.8791684992,2734.15072349127,62684.9125043255,49080.0602053145,72790.8249325653
42133.5422309535,3245.08694988244,95762.6617163867,74417.9861932791,98569.5578916804
45692.4955297458,3791.84642853551,112353.601046673,85106.4247837361,103993.300199173
45631.7528240544,3680.12761541543,117959.076439084,88233.7420753437,107038.670666234
44553.7133004388,3417.78516438525,123776.348543934,93615.2847016514,109128.050114036
44462.6817855465,3246.61614463573,131975.514562436,96864.7370852565,113898.601555624
44651.963475942,3257.06196841834,133895.210764629,98035.4944853461,114772.333426493
44905.6339972127,3309.3854973204,135234.435551754,97518.5905379537,114419.955923025
45034.3952103456,3355.54170835927,136250.860538111,96829.5601922777,115072.197658477
45237.3390511683,3365.04228319633,136493.747940498,98156.4178603126,116887.221866318
45253.5762019774,3439.79780829375,131547.534743681,95676.4169411096,114508.914499979
44318.6541035283,3469.00800382123,124612.982627991,88198.5985308933,109466.28473463
43078.2062084026,3426.86204454849,118036.803929421,82862.4292180844,104288.114903839
45845.7895643436,4110.97998307183,107881.478842825,77873.5971662851,101434.122774789
45770.0632289306,3937.71552665148,77414.1542484071,62196.819049358,84780.2529782138
46259.7191048969,4028.38001366116,80358.6371319497,61217.6262550101,84779.0884380059
46447.9062331909,3971.70103315952,81537.2148520679,60747.7730661257,84113.2536324459
46001.5951023328,3654.62245588715,79831.940178086,57501.8935445055,82155.154229715
44353.9631999858,3053.33626635778,78412.9644556448,53589.0013873791,75485.2370926102
43476.0350668038,2927.25062684517,76755.0847045843,50219.1646840202,74226.6070516455
42014.9082991566,2723.09754756314,73282.1068971532,47793.9778667817,72328.4234242066
41503.3609565281,2630.87439372435,71558.2773085379,46110.8166308556,70881.370870862
41161.2238782371,2576.46262699748,69741.0031758523,44994.9056720139,69985.5778408352
40726.3608570249,2625.77406526647,67848.166274594,46142.1016910301,70252.296672167
40262.8791684992,2734.15072349127,62684.9125043255,49080.0602053145,72790.8249325653
42133.5422309535,3245.08694988244,95762.6617163867,74417.9861932791,98569.5578916804
45692.4955297458,3791.84642853551,112353.601046673,85106.4247837361,103993.300199173
45631.7528240544,3680.12761541543,117959.076439084,88233.7420753437,107038.670666234
44553.7133004388,3417.78516438525,123776.348543934,93615.2847016514,109128.050114036
44462.6817855465,3246.61614463573,131975.514562436,96864.7370852565,113898.601555624
44651.963475942,3257.06196841834,133895.210764629,98035.4944853461,114772.333426493
44905.6339972127,3309.3854973204,135234.435551754,97518.5905379537,114419.955923025
45034.3952103456,3355.54170835927,136250.860538111,96829.5601922777,115072.197658477
45237.3390511683,3365.04228319633,136493.747940498,98156.4178603126,116887.221866318
45253.5762019774,3439.79780829375,131547.534743681,95676.4169411096,114508.914499979
44318.6541035283,3469.00800382123,124612.982627991,88198.5985308933,109466.28473463
43078.2062084026,3426.86204454849,118036.803929421,82862.4292180844,104288.114903839
45845.7895643436,4110.97998307183,107881.478842825,77873.5971662851,101434.122774789
45770.0632289306,3937.71552665148,77414.1542484071,62196.819049358,84780.2529782138
46259.7191048969,4028.38001366116,80358.6371319497,61217.6262550101,84779.0884380059
46447.9062331909,3971.70103315952,81537.2148520679,60747.7730661257,84113.2536324459
46001.5951023328,3654.62245588715,79831.940178086,57501.8935445055,82155.154229715
44353.9631999858,3053.33626635778,78412.9644556448,53589.0013873791,75485.2370926102
43476.0350668038,2927.25062684517,76755.0847045843,50219.1646840202,74226.6070516455
42014.9082991566,2723.09754756314,73282.1068971532,47793.9778667817,72328.4234242066
41503.3609565281,2630.87439372435,71558.2773085379,46110.8166308556,70881.370870862
41161.2238782371,2576.46262699748,69741.0031758523,44994.9056720139,69985.5778408352
40726.3608570249,2625.77406526647,67848.166274594,46142.1016910301,70252.296672167
40262.8791684992,2734.15072349127,62684.9125043255,49080.0602053145,72790.8249325653
42133.5422309535,3245.08694988244,95762.6617163867,74417.9861932791,98569.5578916804
45692.4955297458,3791.84642853551,112353.601046673,85106.4247837361,103993.300199173
45631.7528240544,3680.12761541543,117959.076439084,88233.7420753437,107038.670666234
44553.7133004388,3417.78516438525,123776.348543934,93615.2847016514,109128.050114036
44462.6817855465,3246.61614463573,131975.514562436,96864.7370852565,113898.601555624
44651.963475942,3257.06196841834,133895.210764629,98035.4944853461,114772.333426493
44905.6339972127,3309.3854973204,135234.435551754,97518.5905379537,114419.955923025
45034.3952103456,3355.54170835927,136250.860538111,96829.5601922777,115072.197658477
45237.3390511683,3365.04228319633,136493.747940498,98156.4178603126,116887.221866318
45253.5762019774,3439.79780829375,131547.534743681,95676.4169411096,114508.914499979
44318.6541035283,3469.00800382123,124612.982627991,88198.5985308933,109466.28473463
43078.2062084026,3426.86204454849,118036.803929421,82862.4292180844,104288.114903839
45845.7895643436,4110.97998307183,107881.478842825,77873.5971662851,101434.122774789
45770.0632289306,3937.71552665148,77414.1542484071,62196.819049358,84780.2529782138
46259.7191048969,4028.38001366116,80358.6371319497,61217.6262550101,84779.0884380059
46447.9062331909,3971.70103315952,81537.2148520679,60747.7730661257,84113.2536324459
46001.5951023328,3654.62245588715,79831.940178086,57501.8935445055,82155.154229715
44353.9631999858,3053.33626635778,78412.9644556448,53589.0013873791,75485.2370926102
43476.0350668038,2927.25062684517,76755.0847045843,50219.1646840202,74226.6070516455
42014.9082991566,2723.09754756314,73282.1068971532,47793.9778667817,72328.4234242066
41503.3609565281,2630.87439372435,71558.2773085379,46110.8166308556,70881.370870862
41161.2238782371,2576.46262699748,69741.0031758523,44994.9056720139,69985.5778408352
40726.3608570249,2625.77406526647,67848.166274594,46142.1016910301,70252.296672167
40262.8791684992,2734.15072349127,62684.9125043255,49080.0602053145,72790.8249325653
42133.5422309535,3245.08694988244,95762.6617163867,74417.9861932791,98569.5578916804
45692.4955297458,3791.84642853551,112353.601046673,85106.4247837361,103993.300199173
45631.7528240544,3680.12761541543,117959.076439084,88233.7420753437,107038.670666234
44553.7133004388,3417.78516438525,123776.348543934,93615.2847016514,109128.050114036
44462.6817855465,3246.61614463573,131975.514562436,96864.7370852565,113898.601555624
44651.963475942,3257.06196841834,133895.210764629,98035.4944853461,114772.333426493
44905.6339972127,3309.3854973204,135234.435551754,97518.5905379537,114419.955923025
45034.3952103456,3355.54170835927,136250.860538111,96829.5601922777,115072.197658477
45237.3390511683,3365.04228319633,136493.747940498,98156.4178603126,116887.221866318
45253.5762019774,3439.79780829375,131547.534743681,95676.4169411096,114508.914499979
44318.6541035283,3469.00800382123,124612.982627991,88198.5985308933,109466.28473463
43078.2062084026,3426.86204454849,118036.803929421,82862.4292180844,104288.114903839
45845.7895643436,4110.97998307183,107881.478842825,77873.5971662851,101434.122774789
45770.0632289306,3937.71552665148,77414.1542484071,62196.819049358,84780.2529782138
46259.7191048969,4028.38001366116,80358.6371319497,61217.6262550101,84779.0884380059
46447.9062331909,3971.70103315952,81537.2148520679,60747.7730661257,84113.2536324459
46001.5951023328,3654.62245588715,79831.940178086,57501.8935445055,82155.154229715
44353.9631999858,3053.33626635778,78412.9644556448,53589.0013873791,75485.2370926102
43476.0350668038,2927.25062684517,76755.0847045843,50219.1646840202,74226.6070516455
42014.9082991566,2723.09754756314,73282.1068971532,47793.9778667817,72328.4234242066
41503.3609565281,2630.87439372435,71558.2773085379,46110.8166308556,70881.370870862
41161.2238782371,2576.46262699748,69741.0031758523,44994.9056720139,69985.5778408352
40726.3608570249,2625.77406526647,67848.166274594,46142.1016910301,70252.296672167
40262.8791684992,2734.15072349127,62684.9125043255,49080.0602053145,72790.8249325653
42133.5422309535,3245.08694988244,95762.6617163867,74417.9861932791,98569.5578916804
45692.4955297458,3791.84642853551,112353.601046673,85106.4247837361,103993.300199173
45631.7528240544,3680.12761541543,117959.076439084,88233.7420753437,107038.670666234
44553.7133004388,3417.78516438525,123776.348543934,93615.2847016514,109128.050114036
44462.6817855465,3246.61614463573,131975.514562436,96864.7370852565,113898.601555624
44651.963475942,3257.06196841834,133895.210764629,98035.4944853461,114772.333426493
44905.6339972127,3309.3854973204,135234.435551754,97518.5905379537,114419.955923025
45034.3952103456,3355.54170835927,136250.860538111,96829.5601922777,115072.197658477
45237.3390511683,3365.04228319633,136493.747940498,98156.4178603126,116887.221866318
45253.5762019774,3439.79780829375,131547.534743681,95676.4169411096,114508.914499979
44318.6541035283,3469.00800382123,124612.982627991,88198.5985308933,109466.28473463
43078.2062084026,3426.86204454849,118036.803929421,82862.4292180844,104288.114903839
45845.7895643436,4110.97998307183,107881.478842825,77873.5971662851,101434.122774789
45770.0632289306,3937.71552665148,77414.1542484071,62196.819049358,84780.2529782138
46259.7191048969,4028.38001366116,80358.6371319497,61217.6262550101,84779.0884380059
46447.9062331909,3971.70103315952,81537.2148520679,60747.7730661257,84113.2536324459
46001.5951023328,3654.62245588715,79831.940178086,57501.8935445055,82155.154229715
44353.9631999858,3053.33626635778,78412.9644556448,53589.0013873791,75485.2370926102
43476.0350668038,2927.25062684517,76755.0847045843,50219.1646840202,74226.6070516455
42014.9082991566,2723.09754756314,73282.1068971532,47793.9778667817,72328.4234242066
41503.3609565281,2630.87439372435,71558.2773085379,46110.8166308556,70881.370870862
41161.2238782371,2576.46262699748,69741.0031758523,44994.9056720139,69985.5778408352
40726.3608570249,2625.77406526647,67848.166274594,46142.1016910301,70252.296672167
40262.8791684992,2734.15072349127,62684.9125043255,49080.0602053145,72790.8249325653
42133.5422309535,3245.08694988244,95762.6617163867,74417.9861932791,98569.5578916804
45692.4955297458,3791.84642853551,112353.601046673,85106.4247837361,103993.300199173
45631.7528240544,3680.12761541543,117959.076439084,88233.7420753437,107038.670666234
44553.7133004388,3417.78516438525,123776.348543934,93615.2847016514,109128.050114036
44462.6817855465,3246.61614463573,131975.514562436,96864.7370852565,113898.601555624
44651.963475942,3257.06196841834,133895.210764629,98035.4944853461,114772.333426493
44905.6339972127,3309.3854973204,135234.435551754,97518.5905379537,114419.955923025
45034.3952103456,3355.54170835927,136250.860538111,96829.5601922777,115072.197658477
45237.3390511683,3365.04228319633,136493.747940498,98156.4178603126,116887.221866318
45253.5762019774,3439.79780829375,131547.534743681,95676.4169411096,114508.914499979
44318.6541035283,3469.00800382123,124612.982627991,88198.5985308933,109466.28473463
43078.2062084026,3426.86204454849,118036.803929421,82862.4292180844,104288.114903839
45845.7895643436,4110.97998307183,107881.478842825,77873.5971662851,101434.122774789
45770.0632289306,3937.71552665148,77414.1542484071,62196.819049358,84780.2529782138
46259.7191048969,4028.38001366116,80358.6371319497,61217.6262550101,84779.0884380059
46447.9062331909,3971.70103315952,81537.2148520679,60747.7730661257,84113.2536324459
46001.5951023328,3654.62245588715,79831.940178086,57501.8935445055,82155.154229715
44353.9631999858,3053.33626635778,78412.9644556448,53589.0013873791,75485.2370926102
43476.0350668038,2927.25062684517,76755.0847045843,50219.1646840202,74226.6070516455
42014.9082991566,2723.09754756314,73282.1068971532,47793.9778667817,72328.4234242066
41503.3609565281,2630.87439372435,71558.2773085379,46110.8166308556,70881.370870862
41161.2238782371,2576.46262699748,69741.0031758523,44994.9056720139,69985.5778408352
40726.3608570249,2625.77406526647,67848.166274594,46142.1016910301,70252.296672167
40262.8791684992,2734.15072349127,62684.9125043255,49080.0602053145,72790.8249325653
42133.5422309535,3245.08694988244,95762.6617163867,74417.9861932791,98569.5578916804
45692.4955297458,3791.84642853551,112353.601046673,85106.4247837361,103993.300199173
45631.7528240544,3680.12761541543,117959.076439084,88233.7420753437,107038.670666234
44553.7133004388,3417.78516438525,123776.348543934,93615.2847016514,109128.050114036
44462.6817855465,3246.61614463573,131975.514562436,96864.7370852565,113898.601555624
44651.963475942,3257.06196841834,133895.210764629,98035.4944853461,114772.333426493
44905.6339972127,3309.3854973204,135234.435551754,97518.5905379537,114419.955923025
45034.3952103456,3355.54170835927,136250.860538111,96829.5601922777,115072.197658477
45237.3390511683,3365.04228319633,136493.747940498,98156.4178603126,116887.221866318
45253.5762019774,3439.79780829375,131547.534743681,95676.4169411096,114508.914499979
44318.6541035283,3469.00800382123,124612.982627991,88198.5985308933,109466.28473463
43078.2062084026,3426.86204454849,118036.803929421,82862.4292180844,104288.114903839
45845.7895643436,4110.97998307183,107881.478842825,77873.5971662851,101434.122774789
45770.0632289306,3937.71552665148,77414.1542484071,62196.819049358,84780.2529782138
46259.7191048969,4028.38001366116,80358.6371319497,61217.6262550101,84779.0884380059
46447.9062331909,3971.70103315952,81537.2148520679,60747.7730661257,84113.2536324459
46001.5951023328,3654.62245588715,79831.940178086,57501.8935445055,82155.154229715
44353.9631999858,3053.33626635778,78412.9644556448,53589.0013873791,75485.2370926102
43476.0350668038,2927.25062684517,76755.0847045843,50219.1646840202,74226.6070516455
42014.9082991566,2723.09754756314,73282.1068971532,47793.9778667817,72328.4234242066
41503.3609565281,2630.87439372435,71558.2773085379,46110.8166308556,70881.370870862
41161.2238782371,2576.46262699748,69741.0031758523,44994.9056720139,69985.5778408352
40726.3608570249,2625.77406526647,67848.166274594,46142.1016910301,70252.296672167
40262.8791684992,2734.15072349127,62684.9125043255,49080.0602053145,72790.8249325653
42133.5422309535,3245.08694988244,95762.6617163867,74417.9861932791,98569.5578916804
45692.4955297458,3791.84642853551,112353.601046673,85106.4247837361,103993.300199173
45631.7528240544,3680.12761541543,117959.076439084,88233.7420753437,107038.670666234
44553.7133004388,3417.78516438525,123776.348543934,93615.2847016514,109128.050114036
44462.6817855465,3246.61614463573,131975.514562436,96864.7370852565,113898.601555624
44651.963475942,3257.06196841834,133895.210764629,98035.4944853461,114772.333426493
44905.6339972127,3309.3854973204,135234.435551754,97518.5905379537,114419.955923025
45034.3952103456,3355.54170835927,136250.860538111,96829.5601922777,115072.197658477
45237.3390511683,3365.04228319633,136493.747940498,98156.4178603126,116887.221866318
45253.5762019774,3439.79780829375,131547.534743681,95676.4169411096,114508.914499979
44318.6541035283,3469.00800382123,124612.982627991,88198.5985308933,109466.28473463
43078.2062084026,3426.86204454849,118036.803929421,82862.4292180844,104288.114903839
45845.7895643436,4110.97998307183,107881.478842825,77873.5971662851,101434.122774789
45770.0632289306,3937.71552665148,77414.1542484071,62196.819049358,84780.2529782138
46259.7191048969,4028.38001366116,80358.6371319497,61217.6262550101,84779.0884380059
46447.9062331909,3971.70103315952,81537.2148520679,60747.7730661257,84113.2536324459
46001.5951023328,3654.62245588715,79831.940178086,57501.8935445055,82155.154229715
44353.9631999858,3053.33626635778,78412.9644556448,53589.0013873791,75485.2370926102
43476.0350668038,2927.25062684517,76755.0847045843,50219.1646840202,74226.6070516455
42014.9082991566,2723.09754756314,73282.1068971532,47793.9778667817,72328.4234242066
41503.3609565281,2630.87439372435,71558.2773085379,46110.8166308556,70881.370870862
41161.2238782371,2576.46262699748,69741.0031758523,44994.9056720139,69985.5778408352
40726.3608570249,2625.77406526647,67848.166274594,46142.1016910301,70252.296672167
40262.8791684992,2734.15072349127,62684.9125043255,49080.0602053145,72790.8249325653
42133.5422309535,3245.08694988244,95762.6617163867,74417.9861932791,98569.5578916804
45692.4955297458,3791.84642853551,112353.601046673,85106.4247837361,103993.300199173
45631.7528240544,3680.12761541543,117959.076439084,88233.7420753437,107038.670666234
44553.7133004388,3417.78516438525,123776.348543934,93615.2847016514,109128.050114036
44462.6817855465,3246.61614463573,131975.514562436,96864.7370852565,113898.601555624
44651.963475942,3257.06196841834,133895.210764629,98035.4944853461,114772.333426493
44905.6339972127,3309.3854973204,135234.435551754,97518.5905379537,114419.955923025
45034.3952103456,3355.54170835927,136250.860538111,96829.5601922777,115072.197658477
45237.3390511683,3365.04228319633,136493.747940498,98156.4178603126,116887.221866318
45253.5762019774,3439.79780829375,131547.534743681,95676.4169411096,114508.914499979
44318.6541035283,3469.00800382123,124612.982627991,88198.5985308933,109466.28473463
43078.2062084026,3426.86204454849,118036.803929421,82862.4292180844,104288.114903839
45845.7895643436,4110.97998307183,107881.478842825,77873.5971662851,101434.122774789
45770.0632289306,3937.71552665148,77414.1542484071,62196.819049358,84780.2529782138
46259.7191048969,4028.38001366116,80358.6371319497,61217.6262550101,84779.0884380059
46447.9062331909,3971.70103315952,81537.2148520679,60747.7730661257,84113.2536324459
46001.5951023328,3654.62245588715,79831.940178086,57501.8935445055,82155.154229715
44353.9631999858,3053.33626635778,78412.9644556448,53589.0013873791,75485.2370926102
43476.0350668038,2927.25062684517,76755.0847045843,50219.1646840202,74226.6070516455
42014.9082991566,2723.09754756314,73282.1068971532,47793.9778667817,72328.4234242066
41503.3609565281,2630.87439372435,71558.2773085379,46110.8166308556,70881.370870862
41161.2238782371,2576.46262699748,69741.0031758523,44994.9056720139,69985.5778408352
40726.3608570249,2625.77406526647,67848.166274594,46142.1016910301,70252.296672167
40262.8791684992,2734.15072349127,62684.9125043255,49080.0602053145,72790.8249325653
42133.5422309535,3245.08694988244,95762.6617163867,74417.9861932791,98569.5578916804
45692.4955297458,3791.84642853551,112353.601046673,85106.4247837361,103993.300199173
45631.7528240544,3680.12761541543,117959.076439084,88233.7420753437,107038.670666234
44553.7133004388,3417.78516438525,123776.348543934,93615.2847016514,109128.050114036
44462.6817855465,3246.61614463573,131975.514562436,96864.7370852565,113898.601555624
44651.963475942,3257.06196841834,133895.210764629,98035.4944853461,114772.333426493
44905.6339972127,3309.3854973204,135234.435551754,97518.5905379537,114419.955923025
45034.3952103456,3355.54170835927,136250.860538111,96829.5601922777,115072.197658477
45237.3390511683,3365.04228319633,136493.747940498,98156.4178603126,116887.221866318
45253.5762019774,3439.79780829375,131547.534743681,95676.4169411096,114508.914499979
44318.6541035283,3469.00800382123,124612.982627991,88198.5985308933,109466.28473463
43078.2062084026,3426.86204454849,118036.803929421,82862.4292180844,104288.114903839
45845.7895643436,4110.97998307183,107881.478842825,77873.5971662851,101434.122774789
45770.0632289306,3937.71552665148,77414.1542484071,62196.819049358,84780.2529782138
46259.7191048969,4028.38001366116,80358.6371319497,61217.6262550101,84779.0884380059
46447.9062331909,3971.70103315952,81537.2148520679,60747.7730661257,84113.2536324459
46001.5951023328,3654.62245588715,79831.940178086,57501.8935445055,82155.154229715
44353.9631999858,3053.33626635778,78412.9644556448,53589.0013873791,75485.2370926102
43476.0350668038,2927.25062684517,76755.0847045843,50219.1646840202,74226.6070516455
42014.9082991566,2723.09754756314,73282.1068971532,47793.9778667817,72328.4234242066
41503.3609565281,2630.87439372435,71558.2773085379,46110.8166308556,70881.370870862
41161.2238782371,2576.46262699748,69741.0031758523,44994.9056720139,69985.5778408352
40726.3608570249,2625.77406526647,67848.166274594,46142.1016910301,70252.296672167
40262.8791684992,2734.15072349127,62684.9125043255,49080.0602053145,72790.8249325653
42133.5422309535,3245.08694988244,95762.6617163867,74417.9861932791,98569.5578916804
45692.4955297458,3791.84642853551,112353.601046673,85106.4247837361,103993.300199173
45631.7528240544,3680.12761541543,117959.076439084,88233.7420753437,107038.670666234
44553.7133004388,3417.78516438525,123776.348543934,93615.2847016514,109128.050114036
44462.6817855465,3246.61614463573,131975.514562436,96864.7370852565,113898.601555624
44651.963475942,3257.06196841834,133895.210764629,98035.4944853461,114772.333426493
44905.6339972127,3309.3854973204,135234.435551754,97518.5905379537,114419.955923025
45034.3952103456,3355.54170835927,136250.860538111,96829.5601922777,115072.197658477
45237.3390511683,3365.04228319633,136493.747940498,98156.4178603126,116887.221866318
45253.5762019774,3439.79780829375,131547.534743681,95676.4169411096,114508.914499979
44318.6541035283,3469.00800382123,124612.982627991,88198.5985308933,109466.28473463
43078.2062084026,3426.86204454849,118036.803929421,82862.4292180844,104288.114903839
45845.7895643436,4110.97998307183,107881.478842825,77873.5971662851,101434.122774789
45770.0632289306,3937.71552665148,77414.1542484071,62196.819049358,84780.2529782138
46259.7191048969,4028.38001366116,80358.6371319497,61217.6262550101,84779.0884380059
46447.9062331909,3971.70103315952,81537.2148520679,60747.7730661257,84113.2536324459
46001.5951023328,3654.62245588715,79831.940178086,57501.8935445055,82155.154229715
44353.9631999858,3053.33626635778,78412.9644556448,53589.0013873791,75485.2370926102
43476.0350668038,2927.25062684517,76755.0847045843,50219.1646840202,74226.6070516455
42014.9082991566,2723.09754756314,73282.1068971532,47793.9778667817,72328.4234242066
41503.3609565281,2630.87439372435,71558.2773085379,46110.8166308556,70881.370870862
41161.2238782371,2576.46262699748,69741.0031758523,44994.9056720139,69985.5778408352
40726.3608570249,2625.77406526647,67848.166274594,46142.1016910301,70252.296672167
40262.8791684992,2734.15072349127,62684.9125043255,49080.0602053145,72790.8249325653
42133.5422309535,3245.08694988244,95762.6617163867,74417.9861932791,98569.5578916804
45692.4955297458,3791.84642853551,112353.601046673,85106.4247837361,103993.300199173
45631.7528240544,3680.12761541543,117959.076439084,88233.7420753437,107038.670666234
44553.7133004388,3417.78516438525,123776.348543934,93615.2847016514,109128.050114036
44462.6817855465,3246.61614463573,131975.514562436,96864.7370852565,113898.601555624
44651.963475942,3257.06196841834,133895.210764629,98035.4944853461,114772.333426493
44905.6339972127,3309.3854973204,135234.435551754,97518.5905379537,114419.955923025
45034.3952103456,3355.54170835927,136250.860538111,96829.5601922777,115072.197658477
45237.3390511683,3365.04228319633,136493.747940498,98156.4178603126,116887.221866318
45253.5762019774,3439.79780829375,131547.534743681,95676.4169411096,114508.914499979
44318.6541035283,3469.00800382123,124612.982627991,88198.5985308933,109466.28473463
43078.2062084026,3426.86204454849,118036.803929421,82862.4292180844,104288.114903839
45845.7895643436,4110.97998307183,107881.478842825,77873.5971662851,101434.122774789
45770.0632289306,3937.71552665148,77414.1542484071,62196.819049358,84780.2529782138
46259.7191048969,4028.38001366116,80358.6371319497,61217.6262550101,84779.0884380059
46447.9062331909,3971.70103315952,81537.2148520679,60747.7730661257,84113.2536324459
46001.5951023328,3654.62245588715,79831.940178086,57501.8935445055,82155.154229715
44353.9631999858,3053.33626635778,78412.9644556448,53589.0013873791,75485.2370926102
43476.0350668038,2927.25062684517,76755.0847045843,50219.1646840202,74226.6070516455
42014.9082991566,2723.09754756314,73282.1068971532,47793.9778667817,72328.4234242066
41503.3609565281,2630.87439372435,71558.2773085379,46110.8166308556,70881.370870862
41161.2238782371,2576.46262699748,69741.0031758523,44994.9056720139,69985.5778408352
40726.3608570249,2625.77406526647,67848.166274594,46142.1016910301,70252.296672167
40262.8791684992,2734.15072349127,62684.9125043255,49080.0602053145,72790.8249325653
42133.5422309535,3245.08694988244,95762.6617163867,74417.9861932791,98569.5578916804
45692.4955297458,3791.84642853551,112353.601046673,85106.4247837361,103993.300199173
45631.7528240544,3680.12761541543,117959.076439084,88233.7420753437,107038.670666234
44553.7133004388,3417.78516438525,123776.348543934,93615.2847016514,109128.050114036
44462.6817855465,3246.61614463573,131975.514562436,96864.7370852565,113898.601555624
44651.963475942,3257.06196841834,133895.210764629,98035.4944853461,114772.333426493
44905.6339972127,3309.3854973204,135234.435551754,97518.5905379537,114419.955923025
45034.3952103456,3355.54170835927,136250.860538111,96829.5601922777,115072.197658477
45237.3390511683,3365.04228319633,136493.747940498,98156.4178603126,116887.221866318
45253.5762019774,3439.79780829375,131547.534743681,95676.4169411096,114508.914499979
44318.6541035283,3469.00800382123,124612.982627991,88198.5985308933,109466.28473463
43078.2062084026,3426.86204454849,118036.803929421,82862.4292180844,104288.114903839
45845.7895643436,4110.97998307183,107881.478842825,77873.5971662851,101434.122774789
45770.0632289306,3937.71552665148,77414.1542484071,62196.819049358,84780.2529782138
46259.7191048969,4028.38001366116,80358.6371319497,61217.6262550101,84779.0884380059
46447.9062331909,3971.70103315952,81537.2148520679,60747.7730661257,84113.2536324459
46001.5951023328,3654.62245588715,79831.940178086,57501.8935445055,82155.154229715
44353.9631999858,3053.33626635778,78412.9644556448,53589.0013873791,75485.2370926102
43476.0350668038,2927.25062684517,76755.0847045843,50219.1646840202,74226.6070516455
42014.9082991566,2723.09754756314,73282.1068971532,47793.9778667817,72328.4234242066
41503.3609565281,2630.87439372435,71558.2773085379,46110.8166308556,70881.370870862
41161.2238782371,2576.46262699748,69741.0031758523,44994.9056720139,69985.5778408352
40726.3608570249,2625.77406526647,67848.166274594,46142.1016910301,70252.296672167
40262.8791684992,2734.15072349127,62684.9125043255,49080.0602053145,72790.8249325653
42133.5422309535,3245.08694988244,95762.6617163867,74417.9861932791,98569.5578916804
45692.4955297458,3791.84642853551,112353.601046673,85106.4247837361,103993.300199173
45631.7528240544,3680.12761541543,117959.076439084,88233.7420753437,107038.670666234
44553.7133004388,3417.78516438525,123776.348543934,93615.2847016514,109128.050114036
44462.6817855465,3246.61614463573,131975.514562436,96864.7370852565,113898.601555624
44651.963475942,3257.06196841834,133895.210764629,98035.4944853461,114772.333426493
44905.6339972127,3309.3854973204,135234.435551754,97518.5905379537,114419.955923025
45034.3952103456,3355.54170835927,136250.860538111,96829.5601922777,115072.197658477
45237.3390511683,3365.04228319633,136493.747940498,98156.4178603126,116887.221866318
45253.5762019774,3439.79780829375,131547.534743681,95676.4169411096,114508.914499979
44318.6541035283,3469.00800382123,124612.982627991,88198.5985308933,109466.28473463
43078.2062084026,3426.86204454849,118036.803929421,82862.4292180844,104288.114903839
45845.7895643436,4110.97998307183,107881.478842825,77873.5971662851,101434.122774789
45770.0632289306,3937.71552665148,77414.1542484071,62196.819049358,84780.2529782138
46259.7191048969,4028.38001366116,80358.6371319497,61217.6262550101,84779.0884380059
46447.9062331909,3971.70103315952,81537.2148520679,60747.7730661257,84113.2536324459
46001.5951023328,3654.62245588715,79831.940178086,57501.8935445055,82155.154229715
44353.9631999858,3053.33626635778,78412.9644556448,53589.0013873791,75485.2370926102
43476.0350668038,2927.25062684517,76755.0847045843,50219.1646840202,74226.6070516455
42014.9082991566,2723.09754756314,73282.1068971532,47793.9778667817,72328.4234242066
41503.3609565281,2630.87439372435,71558.2773085379,46110.8166308556,70881.370870862
41161.2238782371,2576.46262699748,69741.0031758523,44994.9056720139,69985.5778408352
40726.3608570249,2625.77406526647,67848.166274594,46142.1016910301,70252.296672167
40262.8791684992,2734.15072349127,62684.9125043255,49080.0602053145,72790.8249325653
42133.5422309535,3245.08694988244,95762.6617163867,74417.9861932791,98569.5578916804
45692.4955297458,3791.84642853551,112353.601046673,85106.4247837361,103993.300199173
45631.7528240544,3680.12761541543,117959.076439084,88233.7420753437,107038.670666234
44553.7133004388,3417.78516438525,123776.348543934,93615.2847016514,109128.050114036
44462.6817855465,3246.61614463573,131975.514562436,96864.7370852565,113898.601555624
44651.963475942,3257.06196841834,133895.210764629,98035.4944853461,114772.333426493
44905.6339972127,3309.3854973204,135234.435551754,97518.5905379537,114419.955923025
45034.3952103456,3355.54170835927,136250.860538111,96829.5601922777,115072.197658477
45237.3390511683,3365.04228319633,136493.747940498,98156.4178603126,116887.221866318
45253.5762019774,3439.79780829375,131547.534743681,95676.4169411096,114508.914499979
44318.6541035283,3469.00800382123,124612.982627991,88198.5985308933,109466.28473463
43078.2062084026,3426.86204454849,118036.803929421,82862.4292180844,104288.114903839
45845.7895643436,4110.97998307183,107881.478842825,77873.5971662851,101434.122774789
45770.0632289306,3937.71552665148,77414.1542484071,62196.819049358,84780.2529782138
46259.7191048969,4028.38001366116,80358.6371319497,61217.6262550101,84779.0884380059
46447.9062331909,3971.70103315952,81537.2148520679,60747.7730661257,84113.2536324459
46001.5951023328,3654.62245588715,79831.940178086,57501.8935445055,82155.154229715
44353.9631999858,3053.33626635778,78412.9644556448,53589.0013873791,75485.2370926102
43476.0350668038,2927.25062684517,76755.0847045843,50219.1646840202,74226.6070516455
42014.9082991566,2723.09754756314,73282.1068971532,47793.9778667817,72328.4234242066
41503.3609565281,2630.87439372435,71558.2773085379,46110.8166308556,70881.370870862
41161.2238782371,2576.46262699748,69741.0031758523,44994.9056720139,69985.5778408352
40726.3608570249,2625.77406526647,67848.166274594,46142.1016910301,70252.296672167
40262.8791684992,2734.15072349127,62684.9125043255,49080.0602053145,72790.8249325653
42133.5422309535,3245.08694988244,95762.6617163867,74417.9861932791,98569.5578916804
45692.4955297458,3791.84642853551,112353.601046673,85106.4247837361,103993.300199173
45631.7528240544,3680.12761541543,117959.076439084,88233.7420753437,107038.670666234
44553.7133004388,3417.78516438525,123776.348543934,93615.2847016514,109128.050114036
44462.6817855465,3246.61614463573,131975.514562436,96864.7370852565,113898.601555624
44651.963475942,3257.06196841834,133895.210764629,98035.4944853461,114772.333426493
44905.6339972127,3309.3854973204,135234.435551754,97518.5905379537,114419.955923025
45034.3952103456,3355.54170835927,136250.860538111,96829.5601922777,115072.197658477
45237.3390511683,3365.04228319633,136493.747940498,98156.4178603126,116887.221866318
45253.5762019774,3439.79780829375,131547.534743681,95676.4169411096,114508.914499979
44318.6541035283,3469.00800382123,124612.982627991,88198.5985308933,109466.28473463
43078.2062084026,3426.86204454849,118036.803929421,82862.4292180844,104288.114903839
45845.7895643436,4110.97998307183,107881.478842825,77873.5971662851,101434.122774789
45770.0632289306,3937.71552665148,77414.1542484071,62196.819049358,84780.2529782138
46259.7191048969,4028.38001366116,80358.6371319497,61217.6262550101,84779.0884380059
46447.9062331909,3971.70103315952,81537.2148520679,60747.7730661257,84113.2536324459
46001.5951023328,3654.62245588715,79831.940178086,57501.8935445055,82155.154229715
44353.9631999858,3053.33626635778,78412.9644556448,53589.0013873791,75485.2370926102
43476.0350668038,2927.25062684517,76755.0847045843,50219.1646840202,74226.6070516455
42014.9082991566,2723.09754756314,73282.1068971532,47793.9778667817,72328.4234242066
41503.3609565281,2630.87439372435,71558.2773085379,46110.8166308556,70881.370870862
41161.2238782371,2576.46262699748,69741.0031758523,44994.9056720139,69985.5778408352
40726.3608570249,2625.77406526647,67848.166274594,46142.1016910301,70252.296672167
40262.8791684992,2734.15072349127,62684.9125043255,49080.0602053145,72790.8249325653
42133.5422309535,3245.08694988244,95762.6617163867,74417.9861932791,98569.5578916804
45692.4955297458,3791.84642853551,112353.601046673,85106.4247837361,103993.300199173
45631.7528240544,3680.12761541543,117959.076439084,88233.7420753437,107038.670666234
44553.7133004388,3417.78516438525,123776.348543934,93615.2847016514,109128.050114036
44462.6817855465,3246.61614463573,131975.514562436,96864.7370852565,113898.601555624
44651.963475942,3257.06196841834,133895.210764629,98035.4944853461,114772.333426493
44905.6339972127,3309.3854973204,135234.435551754,97518.5905379537,114419.955923025
45034.3952103456,3355.54170835927,136250.860538111,96829.5601922777,115072.197658477
45237.3390511683,3365.04228319633,136493.747940498,98156.4178603126,116887.221866318
45253.5762019774,3439.79780829375,131547.534743681,95676.4169411096,114508.914499979
44318.6541035283,3469.00800382123,124612.982627991,88198.5985308933,109466.28473463
43078.2062084026,3426.86204454849,118036.803929421,82862.4292180844,104288.114903839
45845.7895643436,4110.97998307183,107881.478842825,77873.5971662851,101434.122774789
45770.0632289306,3937.71552665148,77414.1542484071,62196.819049358,84780.2529782138
46259.7191048969,4028.38001366116,80358.6371319497,61217.6262550101,84779.0884380059
46447.9062331909,3971.70103315952,81537.2148520679,60747.7730661257,84113.2536324459
46001.5951023328,3654.62245588715,79831.940178086,57501.8935445055,82155.154229715
44353.9631999858,3053.33626635778,78412.9644556448,53589.0013873791,75485.2370926102
43476.0350668038,2927.25062684517,76755.0847045843,50219.1646840202,74226.6070516455
42014.9082991566,2723.09754756314,73282.1068971532,47793.9778667817,72328.4234242066
41503.3609565281,2630.87439372435,71558.2773085379,46110.8166308556,70881.370870862
41161.2238782371,2576.46262699748,69741.0031758523,44994.9056720139,69985.5778408352
40726.3608570249,2625.77406526647,67848.166274594,46142.1016910301,70252.296672167
40262.8791684992,2734.15072349127,62684.9125043255,49080.0602053145,72790.8249325653
42133.5422309535,3245.08694988244,95762.6617163867,74417.9861932791,98569.5578916804
45692.4955297458,3791.84642853551,112353.601046673,85106.4247837361,103993.300199173
45631.7528240544,3680.12761541543,117959.076439084,88233.7420753437,107038.670666234
44553.7133004388,3417.78516438525,123776.348543934,93615.2847016514,109128.050114036
44462.6817855465,3246.61614463573,131975.514562436,96864.7370852565,113898.601555624
44651.963475942,3257.06196841834,133895.210764629,98035.4944853461,114772.333426493
44905.6339972127,3309.3854973204,135234.435551754,97518.5905379537,114419.955923025
45034.3952103456,3355.54170835927,136250.860538111,96829.5601922777,115072.197658477
45237.3390511683,3365.04228319633,136493.747940498,98156.4178603126,116887.221866318
45253.5762019774,3439.79780829375,131547.534743681,95676.4169411096,114508.914499979
44318.6541035283,3469.00800382123,124612.982627991,88198.5985308933,109466.28473463
43078.2062084026,3426.86204454849,118036.803929421,82862.4292180844,104288.114903839
45845.7895643436,4110.97998307183,107881.478842825,77873.5971662851,101434.122774789
45770.0632289306,3937.71552665148,77414.1542484071,62196.819049358,84780.2529782138
46259.7191048969,4028.38001366116,80358.6371319497,61217.6262550101,84779.0884380059
46447.9062331909,3971.70103315952,81537.2148520679,60747.7730661257,84113.2536324459
46001.5951023328,3654.62245588715,79831.940178086,57501.8935445055,82155.154229715
44353.9631999858,3053.33626635778,78412.9644556448,53589.0013873791,75485.2370926102
43476.0350668038,2927.25062684517,76755.0847045843,50219.1646840202,74226.6070516455
42014.9082991566,2723.09754756314,73282.1068971532,47793.9778667817,72328.4234242066
41503.3609565281,2630.87439372435,71558.2773085379,46110.8166308556,70881.370870862
41161.2238782371,2576.46262699748,69741.0031758523,44994.9056720139,69985.5778408352
40726.3608570249,2625.77406526647,67848.166274594,46142.1016910301,70252.296672167
40262.8791684992,2734.15072349127,62684.9125043255,49080.0602053145,72790.8249325653
42133.5422309535,3245.08694988244,95762.6617163867,74417.9861932791,98569.5578916804
45692.4955297458,3791.84642853551,112353.601046673,85106.4247837361,103993.300199173
45631.7528240544,3680.12761541543,117959.076439084,88233.7420753437,107038.670666234
44553.7133004388,3417.78516438525,123776.348543934,93615.2847016514,109128.050114036
44462.6817855465,3246.61614463573,131975.514562436,96864.7370852565,113898.601555624
44651.963475942,3257.06196841834,133895.210764629,98035.4944853461,114772.333426493
44905.6339972127,3309.3854973204,135234.435551754,97518.5905379537,114419.955923025
45034.3952103456,3355.54170835927,136250.860538111,96829.5601922777,115072.197658477
45237.3390511683,3365.04228319633,136493.747940498,98156.4178603126,116887.221866318
45253.5762019774,3439.79780829375,131547.534743681,95676.4169411096,114508.914499979
44318.6541035283,3469.00800382123,124612.982627991,88198.5985308933,109466.28473463
43078.2062084026,3426.86204454849,118036.803929421,82862.4292180844,104288.114903839
45845.7895643436,4110.97998307183,107881.478842825,77873.5971662851,101434.122774789
45770.0632289306,3937.71552665148,77414.1542484071,62196.819049358,84780.2529782138
46259.7191048969,4028.38001366116,80358.6371319497,61217.6262550101,84779.0884380059
46447.9062331909,3971.70103315952,81537.2148520679,60747.7730661257,84113.2536324459
46001.5951023328,3654.62245588715,79831.940178086,57501.8935445055,82155.154229715
44353.9631999858,3053.33626635778,78412.9644556448,53589.0013873791,75485.2370926102
43476.0350668038,2927.25062684517,76755.0847045843,50219.1646840202,74226.6070516455
42014.9082991566,2723.09754756314,73282.1068971532,47793.9778667817,72328.4234242066
41503.3609565281,2630.87439372435,71558.2773085379,46110.8166308556,70881.370870862
41161.2238782371,2576.46262699748,69741.0031758523,44994.9056720139,69985.5778408352
40726.3608570249,2625.77406526647,67848.166274594,46142.1016910301,70252.296672167
40262.8791684992,2734.15072349127,62684.9125043255,49080.0602053145,72790.8249325653
42133.5422309535,3245.08694988244,95762.6617163867,74417.9861932791,98569.5578916804
45692.4955297458,3791.84642853551,112353.601046673,85106.4247837361,103993.300199173
45631.7528240544,3680.12761541543,117959.076439084,88233.7420753437,107038.670666234
44553.7133004388,3417.78516438525,123776.348543934,93615.2847016514,109128.050114036
44462.6817855465,3246.61614463573,131975.514562436,96864.7370852565,113898.601555624
44651.963475942,3257.06196841834,133895.210764629,98035.4944853461,114772.333426493
44905.6339972127,3309.3854973204,135234.435551754,97518.5905379537,114419.955923025
45034.3952103456,3355.54170835927,136250.860538111,96829.5601922777,115072.197658477
45237.3390511683,3365.04228319633,136493.747940498,98156.4178603126,116887.221866318
45253.5762019774,3439.79780829375,131547.534743681,95676.4169411096,114508.914499979
44318.6541035283,3469.00800382123,124612.982627991,88198.5985308933,109466.28473463
43078.2062084026,3426.86204454849,118036.803929421,82862.4292180844,104288.114903839
45845.7895643436,4110.97998307183,107881.478842825,77873.5971662851,101434.122774789
45770.0632289306,3937.71552665148,77414.1542484071,62196.819049358,84780.2529782138
46259.7191048969,4028.38001366116,80358.6371319497,61217.6262550101,84779.0884380059
46447.9062331909,3971.70103315952,81537.2148520679,60747.7730661257,84113.2536324459
46001.5951023328,3654.62245588715,79831.940178086,57501.8935445055,82155.154229715
44353.9631999858,3053.33626635778,78412.9644556448,53589.0013873791,75485.2370926102
43476.0350668038,2927.25062684517,76755.0847045843,50219.1646840202,74226.6070516455
42014.9082991566,2723.09754756314,73282.1068971532,47793.9778667817,72328.4234242066
41503.3609565281,2630.87439372435,71558.2773085379,46110.8166308556,70881.370870862
41161.2238782371,2576.46262699748,69741.0031758523,44994.9056720139,69985.5778408352
40726.3608570249,2625.77406526647,67848.166274594,46142.1016910301,70252.296672167
40262.8791684992,2734.15072349127,62684.9125043255,49080.0602053145,72790.8249325653
42133.5422309535,3245.08694988244,95762.6617163867,74417.9861932791,98569.5578916804
45692.4955297458,3791.84642853551,112353.601046673,85106.4247837361,103993.300199173
45631.7528240544,3680.12761541543,117959.076439084,88233.7420753437,107038.670666234
44553.7133004388,3417.78516438525,123776.348543934,93615.2847016514,109128.050114036
44462.6817855465,3246.61614463573,131975.514562436,96864.7370852565,113898.601555624
44651.963475942,3257.06196841834,133895.210764629,98035.4944853461,114772.333426493
44905.6339972127,3309.3854973204,135234.435551754,97518.5905379537,114419.955923025
45034.3952103456,3355.54170835927,136250.860538111,96829.5601922777,115072.197658477
45237.3390511683,3365.04228319633,136493.747940498,98156.4178603126,116887.221866318
45253.5762019774,3439.79780829375,131547.534743681,95676.4169411096,114508.914499979
44318.6541035283,3469.00800382123,124612.982627991,88198.5985308933,109466.28473463
43078.2062084026,3426.86204454849,118036.803929421,82862.4292180844,104288.114903839
45845.7895643436,4110.97998307183,107881.478842825,77873.5971662851,101434.122774789
45770.0632289306,3937.71552665148,77414.1542484071,62196.819049358,84780.2529782138
46259.7191048969,4028.38001366116,80358.6371319497,61217.6262550101,84779.0884380059
46447.9062331909,3971.70103315952,81537.2148520679,60747.7730661257,84113.2536324459
46001.5951023328,3654.62245588715,79831.940178086,57501.8935445055,82155.154229715
44353.9631999858,3053.33626635778,78412.9644556448,53589.0013873791,75485.2370926102
47374.4419091686,4815.49139831587,68134.7500287982,43357.1588566328,61165.8262901259
46316.3676839564,4725.97779280622,64607.2239651289,41524.9576126197,59754.6872547574
45553.1860016418,4549.87293734143,62392.5353858033,40221.1707415845,58930.6089992091
44989.034322538,4380.40366945169,60350.5278424849,39396.0852450458,58638.9815374489
44583.6951930136,4177.49950096431,58731.2811307322,40476.0449492688,59402.0496319854
43563.8994924221,3841.53211577065,54632.5778443546,43530.2093593535,62224.2600995053
44185.8950959121,3789.09040493508,82850.0917187151,69104.1124554427,83100.6921091022
46700.3007687574,4142.71097095382,98721.6754992688,80521.2098515897,89558.8098517579
46803.3779974208,4090.82949696614,105693.402039466,83289.4853902769,91117.6250527841
47364.8001317798,3968.02821756881,111467.25738966,87892.9833976791,90439.2363555144
47906.4516304218,3979.98456343557,116936.011744759,90244.817449126,90567.3605099989
48222.8785910255,4105.71522843678,117889.095839659,90097.2827698861,89922.5378044751
48327.050315485,4236.92685265507,118493.008398473,89954.7673540268,89009.1204263814
48047.5263006034,4292.64917024773,119535.40972208,88786.4112952108,88365.035400027
47946.1212698325,4336.28691751158,119849.891189437,89009.354161028,88599.8269720442
47494.8586913715,4349.39071746834,116086.22637814,86124.1917749766,87193.5679299347
46358.0116921805,4296.39700835729,109915.367292754,80792.239851147,85690.2508012906
45282.2647752783,4276.47086960948,104744.380309568,77456.124657003,83902.7103456129
47034.291521412,4907.84673445718,95774.4735732311,73783.3343991964,85046.2185956702
47731.5402678553,5119.55070316758,70969.873044386,58518.7954414908,76901.8699384326
48209.9369150895,5193.42603582172,73306.2856081588,56718.6088040004,76387.4968509469
48458.0644987806,5114.50054858231,73990.5282578747,54474.4982330374,74828.5767007727
48825.37375245,5233.3975726694,71541.70007684,50437.4475407527,68770.8734864002
48423.4151486852,5040.78424744329,70398.8600095833,46484.8198409679,62776.7787040566
47374.4419091686,4815.49139831587,68134.7500287982,43357.1588566328,61165.8262901259
46316.3676839564,4725.97779280622,64607.2239651289,41524.9576126197,59754.6872547574
45553.1860016418,4549.87293734143,62392.5353858033,40221.1707415845,58930.6089992091
44989.034322538,4380.40366945169,60350.5278424849,39396.0852450458,58638.9815374489
44583.6951930136,4177.49950096431,58731.2811307322,40476.0449492688,59402.0496319854
43563.8994924221,3841.53211577065,54632.5778443546,43530.2093593535,62224.2600995053
44185.8950959121,3789.09040493508,82850.0917187151,69104.1124554427,83100.6921091022
46700.3007687574,4142.71097095382,98721.6754992688,80521.2098515897,89558.8098517579
46803.3779974208,4090.82949696614,105693.402039466,83289.4853902769,91117.6250527841
47364.8001317798,3968.02821756881,111467.25738966,87892.9833976791,90439.2363555144
47906.4516304218,3979.98456343557,116936.011744759,90244.817449126,90567.3605099989
48222.8785910255,4105.71522843678,117889.095839659,90097.2827698861,89922.5378044751
48327.050315485,4236.92685265507,118493.008398473,89954.7673540268,89009.1204263814
48047.5263006034,4292.64917024773,119535.40972208,88786.4112952108,88365.035400027
47946.1212698325,4336.28691751158,119849.891189437,89009.354161028,88599.8269720442
47494.8586913715,4349.39071746834,116086.22637814,86124.1917749766,87193.5679299347
46358.0116921805,4296.39700835729,109915.367292754,80792.239851147,85690.2508012906
45282.2647752783,4276.47086960948,104744.380309568,77456.124657003,83902.7103456129
47034.291521412,4907.84673445718,95774.4735732311,73783.3343991964,85046.2185956702
47731.5402678553,5119.55070316758,70969.873044386,58518.7954414908,76901.8699384326
48209.9369150895,5193.42603582172,73306.2856081588,56718.6088040004,76387.4968509469
48458.0644987806,5114.50054858231,73990.5282578747,54474.4982330374,74828.5767007727
48825.37375245,5233.3975726694,71541.70007684,50437.4475407527,68770.8734864002
48423.4151486852,5040.78424744329,70398.8600095833,46484.8198409679,62776.7787040566
47374.4419091686,4815.49139831587,68134.7500287982,43357.1588566328,61165.8262901259
46316.3676839564,4725.97779280622,64607.2239651289,41524.9576126197,59754.6872547574
45553.1860016418,4549.87293734143,62392.5353858033,40221.1707415845,58930.6089992091
44989.034322538,4380.40366945169,60350.5278424849,39396.0852450458,58638.9815374489
44583.6951930136,4177.49950096431,58731.2811307322,40476.0449492688,59402.0496319854
43563.8994924221,3841.53211577065,54632.5778443546,43530.2093593535,62224.2600995053
44185.8950959121,3789.09040493508,82850.0917187151,69104.1124554427,83100.6921091022
46700.3007687574,4142.71097095382,98721.6754992688,80521.2098515897,89558.8098517579
46803.3779974208,4090.82949696614,105693.402039466,83289.4853902769,91117.6250527841
47364.8001317798,3968.02821756881,111467.25738966,87892.9833976791,90439.2363555144
47906.4516304218,3979.98456343557,116936.011744759,90244.817449126,90567.3605099989
48222.8785910255,4105.71522843678,117889.095839659,90097.2827698861,89922.5378044751
48327.050315485,4236.92685265507,118493.008398473,89954.7673540268,89009.1204263814
48047.5263006034,4292.64917024773,119535.40972208,88786.4112952108,88365.035400027
47946.1212698325,4336.28691751158,119849.891189437,89009.354161028,88599.8269720442
47494.8586913715,4349.39071746834,116086.22637814,86124.1917749766,87193.5679299347
46358.0116921805,4296.39700835729,109915.367292754,80792.239851147,85690.2508012906
45282.2647752783,4276.47086960948,104744.380309568,77456.124657003,83902.7103456129
47034.291521412,4907.84673445718,95774.4735732311,73783.3343991964,85046.2185956702
47731.5402678553,5119.55070316758,70969.873044386,58518.7954414908,76901.8699384326
48209.9369150895,5193.42603582172,73306.2856081588,56718.6088040004,76387.4968509469
48458.0644987806,5114.50054858231,73990.5282578747,54474.4982330374,74828.5767007727
48825.37375245,5233.3975726694,71541.70007684,50437.4475407527,68770.8734864002
48423.4151486852,5040.78424744329,70398.8600095833,46484.8198409679,62776.7787040566
47374.4419091686,4815.49139831587,68134.7500287982,43357.1588566328,61165.8262901259
46316.3676839564,4725.97779280622,64607.2239651289,41524.9576126197,59754.6872547574
45553.1860016418,4549.87293734143,62392.5353858033,40221.1707415845,58930.6089992091
44989.034322538,4380.40366945169,60350.5278424849,39396.0852450458,58638.9815374489
44583.6951930136,4177.49950096431,58731.2811307322,40476.0449492688,59402.0496319854
43563.8994924221,3841.53211577065,54632.5778443546,43530.2093593535,62224.2600995053
44185.8950959121,3789.09040493508,82850.0917187151,69104.1124554427,83100.6921091022
46700.3007687574,4142.71097095382,98721.6754992688,80521.2098515897,89558.8098517579
46803.3779974208,4090.82949696614,105693.402039466,83289.4853902769,91117.6250527841
47364.8001317798,3968.02821756881,111467.25738966,87892.9833976791,90439.2363555144
47906.4516304218,3979.98456343557,116936.011744759,90244.817449126,90567.3605099989
48222.8785910255,4105.71522843678,117889.095839659,90097.2827698861,89922.5378044751
48327.050315485,4236.92685265507,118493.008398473,89954.7673540268,89009.1204263814
48047.5263006034,4292.64917024773,119535.40972208,88786.4112952108,88365.035400027
47946.1212698325,4336.28691751158,119849.891189437,89009.354161028,88599.8269720442
47494.8586913715,4349.39071746834,116086.22637814,86124.1917749766,87193.5679299347
46358.0116921805,4296.39700835729,109915.367292754,80792.239851147,85690.2508012906
45282.2647752783,4276.47086960948,104744.380309568,77456.124657003,83902.7103456129
47034.291521412,4907.84673445718,95774.4735732311,73783.3343991964,85046.2185956702
47731.5402678553,5119.55070316758,70969.873044386,58518.7954414908,76901.8699384326
48209.9369150895,5193.42603582172,73306.2856081588,56718.6088040004,76387.4968509469
48458.0644987806,5114.50054858231,73990.5282578747,54474.4982330374,74828.5767007727
48825.37375245,5233.3975726694,71541.70007684,50437.4475407527,68770.8734864002
48423.4151486852,5040.78424744329,70398.8600095833,46484.8198409679,62776.7787040566
47374.4419091686,4815.49139831587,68134.7500287982,43357.1588566328,61165.8262901259
46316.3676839564,4725.97779280622,64607.2239651289,41524.9576126197,59754.6872547574
45553.1860016418,4549.87293734143,62392.5353858033,40221.1707415845,58930.6089992091
44989.034322538,4380.40366945169,60350.5278424849,39396.0852450458,58638.9815374489
44583.6951930136,4177.49950096431,58731.2811307322,40476.0449492688,59402.0496319854
43563.8994924221,3841.53211577065,54632.5778443546,43530.2093593535,62224.2600995053
44185.8950959121,3789.09040493508,82850.0917187151,69104.1124554427,83100.6921091022
46700.3007687574,4142.71097095382,98721.6754992688,80521.2098515897,89558.8098517579
46803.3779974208,4090.82949696614,105693.402039466,83289.4853902769,91117.6250527841
47364.8001317798,3968.02821756881,111467.25738966,87892.9833976791,90439.2363555144
47906.4516304218,3979.98456343557,116936.011744759,90244.817449126,90567.3605099989
48222.8785910255,4105.71522843678,117889.095839659,90097.2827698861,89922.5378044751
48327.050315485,4236.92685265507,118493.008398473,89954.7673540268,89009.1204263814
48047.5263006034,4292.64917024773,119535.40972208,88786.4112952108,88365.035400027
47946.1212698325,4336.28691751158,119849.891189437,89009.354161028,88599.8269720442
47494.8586913715,4349.39071746834,116086.22637814,86124.1917749766,87193.5679299347
46358.0116921805,4296.39700835729,109915.367292754,80792.239851147,85690.2508012906
45282.2647752783,4276.47086960948,104744.380309568,77456.124657003,83902.7103456129
47034.291521412,4907.84673445718,95774.4735732311,73783.3343991964,85046.2185956702
47731.5402678553,5119.55070316758,70969.873044386,58518.7954414908,76901.8699384326
48209.9369150895,5193.42603582172,73306.2856081588,56718.6088040004,76387.4968509469
48458.0644987806,5114.50054858231,73990.5282578747,54474.4982330374,74828.5767007727
48825.37375245,5233.3975726694,71541.70007684,50437.4475407527,68770.8734864002
48423.4151486852,5040.78424744329,70398.8600095833,46484.8198409679,62776.7787040566
47374.4419091686,4815.49139831587,68134.7500287982,43357.1588566328,61165.8262901259
46316.3676839564,4725.97779280622,64607.2239651289,41524.9576126197,59754.6872547574
45553.1860016418,4549.87293734143,62392.5353858033,40221.1707415845,58930.6089992091
44989.034322538,4380.40366945169,60350.5278424849,39396.0852450458,58638.9815374489
44583.6951930136,4177.49950096431,58731.2811307322,40476.0449492688,59402.0496319854
43563.8994924221,3841.53211577065,54632.5778443546,43530.2093593535,62224.2600995053
44185.8950959121,3789.09040493508,82850.0917187151,69104.1124554427,83100.6921091022
46700.3007687574,4142.71097095382,98721.6754992688,80521.2098515897,89558.8098517579
46803.3779974208,4090.82949696614,105693.402039466,83289.4853902769,91117.6250527841
47364.8001317798,3968.02821756881,111467.25738966,87892.9833976791,90439.2363555144
47906.4516304218,3979.98456343557,116936.011744759,90244.817449126,90567.3605099989
48222.8785910255,4105.71522843678,117889.095839659,90097.2827698861,89922.5378044751
48327.050315485,4236.92685265507,118493.008398473,89954.7673540268,89009.1204263814
48047.5263006034,4292.64917024773,119535.40972208,88786.4112952108,88365.035400027
47946.1212698325,4336.28691751158,119849.891189437,89009.354161028,88599.8269720442
47494.8586913715,4349.39071746834,116086.22637814,86124.1917749766,87193.5679299347
46358.0116921805,4296.39700835729,109915.367292754,80792.239851147,85690.2508012906
45282.2647752783,4276.47086960948,104744.380309568,77456.124657003,83902.7103456129
47034.291521412,4907.84673445718,95774.4735732311,73783.3343991964,85046.2185956702
47731.5402678553,5119.55070316758,70969.873044386,58518.7954414908,76901.8699384326
48209.9369150895,5193.42603582172,73306.2856081588,56718.6088040004,76387.4968509469
48458.0644987806,5114.50054858231,73990.5282578747,54474.4982330374,74828.5767007727
48825.37375245,5233.3975726694,71541.70007684,50437.4475407527,68770.8734864002
48423.4151486852,5040.78424744329,70398.8600095833,46484.8198409679,62776.7787040566
47374.4419091686,4815.49139831587,68134.7500287982,43357.1588566328,61165.8262901259
46316.3676839564,4725.97779280622,64607.2239651289,41524.9576126197,59754.6872547574
45553.1860016418,4549.87293734143,62392.5353858033,40221.1707415845,58930.6089992091
44989.034322538,4380.40366945169,60350.5278424849,39396.0852450458,58638.9815374489
44583.6951930136,4177.49950096431,58731.2811307322,40476.0449492688,59402.0496319854
43563.8994924221,3841.53211577065,54632.5778443546,43530.2093593535,62224.2600995053
44185.8950959121,3789.09040493508,82850.0917187151,69104.1124554427,83100.6921091022
46700.3007687574,4142.71097095382,98721.6754992688,80521.2098515897,89558.8098517579
46803.3779974208,4090.82949696614,105693.402039466,83289.4853902769,91117.6250527841
47364.8001317798,3968.02821756881,111467.25738966,87892.9833976791,90439.2363555144
47906.4516304218,3979.98456343557,116936.011744759,90244.817449126,90567.3605099989
48222.8785910255,4105.71522843678,117889.095839659,90097.2827698861,89922.5378044751
48327.050315485,4236.92685265507,118493.008398473,89954.7673540268,89009.1204263814
48047.5263006034,4292.64917024773,119535.40972208,88786.4112952108,88365.035400027
47946.1212698325,4336.28691751158,119849.891189437,89009.354161028,88599.8269720442
47494.8586913715,4349.39071746834,116086.22637814,86124.1917749766,87193.5679299347
46358.0116921805,4296.39700835729,109915.367292754,80792.239851147,85690.2508012906
45282.2647752783,4276.47086960948,104744.380309568,77456.124657003,83902.7103456129
47034.291521412,4907.84673445718,95774.4735732311,73783.3343991964,85046.2185956702
47731.5402678553,5119.55070316758,70969.873044386,58518.7954414908,76901.8699384326
48209.9369150895,5193.42603582172,73306.2856081588,56718.6088040004,76387.4968509469
48458.0644987806,5114.50054858231,73990.5282578747,54474.4982330374,74828.5767007727
48825.37375245,5233.3975726694,71541.70007684,50437.4475407527,68770.8734864002
48423.4151486852,5040.78424744329,70398.8600095833,46484.8198409679,62776.7787040566
47374.4419091686,4815.49139831587,68134.7500287982,43357.1588566328,61165.8262901259
46316.3676839564,4725.97779280622,64607.2239651289,41524.9576126197,59754.6872547574
45553.1860016418,4549.87293734143,62392.5353858033,40221.1707415845,58930.6089992091
44989.034322538,4380.40366945169,60350.5278424849,39396.0852450458,58638.9815374489
44583.6951930136,4177.49950096431,58731.2811307322,40476.0449492688,59402.0496319854
43563.8994924221,3841.53211577065,54632.5778443546,43530.2093593535,62224.2600995053
44185.8950959121,3789.09040493508,82850.0917187151,69104.1124554427,83100.6921091022
46700.3007687574,4142.71097095382,98721.6754992688,80521.2098515897,89558.8098517579
46803.3779974208,4090.82949696614,105693.402039466,83289.4853902769,91117.6250527841
47364.8001317798,3968.02821756881,111467.25738966,87892.9833976791,90439.2363555144
47906.4516304218,3979.98456343557,116936.011744759,90244.817449126,90567.3605099989
48222.8785910255,4105.71522843678,117889.095839659,90097.2827698861,89922.5378044751
48327.050315485,4236.92685265507,118493.008398473,89954.7673540268,89009.1204263814
48047.5263006034,4292.64917024773,119535.40972208,88786.4112952108,88365.035400027
47946.1212698325,4336.28691751158,119849.891189437,89009.354161028,88599.8269720442
47494.8586913715,4349.39071746834,116086.22637814,86124.1917749766,87193.5679299347
46358.0116921805,4296.39700835729,109915.367292754,80792.239851147,85690.2508012906
45282.2647752783,4276.47086960948,104744.380309568,77456.124657003,83902.7103456129
47034.291521412,4907.84673445718,95774.4735732311,73783.3343991964,85046.2185956702
47731.5402678553,5119.55070316758,70969.873044386,58518.7954414908,76901.8699384326
48209.9369150895,5193.42603582172,73306.2856081588,56718.6088040004,76387.4968509469
48458.0644987806,5114.50054858231,73990.5282578747,54474.4982330374,74828.5767007727
48825.37375245,5233.3975726694,71541.70007684,50437.4475407527,68770.8734864002
48423.4151486852,5040.78424744329,70398.8600095833,46484.8198409679,62776.7787040566
47374.4419091686,4815.49139831587,68134.7500287982,43357.1588566328,61165.8262901259
46316.3676839564,4725.97779280622,64607.2239651289,41524.9576126197,59754.6872547574
45553.1860016418,4549.87293734143,62392.5353858033,40221.1707415845,58930.6089992091
44989.034322538,4380.40366945169,60350.5278424849,39396.0852450458,58638.9815374489
44583.6951930136,4177.49950096431,58731.2811307322,40476.0449492688,59402.0496319854
43563.8994924221,3841.53211577065,54632.5778443546,43530.2093593535,62224.2600995053
44185.8950959121,3789.09040493508,82850.0917187151,69104.1124554427,83100.6921091022
46700.3007687574,4142.71097095382,98721.6754992688,80521.2098515897,89558.8098517579
46803.3779974208,4090.82949696614,105693.402039466,83289.4853902769,91117.6250527841
47364.8001317798,3968.02821756881,111467.25738966,87892.9833976791,90439.2363555144
47906.4516304218,3979.98456343557,116936.011744759,90244.817449126,90567.3605099989
48222.8785910255,4105.71522843678,117889.095839659,90097.2827698861,89922.5378044751
48327.050315485,4236.92685265507,118493.008398473,89954.7673540268,89009.1204263814
48047.5263006034,4292.64917024773,119535.40972208,88786.4112952108,88365.035400027
47946.1212698325,4336.28691751158,119849.891189437,89009.354161028,88599.8269720442
47494.8586913715,4349.39071746834,116086.22637814,86124.1917749766,87193.5679299347
46358.0116921805,4296.39700835729,109915.367292754,80792.239851147,85690.2508012906
45282.2647752783,4276.47086960948,104744.380309568,77456.124657003,83902.7103456129
47034.291521412,4907.84673445718,95774.4735732311,73783.3343991964,85046.2185956702
47731.5402678553,5119.55070316758,70969.873044386,58518.7954414908,76901.8699384326
48209.9369150895,5193.42603582172,73306.2856081588,56718.6088040004,76387.4968509469
48458.0644987806,5114.50054858231,73990.5282578747,54474.4982330374,74828.5767007727
48825.37375245,5233.3975726694,71541.70007684,50437.4475407527,68770.8734864002
48423.4151486852,5040.78424744329,70398.8600095833,46484.8198409679,62776.7787040566
47374.4419091686,4815.49139831587,68134.7500287982,43357.1588566328,61165.8262901259
46316.3676839564,4725.97779280622,64607.2239651289,41524.9576126197,59754.6872547574
45553.1860016418,4549.87293734143,62392.5353858033,40221.1707415845,58930.6089992091
44989.034322538,4380.40366945169,60350.5278424849,39396.0852450458,58638.9815374489
44583.6951930136,4177.49950096431,58731.2811307322,40476.0449492688,59402.0496319854
43563.8994924221,3841.53211577065,54632.5778443546,43530.2093593535,62224.2600995053
44185.8950959121,3789.09040493508,82850.0917187151,69104.1124554427,83100.6921091022
46700.3007687574,4142.71097095382,98721.6754992688,80521.2098515897,89558.8098517579
46803.3779974208,4090.82949696614,105693.402039466,83289.4853902769,91117.6250527841
47364.8001317798,3968.02821756881,111467.25738966,87892.9833976791,90439.2363555144
47906.4516304218,3979.98456343557,116936.011744759,90244.817449126,90567.3605099989
48222.8785910255,4105.71522843678,117889.095839659,90097.2827698861,89922.5378044751
48327.050315485,4236.92685265507,118493.008398473,89954.7673540268,89009.1204263814
48047.5263006034,4292.64917024773,119535.40972208,88786.4112952108,88365.035400027
47946.1212698325,4336.28691751158,119849.891189437,89009.354161028,88599.8269720442
47494.8586913715,4349.39071746834,116086.22637814,86124.1917749766,87193.5679299347
46358.0116921805,4296.39700835729,109915.367292754,80792.239851147,85690.2508012906
45282.2647752783,4276.47086960948,104744.380309568,77456.124657003,83902.7103456129
47034.291521412,4907.84673445718,95774.4735732311,73783.3343991964,85046.2185956702
47731.5402678553,5119.55070316758,70969.873044386,58518.7954414908,76901.8699384326
48209.9369150895,5193.42603582172,73306.2856081588,56718.6088040004,76387.4968509469
48458.0644987806,5114.50054858231,73990.5282578747,54474.4982330374,74828.5767007727
48825.37375245,5233.3975726694,71541.70007684,50437.4475407527,68770.8734864002
48423.4151486852,5040.78424744329,70398.8600095833,46484.8198409679,62776.7787040566
47374.4419091686,4815.49139831587,68134.7500287982,43357.1588566328,61165.8262901259
46316.3676839564,4725.97779280622,64607.2239651289,41524.9576126197,59754.6872547574
45553.1860016418,4549.87293734143,62392.5353858033,40221.1707415845,58930.6089992091
44989.034322538,4380.40366945169,60350.5278424849,39396.0852450458,58638.9815374489
44583.6951930136,4177.49950096431,58731.2811307322,40476.0449492688,59402.0496319854
43563.8994924221,3841.53211577065,54632.5778443546,43530.2093593535,62224.2600995053
44185.8950959121,3789.09040493508,82850.0917187151,69104.1124554427,83100.6921091022
46700.3007687574,4142.71097095382,98721.6754992688,80521.2098515897,89558.8098517579
46803.3779974208,4090.82949696614,105693.402039466,83289.4853902769,91117.6250527841
47364.8001317798,3968.02821756881,111467.25738966,87892.9833976791,90439.2363555144
47906.4516304218,3979.98456343557,116936.011744759,90244.817449126,90567.3605099989
48222.8785910255,4105.71522843678,117889.095839659,90097.2827698861,89922.5378044751
48327.050315485,4236.92685265507,118493.008398473,89954.7673540268,89009.1204263814
48047.5263006034,4292.64917024773,119535.40972208,88786.4112952108,88365.035400027
47946.1212698325,4336.28691751158,119849.891189437,89009.354161028,88599.8269720442
47494.8586913715,4349.39071746834,116086.22637814,86124.1917749766,87193.5679299347
46358.0116921805,4296.39700835729,109915.367292754,80792.239851147,85690.2508012906
45282.2647752783,4276.47086960948,104744.380309568,77456.124657003,83902.7103456129
47034.291521412,4907.84673445718,95774.4735732311,73783.3343991964,85046.2185956702
47731.5402678553,5119.55070316758,70969.873044386,58518.7954414908,76901.8699384326
48209.9369150895,5193.42603582172,73306.2856081588,56718.6088040004,76387.4968509469
48458.0644987806,5114.50054858231,73990.5282578747,54474.4982330374,74828.5767007727
48825.37375245,5233.3975726694,71541.70007684,50437.4475407527,68770.8734864002
48423.4151486852,5040.78424744329,70398.8600095833,46484.8198409679,62776.7787040566
47374.4419091686,4815.49139831587,68134.7500287982,43357.1588566328,61165.8262901259
46316.3676839564,4725.97779280622,64607.2239651289,41524.9576126197,59754.6872547574
45553.1860016418,4549.87293734143,62392.5353858033,40221.1707415845,58930.6089992091
44989.034322538,4380.40366945169,60350.5278424849,39396.0852450458,58638.9815374489
44583.6951930136,4177.49950096431,58731.2811307322,40476.0449492688,59402.0496319854
43563.8994924221,3841.53211577065,54632.5778443546,43530.2093593535,62224.2600995053
44185.8950959121,3789.09040493508,82850.0917187151,69104.1124554427,83100.6921091022
46700.3007687574,4142.71097095382,98721.6754992688,80521.2098515897,89558.8098517579
46803.3779974208,4090.82949696614,105693.402039466,83289.4853902769,91117.6250527841
47364.8001317798,3968.02821756881,111467.25738966,87892.9833976791,90439.2363555144
47906.4516304218,3979.98456343557,116936.011744759,90244.817449126,90567.3605099989
48222.8785910255,4105.71522843678,117889.095839659,90097.2827698861,89922.5378044751
48327.050315485,4236.92685265507,118493.008398473,89954.7673540268,89009.1204263814
48047.5263006034,4292.64917024773,119535.40972208,88786.4112952108,88365.035400027
47946.1212698325,4336.28691751158,119849.891189437,89009.354161028,88599.8269720442
47494.8586913715,4349.39071746834,116086.22637814,86124.1917749766,87193.5679299347
46358.0116921805,4296.39700835729,109915.367292754,80792.239851147,85690.2508012906
45282.2647752783,4276.47086960948,104744.380309568,77456.124657003,83902.7103456129
47034.291521412,4907.84673445718,95774.4735732311,73783.3343991964,85046.2185956702
47731.5402678553,5119.55070316758,70969.873044386,58518.7954414908,76901.8699384326
48209.9369150895,5193.42603582172,73306.2856081588,56718.6088040004,76387.4968509469
48458.0644987806,5114.50054858231,73990.5282578747,54474.4982330374,74828.5767007727
48825.37375245,5233.3975726694,71541.70007684,50437.4475407527,68770.8734864002
48423.4151486852,5040.78424744329,70398.8600095833,46484.8198409679,62776.7787040566
47374.4419091686,4815.49139831587,68134.7500287982,43357.1588566328,61165.8262901259
46316.3676839564,4725.97779280622,64607.2239651289,41524.9576126197,59754.6872547574
45553.1860016418,4549.87293734143,62392.5353858033,40221.1707415845,58930.6089992091
44989.034322538,4380.40366945169,60350.5278424849,39396.0852450458,58638.9815374489
44583.6951930136,4177.49950096431,58731.2811307322,40476.0449492688,59402.0496319854
43563.8994924221,3841.53211577065,54632.5778443546,43530.2093593535,62224.2600995053
44185.8950959121,3789.09040493508,82850.0917187151,69104.1124554427,83100.6921091022
46700.3007687574,4142.71097095382,98721.6754992688,80521.2098515897,89558.8098517579
46803.3779974208,4090.82949696614,105693.402039466,83289.4853902769,91117.6250527841
47364.8001317798,3968.02821756881,111467.25738966,87892.9833976791,90439.2363555144
47906.4516304218,3979.98456343557,116936.011744759,90244.817449126,90567.3605099989
48222.8785910255,4105.71522843678,117889.095839659,90097.2827698861,89922.5378044751
48327.050315485,4236.92685265507,118493.008398473,89954.7673540268,89009.1204263814
48047.5263006034,4292.64917024773,119535.40972208,88786.4112952108,88365.035400027
47946.1212698325,4336.28691751158,119849.891189437,89009.354161028,88599.8269720442
47494.8586913715,4349.39071746834,116086.22637814,86124.1917749766,87193.5679299347
46358.0116921805,4296.39700835729,109915.367292754,80792.239851147,85690.2508012906
45282.2647752783,4276.47086960948,104744.380309568,77456.124657003,83902.7103456129
47034.291521412,4907.84673445718,95774.4735732311,73783.3343991964,85046.2185956702
47731.5402678553,5119.55070316758,70969.873044386,58518.7954414908,76901.8699384326
48209.9369150895,5193.42603582172,73306.2856081588,56718.6088040004,76387.4968509469
48458.0644987806,5114.50054858231,73990.5282578747,54474.4982330374,74828.5767007727
48825.37375245,5233.3975726694,71541.70007684,50437.4475407527,68770.8734864002
48423.4151486852,5040.78424744329,70398.8600095833,46484.8198409679,62776.7787040566
47374.4419091686,4815.49139831587,68134.7500287982,43357.1588566328,61165.8262901259
46316.3676839564,4725.97779280622,64607.2239651289,41524.9576126197,59754.6872547574
45553.1860016418,4549.87293734143,62392.5353858033,40221.1707415845,58930.6089992091
44989.034322538,4380.40366945169,60350.5278424849,39396.0852450458,58638.9815374489
44583.6951930136,4177.49950096431,58731.2811307322,40476.0449492688,59402.0496319854
43563.8994924221,3841.53211577065,54632.5778443546,43530.2093593535,62224.2600995053
44185.8950959121,3789.09040493508,82850.0917187151,69104.1124554427,83100.6921091022
46700.3007687574,4142.71097095382,98721.6754992688,80521.2098515897,89558.8098517579
46803.3779974208,4090.82949696614,105693.402039466,83289.4853902769,91117.6250527841
47364.8001317798,3968.02821756881,111467.25738966,87892.9833976791,90439.2363555144
47906.4516304218,3979.98456343557,116936.011744759,90244.817449126,90567.3605099989
48222.8785910255,4105.71522843678,117889.095839659,90097.2827698861,89922.5378044751
48327.050315485,4236.92685265507,118493.008398473,89954.7673540268,89009.1204263814
48047.5263006034,4292.64917024773,119535.40972208,88786.4112952108,88365.035400027
47946.1212698325,4336.28691751158,119849.891189437,89009.354161028,88599.8269720442
47494.8586913715,4349.39071746834,116086.22637814,86124.1917749766,87193.5679299347
46358.0116921805,4296.39700835729,109915.367292754,80792.239851147,85690.2508012906
45282.2647752783,4276.47086960948,104744.380309568,77456.124657003,83902.7103456129
47034.291521412,4907.84673445718,95774.4735732311,73783.3343991964,85046.2185956702
47731.5402678553,5119.55070316758,70969.873044386,58518.7954414908,76901.8699384326
48209.9369150895,5193.42603582172,73306.2856081588,56718.6088040004,76387.4968509469
48458.0644987806,5114.50054858231,73990.5282578747,54474.4982330374,74828.5767007727
48825.37375245,5233.3975726694,71541.70007684,50437.4475407527,68770.8734864002
48423.4151486852,5040.78424744329,70398.8600095833,46484.8198409679,62776.7787040566
47374.4419091686,4815.49139831587,68134.7500287982,43357.1588566328,61165.8262901259
46316.3676839564,4725.97779280622,64607.2239651289,41524.9576126197,59754.6872547574
45553.1860016418,4549.87293734143,62392.5353858033,40221.1707415845,58930.6089992091
44989.034322538,4380.40366945169,60350.5278424849,39396.0852450458,58638.9815374489
44583.6951930136,4177.49950096431,58731.2811307322,40476.0449492688,59402.0496319854
43563.8994924221,3841.53211577065,54632.5778443546,43530.2093593535,62224.2600995053
44185.8950959121,3789.09040493508,82850.0917187151,69104.1124554427,83100.6921091022
46700.3007687574,4142.71097095382,98721.6754992688,80521.2098515897,89558.8098517579
46803.3779974208,4090.82949696614,105693.402039466,83289.4853902769,91117.6250527841
47364.8001317798,3968.02821756881,111467.25738966,87892.9833976791,90439.2363555144
47906.4516304218,3979.98456343557,116936.011744759,90244.817449126,90567.3605099989
48222.8785910255,4105.71522843678,117889.095839659,90097.2827698861,89922.5378044751
48327.050315485,4236.92685265507,118493.008398473,89954.7673540268,89009.1204263814
48047.5263006034,4292.64917024773,119535.40972208,88786.4112952108,88365.035400027
47946.1212698325,4336.28691751158,119849.891189437,89009.354161028,88599.8269720442
47494.8586913715,4349.39071746834,116086.22637814,86124.1917749766,87193.5679299347
46358.0116921805,4296.39700835729,109915.367292754,80792.239851147,85690.2508012906
45282.2647752783,4276.47086960948,104744.380309568,77456.124657003,83902.7103456129
47034.291521412,4907.84673445718,95774.4735732311,73783.3343991964,85046.2185956702
47731.5402678553,5119.55070316758,70969.873044386,58518.7954414908,76901.8699384326
48209.9369150895,5193.42603582172,73306.2856081588,56718.6088040004,76387.4968509469
48458.0644987806,5114.50054858231,73990.5282578747,54474.4982330374,74828.5767007727
48825.37375245,5233.3975726694,71541.70007684,50437.4475407527,68770.8734864002
48423.4151486852,5040.78424744329,70398.8600095833,46484.8198409679,62776.7787040566
47374.4419091686,4815.49139831587,68134.7500287982,43357.1588566328,61165.8262901259
46316.3676839564,4725.97779280622,64607.2239651289,41524.9576126197,59754.6872547574
45553.1860016418,4549.87293734143,62392.5353858033,40221.1707415845,58930.6089992091
44989.034322538,4380.40366945169,60350.5278424849,39396.0852450458,58638.9815374489
44583.6951930136,4177.49950096431,58731.2811307322,40476.0449492688,59402.0496319854
43563.8994924221,3841.53211577065,54632.5778443546,43530.2093593535,62224.2600995053
44185.8950959121,3789.09040493508,82850.0917187151,69104.1124554427,83100.6921091022
46700.3007687574,4142.71097095382,98721.6754992688,80521.2098515897,89558.8098517579
46803.3779974208,4090.82949696614,105693.402039466,83289.4853902769,91117.6250527841
47364.8001317798,3968.02821756881,111467.25738966,87892.9833976791,90439.2363555144
47906.4516304218,3979.98456343557,116936.011744759,90244.817449126,90567.3605099989
48222.8785910255,4105.71522843678,117889.095839659,90097.2827698861,89922.5378044751
48327.050315485,4236.92685265507,118493.008398473,89954.7673540268,89009.1204263814
48047.5263006034,4292.64917024773,119535.40972208,88786.4112952108,88365.035400027
47946.1212698325,4336.28691751158,119849.891189437,89009.354161028,88599.8269720442
47494.8586913715,4349.39071746834,116086.22637814,86124.1917749766,87193.5679299347
46358.0116921805,4296.39700835729,109915.367292754,80792.239851147,85690.2508012906
45282.2647752783,4276.47086960948,104744.380309568,77456.124657003,83902.7103456129
47034.291521412,4907.84673445718,95774.4735732311,73783.3343991964,85046.2185956702
47731.5402678553,5119.55070316758,70969.873044386,58518.7954414908,76901.8699384326
48209.9369150895,5193.42603582172,73306.2856081588,56718.6088040004,76387.4968509469
48458.0644987806,5114.50054858231,73990.5282578747,54474.4982330374,74828.5767007727
48825.37375245,5233.3975726694,71541.70007684,50437.4475407527,68770.8734864002
48423.4151486852,5040.78424744329,70398.8600095833,46484.8198409679,62776.7787040566
47374.4419091686,4815.49139831587,68134.7500287982,43357.1588566328,61165.8262901259
46316.3676839564,4725.97779280622,64607.2239651289,41524.9576126197,59754.6872547574
45553.1860016418,4549.87293734143,62392.5353858033,40221.1707415845,58930.6089992091
44989.034322538,4380.40366945169,60350.5278424849,39396.0852450458,58638.9815374489
44583.6951930136,4177.49950096431,58731.2811307322,40476.0449492688,59402.0496319854
43563.8994924221,3841.53211577065,54632.5778443546,43530.2093593535,62224.2600995053
44185.8950959121,3789.09040493508,82850.0917187151,69104.1124554427,83100.6921091022
46700.3007687574,4142.71097095382,98721.6754992688,80521.2098515897,89558.8098517579
46803.3779974208,4090.82949696614,105693.402039466,83289.4853902769,91117.6250527841
47364.8001317798,3968.02821756881,111467.25738966,87892.9833976791,90439.2363555144
47906.4516304218,3979.98456343557,116936.011744759,90244.817449126,90567.3605099989
48222.8785910255,4105.71522843678,117889.095839659,90097.2827698861,89922.5378044751
48327.050315485,4236.92685265507,118493.008398473,89954.7673540268,89009.1204263814
48047.5263006034,4292.64917024773,119535.40972208,88786.4112952108,88365.035400027
47946.1212698325,4336.28691751158,119849.891189437,89009.354161028,88599.8269720442
47494.8586913715,4349.39071746834,116086.22637814,86124.1917749766,87193.5679299347
46358.0116921805,4296.39700835729,109915.367292754,80792.239851147,85690.2508012906
45282.2647752783,4276.47086960948,104744.380309568,77456.124657003,83902.7103456129
47034.291521412,4907.84673445718,95774.4735732311,73783.3343991964,85046.2185956702
47731.5402678553,5119.55070316758,70969.873044386,58518.7954414908,76901.8699384326
48209.9369150895,5193.42603582172,73306.2856081588,56718.6088040004,76387.4968509469
48458.0644987806,5114.50054858231,73990.5282578747,54474.4982330374,74828.5767007727
48825.37375245,5233.3975726694,71541.70007684,50437.4475407527,68770.8734864002
48423.4151486852,5040.78424744329,70398.8600095833,46484.8198409679,62776.7787040566
47374.4419091686,4815.49139831587,68134.7500287982,43357.1588566328,61165.8262901259
46316.3676839564,4725.97779280622,64607.2239651289,41524.9576126197,59754.6872547574
45553.1860016418,4549.87293734143,62392.5353858033,40221.1707415845,58930.6089992091
44989.034322538,4380.40366945169,60350.5278424849,39396.0852450458,58638.9815374489
44583.6951930136,4177.49950096431,58731.2811307322,40476.0449492688,59402.0496319854
43563.8994924221,3841.53211577065,54632.5778443546,43530.2093593535,62224.2600995053
44185.8950959121,3789.09040493508,82850.0917187151,69104.1124554427,83100.6921091022
46700.3007687574,4142.71097095382,98721.6754992688,80521.2098515897,89558.8098517579
46803.3779974208,4090.82949696614,105693.402039466,83289.4853902769,91117.6250527841
47364.8001317798,3968.02821756881,111467.25738966,87892.9833976791,90439.2363555144
47906.4516304218,3979.98456343557,116936.011744759,90244.817449126,90567.3605099989
48222.8785910255,4105.71522843678,117889.095839659,90097.2827698861,89922.5378044751
48327.050315485,4236.92685265507,118493.008398473,89954.7673540268,89009.1204263814
48047.5263006034,4292.64917024773,119535.40972208,88786.4112952108,88365.035400027
47946.1212698325,4336.28691751158,119849.891189437,89009.354161028,88599.8269720442
47494.8586913715,4349.39071746834,116086.22637814,86124.1917749766,87193.5679299347
46358.0116921805,4296.39700835729,109915.367292754,80792.239851147,85690.2508012906
45282.2647752783,4276.47086960948,104744.380309568,77456.124657003,83902.7103456129
47034.291521412,4907.84673445718,95774.4735732311,73783.3343991964,85046.2185956702
47731.5402678553,5119.55070316758,70969.873044386,58518.7954414908,76901.8699384326
48209.9369150895,5193.42603582172,73306.2856081588,56718.6088040004,76387.4968509469
48458.0644987806,5114.50054858231,73990.5282578747,54474.4982330374,74828.5767007727
48825.37375245,5233.3975726694,71541.70007684,50437.4475407527,68770.8734864002
48423.4151486852,5040.78424744329,70398.8600095833,46484.8198409679,62776.7787040566
47374.4419091686,4815.49139831587,68134.7500287982,43357.1588566328,61165.8262901259
46316.3676839564,4725.97779280622,64607.2239651289,41524.9576126197,59754.6872547574
45553.1860016418,4549.87293734143,62392.5353858033,40221.1707415845,58930.6089992091
44989.034322538,4380.40366945169,60350.5278424849,39396.0852450458,58638.9815374489
44583.6951930136,4177.49950096431,58731.2811307322,40476.0449492688,59402.0496319854
43563.8994924221,3841.53211577065,54632.5778443546,43530.2093593535,62224.2600995053
44185.8950959121,3789.09040493508,82850.0917187151,69104.1124554427,83100.6921091022
46700.3007687574,4142.71097095382,98721.6754992688,80521.2098515897,89558.8098517579
46803.3779974208,4090.82949696614,105693.402039466,83289.4853902769,91117.6250527841
47364.8001317798,3968.02821756881,111467.25738966,87892.9833976791,90439.2363555144
47906.4516304218,3979.98456343557,116936.011744759,90244.817449126,90567.3605099989
48222.8785910255,4105.71522843678,117889.095839659,90097.2827698861,89922.5378044751
48327.050315485,4236.92685265507,118493.008398473,89954.7673540268,89009.1204263814
48047.5263006034,4292.64917024773,119535.40972208,88786.4112952108,88365.035400027
47946.1212698325,4336.28691751158,119849.891189437,89009.354161028,88599.8269720442
47494.8586913715,4349.39071746834,116086.22637814,86124.1917749766,87193.5679299347
46358.0116921805,4296.39700835729,109915.367292754,80792.239851147,85690.2508012906
45282.2647752783,4276.47086960948,104744.380309568,77456.124657003,83902.7103456129
47034.291521412,4907.84673445718,95774.4735732311,73783.3343991964,85046.2185956702
47731.5402678553,5119.55070316758,70969.873044386,58518.7954414908,76901.8699384326
48209.9369150895,5193.42603582172,73306.2856081588,56718.6088040004,76387.4968509469
48458.0644987806,5114.50054858231,73990.5282578747,54474.4982330374,74828.5767007727
48825.37375245,5233.3975726694,71541.70007684,50437.4475407527,68770.8734864002
48423.4151486852,5040.78424744329,70398.8600095833,46484.8198409679,62776.7787040566
47374.4419091686,4815.49139831587,68134.7500287982,43357.1588566328,61165.8262901259
46316.3676839564,4725.97779280622,64607.2239651289,41524.9576126197,59754.6872547574
45553.1860016418,4549.87293734143,62392.5353858033,40221.1707415845,58930.6089992091
44989.034322538,4380.40366945169,60350.5278424849,39396.0852450458,58638.9815374489
44583.6951930136,4177.49950096431,58731.2811307322,40476.0449492688,59402.0496319854
43563.8994924221,3841.53211577065,54632.5778443546,43530.2093593535,62224.2600995053
44185.8950959121,3789.09040493508,82850.0917187151,69104.1124554427,83100.6921091022
46700.3007687574,4142.71097095382,98721.6754992688,80521.2098515897,89558.8098517579
46803.3779974208,4090.82949696614,105693.402039466,83289.4853902769,91117.6250527841
47364.8001317798,3968.02821756881,111467.25738966,87892.9833976791,90439.2363555144
47906.4516304218,3979.98456343557,116936.011744759,90244.817449126,90567.3605099989
48222.8785910255,4105.71522843678,117889.095839659,90097.2827698861,89922.5378044751
48327.050315485,4236.92685265507,118493.008398473,89954.7673540268,89009.1204263814
48047.5263006034,4292.64917024773,119535.40972208,88786.4112952108,88365.035400027
47946.1212698325,4336.28691751158,119849.891189437,89009.354161028,88599.8269720442
47494.8586913715,4349.39071746834,116086.22637814,86124.1917749766,87193.5679299347
46358.0116921805,4296.39700835729,109915.367292754,80792.239851147,85690.2508012906
45282.2647752783,4276.47086960948,104744.380309568,77456.124657003,83902.7103456129
47034.291521412,4907.84673445718,95774.4735732311,73783.3343991964,85046.2185956702
47731.5402678553,5119.55070316758,70969.873044386,58518.7954414908,76901.8699384326
48209.9369150895,5193.42603582172,73306.2856081588,56718.6088040004,76387.4968509469
48458.0644987806,5114.50054858231,73990.5282578747,54474.4982330374,74828.5767007727
48825.37375245,5233.3975726694,71541.70007684,50437.4475407527,68770.8734864002
48423.4151486852,5040.78424744329,70398.8600095833,46484.8198409679,62776.7787040566
47374.4419091686,4815.49139831587,68134.7500287982,43357.1588566328,61165.8262901259
46316.3676839564,4725.97779280622,64607.2239651289,41524.9576126197,59754.6872547574
45553.1860016418,4549.87293734143,62392.5353858033,40221.1707415845,58930.6089992091
44989.034322538,4380.40366945169,60350.5278424849,39396.0852450458,58638.9815374489
44583.6951930136,4177.49950096431,58731.2811307322,40476.0449492688,59402.0496319854
43563.8994924221,3841.53211577065,54632.5778443546,43530.2093593535,62224.2600995053
44185.8950959121,3789.09040493508,82850.0917187151,69104.1124554427,83100.6921091022
46700.3007687574,4142.71097095382,98721.6754992688,80521.2098515897,89558.8098517579
46803.3779974208,4090.82949696614,105693.402039466,83289.4853902769,91117.6250527841
47364.8001317798,3968.02821756881,111467.25738966,87892.9833976791,90439.2363555144
47906.4516304218,3979.98456343557,116936.011744759,90244.817449126,90567.3605099989
48222.8785910255,4105.71522843678,117889.095839659,90097.2827698861,89922.5378044751
48327.050315485,4236.92685265507,118493.008398473,89954.7673540268,89009.1204263814
48047.5263006034,4292.64917024773,119535.40972208,88786.4112952108,88365.035400027
47946.1212698325,4336.28691751158,119849.891189437,89009.354161028,88599.8269720442
47494.8586913715,4349.39071746834,116086.22637814,86124.1917749766,87193.5679299347
46358.0116921805,4296.39700835729,109915.367292754,80792.239851147,85690.2508012906
45282.2647752783,4276.47086960948,104744.380309568,77456.124657003,83902.7103456129
47034.291521412,4907.84673445718,95774.4735732311,73783.3343991964,85046.2185956702
47731.5402678553,5119.55070316758,70969.873044386,58518.7954414908,76901.8699384326
48209.9369150895,5193.42603582172,73306.2856081588,56718.6088040004,76387.4968509469
48458.0644987806,5114.50054858231,73990.5282578747,54474.4982330374,74828.5767007727
48825.37375245,5233.3975726694,71541.70007684,50437.4475407527,68770.8734864002
48423.4151486852,5040.78424744329,70398.8600095833,46484.8198409679,62776.7787040566
47374.4419091686,4815.49139831587,68134.7500287982,43357.1588566328,61165.8262901259
46316.3676839564,4725.97779280622,64607.2239651289,41524.9576126197,59754.6872547574
45553.1860016418,4549.87293734143,62392.5353858033,40221.1707415845,58930.6089992091
44989.034322538,4380.40366945169,60350.5278424849,39396.0852450458,58638.9815374489
44583.6951930136,4177.49950096431,58731.2811307322,40476.0449492688,59402.0496319854
43563.8994924221,3841.53211577065,54632.5778443546,43530.2093593535,62224.2600995053
44185.8950959121,3789.09040493508,82850.0917187151,69104.1124554427,83100.6921091022
46700.3007687574,4142.71097095382,98721.6754992688,80521.2098515897,89558.8098517579
46803.3779974208,4090.82949696614,105693.402039466,83289.4853902769,91117.6250527841
47364.8001317798,3968.02821756881,111467.25738966,87892.9833976791,90439.2363555144
47906.4516304218,3979.98456343557,116936.011744759,90244.817449126,90567.3605099989
48222.8785910255,4105.71522843678,117889.095839659,90097.2827698861,89922.5378044751
48327.050315485,4236.92685265507,118493.008398473,89954.7673540268,89009.1204263814
48047.5263006034,4292.64917024773,119535.40972208,88786.4112952108,88365.035400027
47946.1212698325,4336.28691751158,119849.891189437,89009.354161028,88599.8269720442
47494.8586913715,4349.39071746834,116086.22637814,86124.1917749766,87193.5679299347
46358.0116921805,4296.39700835729,109915.367292754,80792.239851147,85690.2508012906
45282.2647752783,4276.47086960948,104744.380309568,77456.124657003,83902.7103456129
47034.291521412,4907.84673445718,95774.4735732311,73783.3343991964,85046.2185956702
47731.5402678553,5119.55070316758,70969.873044386,58518.7954414908,76901.8699384326
48209.9369150895,5193.42603582172,73306.2856081588,56718.6088040004,76387.4968509469
48458.0644987806,5114.50054858231,73990.5282578747,54474.4982330374,74828.5767007727
48825.37375245,5233.3975726694,71541.70007684,50437.4475407527,68770.8734864002
48423.4151486852,5040.78424744329,70398.8600095833,46484.8198409679,62776.7787040566
47374.4419091686,4815.49139831587,68134.7500287982,43357.1588566328,61165.8262901259
46316.3676839564,4725.97779280622,64607.2239651289,41524.9576126197,59754.6872547574
45553.1860016418,4549.87293734143,62392.5353858033,40221.1707415845,58930.6089992091
44989.034322538,4380.40366945169,60350.5278424849,39396.0852450458,58638.9815374489
44583.6951930136,4177.49950096431,58731.2811307322,40476.0449492688,59402.0496319854
43563.8994924221,3841.53211577065,54632.5778443546,43530.2093593535,62224.2600995053
44185.8950959121,3789.09040493508,82850.0917187151,69104.1124554427,83100.6921091022
46700.3007687574,4142.71097095382,98721.6754992688,80521.2098515897,89558.8098517579
46803.3779974208,4090.82949696614,105693.402039466,83289.4853902769,91117.6250527841
47364.8001317798,3968.02821756881,111467.25738966,87892.9833976791,90439.2363555144
47906.4516304218,3979.98456343557,116936.011744759,90244.817449126,90567.3605099989
48222.8785910255,4105.71522843678,117889.095839659,90097.2827698861,89922.5378044751
48327.050315485,4236.92685265507,118493.008398473,89954.7673540268,89009.1204263814
48047.5263006034,4292.64917024773,119535.40972208,88786.4112952108,88365.035400027
47946.1212698325,4336.28691751158,119849.891189437,89009.354161028,88599.8269720442
47494.8586913715,4349.39071746834,116086.22637814,86124.1917749766,87193.5679299347
46358.0116921805,4296.39700835729,109915.367292754,80792.239851147,85690.2508012906
45282.2647752783,4276.47086960948,104744.380309568,77456.124657003,83902.7103456129
47034.291521412,4907.84673445718,95774.4735732311,73783.3343991964,85046.2185956702
47731.5402678553,5119.55070316758,70969.873044386,58518.7954414908,76901.8699384326
48209.9369150895,5193.42603582172,73306.2856081588,56718.6088040004,76387.4968509469
48458.0644987806,5114.50054858231,73990.5282578747,54474.4982330374,74828.5767007727
48825.37375245,5233.3975726694,71541.70007684,50437.4475407527,68770.8734864002
48423.4151486852,5040.78424744329,70398.8600095833,46484.8198409679,62776.7787040566
47374.4419091686,4815.49139831587,68134.7500287982,43357.1588566328,61165.8262901259
46316.3676839564,4725.97779280622,64607.2239651289,41524.9576126197,59754.6872547574
45553.1860016418,4549.87293734143,62392.5353858033,40221.1707415845,58930.6089992091
44989.034322538,4380.40366945169,60350.5278424849,39396.0852450458,58638.9815374489
44583.6951930136,4177.49950096431,58731.2811307322,40476.0449492688,59402.0496319854
43563.8994924221,3841.53211577065,54632.5778443546,43530.2093593535,62224.2600995053
44185.8950959121,3789.09040493508,82850.0917187151,69104.1124554427,83100.6921091022
46700.3007687574,4142.71097095382,98721.6754992688,80521.2098515897,89558.8098517579
46803.3779974208,4090.82949696614,105693.402039466,83289.4853902769,91117.6250527841
47364.8001317798,3968.02821756881,111467.25738966,87892.9833976791,90439.2363555144
47906.4516304218,3979.98456343557,116936.011744759,90244.817449126,90567.3605099989
48222.8785910255,4105.71522843678,117889.095839659,90097.2827698861,89922.5378044751
48327.050315485,4236.92685265507,118493.008398473,89954.7673540268,89009.1204263814
48047.5263006034,4292.64917024773,119535.40972208,88786.4112952108,88365.035400027
47946.1212698325,4336.28691751158,119849.891189437,89009.354161028,88599.8269720442
47494.8586913715,4349.39071746834,116086.22637814,86124.1917749766,87193.5679299347
46358.0116921805,4296.39700835729,109915.367292754,80792.239851147,85690.2508012906
45282.2647752783,4276.47086960948,104744.380309568,77456.124657003,83902.7103456129
47034.291521412,4907.84673445718,95774.4735732311,73783.3343991964,85046.2185956702
47731.5402678553,5119.55070316758,70969.873044386,58518.7954414908,76901.8699384326
48209.9369150895,5193.42603582172,73306.2856081588,56718.6088040004,76387.4968509469
48458.0644987806,5114.50054858231,73990.5282578747,54474.4982330374,74828.5767007727
48825.37375245,5233.3975726694,71541.70007684,50437.4475407527,68770.8734864002
48423.4151486852,5040.78424744329,70398.8600095833,46484.8198409679,62776.7787040566
47374.4419091686,4815.49139831587,68134.7500287982,43357.1588566328,61165.8262901259
46316.3676839564,4725.97779280622,64607.2239651289,41524.9576126197,59754.6872547574
45553.1860016418,4549.87293734143,62392.5353858033,40221.1707415845,58930.6089992091
44989.034322538,4380.40366945169,60350.5278424849,39396.0852450458,58638.9815374489
44583.6951930136,4177.49950096431,58731.2811307322,40476.0449492688,59402.0496319854
43563.8994924221,3841.53211577065,54632.5778443546,43530.2093593535,62224.2600995053
44185.8950959121,3789.09040493508,82850.0917187151,69104.1124554427,83100.6921091022
46700.3007687574,4142.71097095382,98721.6754992688,80521.2098515897,89558.8098517579
46803.3779974208,4090.82949696614,105693.402039466,83289.4853902769,91117.6250527841
47364.8001317798,3968.02821756881,111467.25738966,87892.9833976791,90439.2363555144
47906.4516304218,3979.98456343557,116936.011744759,90244.817449126,90567.3605099989
48222.8785910255,4105.71522843678,117889.095839659,90097.2827698861,89922.5378044751
48327.050315485,4236.92685265507,118493.008398473,89954.7673540268,89009.1204263814
48047.5263006034,4292.64917024773,119535.40972208,88786.4112952108,88365.035400027
47946.1212698325,4336.28691751158,119849.891189437,89009.354161028,88599.8269720442
47494.8586913715,4349.39071746834,116086.22637814,86124.1917749766,87193.5679299347
46358.0116921805,4296.39700835729,109915.367292754,80792.239851147,85690.2508012906
45282.2647752783,4276.47086960948,104744.380309568,77456.124657003,83902.7103456129
47034.291521412,4907.84673445718,95774.4735732311,73783.3343991964,85046.2185956702
47731.5402678553,5119.55070316758,70969.873044386,58518.7954414908,76901.8699384326
48209.9369150895,5193.42603582172,73306.2856081588,56718.6088040004,76387.4968509469
48458.0644987806,5114.50054858231,73990.5282578747,54474.4982330374,74828.5767007727
48825.37375245,5233.3975726694,71541.70007684,50437.4475407527,68770.8734864002
48423.4151486852,5040.78424744329,70398.8600095833,46484.8198409679,62776.7787040566
47374.4419091686,4815.49139831587,68134.7500287982,43357.1588566328,61165.8262901259
46316.3676839564,4725.97779280622,64607.2239651289,41524.9576126197,59754.6872547574
45553.1860016418,4549.87293734143,62392.5353858033,40221.1707415845,58930.6089992091
44989.034322538,4380.40366945169,60350.5278424849,39396.0852450458,58638.9815374489
44583.6951930136,4177.49950096431,58731.2811307322,40476.0449492688,59402.0496319854
43563.8994924221,3841.53211577065,54632.5778443546,43530.2093593535,62224.2600995053
44185.8950959121,3789.09040493508,82850.0917187151,69104.1124554427,83100.6921091022
46700.3007687574,4142.71097095382,98721.6754992688,80521.2098515897,89558.8098517579
46803.3779974208,4090.82949696614,105693.402039466,83289.4853902769,91117.6250527841
47364.8001317798,3968.02821756881,111467.25738966,87892.9833976791,90439.2363555144
47906.4516304218,3979.98456343557,116936.011744759,90244.817449126,90567.3605099989
48222.8785910255,4105.71522843678,117889.095839659,90097.2827698861,89922.5378044751
48327.050315485,4236.92685265507,118493.008398473,89954.7673540268,89009.1204263814
48047.5263006034,4292.64917024773,119535.40972208,88786.4112952108,88365.035400027
47946.1212698325,4336.28691751158,119849.891189437,89009.354161028,88599.8269720442
47494.8586913715,4349.39071746834,116086.22637814,86124.1917749766,87193.5679299347
46358.0116921805,4296.39700835729,109915.367292754,80792.239851147,85690.2508012906
45282.2647752783,4276.47086960948,104744.380309568,77456.124657003,83902.7103456129
47034.291521412,4907.84673445718,95774.4735732311,73783.3343991964,85046.2185956702
47731.5402678553,5119.55070316758,70969.873044386,58518.7954414908,76901.8699384326
48209.9369150895,5193.42603582172,73306.2856081588,56718.6088040004,76387.4968509469
48458.0644987806,5114.50054858231,73990.5282578747,54474.4982330374,74828.5767007727
48825.37375245,5233.3975726694,71541.70007684,50437.4475407527,68770.8734864002
48423.4151486852,5040.78424744329,70398.8600095833,46484.8198409679,62776.7787040566
47374.4419091686,4815.49139831587,68134.7500287982,43357.1588566328,61165.8262901259
46316.3676839564,4725.97779280622,64607.2239651289,41524.9576126197,59754.6872547574
45553.1860016418,4549.87293734143,62392.5353858033,40221.1707415845,58930.6089992091
44989.034322538,4380.40366945169,60350.5278424849,39396.0852450458,58638.9815374489
44583.6951930136,4177.49950096431,58731.2811307322,40476.0449492688,59402.0496319854
43563.8994924221,3841.53211577065,54632.5778443546,43530.2093593535,62224.2600995053
44185.8950959121,3789.09040493508,82850.0917187151,69104.1124554427,83100.6921091022
46700.3007687574,4142.71097095382,98721.6754992688,80521.2098515897,89558.8098517579
46803.3779974208,4090.82949696614,105693.402039466,83289.4853902769,91117.6250527841
47364.8001317798,3968.02821756881,111467.25738966,87892.9833976791,90439.2363555144
47906.4516304218,3979.98456343557,116936.011744759,90244.817449126,90567.3605099989
48222.8785910255,4105.71522843678,117889.095839659,90097.2827698861,89922.5378044751
48327.050315485,4236.92685265507,118493.008398473,89954.7673540268,89009.1204263814
48047.5263006034,4292.64917024773,119535.40972208,88786.4112952108,88365.035400027
47946.1212698325,4336.28691751158,119849.891189437,89009.354161028,88599.8269720442
47494.8586913715,4349.39071746834,116086.22637814,86124.1917749766,87193.5679299347
46358.0116921805,4296.39700835729,109915.367292754,80792.239851147,85690.2508012906
45282.2647752783,4276.47086960948,104744.380309568,77456.124657003,83902.7103456129
47034.291521412,4907.84673445718,95774.4735732311,73783.3343991964,85046.2185956702
47731.5402678553,5119.55070316758,70969.873044386,58518.7954414908,76901.8699384326
48209.9369150895,5193.42603582172,73306.2856081588,56718.6088040004,76387.4968509469
48458.0644987806,5114.50054858231,73990.5282578747,54474.4982330374,74828.5767007727
48825.37375245,5233.3975726694,71541.70007684,50437.4475407527,68770.8734864002
48423.4151486852,5040.78424744329,70398.8600095833,46484.8198409679,62776.7787040566
47374.4419091686,4815.49139831587,68134.7500287982,43357.1588566328,61165.8262901259
46316.3676839564,4725.97779280622,64607.2239651289,41524.9576126197,59754.6872547574
45553.1860016418,4549.87293734143,62392.5353858033,40221.1707415845,58930.6089992091
44989.034322538,4380.40366945169,60350.5278424849,39396.0852450458,58638.9815374489
44583.6951930136,4177.49950096431,58731.2811307322,40476.0449492688,59402.0496319854
43563.8994924221,3841.53211577065,54632.5778443546,43530.2093593535,62224.2600995053
44185.8950959121,3789.09040493508,82850.0917187151,69104.1124554427,83100.6921091022
46700.3007687574,4142.71097095382,98721.6754992688,80521.2098515897,89558.8098517579
46803.3779974208,4090.82949696614,105693.402039466,83289.4853902769,91117.6250527841
47364.8001317798,3968.02821756881,111467.25738966,87892.9833976791,90439.2363555144
47906.4516304218,3979.98456343557,116936.011744759,90244.817449126,90567.3605099989
48222.8785910255,4105.71522843678,117889.095839659,90097.2827698861,89922.5378044751
48327.050315485,4236.92685265507,118493.008398473,89954.7673540268,89009.1204263814
48047.5263006034,4292.64917024773,119535.40972208,88786.4112952108,88365.035400027
47946.1212698325,4336.28691751158,119849.891189437,89009.354161028,88599.8269720442
47494.8586913715,4349.39071746834,116086.22637814,86124.1917749766,87193.5679299347
46358.0116921805,4296.39700835729,109915.367292754,80792.239851147,85690.2508012906
45282.2647752783,4276.47086960948,104744.380309568,77456.124657003,83902.7103456129
47034.291521412,4907.84673445718,95774.4735732311,73783.3343991964,85046.2185956702
47731.5402678553,5119.55070316758,70969.873044386,58518.7954414908,76901.8699384326
48209.9369150895,5193.42603582172,73306.2856081588,56718.6088040004,76387.4968509469
48458.0644987806,5114.50054858231,73990.5282578747,54474.4982330374,74828.5767007727
48825.37375245,5233.3975726694,71541.70007684,50437.4475407527,68770.8734864002
48423.4151486852,5040.78424744329,70398.8600095833,46484.8198409679,62776.7787040566
47374.4419091686,4815.49139831587,68134.7500287982,43357.1588566328,61165.8262901259
46316.3676839564,4725.97779280622,64607.2239651289,41524.9576126197,59754.6872547574
45553.1860016418,4549.87293734143,62392.5353858033,40221.1707415845,58930.6089992091
44989.034322538,4380.40366945169,60350.5278424849,39396.0852450458,58638.9815374489
44583.6951930136,4177.49950096431,58731.2811307322,40476.0449492688,59402.0496319854
43563.8994924221,3841.53211577065,54632.5778443546,43530.2093593535,62224.2600995053
44185.8950959121,3789.09040493508,82850.0917187151,69104.1124554427,83100.6921091022
46700.3007687574,4142.71097095382,98721.6754992688,80521.2098515897,89558.8098517579
46803.3779974208,4090.82949696614,105693.402039466,83289.4853902769,91117.6250527841
47364.8001317798,3968.02821756881,111467.25738966,87892.9833976791,90439.2363555144
47906.4516304218,3979.98456343557,116936.011744759,90244.817449126,90567.3605099989
48222.8785910255,4105.71522843678,117889.095839659,90097.2827698861,89922.5378044751
48327.050315485,4236.92685265507,118493.008398473,89954.7673540268,89009.1204263814
48047.5263006034,4292.64917024773,119535.40972208,88786.4112952108,88365.035400027
47946.1212698325,4336.28691751158,119849.891189437,89009.354161028,88599.8269720442
47494.8586913715,4349.39071746834,116086.22637814,86124.1917749766,87193.5679299347
46358.0116921805,4296.39700835729,109915.367292754,80792.239851147,85690.2508012906
45282.2647752783,4276.47086960948,104744.380309568,77456.124657003,83902.7103456129
47034.291521412,4907.84673445718,95774.4735732311,73783.3343991964,85046.2185956702
47731.5402678553,5119.55070316758,70969.873044386,58518.7954414908,76901.8699384326
48209.9369150895,5193.42603582172,73306.2856081588,56718.6088040004,76387.4968509469
48458.0644987806,5114.50054858231,73990.5282578747,54474.4982330374,74828.5767007727
48825.37375245,5233.3975726694,71541.70007684,50437.4475407527,68770.8734864002
48423.4151486852,5040.78424744329,70398.8600095833,46484.8198409679,62776.7787040566
47374.4419091686,4815.49139831587,68134.7500287982,43357.1588566328,61165.8262901259
46316.3676839564,4725.97779280622,64607.2239651289,41524.9576126197,59754.6872547574
45553.1860016418,4549.87293734143,62392.5353858033,40221.1707415845,58930.6089992091
44989.034322538,4380.40366945169,60350.5278424849,39396.0852450458,58638.9815374489
44583.6951930136,4177.49950096431,58731.2811307322,40476.0449492688,59402.0496319854
43563.8994924221,3841.53211577065,54632.5778443546,43530.2093593535,62224.2600995053
44185.8950959121,3789.09040493508,82850.0917187151,69104.1124554427,83100.6921091022
46700.3007687574,4142.71097095382,98721.6754992688,80521.2098515897,89558.8098517579
46803.3779974208,4090.82949696614,105693.402039466,83289.4853902769,91117.6250527841
47364.8001317798,3968.02821756881,111467.25738966,87892.9833976791,90439.2363555144
47906.4516304218,3979.98456343557,116936.011744759,90244.817449126,90567.3605099989
48222.8785910255,4105.71522843678,117889.095839659,90097.2827698861,89922.5378044751
48327.050315485,4236.92685265507,118493.008398473,89954.7673540268,89009.1204263814
48047.5263006034,4292.64917024773,119535.40972208,88786.4112952108,88365.035400027
47946.1212698325,4336.28691751158,119849.891189437,89009.354161028,88599.8269720442
47494.8586913715,4349.39071746834,116086.22637814,86124.1917749766,87193.5679299347
46358.0116921805,4296.39700835729,109915.367292754,80792.239851147,85690.2508012906
45282.2647752783,4276.47086960948,104744.380309568,77456.124657003,83902.7103456129
47034.291521412,4907.84673445718,95774.4735732311,73783.3343991964,85046.2185956702
47731.5402678553,5119.55070316758,70969.873044386,58518.7954414908,76901.8699384326
48209.9369150895,5193.42603582172,73306.2856081588,56718.6088040004,76387.4968509469
48458.0644987806,5114.50054858231,73990.5282578747,54474.4982330374,74828.5767007727
48825.37375245,5233.3975726694,71541.70007684,50437.4475407527,68770.8734864002
48423.4151486852,5040.78424744329,70398.8600095833,46484.8198409679,62776.7787040566
47374.4419091686,4815.49139831587,68134.7500287982,43357.1588566328,61165.8262901259
46316.3676839564,4725.97779280622,64607.2239651289,41524.9576126197,59754.6872547574
45553.1860016418,4549.87293734143,62392.5353858033,40221.1707415845,58930.6089992091
44989.034322538,4380.40366945169,60350.5278424849,39396.0852450458,58638.9815374489
44583.6951930136,4177.49950096431,58731.2811307322,40476.0449492688,59402.0496319854
43563.8994924221,3841.53211577065,54632.5778443546,43530.2093593535,62224.2600995053
44185.8950959121,3789.09040493508,82850.0917187151,69104.1124554427,83100.6921091022
46700.3007687574,4142.71097095382,98721.6754992688,80521.2098515897,89558.8098517579
46803.3779974208,4090.82949696614,105693.402039466,83289.4853902769,91117.6250527841
47364.8001317798,3968.02821756881,111467.25738966,87892.9833976791,90439.2363555144
47906.4516304218,3979.98456343557,116936.011744759,90244.817449126,90567.3605099989
48222.8785910255,4105.71522843678,117889.095839659,90097.2827698861,89922.5378044751
48327.050315485,4236.92685265507,118493.008398473,89954.7673540268,89009.1204263814
48047.5263006034,4292.64917024773,119535.40972208,88786.4112952108,88365.035400027
47946.1212698325,4336.28691751158,119849.891189437,89009.354161028,88599.8269720442
47494.8586913715,4349.39071746834,116086.22637814,86124.1917749766,87193.5679299347
46358.0116921805,4296.39700835729,109915.367292754,80792.239851147,85690.2508012906
45282.2647752783,4276.47086960948,104744.380309568,77456.124657003,83902.7103456129
47034.291521412,4907.84673445718,95774.4735732311,73783.3343991964,85046.2185956702
47731.5402678553,5119.55070316758,70969.873044386,58518.7954414908,76901.8699384326
48209.9369150895,5193.42603582172,73306.2856081588,56718.6088040004,76387.4968509469
48458.0644987806,5114.50054858231,73990.5282578747,54474.4982330374,74828.5767007727
48825.37375245,5233.3975726694,71541.70007684,50437.4475407527,68770.8734864002
48423.4151486852,5040.78424744329,70398.8600095833,46484.8198409679,62776.7787040566
46312.1371056958,5012.19921232025,69185.8042117757,41328.8644628066,63579.4536923383
45599.2199632073,4946.88239383365,65850.7873525995,39533.8033344053,62021.6424094328
45033.2677423997,4799.06728827622,63691.4071354382,38362.2083190023,61145.998683959
44605.7516081523,4612.63989433651,61894.5546629916,37804.3531750759,60713.0564899428
44385.2730455754,4403.22049576932,60875.8599114995,39467.1268420147,61361.4768675189
43745.1223762128,3984.26511458708,58986.4721362112,43543.6855178114,62808.9156650888
45331.3545929601,3918.3187432618,92184.560799265,72366.5101867385,84921.1463913659
47757.8767434575,4291.34515497193,107251.188179092,84323.2598279837,90842.9005316215
47650.3365147444,4202.42790603944,114498.99737706,87766.4393767785,92236.8574380655
47082.9859867734,4072.09443922618,121299.750298088,92568.0399210993,91681.9760737288
46641.9670363704,4142.11009253577,126289.944451693,94976.9068280391,92595.2065089949
46699.7501941121,4240.87301795622,127263.168245428,94829.5049505411,92078.8379570213
46724.6474657823,4357.30770935271,128765.509571565,95154.5054947156,91375.6833900281
46478.218519672,4433.1595485744,128935.214981149,94134.1715678883,91189.7580051657
46896.1965418156,4551.05056379381,129197.135161748,94050.3929197535,91612.0369844847
46737.8520234812,4575.51060487257,124590.133205334,90948.0319086868,90387.1779766462
45893.214297734,4517.67160059176,117720.460082224,86180.7885622679,88511.6233115818
44971.3300602617,4569.06117009091,111973.000781113,78406.4489733769,86196.8256271669
47819.106478581,5349.27482102611,101720.112873381,74450.5461826342,87085.7445412463
47602.3086071456,5323.25736384872,73076.6777173586,56956.5130546812,77117.0543373492
48091.9343643529,5378.34024658113,74943.1556167912,55454.3301876552,76399.2837359727
48318.9127111678,5298.97087278133,75621.7811330375,52477.2906071104,75084.1718278148
48420.707259955,5409.17308746726,73995.5424996011,48430.8779742774,70291.8089071489
47038.0447349046,5235.08399498137,72238.0329856306,44125.3896746021,65164.1878610334
46312.1371056958,5012.19921232025,69185.8042117757,41328.8644628066,63579.4536923383
45599.2199632073,4946.88239383365,65850.7873525995,39533.8033344053,62021.6424094328
45033.2677423997,4799.06728827622,63691.4071354382,38362.2083190023,61145.998683959
44605.7516081523,4612.63989433651,61894.5546629916,37804.3531750759,60713.0564899428
44385.2730455754,4403.22049576932,60875.8599114995,39467.1268420147,61361.4768675189
43745.1223762128,3984.26511458708,58986.4721362112,43543.6855178114,62808.9156650888
45331.3545929601,3918.3187432618,92184.560799265,72366.5101867385,84921.1463913659
47757.8767434575,4291.34515497193,107251.188179092,84323.2598279837,90842.9005316215
47650.3365147444,4202.42790603944,114498.99737706,87766.4393767785,92236.8574380655
47082.9859867734,4072.09443922618,121299.750298088,92568.0399210993,91681.9760737288
46641.9670363704,4142.11009253577,126289.944451693,94976.9068280391,92595.2065089949
46699.7501941121,4240.87301795622,127263.168245428,94829.5049505411,92078.8379570213
46724.6474657823,4357.30770935271,128765.509571565,95154.5054947156,91375.6833900281
46478.218519672,4433.1595485744,128935.214981149,94134.1715678883,91189.7580051657
46896.1965418156,4551.05056379381,129197.135161748,94050.3929197535,91612.0369844847
46737.8520234812,4575.51060487257,124590.133205334,90948.0319086868,90387.1779766462
45893.214297734,4517.67160059176,117720.460082224,86180.7885622679,88511.6233115818
44971.3300602617,4569.06117009091,111973.000781113,78406.4489733769,86196.8256271669
47819.106478581,5349.27482102611,101720.112873381,74450.5461826342,87085.7445412463
47602.3086071456,5323.25736384872,73076.6777173586,56956.5130546812,77117.0543373492
48091.9343643529,5378.34024658113,74943.1556167912,55454.3301876552,76399.2837359727
48318.9127111678,5298.97087278133,75621.7811330375,52477.2906071104,75084.1718278148
48420.707259955,5409.17308746726,73995.5424996011,48430.8779742774,70291.8089071489
47038.0447349046,5235.08399498137,72238.0329856306,44125.3896746021,65164.1878610334
46312.1371056958,5012.19921232025,69185.8042117757,41328.8644628066,63579.4536923383
45599.2199632073,4946.88239383365,65850.7873525995,39533.8033344053,62021.6424094328
45033.2677423997,4799.06728827622,63691.4071354382,38362.2083190023,61145.998683959
44605.7516081523,4612.63989433651,61894.5546629916,37804.3531750759,60713.0564899428
44385.2730455754,4403.22049576932,60875.8599114995,39467.1268420147,61361.4768675189
43745.1223762128,3984.26511458708,58986.4721362112,43543.6855178114,62808.9156650888
45331.3545929601,3918.3187432618,92184.560799265,72366.5101867385,84921.1463913659
47757.8767434575,4291.34515497193,107251.188179092,84323.2598279837,90842.9005316215
47650.3365147444,4202.42790603944,114498.99737706,87766.4393767785,92236.8574380655
47082.9859867734,4072.09443922618,121299.750298088,92568.0399210993,91681.9760737288
46641.9670363704,4142.11009253577,126289.944451693,94976.9068280391,92595.2065089949
46699.7501941121,4240.87301795622,127263.168245428,94829.5049505411,92078.8379570213
46724.6474657823,4357.30770935271,128765.509571565,95154.5054947156,91375.6833900281
46478.218519672,4433.1595485744,128935.214981149,94134.1715678883,91189.7580051657
46896.1965418156,4551.05056379381,129197.135161748,94050.3929197535,91612.0369844847
46737.8520234812,4575.51060487257,124590.133205334,90948.0319086868,90387.1779766462
45893.214297734,4517.67160059176,117720.460082224,86180.7885622679,88511.6233115818
44971.3300602617,4569.06117009091,111973.000781113,78406.4489733769,86196.8256271669
47819.106478581,5349.27482102611,101720.112873381,74450.5461826342,87085.7445412463
47602.3086071456,5323.25736384872,73076.6777173586,56956.5130546812,77117.0543373492
48091.9343643529,5378.34024658113,74943.1556167912,55454.3301876552,76399.2837359727
48318.9127111678,5298.97087278133,75621.7811330375,52477.2906071104,75084.1718278148
48420.707259955,5409.17308746726,73995.5424996011,48430.8779742774,70291.8089071489
47038.0447349046,5235.08399498137,72238.0329856306,44125.3896746021,65164.1878610334
46312.1371056958,5012.19921232025,69185.8042117757,41328.8644628066,63579.4536923383
45599.2199632073,4946.88239383365,65850.7873525995,39533.8033344053,62021.6424094328
45033.2677423997,4799.06728827622,63691.4071354382,38362.2083190023,61145.998683959
44605.7516081523,4612.63989433651,61894.5546629916,37804.3531750759,60713.0564899428
44385.2730455754,4403.22049576932,60875.8599114995,39467.1268420147,61361.4768675189
43745.1223762128,3984.26511458708,58986.4721362112,43543.6855178114,62808.9156650888
45331.3545929601,3918.3187432618,92184.560799265,72366.5101867385,84921.1463913659
47757.8767434575,4291.34515497193,107251.188179092,84323.2598279837,90842.9005316215
47650.3365147444,4202.42790603944,114498.99737706,87766.4393767785,92236.8574380655
47082.9859867734,4072.09443922618,121299.750298088,92568.0399210993,91681.9760737288
46641.9670363704,4142.11009253577,126289.944451693,94976.9068280391,92595.2065089949
46699.7501941121,4240.87301795622,127263.168245428,94829.5049505411,92078.8379570213
46724.6474657823,4357.30770935271,128765.509571565,95154.5054947156,91375.6833900281
46478.218519672,4433.1595485744,128935.214981149,94134.1715678883,91189.7580051657
46896.1965418156,4551.05056379381,129197.135161748,94050.3929197535,91612.0369844847
46737.8520234812,4575.51060487257,124590.133205334,90948.0319086868,90387.1779766462
45893.214297734,4517.67160059176,117720.460082224,86180.7885622679,88511.6233115818
44971.3300602617,4569.06117009091,111973.000781113,78406.4489733769,86196.8256271669
47819.106478581,5349.27482102611,101720.112873381,74450.5461826342,87085.7445412463
47602.3086071456,5323.25736384872,73076.6777173586,56956.5130546812,77117.0543373492
48091.9343643529,5378.34024658113,74943.1556167912,55454.3301876552,76399.2837359727
48318.9127111678,5298.97087278133,75621.7811330375,52477.2906071104,75084.1718278148
48420.707259955,5409.17308746726,73995.5424996011,48430.8779742774,70291.8089071489
47038.0447349046,5235.08399498137,72238.0329856306,44125.3896746021,65164.1878610334
46312.1371056958,5012.19921232025,69185.8042117757,41328.8644628066,63579.4536923383
45599.2199632073,4946.88239383365,65850.7873525995,39533.8033344053,62021.6424094328
45033.2677423997,4799.06728827622,63691.4071354382,38362.2083190023,61145.998683959
44605.7516081523,4612.63989433651,61894.5546629916,37804.3531750759,60713.0564899428
44385.2730455754,4403.22049576932,60875.8599114995,39467.1268420147,61361.4768675189
43745.1223762128,3984.26511458708,58986.4721362112,43543.6855178114,62808.9156650888
45331.3545929601,3918.3187432618,92184.560799265,72366.5101867385,84921.1463913659
47757.8767434575,4291.34515497193,107251.188179092,84323.2598279837,90842.9005316215
47650.3365147444,4202.42790603944,114498.99737706,87766.4393767785,92236.8574380655
47082.9859867734,4072.09443922618,121299.750298088,92568.0399210993,91681.9760737288
46641.9670363704,4142.11009253577,126289.944451693,94976.9068280391,92595.2065089949
46699.7501941121,4240.87301795622,127263.168245428,94829.5049505411,92078.8379570213
46724.6474657823,4357.30770935271,128765.509571565,95154.5054947156,91375.6833900281
46478.218519672,4433.1595485744,128935.214981149,94134.1715678883,91189.7580051657
46896.1965418156,4551.05056379381,129197.135161748,94050.3929197535,91612.0369844847
46737.8520234812,4575.51060487257,124590.133205334,90948.0319086868,90387.1779766462
45893.214297734,4517.67160059176,117720.460082224,86180.7885622679,88511.6233115818
44971.3300602617,4569.06117009091,111973.000781113,78406.4489733769,86196.8256271669
47819.106478581,5349.27482102611,101720.112873381,74450.5461826342,87085.7445412463
47602.3086071456,5323.25736384872,73076.6777173586,56956.5130546812,77117.0543373492
48091.9343643529,5378.34024658113,74943.1556167912,55454.3301876552,76399.2837359727
48318.9127111678,5298.97087278133,75621.7811330375,52477.2906071104,75084.1718278148
48420.707259955,5409.17308746726,73995.5424996011,48430.8779742774,70291.8089071489
47038.0447349046,5235.08399498137,72238.0329856306,44125.3896746021,65164.1878610334
46312.1371056958,5012.19921232025,69185.8042117757,41328.8644628066,63579.4536923383
45599.2199632073,4946.88239383365,65850.7873525995,39533.8033344053,62021.6424094328
45033.2677423997,4799.06728827622,63691.4071354382,38362.2083190023,61145.998683959
44605.7516081523,4612.63989433651,61894.5546629916,37804.3531750759,60713.0564899428
44385.2730455754,4403.22049576932,60875.8599114995,39467.1268420147,61361.4768675189
43745.1223762128,3984.26511458708,58986.4721362112,43543.6855178114,62808.9156650888
45331.3545929601,3918.3187432618,92184.560799265,72366.5101867385,84921.1463913659
47757.8767434575,4291.34515497193,107251.188179092,84323.2598279837,90842.9005316215
47650.3365147444,4202.42790603944,114498.99737706,87766.4393767785,92236.8574380655
47082.9859867734,4072.09443922618,121299.750298088,92568.0399210993,91681.9760737288
46641.9670363704,4142.11009253577,126289.944451693,94976.9068280391,92595.2065089949
46699.7501941121,4240.87301795622,127263.168245428,94829.5049505411,92078.8379570213
46724.6474657823,4357.30770935271,128765.509571565,95154.5054947156,91375.6833900281
46478.218519672,4433.1595485744,128935.214981149,94134.1715678883,91189.7580051657
46896.1965418156,4551.05056379381,129197.135161748,94050.3929197535,91612.0369844847
46737.8520234812,4575.51060487257,124590.133205334,90948.0319086868,90387.1779766462
45893.214297734,4517.67160059176,117720.460082224,86180.7885622679,88511.6233115818
44971.3300602617,4569.06117009091,111973.000781113,78406.4489733769,86196.8256271669
47819.106478581,5349.27482102611,101720.112873381,74450.5461826342,87085.7445412463
47602.3086071456,5323.25736384872,73076.6777173586,56956.5130546812,77117.0543373492
48091.9343643529,5378.34024658113,74943.1556167912,55454.3301876552,76399.2837359727
48318.9127111678,5298.97087278133,75621.7811330375,52477.2906071104,75084.1718278148
48420.707259955,5409.17308746726,73995.5424996011,48430.8779742774,70291.8089071489
47038.0447349046,5235.08399498137,72238.0329856306,44125.3896746021,65164.1878610334
46312.1371056958,5012.19921232025,69185.8042117757,41328.8644628066,63579.4536923383
45599.2199632073,4946.88239383365,65850.7873525995,39533.8033344053,62021.6424094328
45033.2677423997,4799.06728827622,63691.4071354382,38362.2083190023,61145.998683959
44605.7516081523,4612.63989433651,61894.5546629916,37804.3531750759,60713.0564899428
44385.2730455754,4403.22049576932,60875.8599114995,39467.1268420147,61361.4768675189
43745.1223762128,3984.26511458708,58986.4721362112,43543.6855178114,62808.9156650888
45331.3545929601,3918.3187432618,92184.560799265,72366.5101867385,84921.1463913659
47757.8767434575,4291.34515497193,107251.188179092,84323.2598279837,90842.9005316215
47650.3365147444,4202.42790603944,114498.99737706,87766.4393767785,92236.8574380655
47082.9859867734,4072.09443922618,121299.750298088,92568.0399210993,91681.9760737288
46641.9670363704,4142.11009253577,126289.944451693,94976.9068280391,92595.2065089949
46699.7501941121,4240.87301795622,127263.168245428,94829.5049505411,92078.8379570213
46724.6474657823,4357.30770935271,128765.509571565,95154.5054947156,91375.6833900281
46478.218519672,4433.1595485744,128935.214981149,94134.1715678883,91189.7580051657
46896.1965418156,4551.05056379381,129197.135161748,94050.3929197535,91612.0369844847
46737.8520234812,4575.51060487257,124590.133205334,90948.0319086868,90387.1779766462
45893.214297734,4517.67160059176,117720.460082224,86180.7885622679,88511.6233115818
44971.3300602617,4569.06117009091,111973.000781113,78406.4489733769,86196.8256271669
47819.106478581,5349.27482102611,101720.112873381,74450.5461826342,87085.7445412463
47602.3086071456,5323.25736384872,73076.6777173586,56956.5130546812,77117.0543373492
48091.9343643529,5378.34024658113,74943.1556167912,55454.3301876552,76399.2837359727
48318.9127111678,5298.97087278133,75621.7811330375,52477.2906071104,75084.1718278148
48420.707259955,5409.17308746726,73995.5424996011,48430.8779742774,70291.8089071489
47038.0447349046,5235.08399498137,72238.0329856306,44125.3896746021,65164.1878610334
46312.1371056958,5012.19921232025,69185.8042117757,41328.8644628066,63579.4536923383
45599.2199632073,4946.88239383365,65850.7873525995,39533.8033344053,62021.6424094328
45033.2677423997,4799.06728827622,63691.4071354382,38362.2083190023,61145.998683959
44605.7516081523,4612.63989433651,61894.5546629916,37804.3531750759,60713.0564899428
44385.2730455754,4403.22049576932,60875.8599114995,39467.1268420147,61361.4768675189
43745.1223762128,3984.26511458708,58986.4721362112,43543.6855178114,62808.9156650888
45331.3545929601,3918.3187432618,92184.560799265,72366.5101867385,84921.1463913659
47757.8767434575,4291.34515497193,107251.188179092,84323.2598279837,90842.9005316215
47650.3365147444,4202.42790603944,114498.99737706,87766.4393767785,92236.8574380655
47082.9859867734,4072.09443922618,121299.750298088,92568.0399210993,91681.9760737288
46641.9670363704,4142.11009253577,126289.944451693,94976.9068280391,92595.2065089949
46699.7501941121,4240.87301795622,127263.168245428,94829.5049505411,92078.8379570213
46724.6474657823,4357.30770935271,128765.509571565,95154.5054947156,91375.6833900281
46478.218519672,4433.1595485744,128935.214981149,94134.1715678883,91189.7580051657
46896.1965418156,4551.05056379381,129197.135161748,94050.3929197535,91612.0369844847
46737.8520234812,4575.51060487257,124590.133205334,90948.0319086868,90387.1779766462
45893.214297734,4517.67160059176,117720.460082224,86180.7885622679,88511.6233115818
44971.3300602617,4569.06117009091,111973.000781113,78406.4489733769,86196.8256271669
47819.106478581,5349.27482102611,101720.112873381,74450.5461826342,87085.7445412463
47602.3086071456,5323.25736384872,73076.6777173586,56956.5130546812,77117.0543373492
48091.9343643529,5378.34024658113,74943.1556167912,55454.3301876552,76399.2837359727
48318.9127111678,5298.97087278133,75621.7811330375,52477.2906071104,75084.1718278148
48420.707259955,5409.17308746726,73995.5424996011,48430.8779742774,70291.8089071489
47038.0447349046,5235.08399498137,72238.0329856306,44125.3896746021,65164.1878610334
46312.1371056958,5012.19921232025,69185.8042117757,41328.8644628066,63579.4536923383
45599.2199632073,4946.88239383365,65850.7873525995,39533.8033344053,62021.6424094328
45033.2677423997,4799.06728827622,63691.4071354382,38362.2083190023,61145.998683959
44605.7516081523,4612.63989433651,61894.5546629916,37804.3531750759,60713.0564899428
44385.2730455754,4403.22049576932,60875.8599114995,39467.1268420147,61361.4768675189
43745.1223762128,3984.26511458708,58986.4721362112,43543.6855178114,62808.9156650888
45331.3545929601,3918.3187432618,92184.560799265,72366.5101867385,84921.1463913659
47757.8767434575,4291.34515497193,107251.188179092,84323.2598279837,90842.9005316215
47650.3365147444,4202.42790603944,114498.99737706,87766.4393767785,92236.8574380655
47082.9859867734,4072.09443922618,121299.750298088,92568.0399210993,91681.9760737288
46641.9670363704,4142.11009253577,126289.944451693,94976.9068280391,92595.2065089949
46699.7501941121,4240.87301795622,127263.168245428,94829.5049505411,92078.8379570213
46724.6474657823,4357.30770935271,128765.509571565,95154.5054947156,91375.6833900281
46478.218519672,4433.1595485744,128935.214981149,94134.1715678883,91189.7580051657
46896.1965418156,4551.05056379381,129197.135161748,94050.3929197535,91612.0369844847
46737.8520234812,4575.51060487257,124590.133205334,90948.0319086868,90387.1779766462
45893.214297734,4517.67160059176,117720.460082224,86180.7885622679,88511.6233115818
44971.3300602617,4569.06117009091,111973.000781113,78406.4489733769,86196.8256271669
47819.106478581,5349.27482102611,101720.112873381,74450.5461826342,87085.7445412463
47602.3086071456,5323.25736384872,73076.6777173586,56956.5130546812,77117.0543373492
48091.9343643529,5378.34024658113,74943.1556167912,55454.3301876552,76399.2837359727
48318.9127111678,5298.97087278133,75621.7811330375,52477.2906071104,75084.1718278148
48420.707259955,5409.17308746726,73995.5424996011,48430.8779742774,70291.8089071489
47038.0447349046,5235.08399498137,72238.0329856306,44125.3896746021,65164.1878610334
46312.1371056958,5012.19921232025,69185.8042117757,41328.8644628066,63579.4536923383
45599.2199632073,4946.88239383365,65850.7873525995,39533.8033344053,62021.6424094328
45033.2677423997,4799.06728827622,63691.4071354382,38362.2083190023,61145.998683959
44605.7516081523,4612.63989433651,61894.5546629916,37804.3531750759,60713.0564899428
44385.2730455754,4403.22049576932,60875.8599114995,39467.1268420147,61361.4768675189
43745.1223762128,3984.26511458708,58986.4721362112,43543.6855178114,62808.9156650888
45331.3545929601,3918.3187432618,92184.560799265,72366.5101867385,84921.1463913659
47757.8767434575,4291.34515497193,107251.188179092,84323.2598279837,90842.9005316215
47650.3365147444,4202.42790603944,114498.99737706,87766.4393767785,92236.8574380655
47082.9859867734,4072.09443922618,121299.750298088,92568.0399210993,91681.9760737288
46641.9670363704,4142.11009253577,126289.944451693,94976.9068280391,92595.2065089949
46699.7501941121,4240.87301795622,127263.168245428,94829.5049505411,92078.8379570213
46724.6474657823,4357.30770935271,128765.509571565,95154.5054947156,91375.6833900281
46478.218519672,4433.1595485744,128935.214981149,94134.1715678883,91189.7580051657
46896.1965418156,4551.05056379381,129197.135161748,94050.3929197535,91612.0369844847
46737.8520234812,4575.51060487257,124590.133205334,90948.0319086868,90387.1779766462
45893.214297734,4517.67160059176,117720.460082224,86180.7885622679,88511.6233115818
44971.3300602617,4569.06117009091,111973.000781113,78406.4489733769,86196.8256271669
47819.106478581,5349.27482102611,101720.112873381,74450.5461826342,87085.7445412463
47602.3086071456,5323.25736384872,73076.6777173586,56956.5130546812,77117.0543373492
48091.9343643529,5378.34024658113,74943.1556167912,55454.3301876552,76399.2837359727
48318.9127111678,5298.97087278133,75621.7811330375,52477.2906071104,75084.1718278148
48420.707259955,5409.17308746726,73995.5424996011,48430.8779742774,70291.8089071489
47038.0447349046,5235.08399498137,72238.0329856306,44125.3896746021,65164.1878610334
46312.1371056958,5012.19921232025,69185.8042117757,41328.8644628066,63579.4536923383
45599.2199632073,4946.88239383365,65850.7873525995,39533.8033344053,62021.6424094328
45033.2677423997,4799.06728827622,63691.4071354382,38362.2083190023,61145.998683959
44605.7516081523,4612.63989433651,61894.5546629916,37804.3531750759,60713.0564899428
44385.2730455754,4403.22049576932,60875.8599114995,39467.1268420147,61361.4768675189
43745.1223762128,3984.26511458708,58986.4721362112,43543.6855178114,62808.9156650888
45331.3545929601,3918.3187432618,92184.560799265,72366.5101867385,84921.1463913659
47757.8767434575,4291.34515497193,107251.188179092,84323.2598279837,90842.9005316215
47650.3365147444,4202.42790603944,114498.99737706,87766.4393767785,92236.8574380655
47082.9859867734,4072.09443922618,121299.750298088,92568.0399210993,91681.9760737288
46641.9670363704,4142.11009253577,126289.944451693,94976.9068280391,92595.2065089949
46699.7501941121,4240.87301795622,127263.168245428,94829.5049505411,92078.8379570213
46724.6474657823,4357.30770935271,128765.509571565,95154.5054947156,91375.6833900281
46478.218519672,4433.1595485744,128935.214981149,94134.1715678883,91189.7580051657
46896.1965418156,4551.05056379381,129197.135161748,94050.3929197535,91612.0369844847
46737.8520234812,4575.51060487257,124590.133205334,90948.0319086868,90387.1779766462
45893.214297734,4517.67160059176,117720.460082224,86180.7885622679,88511.6233115818
44971.3300602617,4569.06117009091,111973.000781113,78406.4489733769,86196.8256271669
47819.106478581,5349.27482102611,101720.112873381,74450.5461826342,87085.7445412463
47602.3086071456,5323.25736384872,73076.6777173586,56956.5130546812,77117.0543373492
48091.9343643529,5378.34024658113,74943.1556167912,55454.3301876552,76399.2837359727
48318.9127111678,5298.97087278133,75621.7811330375,52477.2906071104,75084.1718278148
48420.707259955,5409.17308746726,73995.5424996011,48430.8779742774,70291.8089071489
47038.0447349046,5235.08399498137,72238.0329856306,44125.3896746021,65164.1878610334
46312.1371056958,5012.19921232025,69185.8042117757,41328.8644628066,63579.4536923383
45599.2199632073,4946.88239383365,65850.7873525995,39533.8033344053,62021.6424094328
45033.2677423997,4799.06728827622,63691.4071354382,38362.2083190023,61145.998683959
44605.7516081523,4612.63989433651,61894.5546629916,37804.3531750759,60713.0564899428
44385.2730455754,4403.22049576932,60875.8599114995,39467.1268420147,61361.4768675189
43745.1223762128,3984.26511458708,58986.4721362112,43543.6855178114,62808.9156650888
45331.3545929601,3918.3187432618,92184.560799265,72366.5101867385,84921.1463913659
47757.8767434575,4291.34515497193,107251.188179092,84323.2598279837,90842.9005316215
47650.3365147444,4202.42790603944,114498.99737706,87766.4393767785,92236.8574380655
47082.9859867734,4072.09443922618,121299.750298088,92568.0399210993,91681.9760737288
46641.9670363704,4142.11009253577,126289.944451693,94976.9068280391,92595.2065089949
46699.7501941121,4240.87301795622,127263.168245428,94829.5049505411,92078.8379570213
46724.6474657823,4357.30770935271,128765.509571565,95154.5054947156,91375.6833900281
46478.218519672,4433.1595485744,128935.214981149,94134.1715678883,91189.7580051657
46896.1965418156,4551.05056379381,129197.135161748,94050.3929197535,91612.0369844847
46737.8520234812,4575.51060487257,124590.133205334,90948.0319086868,90387.1779766462
45893.214297734,4517.67160059176,117720.460082224,86180.7885622679,88511.6233115818
44971.3300602617,4569.06117009091,111973.000781113,78406.4489733769,86196.8256271669
47819.106478581,5349.27482102611,101720.112873381,74450.5461826342,87085.7445412463
47602.3086071456,5323.25736384872,73076.6777173586,56956.5130546812,77117.0543373492
48091.9343643529,5378.34024658113,74943.1556167912,55454.3301876552,76399.2837359727
48318.9127111678,5298.97087278133,75621.7811330375,52477.2906071104,75084.1718278148
48420.707259955,5409.17308746726,73995.5424996011,48430.8779742774,70291.8089071489
47038.0447349046,5235.08399498137,72238.0329856306,44125.3896746021,65164.1878610334
46312.1371056958,5012.19921232025,69185.8042117757,41328.8644628066,63579.4536923383
45599.2199632073,4946.88239383365,65850.7873525995,39533.8033344053,62021.6424094328
45033.2677423997,4799.06728827622,63691.4071354382,38362.2083190023,61145.998683959
44605.7516081523,4612.63989433651,61894.5546629916,37804.3531750759,60713.0564899428
44385.2730455754,4403.22049576932,60875.8599114995,39467.1268420147,61361.4768675189
43745.1223762128,3984.26511458708,58986.4721362112,43543.6855178114,62808.9156650888
45331.3545929601,3918.3187432618,92184.560799265,72366.5101867385,84921.1463913659
47757.8767434575,4291.34515497193,107251.188179092,84323.2598279837,90842.9005316215
47650.3365147444,4202.42790603944,114498.99737706,87766.4393767785,92236.8574380655
47082.9859867734,4072.09443922618,121299.750298088,92568.0399210993,91681.9760737288
46641.9670363704,4142.11009253577,126289.944451693,94976.9068280391,92595.2065089949
46699.7501941121,4240.87301795622,127263.168245428,94829.5049505411,92078.8379570213
46724.6474657823,4357.30770935271,128765.509571565,95154.5054947156,91375.6833900281
46478.218519672,4433.1595485744,128935.214981149,94134.1715678883,91189.7580051657
46896.1965418156,4551.05056379381,129197.135161748,94050.3929197535,91612.0369844847
46737.8520234812,4575.51060487257,124590.133205334,90948.0319086868,90387.1779766462
45893.214297734,4517.67160059176,117720.460082224,86180.7885622679,88511.6233115818
44971.3300602617,4569.06117009091,111973.000781113,78406.4489733769,86196.8256271669
47819.106478581,5349.27482102611,101720.112873381,74450.5461826342,87085.7445412463
47602.3086071456,5323.25736384872,73076.6777173586,56956.5130546812,77117.0543373492
48091.9343643529,5378.34024658113,74943.1556167912,55454.3301876552,76399.2837359727
48318.9127111678,5298.97087278133,75621.7811330375,52477.2906071104,75084.1718278148
48420.707259955,5409.17308746726,73995.5424996011,48430.8779742774,70291.8089071489
47038.0447349046,5235.08399498137,72238.0329856306,44125.3896746021,65164.1878610334
46312.1371056958,5012.19921232025,69185.8042117757,41328.8644628066,63579.4536923383
45599.2199632073,4946.88239383365,65850.7873525995,39533.8033344053,62021.6424094328
45033.2677423997,4799.06728827622,63691.4071354382,38362.2083190023,61145.998683959
44605.7516081523,4612.63989433651,61894.5546629916,37804.3531750759,60713.0564899428
44385.2730455754,4403.22049576932,60875.8599114995,39467.1268420147,61361.4768675189
43745.1223762128,3984.26511458708,58986.4721362112,43543.6855178114,62808.9156650888
45331.3545929601,3918.3187432618,92184.560799265,72366.5101867385,84921.1463913659
47757.8767434575,4291.34515497193,107251.188179092,84323.2598279837,90842.9005316215
47650.3365147444,4202.42790603944,114498.99737706,87766.4393767785,92236.8574380655
47082.9859867734,4072.09443922618,121299.750298088,92568.0399210993,91681.9760737288
46641.9670363704,4142.11009253577,126289.944451693,94976.9068280391,92595.2065089949
46699.7501941121,4240.87301795622,127263.168245428,94829.5049505411,92078.8379570213
46724.6474657823,4357.30770935271,128765.509571565,95154.5054947156,91375.6833900281
46478.218519672,4433.1595485744,128935.214981149,94134.1715678883,91189.7580051657
46896.1965418156,4551.05056379381,129197.135161748,94050.3929197535,91612.0369844847
46737.8520234812,4575.51060487257,124590.133205334,90948.0319086868,90387.1779766462
45893.214297734,4517.67160059176,117720.460082224,86180.7885622679,88511.6233115818
44971.3300602617,4569.06117009091,111973.000781113,78406.4489733769,86196.8256271669
47819.106478581,5349.27482102611,101720.112873381,74450.5461826342,87085.7445412463
47602.3086071456,5323.25736384872,73076.6777173586,56956.5130546812,77117.0543373492
48091.9343643529,5378.34024658113,74943.1556167912,55454.3301876552,76399.2837359727
48318.9127111678,5298.97087278133,75621.7811330375,52477.2906071104,75084.1718278148
48420.707259955,5409.17308746726,73995.5424996011,48430.8779742774,70291.8089071489
47038.0447349046,5235.08399498137,72238.0329856306,44125.3896746021,65164.1878610334
46312.1371056958,5012.19921232025,69185.8042117757,41328.8644628066,63579.4536923383
45599.2199632073,4946.88239383365,65850.7873525995,39533.8033344053,62021.6424094328
45033.2677423997,4799.06728827622,63691.4071354382,38362.2083190023,61145.998683959
44605.7516081523,4612.63989433651,61894.5546629916,37804.3531750759,60713.0564899428
44385.2730455754,4403.22049576932,60875.8599114995,39467.1268420147,61361.4768675189
43745.1223762128,3984.26511458708,58986.4721362112,43543.6855178114,62808.9156650888
45331.3545929601,3918.3187432618,92184.560799265,72366.5101867385,84921.1463913659
47757.8767434575,4291.34515497193,107251.188179092,84323.2598279837,90842.9005316215
47650.3365147444,4202.42790603944,114498.99737706,87766.4393767785,92236.8574380655
47082.9859867734,4072.09443922618,121299.750298088,92568.0399210993,91681.9760737288
46641.9670363704,4142.11009253577,126289.944451693,94976.9068280391,92595.2065089949
46699.7501941121,4240.87301795622,127263.168245428,94829.5049505411,92078.8379570213
46724.6474657823,4357.30770935271,128765.509571565,95154.5054947156,91375.6833900281
46478.218519672,4433.1595485744,128935.214981149,94134.1715678883,91189.7580051657
46896.1965418156,4551.05056379381,129197.135161748,94050.3929197535,91612.0369844847
46737.8520234812,4575.51060487257,124590.133205334,90948.0319086868,90387.1779766462
45893.214297734,4517.67160059176,117720.460082224,86180.7885622679,88511.6233115818
44971.3300602617,4569.06117009091,111973.000781113,78406.4489733769,86196.8256271669
47819.106478581,5349.27482102611,101720.112873381,74450.5461826342,87085.7445412463
47602.3086071456,5323.25736384872,73076.6777173586,56956.5130546812,77117.0543373492
48091.9343643529,5378.34024658113,74943.1556167912,55454.3301876552,76399.2837359727
48318.9127111678,5298.97087278133,75621.7811330375,52477.2906071104,75084.1718278148
48420.707259955,5409.17308746726,73995.5424996011,48430.8779742774,70291.8089071489
47038.0447349046,5235.08399498137,72238.0329856306,44125.3896746021,65164.1878610334
46312.1371056958,5012.19921232025,69185.8042117757,41328.8644628066,63579.4536923383
45599.2199632073,4946.88239383365,65850.7873525995,39533.8033344053,62021.6424094328
45033.2677423997,4799.06728827622,63691.4071354382,38362.2083190023,61145.998683959
44605.7516081523,4612.63989433651,61894.5546629916,37804.3531750759,60713.0564899428
44385.2730455754,4403.22049576932,60875.8599114995,39467.1268420147,61361.4768675189
43745.1223762128,3984.26511458708,58986.4721362112,43543.6855178114,62808.9156650888
45331.3545929601,3918.3187432618,92184.560799265,72366.5101867385,84921.1463913659
47757.8767434575,4291.34515497193,107251.188179092,84323.2598279837,90842.9005316215
47650.3365147444,4202.42790603944,114498.99737706,87766.4393767785,92236.8574380655
47082.9859867734,4072.09443922618,121299.750298088,92568.0399210993,91681.9760737288
46641.9670363704,4142.11009253577,126289.944451693,94976.9068280391,92595.2065089949
46699.7501941121,4240.87301795622,127263.168245428,94829.5049505411,92078.8379570213
46724.6474657823,4357.30770935271,128765.509571565,95154.5054947156,91375.6833900281
46478.218519672,4433.1595485744,128935.214981149,94134.1715678883,91189.7580051657
46896.1965418156,4551.05056379381,129197.135161748,94050.3929197535,91612.0369844847
46737.8520234812,4575.51060487257,124590.133205334,90948.0319086868,90387.1779766462
45893.214297734,4517.67160059176,117720.460082224,86180.7885622679,88511.6233115818
44971.3300602617,4569.06117009091,111973.000781113,78406.4489733769,86196.8256271669
47819.106478581,5349.27482102611,101720.112873381,74450.5461826342,87085.7445412463
47602.3086071456,5323.25736384872,73076.6777173586,56956.5130546812,77117.0543373492
48091.9343643529,5378.34024658113,74943.1556167912,55454.3301876552,76399.2837359727
48318.9127111678,5298.97087278133,75621.7811330375,52477.2906071104,75084.1718278148
48420.707259955,5409.17308746726,73995.5424996011,48430.8779742774,70291.8089071489
47038.0447349046,5235.08399498137,72238.0329856306,44125.3896746021,65164.1878610334
46312.1371056958,5012.19921232025,69185.8042117757,41328.8644628066,63579.4536923383
45599.2199632073,4946.88239383365,65850.7873525995,39533.8033344053,62021.6424094328
45033.2677423997,4799.06728827622,63691.4071354382,38362.2083190023,61145.998683959
44605.7516081523,4612.63989433651,61894.5546629916,37804.3531750759,60713.0564899428
44385.2730455754,4403.22049576932,60875.8599114995,39467.1268420147,61361.4768675189
43745.1223762128,3984.26511458708,58986.4721362112,43543.6855178114,62808.9156650888
45331.3545929601,3918.3187432618,92184.560799265,72366.5101867385,84921.1463913659
47757.8767434575,4291.34515497193,107251.188179092,84323.2598279837,90842.9005316215
47650.3365147444,4202.42790603944,114498.99737706,87766.4393767785,92236.8574380655
47082.9859867734,4072.09443922618,121299.750298088,92568.0399210993,91681.9760737288
46641.9670363704,4142.11009253577,126289.944451693,94976.9068280391,92595.2065089949
46699.7501941121,4240.87301795622,127263.168245428,94829.5049505411,92078.8379570213
46724.6474657823,4357.30770935271,128765.509571565,95154.5054947156,91375.6833900281
46478.218519672,4433.1595485744,128935.214981149,94134.1715678883,91189.7580051657
46896.1965418156,4551.05056379381,129197.135161748,94050.3929197535,91612.0369844847
46737.8520234812,4575.51060487257,124590.133205334,90948.0319086868,90387.1779766462
45893.214297734,4517.67160059176,117720.460082224,86180.7885622679,88511.6233115818
44971.3300602617,4569.06117009091,111973.000781113,78406.4489733769,86196.8256271669
47819.106478581,5349.27482102611,101720.112873381,74450.5461826342,87085.7445412463
47602.3086071456,5323.25736384872,73076.6777173586,56956.5130546812,77117.0543373492
48091.9343643529,5378.34024658113,74943.1556167912,55454.3301876552,76399.2837359727
48318.9127111678,5298.97087278133,75621.7811330375,52477.2906071104,75084.1718278148
48420.707259955,5409.17308746726,73995.5424996011,48430.8779742774,70291.8089071489
47038.0447349046,5235.08399498137,72238.0329856306,44125.3896746021,65164.1878610334
46312.1371056958,5012.19921232025,69185.8042117757,41328.8644628066,63579.4536923383
45599.2199632073,4946.88239383365,65850.7873525995,39533.8033344053,62021.6424094328
45033.2677423997,4799.06728827622,63691.4071354382,38362.2083190023,61145.998683959
44605.7516081523,4612.63989433651,61894.5546629916,37804.3531750759,60713.0564899428
44385.2730455754,4403.22049576932,60875.8599114995,39467.1268420147,61361.4768675189
43745.1223762128,3984.26511458708,58986.4721362112,43543.6855178114,62808.9156650888
45331.3545929601,3918.3187432618,92184.560799265,72366.5101867385,84921.1463913659
47757.8767434575,4291.34515497193,107251.188179092,84323.2598279837,90842.9005316215
47650.3365147444,4202.42790603944,114498.99737706,87766.4393767785,92236.8574380655
47082.9859867734,4072.09443922618,121299.750298088,92568.0399210993,91681.9760737288
46641.9670363704,4142.11009253577,126289.944451693,94976.9068280391,92595.2065089949
46699.7501941121,4240.87301795622,127263.168245428,94829.5049505411,92078.8379570213
46724.6474657823,4357.30770935271,128765.509571565,95154.5054947156,91375.6833900281
46478.218519672,4433.1595485744,128935.214981149,94134.1715678883,91189.7580051657
46896.1965418156,4551.05056379381,129197.135161748,94050.3929197535,91612.0369844847
46737.8520234812,4575.51060487257,124590.133205334,90948.0319086868,90387.1779766462
45893.214297734,4517.67160059176,117720.460082224,86180.7885622679,88511.6233115818
44971.3300602617,4569.06117009091,111973.000781113,78406.4489733769,86196.8256271669
47819.106478581,5349.27482102611,101720.112873381,74450.5461826342,87085.7445412463
47602.3086071456,5323.25736384872,73076.6777173586,56956.5130546812,77117.0543373492
48091.9343643529,5378.34024658113,74943.1556167912,55454.3301876552,76399.2837359727
48318.9127111678,5298.97087278133,75621.7811330375,52477.2906071104,75084.1718278148
48420.707259955,5409.17308746726,73995.5424996011,48430.8779742774,70291.8089071489
47038.0447349046,5235.08399498137,72238.0329856306,44125.3896746021,65164.1878610334
46312.1371056958,5012.19921232025,69185.8042117757,41328.8644628066,63579.4536923383
45599.2199632073,4946.88239383365,65850.7873525995,39533.8033344053,62021.6424094328
45033.2677423997,4799.06728827622,63691.4071354382,38362.2083190023,61145.998683959
44605.7516081523,4612.63989433651,61894.5546629916,37804.3531750759,60713.0564899428
44385.2730455754,4403.22049576932,60875.8599114995,39467.1268420147,61361.4768675189
43745.1223762128,3984.26511458708,58986.4721362112,43543.6855178114,62808.9156650888
45331.3545929601,3918.3187432618,92184.560799265,72366.5101867385,84921.1463913659
47757.8767434575,4291.34515497193,107251.188179092,84323.2598279837,90842.9005316215
47650.3365147444,4202.42790603944,114498.99737706,87766.4393767785,92236.8574380655
47082.9859867734,4072.09443922618,121299.750298088,92568.0399210993,91681.9760737288
46641.9670363704,4142.11009253577,126289.944451693,94976.9068280391,92595.2065089949
46699.7501941121,4240.87301795622,127263.168245428,94829.5049505411,92078.8379570213
46724.6474657823,4357.30770935271,128765.509571565,95154.5054947156,91375.6833900281
46478.218519672,4433.1595485744,128935.214981149,94134.1715678883,91189.7580051657
46896.1965418156,4551.05056379381,129197.135161748,94050.3929197535,91612.0369844847
46737.8520234812,4575.51060487257,124590.133205334,90948.0319086868,90387.1779766462
45893.214297734,4517.67160059176,117720.460082224,86180.7885622679,88511.6233115818
44971.3300602617,4569.06117009091,111973.000781113,78406.4489733769,86196.8256271669
47819.106478581,5349.27482102611,101720.112873381,74450.5461826342,87085.7445412463
47602.3086071456,5323.25736384872,73076.6777173586,56956.5130546812,77117.0543373492
48091.9343643529,5378.34024658113,74943.1556167912,55454.3301876552,76399.2837359727
48318.9127111678,5298.97087278133,75621.7811330375,52477.2906071104,75084.1718278148
48420.707259955,5409.17308746726,73995.5424996011,48430.8779742774,70291.8089071489
47038.0447349046,5235.08399498137,72238.0329856306,44125.3896746021,65164.1878610334
46312.1371056958,5012.19921232025,69185.8042117757,41328.8644628066,63579.4536923383
45599.2199632073,4946.88239383365,65850.7873525995,39533.8033344053,62021.6424094328
45033.2677423997,4799.06728827622,63691.4071354382,38362.2083190023,61145.998683959
44605.7516081523,4612.63989433651,61894.5546629916,37804.3531750759,60713.0564899428
44385.2730455754,4403.22049576932,60875.8599114995,39467.1268420147,61361.4768675189
43745.1223762128,3984.26511458708,58986.4721362112,43543.6855178114,62808.9156650888
45331.3545929601,3918.3187432618,92184.560799265,72366.5101867385,84921.1463913659
47757.8767434575,4291.34515497193,107251.188179092,84323.2598279837,90842.9005316215
47650.3365147444,4202.42790603944,114498.99737706,87766.4393767785,92236.8574380655
47082.9859867734,4072.09443922618,121299.750298088,92568.0399210993,91681.9760737288
46641.9670363704,4142.11009253577,126289.944451693,94976.9068280391,92595.2065089949
46699.7501941121,4240.87301795622,127263.168245428,94829.5049505411,92078.8379570213
46724.6474657823,4357.30770935271,128765.509571565,95154.5054947156,91375.6833900281
46478.218519672,4433.1595485744,128935.214981149,94134.1715678883,91189.7580051657
46896.1965418156,4551.05056379381,129197.135161748,94050.3929197535,91612.0369844847
46737.8520234812,4575.51060487257,124590.133205334,90948.0319086868,90387.1779766462
45893.214297734,4517.67160059176,117720.460082224,86180.7885622679,88511.6233115818
44971.3300602617,4569.06117009091,111973.000781113,78406.4489733769,86196.8256271669
47819.106478581,5349.27482102611,101720.112873381,74450.5461826342,87085.7445412463
47602.3086071456,5323.25736384872,73076.6777173586,56956.5130546812,77117.0543373492
48091.9343643529,5378.34024658113,74943.1556167912,55454.3301876552,76399.2837359727
48318.9127111678,5298.97087278133,75621.7811330375,52477.2906071104,75084.1718278148
48420.707259955,5409.17308746726,73995.5424996011,48430.8779742774,70291.8089071489
47038.0447349046,5235.08399498137,72238.0329856306,44125.3896746021,65164.1878610334
46312.1371056958,5012.19921232025,69185.8042117757,41328.8644628066,63579.4536923383
45599.2199632073,4946.88239383365,65850.7873525995,39533.8033344053,62021.6424094328
45033.2677423997,4799.06728827622,63691.4071354382,38362.2083190023,61145.998683959
44605.7516081523,4612.63989433651,61894.5546629916,37804.3531750759,60713.0564899428
44385.2730455754,4403.22049576932,60875.8599114995,39467.1268420147,61361.4768675189
43745.1223762128,3984.26511458708,58986.4721362112,43543.6855178114,62808.9156650888
45331.3545929601,3918.3187432618,92184.560799265,72366.5101867385,84921.1463913659
47757.8767434575,4291.34515497193,107251.188179092,84323.2598279837,90842.9005316215
47650.3365147444,4202.42790603944,114498.99737706,87766.4393767785,92236.8574380655
47082.9859867734,4072.09443922618,121299.750298088,92568.0399210993,91681.9760737288
46641.9670363704,4142.11009253577,126289.944451693,94976.9068280391,92595.2065089949
46699.7501941121,4240.87301795622,127263.168245428,94829.5049505411,92078.8379570213
46724.6474657823,4357.30770935271,128765.509571565,95154.5054947156,91375.6833900281
46478.218519672,4433.1595485744,128935.214981149,94134.1715678883,91189.7580051657
46896.1965418156,4551.05056379381,129197.135161748,94050.3929197535,91612.0369844847
46737.8520234812,4575.51060487257,124590.133205334,90948.0319086868,90387.1779766462
45893.214297734,4517.67160059176,117720.460082224,86180.7885622679,88511.6233115818
44971.3300602617,4569.06117009091,111973.000781113,78406.4489733769,86196.8256271669
47819.106478581,5349.27482102611,101720.112873381,74450.5461826342,87085.7445412463
47602.3086071456,5323.25736384872,73076.6777173586,56956.5130546812,77117.0543373492
48091.9343643529,5378.34024658113,74943.1556167912,55454.3301876552,76399.2837359727
48318.9127111678,5298.97087278133,75621.7811330375,52477.2906071104,75084.1718278148
48420.707259955,5409.17308746726,73995.5424996011,48430.8779742774,70291.8089071489
47038.0447349046,5235.08399498137,72238.0329856306,44125.3896746021,65164.1878610334
46312.1371056958,5012.19921232025,69185.8042117757,41328.8644628066,63579.4536923383
45599.2199632073,4946.88239383365,65850.7873525995,39533.8033344053,62021.6424094328
45033.2677423997,4799.06728827622,63691.4071354382,38362.2083190023,61145.998683959
44605.7516081523,4612.63989433651,61894.5546629916,37804.3531750759,60713.0564899428
44385.2730455754,4403.22049576932,60875.8599114995,39467.1268420147,61361.4768675189
43745.1223762128,3984.26511458708,58986.4721362112,43543.6855178114,62808.9156650888
45331.3545929601,3918.3187432618,92184.560799265,72366.5101867385,84921.1463913659
47757.8767434575,4291.34515497193,107251.188179092,84323.2598279837,90842.9005316215
47650.3365147444,4202.42790603944,114498.99737706,87766.4393767785,92236.8574380655
47082.9859867734,4072.09443922618,121299.750298088,92568.0399210993,91681.9760737288
46641.9670363704,4142.11009253577,126289.944451693,94976.9068280391,92595.2065089949
46699.7501941121,4240.87301795622,127263.168245428,94829.5049505411,92078.8379570213
46724.6474657823,4357.30770935271,128765.509571565,95154.5054947156,91375.6833900281
46478.218519672,4433.1595485744,128935.214981149,94134.1715678883,91189.7580051657
46896.1965418156,4551.05056379381,129197.135161748,94050.3929197535,91612.0369844847
46737.8520234812,4575.51060487257,124590.133205334,90948.0319086868,90387.1779766462
45893.214297734,4517.67160059176,117720.460082224,86180.7885622679,88511.6233115818
44971.3300602617,4569.06117009091,111973.000781113,78406.4489733769,86196.8256271669
47819.106478581,5349.27482102611,101720.112873381,74450.5461826342,87085.7445412463
47602.3086071456,5323.25736384872,73076.6777173586,56956.5130546812,77117.0543373492
48091.9343643529,5378.34024658113,74943.1556167912,55454.3301876552,76399.2837359727
48318.9127111678,5298.97087278133,75621.7811330375,52477.2906071104,75084.1718278148
48420.707259955,5409.17308746726,73995.5424996011,48430.8779742774,70291.8089071489
47038.0447349046,5235.08399498137,72238.0329856306,44125.3896746021,65164.1878610334
46312.1371056958,5012.19921232025,69185.8042117757,41328.8644628066,63579.4536923383
45599.2199632073,4946.88239383365,65850.7873525995,39533.8033344053,62021.6424094328
45033.2677423997,4799.06728827622,63691.4071354382,38362.2083190023,61145.998683959
44605.7516081523,4612.63989433651,61894.5546629916,37804.3531750759,60713.0564899428
44385.2730455754,4403.22049576932,60875.8599114995,39467.1268420147,61361.4768675189
43745.1223762128,3984.26511458708,58986.4721362112,43543.6855178114,62808.9156650888
45331.3545929601,3918.3187432618,92184.560799265,72366.5101867385,84921.1463913659
47757.8767434575,4291.34515497193,107251.188179092,84323.2598279837,90842.9005316215
47650.3365147444,4202.42790603944,114498.99737706,87766.4393767785,92236.8574380655
47082.9859867734,4072.09443922618,121299.750298088,92568.0399210993,91681.9760737288
46641.9670363704,4142.11009253577,126289.944451693,94976.9068280391,92595.2065089949
46699.7501941121,4240.87301795622,127263.168245428,94829.5049505411,92078.8379570213
46724.6474657823,4357.30770935271,128765.509571565,95154.5054947156,91375.6833900281
46478.218519672,4433.1595485744,128935.214981149,94134.1715678883,91189.7580051657
46896.1965418156,4551.05056379381,129197.135161748,94050.3929197535,91612.0369844847
46737.8520234812,4575.51060487257,124590.133205334,90948.0319086868,90387.1779766462
45893.214297734,4517.67160059176,117720.460082224,86180.7885622679,88511.6233115818
44971.3300602617,4569.06117009091,111973.000781113,78406.4489733769,86196.8256271669
47819.106478581,5349.27482102611,101720.112873381,74450.5461826342,87085.7445412463
47602.3086071456,5323.25736384872,73076.6777173586,56956.5130546812,77117.0543373492
48091.9343643529,5378.34024658113,74943.1556167912,55454.3301876552,76399.2837359727
48318.9127111678,5298.97087278133,75621.7811330375,52477.2906071104,75084.1718278148
48420.707259955,5409.17308746726,73995.5424996011,48430.8779742774,70291.8089071489
47038.0447349046,5235.08399498137,72238.0329856306,44125.3896746021,65164.1878610334
46312.1371056958,5012.19921232025,69185.8042117757,41328.8644628066,63579.4536923383
45599.2199632073,4946.88239383365,65850.7873525995,39533.8033344053,62021.6424094328
45033.2677423997,4799.06728827622,63691.4071354382,38362.2083190023,61145.998683959
44605.7516081523,4612.63989433651,61894.5546629916,37804.3531750759,60713.0564899428
44385.2730455754,4403.22049576932,60875.8599114995,39467.1268420147,61361.4768675189
43745.1223762128,3984.26511458708,58986.4721362112,43543.6855178114,62808.9156650888
45331.3545929601,3918.3187432618,92184.560799265,72366.5101867385,84921.1463913659
47757.8767434575,4291.34515497193,107251.188179092,84323.2598279837,90842.9005316215
47650.3365147444,4202.42790603944,114498.99737706,87766.4393767785,92236.8574380655
47082.9859867734,4072.09443922618,121299.750298088,92568.0399210993,91681.9760737288
46641.9670363704,4142.11009253577,126289.944451693,94976.9068280391,92595.2065089949
46699.7501941121,4240.87301795622,127263.168245428,94829.5049505411,92078.8379570213
46724.6474657823,4357.30770935271,128765.509571565,95154.5054947156,91375.6833900281
46478.218519672,4433.1595485744,128935.214981149,94134.1715678883,91189.7580051657
46896.1965418156,4551.05056379381,129197.135161748,94050.3929197535,91612.0369844847
46737.8520234812,4575.51060487257,124590.133205334,90948.0319086868,90387.1779766462
45893.214297734,4517.67160059176,117720.460082224,86180.7885622679,88511.6233115818
44971.3300602617,4569.06117009091,111973.000781113,78406.4489733769,86196.8256271669
47819.106478581,5349.27482102611,101720.112873381,74450.5461826342,87085.7445412463
47602.3086071456,5323.25736384872,73076.6777173586,56956.5130546812,77117.0543373492
48091.9343643529,5378.34024658113,74943.1556167912,55454.3301876552,76399.2837359727
48318.9127111678,5298.97087278133,75621.7811330375,52477.2906071104,75084.1718278148
48420.707259955,5409.17308746726,73995.5424996011,48430.8779742774,70291.8089071489
47038.0447349046,5235.08399498137,72238.0329856306,44125.3896746021,65164.1878610334
46312.1371056958,5012.19921232025,69185.8042117757,41328.8644628066,63579.4536923383
45599.2199632073,4946.88239383365,65850.7873525995,39533.8033344053,62021.6424094328
45033.2677423997,4799.06728827622,63691.4071354382,38362.2083190023,61145.998683959
44605.7516081523,4612.63989433651,61894.5546629916,37804.3531750759,60713.0564899428
44385.2730455754,4403.22049576932,60875.8599114995,39467.1268420147,61361.4768675189
43745.1223762128,3984.26511458708,58986.4721362112,43543.6855178114,62808.9156650888
45331.3545929601,3918.3187432618,92184.560799265,72366.5101867385,84921.1463913659
47757.8767434575,4291.34515497193,107251.188179092,84323.2598279837,90842.9005316215
47650.3365147444,4202.42790603944,114498.99737706,87766.4393767785,92236.8574380655
47082.9859867734,4072.09443922618,121299.750298088,92568.0399210993,91681.9760737288
46641.9670363704,4142.11009253577,126289.944451693,94976.9068280391,92595.2065089949
46699.7501941121,4240.87301795622,127263.168245428,94829.5049505411,92078.8379570213
46724.6474657823,4357.30770935271,128765.509571565,95154.5054947156,91375.6833900281
46478.218519672,4433.1595485744,128935.214981149,94134.1715678883,91189.7580051657
46896.1965418156,4551.05056379381,129197.135161748,94050.3929197535,91612.0369844847
46737.8520234812,4575.51060487257,124590.133205334,90948.0319086868,90387.1779766462
45893.214297734,4517.67160059176,117720.460082224,86180.7885622679,88511.6233115818
44971.3300602617,4569.06117009091,111973.000781113,78406.4489733769,86196.8256271669
47819.106478581,5349.27482102611,101720.112873381,74450.5461826342,87085.7445412463
47602.3086071456,5323.25736384872,73076.6777173586,56956.5130546812,77117.0543373492
48091.9343643529,5378.34024658113,74943.1556167912,55454.3301876552,76399.2837359727
48318.9127111678,5298.97087278133,75621.7811330375,52477.2906071104,75084.1718278148
48420.707259955,5409.17308746726,73995.5424996011,48430.8779742774,70291.8089071489
47038.0447349046,5235.08399498137,72238.0329856306,44125.3896746021,65164.1878610334
46312.1371056958,5012.19921232025,69185.8042117757,41328.8644628066,63579.4536923383
45599.2199632073,4946.88239383365,65850.7873525995,39533.8033344053,62021.6424094328
45033.2677423997,4799.06728827622,63691.4071354382,38362.2083190023,61145.998683959
44605.7516081523,4612.63989433651,61894.5546629916,37804.3531750759,60713.0564899428
44385.2730455754,4403.22049576932,60875.8599114995,39467.1268420147,61361.4768675189
43745.1223762128,3984.26511458708,58986.4721362112,43543.6855178114,62808.9156650888
45331.3545929601,3918.3187432618,92184.560799265,72366.5101867385,84921.1463913659
47757.8767434575,4291.34515497193,107251.188179092,84323.2598279837,90842.9005316215
47650.3365147444,4202.42790603944,114498.99737706,87766.4393767785,92236.8574380655
47082.9859867734,4072.09443922618,121299.750298088,92568.0399210993,91681.9760737288
46641.9670363704,4142.11009253577,126289.944451693,94976.9068280391,92595.2065089949
46699.7501941121,4240.87301795622,127263.168245428,94829.5049505411,92078.8379570213
46724.6474657823,4357.30770935271,128765.509571565,95154.5054947156,91375.6833900281
46478.218519672,4433.1595485744,128935.214981149,94134.1715678883,91189.7580051657
46896.1965418156,4551.05056379381,129197.135161748,94050.3929197535,91612.0369844847
46737.8520234812,4575.51060487257,124590.133205334,90948.0319086868,90387.1779766462
45893.214297734,4517.67160059176,117720.460082224,86180.7885622679,88511.6233115818
44971.3300602617,4569.06117009091,111973.000781113,78406.4489733769,86196.8256271669
47819.106478581,5349.27482102611,101720.112873381,74450.5461826342,87085.7445412463
47602.3086071456,5323.25736384872,73076.6777173586,56956.5130546812,77117.0543373492
48091.9343643529,5378.34024658113,74943.1556167912,55454.3301876552,76399.2837359727
48318.9127111678,5298.97087278133,75621.7811330375,52477.2906071104,75084.1718278148
48420.707259955,5409.17308746726,73995.5424996011,48430.8779742774,70291.8089071489
47038.0447349046,5235.08399498137,72238.0329856306,44125.3896746021,65164.1878610334
46312.1371056958,5012.19921232025,69185.8042117757,41328.8644628066,63579.4536923383
45599.2199632073,4946.88239383365,65850.7873525995,39533.8033344053,62021.6424094328
45033.2677423997,4799.06728827622,63691.4071354382,38362.2083190023,61145.998683959
44605.7516081523,4612.63989433651,61894.5546629916,37804.3531750759,60713.0564899428
44385.2730455754,4403.22049576932,60875.8599114995,39467.1268420147,61361.4768675189
43745.1223762128,3984.26511458708,58986.4721362112,43543.6855178114,62808.9156650888
45331.3545929601,3918.3187432618,92184.560799265,72366.5101867385,84921.1463913659
47757.8767434575,4291.34515497193,107251.188179092,84323.2598279837,90842.9005316215
47650.3365147444,4202.42790603944,114498.99737706,87766.4393767785,92236.8574380655
47082.9859867734,4072.09443922618,121299.750298088,92568.0399210993,91681.9760737288
46641.9670363704,4142.11009253577,126289.944451693,94976.9068280391,92595.2065089949
46699.7501941121,4240.87301795622,127263.168245428,94829.5049505411,92078.8379570213
46724.6474657823,4357.30770935271,128765.509571565,95154.5054947156,91375.6833900281
46478.218519672,4433.1595485744,128935.214981149,94134.1715678883,91189.7580051657
46896.1965418156,4551.05056379381,129197.135161748,94050.3929197535,91612.0369844847
46737.8520234812,4575.51060487257,124590.133205334,90948.0319086868,90387.1779766462
45893.214297734,4517.67160059176,117720.460082224,86180.7885622679,88511.6233115818
44971.3300602617,4569.06117009091,111973.000781113,78406.4489733769,86196.8256271669
47819.106478581,5349.27482102611,101720.112873381,74450.5461826342,87085.7445412463
47602.3086071456,5323.25736384872,73076.6777173586,56956.5130546812,77117.0543373492
48091.9343643529,5378.34024658113,74943.1556167912,55454.3301876552,76399.2837359727
48318.9127111678,5298.97087278133,75621.7811330375,52477.2906071104,75084.1718278148
48420.707259955,5409.17308746726,73995.5424996011,48430.8779742774,70291.8089071489
47038.0447349046,5235.08399498137,72238.0329856306,44125.3896746021,65164.1878610334
46312.1371056958,5012.19921232025,69185.8042117757,41328.8644628066,63579.4536923383
45599.2199632073,4946.88239383365,65850.7873525995,39533.8033344053,62021.6424094328
45033.2677423997,4799.06728827622,63691.4071354382,38362.2083190023,61145.998683959
44605.7516081523,4612.63989433651,61894.5546629916,37804.3531750759,60713.0564899428
44385.2730455754,4403.22049576932,60875.8599114995,39467.1268420147,61361.4768675189
43745.1223762128,3984.26511458708,58986.4721362112,43543.6855178114,62808.9156650888
45331.3545929601,3918.3187432618,92184.560799265,72366.5101867385,84921.1463913659
47757.8767434575,4291.34515497193,107251.188179092,84323.2598279837,90842.9005316215
47650.3365147444,4202.42790603944,114498.99737706,87766.4393767785,92236.8574380655
47082.9859867734,4072.09443922618,121299.750298088,92568.0399210993,91681.9760737288
46641.9670363704,4142.11009253577,126289.944451693,94976.9068280391,92595.2065089949
46699.7501941121,4240.87301795622,127263.168245428,94829.5049505411,92078.8379570213
46724.6474657823,4357.30770935271,128765.509571565,95154.5054947156,91375.6833900281
46478.218519672,4433.1595485744,128935.214981149,94134.1715678883,91189.7580051657
46896.1965418156,4551.05056379381,129197.135161748,94050.3929197535,91612.0369844847
46737.8520234812,4575.51060487257,124590.133205334,90948.0319086868,90387.1779766462
45893.214297734,4517.67160059176,117720.460082224,86180.7885622679,88511.6233115818
44971.3300602617,4569.06117009091,111973.000781113,78406.4489733769,86196.8256271669
47819.106478581,5349.27482102611,101720.112873381,74450.5461826342,87085.7445412463
47602.3086071456,5323.25736384872,73076.6777173586,56956.5130546812,77117.0543373492
48091.9343643529,5378.34024658113,74943.1556167912,55454.3301876552,76399.2837359727
48318.9127111678,5298.97087278133,75621.7811330375,52477.2906071104,75084.1718278148
48420.707259955,5409.17308746726,73995.5424996011,48430.8779742774,70291.8089071489
47038.0447349046,5235.08399498137,72238.0329856306,44125.3896746021,65164.1878610334
46312.1371056958,5012.19921232025,69185.8042117757,41328.8644628066,63579.4536923383
45599.2199632073,4946.88239383365,65850.7873525995,39533.8033344053,62021.6424094328
45033.2677423997,4799.06728827622,63691.4071354382,38362.2083190023,61145.998683959
44605.7516081523,4612.63989433651,61894.5546629916,37804.3531750759,60713.0564899428
44385.2730455754,4403.22049576932,60875.8599114995,39467.1268420147,61361.4768675189
43745.1223762128,3984.26511458708,58986.4721362112,43543.6855178114,62808.9156650888
45331.3545929601,3918.3187432618,92184.560799265,72366.5101867385,84921.1463913659
47757.8767434575,4291.34515497193,107251.188179092,84323.2598279837,90842.9005316215
47650.3365147444,4202.42790603944,114498.99737706,87766.4393767785,92236.8574380655
47082.9859867734,4072.09443922618,121299.750298088,92568.0399210993,91681.9760737288
46641.9670363704,4142.11009253577,126289.944451693,94976.9068280391,92595.2065089949
46699.7501941121,4240.87301795622,127263.168245428,94829.5049505411,92078.8379570213
46724.6474657823,4357.30770935271,128765.509571565,95154.5054947156,91375.6833900281
46478.218519672,4433.1595485744,128935.214981149,94134.1715678883,91189.7580051657
46896.1965418156,4551.05056379381,129197.135161748,94050.3929197535,91612.0369844847
46737.8520234812,4575.51060487257,124590.133205334,90948.0319086868,90387.1779766462
45893.214297734,4517.67160059176,117720.460082224,86180.7885622679,88511.6233115818
44971.3300602617,4569.06117009091,111973.000781113,78406.4489733769,86196.8256271669
47819.106478581,5349.27482102611,101720.112873381,74450.5461826342,87085.7445412463
47602.3086071456,5323.25736384872,73076.6777173586,56956.5130546812,77117.0543373492
48091.9343643529,5378.34024658113,74943.1556167912,55454.3301876552,76399.2837359727
48318.9127111678,5298.97087278133,75621.7811330375,52477.2906071104,75084.1718278148
48420.707259955,5409.17308746726,73995.5424996011,48430.8779742774,70291.8089071489
47038.0447349046,5235.08399498137,72238.0329856306,44125.3896746021,65164.1878610334
46312.1371056958,5012.19921232025,69185.8042117757,41328.8644628066,63579.4536923383
45599.2199632073,4946.88239383365,65850.7873525995,39533.8033344053,62021.6424094328
45033.2677423997,4799.06728827622,63691.4071354382,38362.2083190023,61145.998683959
44605.7516081523,4612.63989433651,61894.5546629916,37804.3531750759,60713.0564899428
44385.2730455754,4403.22049576932,60875.8599114995,39467.1268420147,61361.4768675189
43745.1223762128,3984.26511458708,58986.4721362112,43543.6855178114,62808.9156650888
45331.3545929601,3918.3187432618,92184.560799265,72366.5101867385,84921.1463913659
47757.8767434575,4291.34515497193,107251.188179092,84323.2598279837,90842.9005316215
47650.3365147444,4202.42790603944,114498.99737706,87766.4393767785,92236.8574380655
47082.9859867734,4072.09443922618,121299.750298088,92568.0399210993,91681.9760737288
46641.9670363704,4142.11009253577,126289.944451693,94976.9068280391,92595.2065089949
46699.7501941121,4240.87301795622,127263.168245428,94829.5049505411,92078.8379570213
46724.6474657823,4357.30770935271,128765.509571565,95154.5054947156,91375.6833900281
46478.218519672,4433.1595485744,128935.214981149,94134.1715678883,91189.7580051657
46896.1965418156,4551.05056379381,129197.135161748,94050.3929197535,91612.0369844847
46737.8520234812,4575.51060487257,124590.133205334,90948.0319086868,90387.1779766462
45893.214297734,4517.67160059176,117720.460082224,86180.7885622679,88511.6233115818
44971.3300602617,4569.06117009091,111973.000781113,78406.4489733769,86196.8256271669
47819.106478581,5349.27482102611,101720.112873381,74450.5461826342,87085.7445412463
47602.3086071456,5323.25736384872,73076.6777173586,56956.5130546812,77117.0543373492
48091.9343643529,5378.34024658113,74943.1556167912,55454.3301876552,76399.2837359727
48318.9127111678,5298.97087278133,75621.7811330375,52477.2906071104,75084.1718278148
48420.707259955,5409.17308746726,73995.5424996011,48430.8779742774,70291.8089071489
47038.0447349046,5235.08399498137,72238.0329856306,44125.3896746021,65164.1878610334
46312.1371056958,5012.19921232025,69185.8042117757,41328.8644628066,63579.4536923383
45599.2199632073,4946.88239383365,65850.7873525995,39533.8033344053,62021.6424094328
45033.2677423997,4799.06728827622,63691.4071354382,38362.2083190023,61145.998683959
44605.7516081523,4612.63989433651,61894.5546629916,37804.3531750759,60713.0564899428
44385.2730455754,4403.22049576932,60875.8599114995,39467.1268420147,61361.4768675189
43745.1223762128,3984.26511458708,58986.4721362112,43543.6855178114,62808.9156650888
45331.3545929601,3918.3187432618,92184.560799265,72366.5101867385,84921.1463913659
47757.8767434575,4291.34515497193,107251.188179092,84323.2598279837,90842.9005316215
47650.3365147444,4202.42790603944,114498.99737706,87766.4393767785,92236.8574380655
47082.9859867734,4072.09443922618,121299.750298088,92568.0399210993,91681.9760737288
46641.9670363704,4142.11009253577,126289.944451693,94976.9068280391,92595.2065089949
46699.7501941121,4240.87301795622,127263.168245428,94829.5049505411,92078.8379570213
46724.6474657823,4357.30770935271,128765.509571565,95154.5054947156,91375.6833900281
46478.218519672,4433.1595485744,128935.214981149,94134.1715678883,91189.7580051657
46896.1965418156,4551.05056379381,129197.135161748,94050.3929197535,91612.0369844847
46737.8520234812,4575.51060487257,124590.133205334,90948.0319086868,90387.1779766462
45893.214297734,4517.67160059176,117720.460082224,86180.7885622679,88511.6233115818
44971.3300602617,4569.06117009091,111973.000781113,78406.4489733769,86196.8256271669
47819.106478581,5349.27482102611,101720.112873381,74450.5461826342,87085.7445412463
47602.3086071456,5323.25736384872,73076.6777173586,56956.5130546812,77117.0543373492
48091.9343643529,5378.34024658113,74943.1556167912,55454.3301876552,76399.2837359727
48318.9127111678,5298.97087278133,75621.7811330375,52477.2906071104,75084.1718278148
48420.707259955,5409.17308746726,73995.5424996011,48430.8779742774,70291.8089071489
47038.0447349046,5235.08399498137,72238.0329856306,44125.3896746021,65164.1878610334
46904.6775082657,4112.16544532942,63768.7483886488,42301.0108557145,62180.151415307
45760.548659079,3900.96720062183,60791.1875975149,40094.4674144885,60176.3545183938
45134.0167341656,3797.46091673161,58872.6959935696,39071.9364884959,59415.7901616396
44601.2356978965,3728.27030825943,57409.5137293996,38449.5671720165,59113.4797532922
44391.0927776866,3710.3490538678,56414.2767713759,39779.0941139573,59240.6302829943
43714.7017475642,3692.10316266454,55211.7431432813,43353.0154539192,60962.7941873248
44735.0359247911,3896.89246953585,90850.6600452241,71916.3731313953,88149.419845658
47574.1846281195,4667.19856691526,107364.617683078,84020.0230675283,97762.9338451249
48193.1887718189,4533.44537015964,114229.401623994,87971.5037147998,100288.104234008
48021.544805974,4321.47265932317,120286.683405138,93900.7915703473,100050.736610618
47904.9494884522,4055.68084097202,125699.711734124,97353.6660244136,103193.8688691
47973.3494502133,4106.03413138669,126798.336834468,97694.6577271169,102972.994906371
47840.1712882127,4177.66196249165,127416.862013688,98187.9996041636,102699.453249039
47352.6858977572,4218.28679378206,127392.691600215,97320.1882690408,103037.937590268
47550.5092576304,4247.21171224064,127432.307577517,97485.5964586312,103472.625353923
47411.1276652695,4305.30126523678,122790.661125302,94407.4267274333,101724.407612888
46489.4829252706,4316.79873639142,116053.294145969,88802.341396619,98684.8940845159
46189.6360764251,4415.43269001645,110749.955651005,82661.4657465449,95416.1728920987
49363.9298510438,5040.28939798993,102245.849457117,79830.7669160182,97017.8486073566
48299.7983201731,4971.37921097968,71282.2605927444,59989.5323749361,78088.5720614127
48561.8142939372,5041.01988227494,71686.1720781498,57827.9493346862,77123.7995858384
48805.8702531728,4954.66119866955,71196.8947980983,54911.1779524389,76105.0358511873
49026.9209969121,4766.29594295655,67802.3151551041,50176.3102640902,68762.0523639025
48027.3049033775,4276.8300785629,65478.5801785447,45755.7105548865,63641.2915055642
46904.6775082657,4112.16544532942,63768.7483886488,42301.0108557145,62180.151415307
45760.548659079,3900.96720062183,60791.1875975149,40094.4674144885,60176.3545183938
45134.0167341656,3797.46091673161,58872.6959935696,39071.9364884959,59415.7901616396
44601.2356978965,3728.27030825943,57409.5137293996,38449.5671720165,59113.4797532922
44391.0927776866,3710.3490538678,56414.2767713759,39779.0941139573,59240.6302829943
43714.7017475642,3692.10316266454,55211.7431432813,43353.0154539192,60962.7941873248
44735.0359247911,3896.89246953585,90850.6600452241,71916.3731313953,88149.419845658
47574.1846281195,4667.19856691526,107364.617683078,84020.0230675283,97762.9338451249
48193.1887718189,4533.44537015964,114229.401623994,87971.5037147998,100288.104234008
48021.544805974,4321.47265932317,120286.683405138,93900.7915703473,100050.736610618
47904.9494884522,4055.68084097202,125699.711734124,97353.6660244136,103193.8688691
47973.3494502133,4106.03413138669,126798.336834468,97694.6577271169,102972.994906371
47840.1712882127,4177.66196249165,127416.862013688,98187.9996041636,102699.453249039
47352.6858977572,4218.28679378206,127392.691600215,97320.1882690408,103037.937590268
47550.5092576304,4247.21171224064,127432.307577517,97485.5964586312,103472.625353923
47411.1276652695,4305.30126523678,122790.661125302,94407.4267274333,101724.407612888
46489.4829252706,4316.79873639142,116053.294145969,88802.341396619,98684.8940845159
46189.6360764251,4415.43269001645,110749.955651005,82661.4657465449,95416.1728920987
49363.9298510438,5040.28939798993,102245.849457117,79830.7669160182,97017.8486073566
48299.7983201731,4971.37921097968,71282.2605927444,59989.5323749361,78088.5720614127
48561.8142939372,5041.01988227494,71686.1720781498,57827.9493346862,77123.7995858384
48805.8702531728,4954.66119866955,71196.8947980983,54911.1779524389,76105.0358511873
49026.9209969121,4766.29594295655,67802.3151551041,50176.3102640902,68762.0523639025
48027.3049033775,4276.8300785629,65478.5801785447,45755.7105548865,63641.2915055642
46904.6775082657,4112.16544532942,63768.7483886488,42301.0108557145,62180.151415307
45760.548659079,3900.96720062183,60791.1875975149,40094.4674144885,60176.3545183938
45134.0167341656,3797.46091673161,58872.6959935696,39071.9364884959,59415.7901616396
44601.2356978965,3728.27030825943,57409.5137293996,38449.5671720165,59113.4797532922
44391.0927776866,3710.3490538678,56414.2767713759,39779.0941139573,59240.6302829943
43714.7017475642,3692.10316266454,55211.7431432813,43353.0154539192,60962.7941873248
44735.0359247911,3896.89246953585,90850.6600452241,71916.3731313953,88149.419845658
47574.1846281195,4667.19856691526,107364.617683078,84020.0230675283,97762.9338451249
48193.1887718189,4533.44537015964,114229.401623994,87971.5037147998,100288.104234008
48021.544805974,4321.47265932317,120286.683405138,93900.7915703473,100050.736610618
47904.9494884522,4055.68084097202,125699.711734124,97353.6660244136,103193.8688691
47973.3494502133,4106.03413138669,126798.336834468,97694.6577271169,102972.994906371
47840.1712882127,4177.66196249165,127416.862013688,98187.9996041636,102699.453249039
47352.6858977572,4218.28679378206,127392.691600215,97320.1882690408,103037.937590268
47550.5092576304,4247.21171224064,127432.307577517,97485.5964586312,103472.625353923
47411.1276652695,4305.30126523678,122790.661125302,94407.4267274333,101724.407612888
46489.4829252706,4316.79873639142,116053.294145969,88802.341396619,98684.8940845159
46189.6360764251,4415.43269001645,110749.955651005,82661.4657465449,95416.1728920987
49363.9298510438,5040.28939798993,102245.849457117,79830.7669160182,97017.8486073566
48299.7983201731,4971.37921097968,71282.2605927444,59989.5323749361,78088.5720614127
48561.8142939372,5041.01988227494,71686.1720781498,57827.9493346862,77123.7995858384
48805.8702531728,4954.66119866955,71196.8947980983,54911.1779524389,76105.0358511873
49026.9209969121,4766.29594295655,67802.3151551041,50176.3102640902,68762.0523639025
48027.3049033775,4276.8300785629,65478.5801785447,45755.7105548865,63641.2915055642
46904.6775082657,4112.16544532942,63768.7483886488,42301.0108557145,62180.151415307
45760.548659079,3900.96720062183,60791.1875975149,40094.4674144885,60176.3545183938
45134.0167341656,3797.46091673161,58872.6959935696,39071.9364884959,59415.7901616396
44601.2356978965,3728.27030825943,57409.5137293996,38449.5671720165,59113.4797532922
44391.0927776866,3710.3490538678,56414.2767713759,39779.0941139573,59240.6302829943
43714.7017475642,3692.10316266454,55211.7431432813,43353.0154539192,60962.7941873248
44735.0359247911,3896.89246953585,90850.6600452241,71916.3731313953,88149.419845658
47574.1846281195,4667.19856691526,107364.617683078,84020.0230675283,97762.9338451249
48193.1887718189,4533.44537015964,114229.401623994,87971.5037147998,100288.104234008
48021.544805974,4321.47265932317,120286.683405138,93900.7915703473,100050.736610618
47904.9494884522,4055.68084097202,125699.711734124,97353.6660244136,103193.8688691
47973.3494502133,4106.03413138669,126798.336834468,97694.6577271169,102972.994906371
47840.1712882127,4177.66196249165,127416.862013688,98187.9996041636,102699.453249039
47352.6858977572,4218.28679378206,127392.691600215,97320.1882690408,103037.937590268
47550.5092576304,4247.21171224064,127432.307577517,97485.5964586312,103472.625353923
47411.1276652695,4305.30126523678,122790.661125302,94407.4267274333,101724.407612888
46489.4829252706,4316.79873639142,116053.294145969,88802.341396619,98684.8940845159
46189.6360764251,4415.43269001645,110749.955651005,82661.4657465449,95416.1728920987
49363.9298510438,5040.28939798993,102245.849457117,79830.7669160182,97017.8486073566
48299.7983201731,4971.37921097968,71282.2605927444,59989.5323749361,78088.5720614127
48561.8142939372,5041.01988227494,71686.1720781498,57827.9493346862,77123.7995858384
48805.8702531728,4954.66119866955,71196.8947980983,54911.1779524389,76105.0358511873
49026.9209969121,4766.29594295655,67802.3151551041,50176.3102640902,68762.0523639025
48027.3049033775,4276.8300785629,65478.5801785447,45755.7105548865,63641.2915055642
46904.6775082657,4112.16544532942,63768.7483886488,42301.0108557145,62180.151415307
45760.548659079,3900.96720062183,60791.1875975149,40094.4674144885,60176.3545183938
45134.0167341656,3797.46091673161,58872.6959935696,39071.9364884959,59415.7901616396
44601.2356978965,3728.27030825943,57409.5137293996,38449.5671720165,59113.4797532922
44391.0927776866,3710.3490538678,56414.2767713759,39779.0941139573,59240.6302829943
43714.7017475642,3692.10316266454,55211.7431432813,43353.0154539192,60962.7941873248
44735.0359247911,3896.89246953585,90850.6600452241,71916.3731313953,88149.419845658
47574.1846281195,4667.19856691526,107364.617683078,84020.0230675283,97762.9338451249
48193.1887718189,4533.44537015964,114229.401623994,87971.5037147998,100288.104234008
48021.544805974,4321.47265932317,120286.683405138,93900.7915703473,100050.736610618
47904.9494884522,4055.68084097202,125699.711734124,97353.6660244136,103193.8688691
47973.3494502133,4106.03413138669,126798.336834468,97694.6577271169,102972.994906371
47840.1712882127,4177.66196249165,127416.862013688,98187.9996041636,102699.453249039
47352.6858977572,4218.28679378206,127392.691600215,97320.1882690408,103037.937590268
47550.5092576304,4247.21171224064,127432.307577517,97485.5964586312,103472.625353923
47411.1276652695,4305.30126523678,122790.661125302,94407.4267274333,101724.407612888
46489.4829252706,4316.79873639142,116053.294145969,88802.341396619,98684.8940845159
46189.6360764251,4415.43269001645,110749.955651005,82661.4657465449,95416.1728920987
49363.9298510438,5040.28939798993,102245.849457117,79830.7669160182,97017.8486073566
48299.7983201731,4971.37921097968,71282.2605927444,59989.5323749361,78088.5720614127
48561.8142939372,5041.01988227494,71686.1720781498,57827.9493346862,77123.7995858384
48805.8702531728,4954.66119866955,71196.8947980983,54911.1779524389,76105.0358511873
49026.9209969121,4766.29594295655,67802.3151551041,50176.3102640902,68762.0523639025
48027.3049033775,4276.8300785629,65478.5801785447,45755.7105548865,63641.2915055642
46904.6775082657,4112.16544532942,63768.7483886488,42301.0108557145,62180.151415307
45760.548659079,3900.96720062183,60791.1875975149,40094.4674144885,60176.3545183938
45134.0167341656,3797.46091673161,58872.6959935696,39071.9364884959,59415.7901616396
44601.2356978965,3728.27030825943,57409.5137293996,38449.5671720165,59113.4797532922
44391.0927776866,3710.3490538678,56414.2767713759,39779.0941139573,59240.6302829943
43714.7017475642,3692.10316266454,55211.7431432813,43353.0154539192,60962.7941873248
44735.0359247911,3896.89246953585,90850.6600452241,71916.3731313953,88149.419845658
47574.1846281195,4667.19856691526,107364.617683078,84020.0230675283,97762.9338451249
48193.1887718189,4533.44537015964,114229.401623994,87971.5037147998,100288.104234008
48021.544805974,4321.47265932317,120286.683405138,93900.7915703473,100050.736610618
47904.9494884522,4055.68084097202,125699.711734124,97353.6660244136,103193.8688691
47973.3494502133,4106.03413138669,126798.336834468,97694.6577271169,102972.994906371
47840.1712882127,4177.66196249165,127416.862013688,98187.9996041636,102699.453249039
47352.6858977572,4218.28679378206,127392.691600215,97320.1882690408,103037.937590268
47550.5092576304,4247.21171224064,127432.307577517,97485.5964586312,103472.625353923
47411.1276652695,4305.30126523678,122790.661125302,94407.4267274333,101724.407612888
46489.4829252706,4316.79873639142,116053.294145969,88802.341396619,98684.8940845159
46189.6360764251,4415.43269001645,110749.955651005,82661.4657465449,95416.1728920987
49363.9298510438,5040.28939798993,102245.849457117,79830.7669160182,97017.8486073566
48299.7983201731,4971.37921097968,71282.2605927444,59989.5323749361,78088.5720614127
48561.8142939372,5041.01988227494,71686.1720781498,57827.9493346862,77123.7995858384
48805.8702531728,4954.66119866955,71196.8947980983,54911.1779524389,76105.0358511873
49026.9209969121,4766.29594295655,67802.3151551041,50176.3102640902,68762.0523639025
48027.3049033775,4276.8300785629,65478.5801785447,45755.7105548865,63641.2915055642
46904.6775082657,4112.16544532942,63768.7483886488,42301.0108557145,62180.151415307
45760.548659079,3900.96720062183,60791.1875975149,40094.4674144885,60176.3545183938
45134.0167341656,3797.46091673161,58872.6959935696,39071.9364884959,59415.7901616396
44601.2356978965,3728.27030825943,57409.5137293996,38449.5671720165,59113.4797532922
44391.0927776866,3710.3490538678,56414.2767713759,39779.0941139573,59240.6302829943
43714.7017475642,3692.10316266454,55211.7431432813,43353.0154539192,60962.7941873248
44735.0359247911,3896.89246953585,90850.6600452241,71916.3731313953,88149.419845658
47574.1846281195,4667.19856691526,107364.617683078,84020.0230675283,97762.9338451249
48193.1887718189,4533.44537015964,114229.401623994,87971.5037147998,100288.104234008
48021.544805974,4321.47265932317,120286.683405138,93900.7915703473,100050.736610618
47904.9494884522,4055.68084097202,125699.711734124,97353.6660244136,103193.8688691
47973.3494502133,4106.03413138669,126798.336834468,97694.6577271169,102972.994906371
47840.1712882127,4177.66196249165,127416.862013688,98187.9996041636,102699.453249039
47352.6858977572,4218.28679378206,127392.691600215,97320.1882690408,103037.937590268
47550.5092576304,4247.21171224064,127432.307577517,97485.5964586312,103472.625353923
47411.1276652695,4305.30126523678,122790.661125302,94407.4267274333,101724.407612888
46489.4829252706,4316.79873639142,116053.294145969,88802.341396619,98684.8940845159
46189.6360764251,4415.43269001645,110749.955651005,82661.4657465449,95416.1728920987
49363.9298510438,5040.28939798993,102245.849457117,79830.7669160182,97017.8486073566
48299.7983201731,4971.37921097968,71282.2605927444,59989.5323749361,78088.5720614127
48561.8142939372,5041.01988227494,71686.1720781498,57827.9493346862,77123.7995858384
48805.8702531728,4954.66119866955,71196.8947980983,54911.1779524389,76105.0358511873
49026.9209969121,4766.29594295655,67802.3151551041,50176.3102640902,68762.0523639025
48027.3049033775,4276.8300785629,65478.5801785447,45755.7105548865,63641.2915055642
46904.6775082657,4112.16544532942,63768.7483886488,42301.0108557145,62180.151415307
45760.548659079,3900.96720062183,60791.1875975149,40094.4674144885,60176.3545183938
45134.0167341656,3797.46091673161,58872.6959935696,39071.9364884959,59415.7901616396
44601.2356978965,3728.27030825943,57409.5137293996,38449.5671720165,59113.4797532922
44391.0927776866,3710.3490538678,56414.2767713759,39779.0941139573,59240.6302829943
43714.7017475642,3692.10316266454,55211.7431432813,43353.0154539192,60962.7941873248
44735.0359247911,3896.89246953585,90850.6600452241,71916.3731313953,88149.419845658
47574.1846281195,4667.19856691526,107364.617683078,84020.0230675283,97762.9338451249
48193.1887718189,4533.44537015964,114229.401623994,87971.5037147998,100288.104234008
48021.544805974,4321.47265932317,120286.683405138,93900.7915703473,100050.736610618
47904.9494884522,4055.68084097202,125699.711734124,97353.6660244136,103193.8688691
47973.3494502133,4106.03413138669,126798.336834468,97694.6577271169,102972.994906371
47840.1712882127,4177.66196249165,127416.862013688,98187.9996041636,102699.453249039
47352.6858977572,4218.28679378206,127392.691600215,97320.1882690408,103037.937590268
47550.5092576304,4247.21171224064,127432.307577517,97485.5964586312,103472.625353923
47411.1276652695,4305.30126523678,122790.661125302,94407.4267274333,101724.407612888
46489.4829252706,4316.79873639142,116053.294145969,88802.341396619,98684.8940845159
46189.6360764251,4415.43269001645,110749.955651005,82661.4657465449,95416.1728920987
49363.9298510438,5040.28939798993,102245.849457117,79830.7669160182,97017.8486073566
48299.7983201731,4971.37921097968,71282.2605927444,59989.5323749361,78088.5720614127
48561.8142939372,5041.01988227494,71686.1720781498,57827.9493346862,77123.7995858384
48805.8702531728,4954.66119866955,71196.8947980983,54911.1779524389,76105.0358511873
49026.9209969121,4766.29594295655,67802.3151551041,50176.3102640902,68762.0523639025
48027.3049033775,4276.8300785629,65478.5801785447,45755.7105548865,63641.2915055642
46904.6775082657,4112.16544532942,63768.7483886488,42301.0108557145,62180.151415307
45760.548659079,3900.96720062183,60791.1875975149,40094.4674144885,60176.3545183938
45134.0167341656,3797.46091673161,58872.6959935696,39071.9364884959,59415.7901616396
44601.2356978965,3728.27030825943,57409.5137293996,38449.5671720165,59113.4797532922
44391.0927776866,3710.3490538678,56414.2767713759,39779.0941139573,59240.6302829943
43714.7017475642,3692.10316266454,55211.7431432813,43353.0154539192,60962.7941873248
44735.0359247911,3896.89246953585,90850.6600452241,71916.3731313953,88149.419845658
47574.1846281195,4667.19856691526,107364.617683078,84020.0230675283,97762.9338451249
48193.1887718189,4533.44537015964,114229.401623994,87971.5037147998,100288.104234008
48021.544805974,4321.47265932317,120286.683405138,93900.7915703473,100050.736610618
47904.9494884522,4055.68084097202,125699.711734124,97353.6660244136,103193.8688691
47973.3494502133,4106.03413138669,126798.336834468,97694.6577271169,102972.994906371
47840.1712882127,4177.66196249165,127416.862013688,98187.9996041636,102699.453249039
47352.6858977572,4218.28679378206,127392.691600215,97320.1882690408,103037.937590268
47550.5092576304,4247.21171224064,127432.307577517,97485.5964586312,103472.625353923
47411.1276652695,4305.30126523678,122790.661125302,94407.4267274333,101724.407612888
46489.4829252706,4316.79873639142,116053.294145969,88802.341396619,98684.8940845159
46189.6360764251,4415.43269001645,110749.955651005,82661.4657465449,95416.1728920987
49363.9298510438,5040.28939798993,102245.849457117,79830.7669160182,97017.8486073566
48299.7983201731,4971.37921097968,71282.2605927444,59989.5323749361,78088.5720614127
48561.8142939372,5041.01988227494,71686.1720781498,57827.9493346862,77123.7995858384
48805.8702531728,4954.66119866955,71196.8947980983,54911.1779524389,76105.0358511873
49026.9209969121,4766.29594295655,67802.3151551041,50176.3102640902,68762.0523639025
48027.3049033775,4276.8300785629,65478.5801785447,45755.7105548865,63641.2915055642
46904.6775082657,4112.16544532942,63768.7483886488,42301.0108557145,62180.151415307
45760.548659079,3900.96720062183,60791.1875975149,40094.4674144885,60176.3545183938
45134.0167341656,3797.46091673161,58872.6959935696,39071.9364884959,59415.7901616396
44601.2356978965,3728.27030825943,57409.5137293996,38449.5671720165,59113.4797532922
44391.0927776866,3710.3490538678,56414.2767713759,39779.0941139573,59240.6302829943
43714.7017475642,3692.10316266454,55211.7431432813,43353.0154539192,60962.7941873248
44735.0359247911,3896.89246953585,90850.6600452241,71916.3731313953,88149.419845658
47574.1846281195,4667.19856691526,107364.617683078,84020.0230675283,97762.9338451249
48193.1887718189,4533.44537015964,114229.401623994,87971.5037147998,100288.104234008
48021.544805974,4321.47265932317,120286.683405138,93900.7915703473,100050.736610618
47904.9494884522,4055.68084097202,125699.711734124,97353.6660244136,103193.8688691
47973.3494502133,4106.03413138669,126798.336834468,97694.6577271169,102972.994906371
47840.1712882127,4177.66196249165,127416.862013688,98187.9996041636,102699.453249039
47352.6858977572,4218.28679378206,127392.691600215,97320.1882690408,103037.937590268
47550.5092576304,4247.21171224064,127432.307577517,97485.5964586312,103472.625353923
47411.1276652695,4305.30126523678,122790.661125302,94407.4267274333,101724.407612888
46489.4829252706,4316.79873639142,116053.294145969,88802.341396619,98684.8940845159
46189.6360764251,4415.43269001645,110749.955651005,82661.4657465449,95416.1728920987
49363.9298510438,5040.28939798993,102245.849457117,79830.7669160182,97017.8486073566
48299.7983201731,4971.37921097968,71282.2605927444,59989.5323749361,78088.5720614127
48561.8142939372,5041.01988227494,71686.1720781498,57827.9493346862,77123.7995858384
48805.8702531728,4954.66119866955,71196.8947980983,54911.1779524389,76105.0358511873
49026.9209969121,4766.29594295655,67802.3151551041,50176.3102640902,68762.0523639025
48027.3049033775,4276.8300785629,65478.5801785447,45755.7105548865,63641.2915055642
46904.6775082657,4112.16544532942,63768.7483886488,42301.0108557145,62180.151415307
45760.548659079,3900.96720062183,60791.1875975149,40094.4674144885,60176.3545183938
45134.0167341656,3797.46091673161,58872.6959935696,39071.9364884959,59415.7901616396
44601.2356978965,3728.27030825943,57409.5137293996,38449.5671720165,59113.4797532922
44391.0927776866,3710.3490538678,56414.2767713759,39779.0941139573,59240.6302829943
43714.7017475642,3692.10316266454,55211.7431432813,43353.0154539192,60962.7941873248
44735.0359247911,3896.89246953585,90850.6600452241,71916.3731313953,88149.419845658
47574.1846281195,4667.19856691526,107364.617683078,84020.0230675283,97762.9338451249
48193.1887718189,4533.44537015964,114229.401623994,87971.5037147998,100288.104234008
48021.544805974,4321.47265932317,120286.683405138,93900.7915703473,100050.736610618
47904.9494884522,4055.68084097202,125699.711734124,97353.6660244136,103193.8688691
47973.3494502133,4106.03413138669,126798.336834468,97694.6577271169,102972.994906371
47840.1712882127,4177.66196249165,127416.862013688,98187.9996041636,102699.453249039
47352.6858977572,4218.28679378206,127392.691600215,97320.1882690408,103037.937590268
47550.5092576304,4247.21171224064,127432.307577517,97485.5964586312,103472.625353923
47411.1276652695,4305.30126523678,122790.661125302,94407.4267274333,101724.407612888
46489.4829252706,4316.79873639142,116053.294145969,88802.341396619,98684.8940845159
46189.6360764251,4415.43269001645,110749.955651005,82661.4657465449,95416.1728920987
49363.9298510438,5040.28939798993,102245.849457117,79830.7669160182,97017.8486073566
48299.7983201731,4971.37921097968,71282.2605927444,59989.5323749361,78088.5720614127
48561.8142939372,5041.01988227494,71686.1720781498,57827.9493346862,77123.7995858384
48805.8702531728,4954.66119866955,71196.8947980983,54911.1779524389,76105.0358511873
49026.9209969121,4766.29594295655,67802.3151551041,50176.3102640902,68762.0523639025
48027.3049033775,4276.8300785629,65478.5801785447,45755.7105548865,63641.2915055642
46904.6775082657,4112.16544532942,63768.7483886488,42301.0108557145,62180.151415307
45760.548659079,3900.96720062183,60791.1875975149,40094.4674144885,60176.3545183938
45134.0167341656,3797.46091673161,58872.6959935696,39071.9364884959,59415.7901616396
44601.2356978965,3728.27030825943,57409.5137293996,38449.5671720165,59113.4797532922
44391.0927776866,3710.3490538678,56414.2767713759,39779.0941139573,59240.6302829943
43714.7017475642,3692.10316266454,55211.7431432813,43353.0154539192,60962.7941873248
44735.0359247911,3896.89246953585,90850.6600452241,71916.3731313953,88149.419845658
47574.1846281195,4667.19856691526,107364.617683078,84020.0230675283,97762.9338451249
48193.1887718189,4533.44537015964,114229.401623994,87971.5037147998,100288.104234008
48021.544805974,4321.47265932317,120286.683405138,93900.7915703473,100050.736610618
47904.9494884522,4055.68084097202,125699.711734124,97353.6660244136,103193.8688691
47973.3494502133,4106.03413138669,126798.336834468,97694.6577271169,102972.994906371
47840.1712882127,4177.66196249165,127416.862013688,98187.9996041636,102699.453249039
47352.6858977572,4218.28679378206,127392.691600215,97320.1882690408,103037.937590268
47550.5092576304,4247.21171224064,127432.307577517,97485.5964586312,103472.625353923
47411.1276652695,4305.30126523678,122790.661125302,94407.4267274333,101724.407612888
46489.4829252706,4316.79873639142,116053.294145969,88802.341396619,98684.8940845159
46189.6360764251,4415.43269001645,110749.955651005,82661.4657465449,95416.1728920987
49363.9298510438,5040.28939798993,102245.849457117,79830.7669160182,97017.8486073566
48299.7983201731,4971.37921097968,71282.2605927444,59989.5323749361,78088.5720614127
48561.8142939372,5041.01988227494,71686.1720781498,57827.9493346862,77123.7995858384
48805.8702531728,4954.66119866955,71196.8947980983,54911.1779524389,76105.0358511873
49026.9209969121,4766.29594295655,67802.3151551041,50176.3102640902,68762.0523639025
48027.3049033775,4276.8300785629,65478.5801785447,45755.7105548865,63641.2915055642
46904.6775082657,4112.16544532942,63768.7483886488,42301.0108557145,62180.151415307
45760.548659079,3900.96720062183,60791.1875975149,40094.4674144885,60176.3545183938
45134.0167341656,3797.46091673161,58872.6959935696,39071.9364884959,59415.7901616396
44601.2356978965,3728.27030825943,57409.5137293996,38449.5671720165,59113.4797532922
44391.0927776866,3710.3490538678,56414.2767713759,39779.0941139573,59240.6302829943
43714.7017475642,3692.10316266454,55211.7431432813,43353.0154539192,60962.7941873248
44735.0359247911,3896.89246953585,90850.6600452241,71916.3731313953,88149.419845658
47574.1846281195,4667.19856691526,107364.617683078,84020.0230675283,97762.9338451249
48193.1887718189,4533.44537015964,114229.401623994,87971.5037147998,100288.104234008
48021.544805974,4321.47265932317,120286.683405138,93900.7915703473,100050.736610618
47904.9494884522,4055.68084097202,125699.711734124,97353.6660244136,103193.8688691
47973.3494502133,4106.03413138669,126798.336834468,97694.6577271169,102972.994906371
47840.1712882127,4177.66196249165,127416.862013688,98187.9996041636,102699.453249039
47352.6858977572,4218.28679378206,127392.691600215,97320.1882690408,103037.937590268
47550.5092576304,4247.21171224064,127432.307577517,97485.5964586312,103472.625353923
47411.1276652695,4305.30126523678,122790.661125302,94407.4267274333,101724.407612888
46489.4829252706,4316.79873639142,116053.294145969,88802.341396619,98684.8940845159
46189.6360764251,4415.43269001645,110749.955651005,82661.4657465449,95416.1728920987
49363.9298510438,5040.28939798993,102245.849457117,79830.7669160182,97017.8486073566
48299.7983201731,4971.37921097968,71282.2605927444,59989.5323749361,78088.5720614127
48561.8142939372,5041.01988227494,71686.1720781498,57827.9493346862,77123.7995858384
48805.8702531728,4954.66119866955,71196.8947980983,54911.1779524389,76105.0358511873
49026.9209969121,4766.29594295655,67802.3151551041,50176.3102640902,68762.0523639025
48027.3049033775,4276.8300785629,65478.5801785447,45755.7105548865,63641.2915055642
46904.6775082657,4112.16544532942,63768.7483886488,42301.0108557145,62180.151415307
45760.548659079,3900.96720062183,60791.1875975149,40094.4674144885,60176.3545183938
45134.0167341656,3797.46091673161,58872.6959935696,39071.9364884959,59415.7901616396
44601.2356978965,3728.27030825943,57409.5137293996,38449.5671720165,59113.4797532922
44391.0927776866,3710.3490538678,56414.2767713759,39779.0941139573,59240.6302829943
43714.7017475642,3692.10316266454,55211.7431432813,43353.0154539192,60962.7941873248
44735.0359247911,3896.89246953585,90850.6600452241,71916.3731313953,88149.419845658
47574.1846281195,4667.19856691526,107364.617683078,84020.0230675283,97762.9338451249
48193.1887718189,4533.44537015964,114229.401623994,87971.5037147998,100288.104234008
48021.544805974,4321.47265932317,120286.683405138,93900.7915703473,100050.736610618
47904.9494884522,4055.68084097202,125699.711734124,97353.6660244136,103193.8688691
47973.3494502133,4106.03413138669,126798.336834468,97694.6577271169,102972.994906371
47840.1712882127,4177.66196249165,127416.862013688,98187.9996041636,102699.453249039
47352.6858977572,4218.28679378206,127392.691600215,97320.1882690408,103037.937590268
47550.5092576304,4247.21171224064,127432.307577517,97485.5964586312,103472.625353923
47411.1276652695,4305.30126523678,122790.661125302,94407.4267274333,101724.407612888
46489.4829252706,4316.79873639142,116053.294145969,88802.341396619,98684.8940845159
46189.6360764251,4415.43269001645,110749.955651005,82661.4657465449,95416.1728920987
49363.9298510438,5040.28939798993,102245.849457117,79830.7669160182,97017.8486073566
48299.7983201731,4971.37921097968,71282.2605927444,59989.5323749361,78088.5720614127
48561.8142939372,5041.01988227494,71686.1720781498,57827.9493346862,77123.7995858384
48805.8702531728,4954.66119866955,71196.8947980983,54911.1779524389,76105.0358511873
49026.9209969121,4766.29594295655,67802.3151551041,50176.3102640902,68762.0523639025
48027.3049033775,4276.8300785629,65478.5801785447,45755.7105548865,63641.2915055642
46904.6775082657,4112.16544532942,63768.7483886488,42301.0108557145,62180.151415307
45760.548659079,3900.96720062183,60791.1875975149,40094.4674144885,60176.3545183938
45134.0167341656,3797.46091673161,58872.6959935696,39071.9364884959,59415.7901616396
44601.2356978965,3728.27030825943,57409.5137293996,38449.5671720165,59113.4797532922
44391.0927776866,3710.3490538678,56414.2767713759,39779.0941139573,59240.6302829943
43714.7017475642,3692.10316266454,55211.7431432813,43353.0154539192,60962.7941873248
44735.0359247911,3896.89246953585,90850.6600452241,71916.3731313953,88149.419845658
47574.1846281195,4667.19856691526,107364.617683078,84020.0230675283,97762.9338451249
48193.1887718189,4533.44537015964,114229.401623994,87971.5037147998,100288.104234008
48021.544805974,4321.47265932317,120286.683405138,93900.7915703473,100050.736610618
47904.9494884522,4055.68084097202,125699.711734124,97353.6660244136,103193.8688691
47973.3494502133,4106.03413138669,126798.336834468,97694.6577271169,102972.994906371
47840.1712882127,4177.66196249165,127416.862013688,98187.9996041636,102699.453249039
47352.6858977572,4218.28679378206,127392.691600215,97320.1882690408,103037.937590268
47550.5092576304,4247.21171224064,127432.307577517,97485.5964586312,103472.625353923
47411.1276652695,4305.30126523678,122790.661125302,94407.4267274333,101724.407612888
46489.4829252706,4316.79873639142,116053.294145969,88802.341396619,98684.8940845159
46189.6360764251,4415.43269001645,110749.955651005,82661.4657465449,95416.1728920987
49363.9298510438,5040.28939798993,102245.849457117,79830.7669160182,97017.8486073566
48299.7983201731,4971.37921097968,71282.2605927444,59989.5323749361,78088.5720614127
48561.8142939372,5041.01988227494,71686.1720781498,57827.9493346862,77123.7995858384
48805.8702531728,4954.66119866955,71196.8947980983,54911.1779524389,76105.0358511873
49026.9209969121,4766.29594295655,67802.3151551041,50176.3102640902,68762.0523639025
48027.3049033775,4276.8300785629,65478.5801785447,45755.7105548865,63641.2915055642
46904.6775082657,4112.16544532942,63768.7483886488,42301.0108557145,62180.151415307
45760.548659079,3900.96720062183,60791.1875975149,40094.4674144885,60176.3545183938
45134.0167341656,3797.46091673161,58872.6959935696,39071.9364884959,59415.7901616396
44601.2356978965,3728.27030825943,57409.5137293996,38449.5671720165,59113.4797532922
44391.0927776866,3710.3490538678,56414.2767713759,39779.0941139573,59240.6302829943
43714.7017475642,3692.10316266454,55211.7431432813,43353.0154539192,60962.7941873248
44735.0359247911,3896.89246953585,90850.6600452241,71916.3731313953,88149.419845658
47574.1846281195,4667.19856691526,107364.617683078,84020.0230675283,97762.9338451249
48193.1887718189,4533.44537015964,114229.401623994,87971.5037147998,100288.104234008
48021.544805974,4321.47265932317,120286.683405138,93900.7915703473,100050.736610618
47904.9494884522,4055.68084097202,125699.711734124,97353.6660244136,103193.8688691
47973.3494502133,4106.03413138669,126798.336834468,97694.6577271169,102972.994906371
47840.1712882127,4177.66196249165,127416.862013688,98187.9996041636,102699.453249039
47352.6858977572,4218.28679378206,127392.691600215,97320.1882690408,103037.937590268
47550.5092576304,4247.21171224064,127432.307577517,97485.5964586312,103472.625353923
47411.1276652695,4305.30126523678,122790.661125302,94407.4267274333,101724.407612888
46489.4829252706,4316.79873639142,116053.294145969,88802.341396619,98684.8940845159
46189.6360764251,4415.43269001645,110749.955651005,82661.4657465449,95416.1728920987
49363.9298510438,5040.28939798993,102245.849457117,79830.7669160182,97017.8486073566
48299.7983201731,4971.37921097968,71282.2605927444,59989.5323749361,78088.5720614127
48561.8142939372,5041.01988227494,71686.1720781498,57827.9493346862,77123.7995858384
48805.8702531728,4954.66119866955,71196.8947980983,54911.1779524389,76105.0358511873
49026.9209969121,4766.29594295655,67802.3151551041,50176.3102640902,68762.0523639025
48027.3049033775,4276.8300785629,65478.5801785447,45755.7105548865,63641.2915055642
46904.6775082657,4112.16544532942,63768.7483886488,42301.0108557145,62180.151415307
45760.548659079,3900.96720062183,60791.1875975149,40094.4674144885,60176.3545183938
45134.0167341656,3797.46091673161,58872.6959935696,39071.9364884959,59415.7901616396
44601.2356978965,3728.27030825943,57409.5137293996,38449.5671720165,59113.4797532922
44391.0927776866,3710.3490538678,56414.2767713759,39779.0941139573,59240.6302829943
43714.7017475642,3692.10316266454,55211.7431432813,43353.0154539192,60962.7941873248
44735.0359247911,3896.89246953585,90850.6600452241,71916.3731313953,88149.419845658
47574.1846281195,4667.19856691526,107364.617683078,84020.0230675283,97762.9338451249
48193.1887718189,4533.44537015964,114229.401623994,87971.5037147998,100288.104234008
48021.544805974,4321.47265932317,120286.683405138,93900.7915703473,100050.736610618
47904.9494884522,4055.68084097202,125699.711734124,97353.6660244136,103193.8688691
47973.3494502133,4106.03413138669,126798.336834468,97694.6577271169,102972.994906371
47840.1712882127,4177.66196249165,127416.862013688,98187.9996041636,102699.453249039
47352.6858977572,4218.28679378206,127392.691600215,97320.1882690408,103037.937590268
47550.5092576304,4247.21171224064,127432.307577517,97485.5964586312,103472.625353923
47411.1276652695,4305.30126523678,122790.661125302,94407.4267274333,101724.407612888
46489.4829252706,4316.79873639142,116053.294145969,88802.341396619,98684.8940845159
46189.6360764251,4415.43269001645,110749.955651005,82661.4657465449,95416.1728920987
49363.9298510438,5040.28939798993,102245.849457117,79830.7669160182,97017.8486073566
48299.7983201731,4971.37921097968,71282.2605927444,59989.5323749361,78088.5720614127
48561.8142939372,5041.01988227494,71686.1720781498,57827.9493346862,77123.7995858384
48805.8702531728,4954.66119866955,71196.8947980983,54911.1779524389,76105.0358511873
49026.9209969121,4766.29594295655,67802.3151551041,50176.3102640902,68762.0523639025
48027.3049033775,4276.8300785629,65478.5801785447,45755.7105548865,63641.2915055642
46904.6775082657,4112.16544532942,63768.7483886488,42301.0108557145,62180.151415307
45760.548659079,3900.96720062183,60791.1875975149,40094.4674144885,60176.3545183938
45134.0167341656,3797.46091673161,58872.6959935696,39071.9364884959,59415.7901616396
44601.2356978965,3728.27030825943,57409.5137293996,38449.5671720165,59113.4797532922
44391.0927776866,3710.3490538678,56414.2767713759,39779.0941139573,59240.6302829943
43714.7017475642,3692.10316266454,55211.7431432813,43353.0154539192,60962.7941873248
44735.0359247911,3896.89246953585,90850.6600452241,71916.3731313953,88149.419845658
47574.1846281195,4667.19856691526,107364.617683078,84020.0230675283,97762.9338451249
48193.1887718189,4533.44537015964,114229.401623994,87971.5037147998,100288.104234008
48021.544805974,4321.47265932317,120286.683405138,93900.7915703473,100050.736610618
47904.9494884522,4055.68084097202,125699.711734124,97353.6660244136,103193.8688691
47973.3494502133,4106.03413138669,126798.336834468,97694.6577271169,102972.994906371
47840.1712882127,4177.66196249165,127416.862013688,98187.9996041636,102699.453249039
47352.6858977572,4218.28679378206,127392.691600215,97320.1882690408,103037.937590268
47550.5092576304,4247.21171224064,127432.307577517,97485.5964586312,103472.625353923
47411.1276652695,4305.30126523678,122790.661125302,94407.4267274333,101724.407612888
46489.4829252706,4316.79873639142,116053.294145969,88802.341396619,98684.8940845159
46189.6360764251,4415.43269001645,110749.955651005,82661.4657465449,95416.1728920987
49363.9298510438,5040.28939798993,102245.849457117,79830.7669160182,97017.8486073566
48299.7983201731,4971.37921097968,71282.2605927444,59989.5323749361,78088.5720614127
48561.8142939372,5041.01988227494,71686.1720781498,57827.9493346862,77123.7995858384
48805.8702531728,4954.66119866955,71196.8947980983,54911.1779524389,76105.0358511873
49026.9209969121,4766.29594295655,67802.3151551041,50176.3102640902,68762.0523639025
48027.3049033775,4276.8300785629,65478.5801785447,45755.7105548865,63641.2915055642
46904.6775082657,4112.16544532942,63768.7483886488,42301.0108557145,62180.151415307
45760.548659079,3900.96720062183,60791.1875975149,40094.4674144885,60176.3545183938
45134.0167341656,3797.46091673161,58872.6959935696,39071.9364884959,59415.7901616396
44601.2356978965,3728.27030825943,57409.5137293996,38449.5671720165,59113.4797532922
44391.0927776866,3710.3490538678,56414.2767713759,39779.0941139573,59240.6302829943
43714.7017475642,3692.10316266454,55211.7431432813,43353.0154539192,60962.7941873248
44735.0359247911,3896.89246953585,90850.6600452241,71916.3731313953,88149.419845658
47574.1846281195,4667.19856691526,107364.617683078,84020.0230675283,97762.9338451249
48193.1887718189,4533.44537015964,114229.401623994,87971.5037147998,100288.104234008
48021.544805974,4321.47265932317,120286.683405138,93900.7915703473,100050.736610618
47904.9494884522,4055.68084097202,125699.711734124,97353.6660244136,103193.8688691
47973.3494502133,4106.03413138669,126798.336834468,97694.6577271169,102972.994906371
47840.1712882127,4177.66196249165,127416.862013688,98187.9996041636,102699.453249039
47352.6858977572,4218.28679378206,127392.691600215,97320.1882690408,103037.937590268
47550.5092576304,4247.21171224064,127432.307577517,97485.5964586312,103472.625353923
47411.1276652695,4305.30126523678,122790.661125302,94407.4267274333,101724.407612888
46489.4829252706,4316.79873639142,116053.294145969,88802.341396619,98684.8940845159
46189.6360764251,4415.43269001645,110749.955651005,82661.4657465449,95416.1728920987
49363.9298510438,5040.28939798993,102245.849457117,79830.7669160182,97017.8486073566
48299.7983201731,4971.37921097968,71282.2605927444,59989.5323749361,78088.5720614127
48561.8142939372,5041.01988227494,71686.1720781498,57827.9493346862,77123.7995858384
48805.8702531728,4954.66119866955,71196.8947980983,54911.1779524389,76105.0358511873
49026.9209969121,4766.29594295655,67802.3151551041,50176.3102640902,68762.0523639025
48027.3049033775,4276.8300785629,65478.5801785447,45755.7105548865,63641.2915055642
46904.6775082657,4112.16544532942,63768.7483886488,42301.0108557145,62180.151415307
45760.548659079,3900.96720062183,60791.1875975149,40094.4674144885,60176.3545183938
45134.0167341656,3797.46091673161,58872.6959935696,39071.9364884959,59415.7901616396
44601.2356978965,3728.27030825943,57409.5137293996,38449.5671720165,59113.4797532922
44391.0927776866,3710.3490538678,56414.2767713759,39779.0941139573,59240.6302829943
43714.7017475642,3692.10316266454,55211.7431432813,43353.0154539192,60962.7941873248
44735.0359247911,3896.89246953585,90850.6600452241,71916.3731313953,88149.419845658
47574.1846281195,4667.19856691526,107364.617683078,84020.0230675283,97762.9338451249
48193.1887718189,4533.44537015964,114229.401623994,87971.5037147998,100288.104234008
48021.544805974,4321.47265932317,120286.683405138,93900.7915703473,100050.736610618
47904.9494884522,4055.68084097202,125699.711734124,97353.6660244136,103193.8688691
47973.3494502133,4106.03413138669,126798.336834468,97694.6577271169,102972.994906371
47840.1712882127,4177.66196249165,127416.862013688,98187.9996041636,102699.453249039
47352.6858977572,4218.28679378206,127392.691600215,97320.1882690408,103037.937590268
47550.5092576304,4247.21171224064,127432.307577517,97485.5964586312,103472.625353923
47411.1276652695,4305.30126523678,122790.661125302,94407.4267274333,101724.407612888
46489.4829252706,4316.79873639142,116053.294145969,88802.341396619,98684.8940845159
46189.6360764251,4415.43269001645,110749.955651005,82661.4657465449,95416.1728920987
49363.9298510438,5040.28939798993,102245.849457117,79830.7669160182,97017.8486073566
48299.7983201731,4971.37921097968,71282.2605927444,59989.5323749361,78088.5720614127
48561.8142939372,5041.01988227494,71686.1720781498,57827.9493346862,77123.7995858384
48805.8702531728,4954.66119866955,71196.8947980983,54911.1779524389,76105.0358511873
49026.9209969121,4766.29594295655,67802.3151551041,50176.3102640902,68762.0523639025
48027.3049033775,4276.8300785629,65478.5801785447,45755.7105548865,63641.2915055642
46904.6775082657,4112.16544532942,63768.7483886488,42301.0108557145,62180.151415307
45760.548659079,3900.96720062183,60791.1875975149,40094.4674144885,60176.3545183938
45134.0167341656,3797.46091673161,58872.6959935696,39071.9364884959,59415.7901616396
44601.2356978965,3728.27030825943,57409.5137293996,38449.5671720165,59113.4797532922
44391.0927776866,3710.3490538678,56414.2767713759,39779.0941139573,59240.6302829943
43714.7017475642,3692.10316266454,55211.7431432813,43353.0154539192,60962.7941873248
44735.0359247911,3896.89246953585,90850.6600452241,71916.3731313953,88149.419845658
47574.1846281195,4667.19856691526,107364.617683078,84020.0230675283,97762.9338451249
48193.1887718189,4533.44537015964,114229.401623994,87971.5037147998,100288.104234008
48021.544805974,4321.47265932317,120286.683405138,93900.7915703473,100050.736610618
47904.9494884522,4055.68084097202,125699.711734124,97353.6660244136,103193.8688691
47973.3494502133,4106.03413138669,126798.336834468,97694.6577271169,102972.994906371
47840.1712882127,4177.66196249165,127416.862013688,98187.9996041636,102699.453249039
47352.6858977572,4218.28679378206,127392.691600215,97320.1882690408,103037.937590268
47550.5092576304,4247.21171224064,127432.307577517,97485.5964586312,103472.625353923
47411.1276652695,4305.30126523678,122790.661125302,94407.4267274333,101724.407612888
46489.4829252706,4316.79873639142,116053.294145969,88802.341396619,98684.8940845159
46189.6360764251,4415.43269001645,110749.955651005,82661.4657465449,95416.1728920987
49363.9298510438,5040.28939798993,102245.849457117,79830.7669160182,97017.8486073566
48299.7983201731,4971.37921097968,71282.2605927444,59989.5323749361,78088.5720614127
48561.8142939372,5041.01988227494,71686.1720781498,57827.9493346862,77123.7995858384
48805.8702531728,4954.66119866955,71196.8947980983,54911.1779524389,76105.0358511873
49026.9209969121,4766.29594295655,67802.3151551041,50176.3102640902,68762.0523639025
48027.3049033775,4276.8300785629,65478.5801785447,45755.7105548865,63641.2915055642
46904.6775082657,4112.16544532942,63768.7483886488,42301.0108557145,62180.151415307
45760.548659079,3900.96720062183,60791.1875975149,40094.4674144885,60176.3545183938
45134.0167341656,3797.46091673161,58872.6959935696,39071.9364884959,59415.7901616396
44601.2356978965,3728.27030825943,57409.5137293996,38449.5671720165,59113.4797532922
44391.0927776866,3710.3490538678,56414.2767713759,39779.0941139573,59240.6302829943
43714.7017475642,3692.10316266454,55211.7431432813,43353.0154539192,60962.7941873248
44735.0359247911,3896.89246953585,90850.6600452241,71916.3731313953,88149.419845658
47574.1846281195,4667.19856691526,107364.617683078,84020.0230675283,97762.9338451249
48193.1887718189,4533.44537015964,114229.401623994,87971.5037147998,100288.104234008
48021.544805974,4321.47265932317,120286.683405138,93900.7915703473,100050.736610618
47904.9494884522,4055.68084097202,125699.711734124,97353.6660244136,103193.8688691
47973.3494502133,4106.03413138669,126798.336834468,97694.6577271169,102972.994906371
47840.1712882127,4177.66196249165,127416.862013688,98187.9996041636,102699.453249039
47352.6858977572,4218.28679378206,127392.691600215,97320.1882690408,103037.937590268
47550.5092576304,4247.21171224064,127432.307577517,97485.5964586312,103472.625353923
47411.1276652695,4305.30126523678,122790.661125302,94407.4267274333,101724.407612888
46489.4829252706,4316.79873639142,116053.294145969,88802.341396619,98684.8940845159
46189.6360764251,4415.43269001645,110749.955651005,82661.4657465449,95416.1728920987
49363.9298510438,5040.28939798993,102245.849457117,79830.7669160182,97017.8486073566
48299.7983201731,4971.37921097968,71282.2605927444,59989.5323749361,78088.5720614127
48561.8142939372,5041.01988227494,71686.1720781498,57827.9493346862,77123.7995858384
48805.8702531728,4954.66119866955,71196.8947980983,54911.1779524389,76105.0358511873
49026.9209969121,4766.29594295655,67802.3151551041,50176.3102640902,68762.0523639025
48027.3049033775,4276.8300785629,65478.5801785447,45755.7105548865,63641.2915055642
46904.6775082657,4112.16544532942,63768.7483886488,42301.0108557145,62180.151415307
45760.548659079,3900.96720062183,60791.1875975149,40094.4674144885,60176.3545183938
45134.0167341656,3797.46091673161,58872.6959935696,39071.9364884959,59415.7901616396
44601.2356978965,3728.27030825943,57409.5137293996,38449.5671720165,59113.4797532922
44391.0927776866,3710.3490538678,56414.2767713759,39779.0941139573,59240.6302829943
43714.7017475642,3692.10316266454,55211.7431432813,43353.0154539192,60962.7941873248
44735.0359247911,3896.89246953585,90850.6600452241,71916.3731313953,88149.419845658
47574.1846281195,4667.19856691526,107364.617683078,84020.0230675283,97762.9338451249
48193.1887718189,4533.44537015964,114229.401623994,87971.5037147998,100288.104234008
48021.544805974,4321.47265932317,120286.683405138,93900.7915703473,100050.736610618
47904.9494884522,4055.68084097202,125699.711734124,97353.6660244136,103193.8688691
47973.3494502133,4106.03413138669,126798.336834468,97694.6577271169,102972.994906371
47840.1712882127,4177.66196249165,127416.862013688,98187.9996041636,102699.453249039
47352.6858977572,4218.28679378206,127392.691600215,97320.1882690408,103037.937590268
47550.5092576304,4247.21171224064,127432.307577517,97485.5964586312,103472.625353923
47411.1276652695,4305.30126523678,122790.661125302,94407.4267274333,101724.407612888
46489.4829252706,4316.79873639142,116053.294145969,88802.341396619,98684.8940845159
46189.6360764251,4415.43269001645,110749.955651005,82661.4657465449,95416.1728920987
49363.9298510438,5040.28939798993,102245.849457117,79830.7669160182,97017.8486073566
48299.7983201731,4971.37921097968,71282.2605927444,59989.5323749361,78088.5720614127
48561.8142939372,5041.01988227494,71686.1720781498,57827.9493346862,77123.7995858384
48805.8702531728,4954.66119866955,71196.8947980983,54911.1779524389,76105.0358511873
49026.9209969121,4766.29594295655,67802.3151551041,50176.3102640902,68762.0523639025
48027.3049033775,4276.8300785629,65478.5801785447,45755.7105548865,63641.2915055642
46904.6775082657,4112.16544532942,63768.7483886488,42301.0108557145,62180.151415307
45760.548659079,3900.96720062183,60791.1875975149,40094.4674144885,60176.3545183938
45134.0167341656,3797.46091673161,58872.6959935696,39071.9364884959,59415.7901616396
44601.2356978965,3728.27030825943,57409.5137293996,38449.5671720165,59113.4797532922
44391.0927776866,3710.3490538678,56414.2767713759,39779.0941139573,59240.6302829943
43714.7017475642,3692.10316266454,55211.7431432813,43353.0154539192,60962.7941873248
44735.0359247911,3896.89246953585,90850.6600452241,71916.3731313953,88149.419845658
47574.1846281195,4667.19856691526,107364.617683078,84020.0230675283,97762.9338451249
48193.1887718189,4533.44537015964,114229.401623994,87971.5037147998,100288.104234008
48021.544805974,4321.47265932317,120286.683405138,93900.7915703473,100050.736610618
47904.9494884522,4055.68084097202,125699.711734124,97353.6660244136,103193.8688691
47973.3494502133,4106.03413138669,126798.336834468,97694.6577271169,102972.994906371
47840.1712882127,4177.66196249165,127416.862013688,98187.9996041636,102699.453249039
47352.6858977572,4218.28679378206,127392.691600215,97320.1882690408,103037.937590268
47550.5092576304,4247.21171224064,127432.307577517,97485.5964586312,103472.625353923
47411.1276652695,4305.30126523678,122790.661125302,94407.4267274333,101724.407612888
46489.4829252706,4316.79873639142,116053.294145969,88802.341396619,98684.8940845159
46189.6360764251,4415.43269001645,110749.955651005,82661.4657465449,95416.1728920987
49363.9298510438,5040.28939798993,102245.849457117,79830.7669160182,97017.8486073566
48299.7983201731,4971.37921097968,71282.2605927444,59989.5323749361,78088.5720614127
48561.8142939372,5041.01988227494,71686.1720781498,57827.9493346862,77123.7995858384
48805.8702531728,4954.66119866955,71196.8947980983,54911.1779524389,76105.0358511873
49026.9209969121,4766.29594295655,67802.3151551041,50176.3102640902,68762.0523639025
48027.3049033775,4276.8300785629,65478.5801785447,45755.7105548865,63641.2915055642
46904.6775082657,4112.16544532942,63768.7483886488,42301.0108557145,62180.151415307
45760.548659079,3900.96720062183,60791.1875975149,40094.4674144885,60176.3545183938
45134.0167341656,3797.46091673161,58872.6959935696,39071.9364884959,59415.7901616396
44601.2356978965,3728.27030825943,57409.5137293996,38449.5671720165,59113.4797532922
44391.0927776866,3710.3490538678,56414.2767713759,39779.0941139573,59240.6302829943
43714.7017475642,3692.10316266454,55211.7431432813,43353.0154539192,60962.7941873248
44735.0359247911,3896.89246953585,90850.6600452241,71916.3731313953,88149.419845658
47574.1846281195,4667.19856691526,107364.617683078,84020.0230675283,97762.9338451249
48193.1887718189,4533.44537015964,114229.401623994,87971.5037147998,100288.104234008
48021.544805974,4321.47265932317,120286.683405138,93900.7915703473,100050.736610618
47904.9494884522,4055.68084097202,125699.711734124,97353.6660244136,103193.8688691
47973.3494502133,4106.03413138669,126798.336834468,97694.6577271169,102972.994906371
47840.1712882127,4177.66196249165,127416.862013688,98187.9996041636,102699.453249039
47352.6858977572,4218.28679378206,127392.691600215,97320.1882690408,103037.937590268
47550.5092576304,4247.21171224064,127432.307577517,97485.5964586312,103472.625353923
47411.1276652695,4305.30126523678,122790.661125302,94407.4267274333,101724.407612888
46489.4829252706,4316.79873639142,116053.294145969,88802.341396619,98684.8940845159
46189.6360764251,4415.43269001645,110749.955651005,82661.4657465449,95416.1728920987
49363.9298510438,5040.28939798993,102245.849457117,79830.7669160182,97017.8486073566
48299.7983201731,4971.37921097968,71282.2605927444,59989.5323749361,78088.5720614127
48561.8142939372,5041.01988227494,71686.1720781498,57827.9493346862,77123.7995858384
48805.8702531728,4954.66119866955,71196.8947980983,54911.1779524389,76105.0358511873
49026.9209969121,4766.29594295655,67802.3151551041,50176.3102640902,68762.0523639025
48027.3049033775,4276.8300785629,65478.5801785447,45755.7105548865,63641.2915055642
46904.6775082657,4112.16544532942,63768.7483886488,42301.0108557145,62180.151415307
45760.548659079,3900.96720062183,60791.1875975149,40094.4674144885,60176.3545183938
45134.0167341656,3797.46091673161,58872.6959935696,39071.9364884959,59415.7901616396
44601.2356978965,3728.27030825943,57409.5137293996,38449.5671720165,59113.4797532922
44391.0927776866,3710.3490538678,56414.2767713759,39779.0941139573,59240.6302829943
43714.7017475642,3692.10316266454,55211.7431432813,43353.0154539192,60962.7941873248
44735.0359247911,3896.89246953585,90850.6600452241,71916.3731313953,88149.419845658
47574.1846281195,4667.19856691526,107364.617683078,84020.0230675283,97762.9338451249
48193.1887718189,4533.44537015964,114229.401623994,87971.5037147998,100288.104234008
48021.544805974,4321.47265932317,120286.683405138,93900.7915703473,100050.736610618
47904.9494884522,4055.68084097202,125699.711734124,97353.6660244136,103193.8688691
47973.3494502133,4106.03413138669,126798.336834468,97694.6577271169,102972.994906371
47840.1712882127,4177.66196249165,127416.862013688,98187.9996041636,102699.453249039
47352.6858977572,4218.28679378206,127392.691600215,97320.1882690408,103037.937590268
47550.5092576304,4247.21171224064,127432.307577517,97485.5964586312,103472.625353923
47411.1276652695,4305.30126523678,122790.661125302,94407.4267274333,101724.407612888
46489.4829252706,4316.79873639142,116053.294145969,88802.341396619,98684.8940845159
46189.6360764251,4415.43269001645,110749.955651005,82661.4657465449,95416.1728920987
49363.9298510438,5040.28939798993,102245.849457117,79830.7669160182,97017.8486073566
48299.7983201731,4971.37921097968,71282.2605927444,59989.5323749361,78088.5720614127
48561.8142939372,5041.01988227494,71686.1720781498,57827.9493346862,77123.7995858384
48805.8702531728,4954.66119866955,71196.8947980983,54911.1779524389,76105.0358511873
49026.9209969121,4766.29594295655,67802.3151551041,50176.3102640902,68762.0523639025
48027.3049033775,4276.8300785629,65478.5801785447,45755.7105548865,63641.2915055642
46904.6775082657,4112.16544532942,63768.7483886488,42301.0108557145,62180.151415307
45760.548659079,3900.96720062183,60791.1875975149,40094.4674144885,60176.3545183938
45134.0167341656,3797.46091673161,58872.6959935696,39071.9364884959,59415.7901616396
44601.2356978965,3728.27030825943,57409.5137293996,38449.5671720165,59113.4797532922
44391.0927776866,3710.3490538678,56414.2767713759,39779.0941139573,59240.6302829943
43714.7017475642,3692.10316266454,55211.7431432813,43353.0154539192,60962.7941873248
44735.0359247911,3896.89246953585,90850.6600452241,71916.3731313953,88149.419845658
47574.1846281195,4667.19856691526,107364.617683078,84020.0230675283,97762.9338451249
48193.1887718189,4533.44537015964,114229.401623994,87971.5037147998,100288.104234008
48021.544805974,4321.47265932317,120286.683405138,93900.7915703473,100050.736610618
47904.9494884522,4055.68084097202,125699.711734124,97353.6660244136,103193.8688691
47973.3494502133,4106.03413138669,126798.336834468,97694.6577271169,102972.994906371
47840.1712882127,4177.66196249165,127416.862013688,98187.9996041636,102699.453249039
47352.6858977572,4218.28679378206,127392.691600215,97320.1882690408,103037.937590268
47550.5092576304,4247.21171224064,127432.307577517,97485.5964586312,103472.625353923
47411.1276652695,4305.30126523678,122790.661125302,94407.4267274333,101724.407612888
46489.4829252706,4316.79873639142,116053.294145969,88802.341396619,98684.8940845159
46189.6360764251,4415.43269001645,110749.955651005,82661.4657465449,95416.1728920987
49363.9298510438,5040.28939798993,102245.849457117,79830.7669160182,97017.8486073566
48299.7983201731,4971.37921097968,71282.2605927444,59989.5323749361,78088.5720614127
48561.8142939372,5041.01988227494,71686.1720781498,57827.9493346862,77123.7995858384
48805.8702531728,4954.66119866955,71196.8947980983,54911.1779524389,76105.0358511873
49026.9209969121,4766.29594295655,67802.3151551041,50176.3102640902,68762.0523639025
48027.3049033775,4276.8300785629,65478.5801785447,45755.7105548865,63641.2915055642
46904.6775082657,4112.16544532942,63768.7483886488,42301.0108557145,62180.151415307
45760.548659079,3900.96720062183,60791.1875975149,40094.4674144885,60176.3545183938
45134.0167341656,3797.46091673161,58872.6959935696,39071.9364884959,59415.7901616396
44601.2356978965,3728.27030825943,57409.5137293996,38449.5671720165,59113.4797532922
44391.0927776866,3710.3490538678,56414.2767713759,39779.0941139573,59240.6302829943
43714.7017475642,3692.10316266454,55211.7431432813,43353.0154539192,60962.7941873248
44735.0359247911,3896.89246953585,90850.6600452241,71916.3731313953,88149.419845658
47574.1846281195,4667.19856691526,107364.617683078,84020.0230675283,97762.9338451249
48193.1887718189,4533.44537015964,114229.401623994,87971.5037147998,100288.104234008
48021.544805974,4321.47265932317,120286.683405138,93900.7915703473,100050.736610618
47904.9494884522,4055.68084097202,125699.711734124,97353.6660244136,103193.8688691
47973.3494502133,4106.03413138669,126798.336834468,97694.6577271169,102972.994906371
47840.1712882127,4177.66196249165,127416.862013688,98187.9996041636,102699.453249039
47352.6858977572,4218.28679378206,127392.691600215,97320.1882690408,103037.937590268
47550.5092576304,4247.21171224064,127432.307577517,97485.5964586312,103472.625353923
47411.1276652695,4305.30126523678,122790.661125302,94407.4267274333,101724.407612888
46489.4829252706,4316.79873639142,116053.294145969,88802.341396619,98684.8940845159
46189.6360764251,4415.43269001645,110749.955651005,82661.4657465449,95416.1728920987
49363.9298510438,5040.28939798993,102245.849457117,79830.7669160182,97017.8486073566
48299.7983201731,4971.37921097968,71282.2605927444,59989.5323749361,78088.5720614127
48561.8142939372,5041.01988227494,71686.1720781498,57827.9493346862,77123.7995858384
48805.8702531728,4954.66119866955,71196.8947980983,54911.1779524389,76105.0358511873
49026.9209969121,4766.29594295655,67802.3151551041,50176.3102640902,68762.0523639025
48027.3049033775,4276.8300785629,65478.5801785447,45755.7105548865,63641.2915055642
46904.6775082657,4112.16544532942,63768.7483886488,42301.0108557145,62180.151415307
45760.548659079,3900.96720062183,60791.1875975149,40094.4674144885,60176.3545183938
45134.0167341656,3797.46091673161,58872.6959935696,39071.9364884959,59415.7901616396
44601.2356978965,3728.27030825943,57409.5137293996,38449.5671720165,59113.4797532922
44391.0927776866,3710.3490538678,56414.2767713759,39779.0941139573,59240.6302829943
43714.7017475642,3692.10316266454,55211.7431432813,43353.0154539192,60962.7941873248
44735.0359247911,3896.89246953585,90850.6600452241,71916.3731313953,88149.419845658
47574.1846281195,4667.19856691526,107364.617683078,84020.0230675283,97762.9338451249
48193.1887718189,4533.44537015964,114229.401623994,87971.5037147998,100288.104234008
48021.544805974,4321.47265932317,120286.683405138,93900.7915703473,100050.736610618
47904.9494884522,4055.68084097202,125699.711734124,97353.6660244136,103193.8688691
47973.3494502133,4106.03413138669,126798.336834468,97694.6577271169,102972.994906371
47840.1712882127,4177.66196249165,127416.862013688,98187.9996041636,102699.453249039
47352.6858977572,4218.28679378206,127392.691600215,97320.1882690408,103037.937590268
47550.5092576304,4247.21171224064,127432.307577517,97485.5964586312,103472.625353923
47411.1276652695,4305.30126523678,122790.661125302,94407.4267274333,101724.407612888
46489.4829252706,4316.79873639142,116053.294145969,88802.341396619,98684.8940845159
46189.6360764251,4415.43269001645,110749.955651005,82661.4657465449,95416.1728920987
49363.9298510438,5040.28939798993,102245.849457117,79830.7669160182,97017.8486073566
48299.7983201731,4971.37921097968,71282.2605927444,59989.5323749361,78088.5720614127
48561.8142939372,5041.01988227494,71686.1720781498,57827.9493346862,77123.7995858384
48805.8702531728,4954.66119866955,71196.8947980983,54911.1779524389,76105.0358511873
49026.9209969121,4766.29594295655,67802.3151551041,50176.3102640902,68762.0523639025
48027.3049033775,4276.8300785629,65478.5801785447,45755.7105548865,63641.2915055642
46904.6775082657,4112.16544532942,63768.7483886488,42301.0108557145,62180.151415307
45760.548659079,3900.96720062183,60791.1875975149,40094.4674144885,60176.3545183938
45134.0167341656,3797.46091673161,58872.6959935696,39071.9364884959,59415.7901616396
44601.2356978965,3728.27030825943,57409.5137293996,38449.5671720165,59113.4797532922
44391.0927776866,3710.3490538678,56414.2767713759,39779.0941139573,59240.6302829943
43714.7017475642,3692.10316266454,55211.7431432813,43353.0154539192,60962.7941873248
44735.0359247911,3896.89246953585,90850.6600452241,71916.3731313953,88149.419845658
47574.1846281195,4667.19856691526,107364.617683078,84020.0230675283,97762.9338451249
48193.1887718189,4533.44537015964,114229.401623994,87971.5037147998,100288.104234008
48021.544805974,4321.47265932317,120286.683405138,93900.7915703473,100050.736610618
47904.9494884522,4055.68084097202,125699.711734124,97353.6660244136,103193.8688691
47973.3494502133,4106.03413138669,126798.336834468,97694.6577271169,102972.994906371
47840.1712882127,4177.66196249165,127416.862013688,98187.9996041636,102699.453249039
47352.6858977572,4218.28679378206,127392.691600215,97320.1882690408,103037.937590268
47550.5092576304,4247.21171224064,127432.307577517,97485.5964586312,103472.625353923
47411.1276652695,4305.30126523678,122790.661125302,94407.4267274333,101724.407612888
46489.4829252706,4316.79873639142,116053.294145969,88802.341396619,98684.8940845159
46189.6360764251,4415.43269001645,110749.955651005,82661.4657465449,95416.1728920987
49363.9298510438,5040.28939798993,102245.849457117,79830.7669160182,97017.8486073566
48299.7983201731,4971.37921097968,71282.2605927444,59989.5323749361,78088.5720614127
48561.8142939372,5041.01988227494,71686.1720781498,57827.9493346862,77123.7995858384
48805.8702531728,4954.66119866955,71196.8947980983,54911.1779524389,76105.0358511873
49026.9209969121,4766.29594295655,67802.3151551041,50176.3102640902,68762.0523639025
48027.3049033775,4276.8300785629,65478.5801785447,45755.7105548865,63641.2915055642
39724.5662085051,3095.83661402902,38840.4154830326,41176.3885326947,57063.3829448224
39291.2437195351,2977.63299528869,38512.1621145057,39704.3342972076,56146.5985235909
38644.4664744961,2896.94552556567,37819.2512374591,38741.8127204464,55426.9622254982
38289.8457795364,2828.10551564551,37247.9886457599,38169.6393397328,55085.4663244103
38636.2867260212,2874.56047718144,38241.8188428366,38937.8249039717,55655.8820533835
38624.3340169991,2897.86954177606,39762.4781853647,41590.1736708655,57403.2524962129
40519.026011678,3160.26837554794,67662.6063272464,61781.9563987541,85129.0177795357
44094.6142119692,3972.49312880075,80204.9661980246,72962.4681848148,94089.1282684003
44507.2415002754,3988.13374215889,84548.7815445343,76525.37605523,97059.3310538179
44582.5261243721,3839.78234236928,86049.0818250205,80564.9364168318,97528.9683442381
45624.4689938992,3741.43744305549,96953.0713833988,84102.5870886626,105269.569524451
45650.7700486101,3767.92042833361,98169.8408554722,84139.7771206207,105144.374112523
45449.2332805734,3827.5659471161,98633.3877421033,84546.7485372621,104841.731756083
45071.1542974689,3851.2009674763,98583.5433335895,84156.1017762001,105206.956317618
44973.8998261627,3862.97794500301,98494.2314665608,84160.8888381995,105669.521710104
44845.7557431739,3917.58202909336,95735.5285767972,82152.5900869264,103948.144145246
43781.9670169139,3959.71042429741,92183.9208536567,78360.4146874473,99907.8046909464
44620.145914337,4073.36984527247,89266.3107813989,74218.6382500867,95928.9859750984
46114.8365608718,4568.51458327814,83625.7112209481,73398.9316748836,97594.5385820429
42845.798626934,4115.62182307679,54024.6163716459,56918.186634434,73049.5243878932
42666.6496563644,4123.38929030839,50884.9259694883,54094.8327278838,71353.0455179727
42523.6118827976,3985.11340804771,47930.8971351302,51598.0830073872,69846.1732597323
41745.3801614047,3689.84765798114,43904.1556260903,47526.8305462738,63300.1341628334
40363.073393819,3163.06791690396,40469.8892262562,43753.550510382,58462.0838458574
39724.5662085051,3095.83661402902,38840.4154830326,41176.3885326947,57063.3829448224
39291.2437195351,2977.63299528869,38512.1621145057,39704.3342972076,56146.5985235909
38644.4664744961,2896.94552556567,37819.2512374591,38741.8127204464,55426.9622254982
38289.8457795364,2828.10551564551,37247.9886457599,38169.6393397328,55085.4663244103
38636.2867260212,2874.56047718144,38241.8188428366,38937.8249039717,55655.8820533835
38624.3340169991,2897.86954177606,39762.4781853647,41590.1736708655,57403.2524962129
40519.026011678,3160.26837554794,67662.6063272464,61781.9563987541,85129.0177795357
44094.6142119692,3972.49312880075,80204.9661980246,72962.4681848148,94089.1282684003
44507.2415002754,3988.13374215889,84548.7815445343,76525.37605523,97059.3310538179
44582.5261243721,3839.78234236928,86049.0818250205,80564.9364168318,97528.9683442381
45624.4689938992,3741.43744305549,96953.0713833988,84102.5870886626,105269.569524451
45650.7700486101,3767.92042833361,98169.8408554722,84139.7771206207,105144.374112523
45449.2332805734,3827.5659471161,98633.3877421033,84546.7485372621,104841.731756083
45071.1542974689,3851.2009674763,98583.5433335895,84156.1017762001,105206.956317618
44973.8998261627,3862.97794500301,98494.2314665608,84160.8888381995,105669.521710104
44845.7557431739,3917.58202909336,95735.5285767972,82152.5900869264,103948.144145246
43781.9670169139,3959.71042429741,92183.9208536567,78360.4146874473,99907.8046909464
44620.145914337,4073.36984527247,89266.3107813989,74218.6382500867,95928.9859750984
46114.8365608718,4568.51458327814,83625.7112209481,73398.9316748836,97594.5385820429
42845.798626934,4115.62182307679,54024.6163716459,56918.186634434,73049.5243878932
42666.6496563644,4123.38929030839,50884.9259694883,54094.8327278838,71353.0455179727
42523.6118827976,3985.11340804771,47930.8971351302,51598.0830073872,69846.1732597323
41745.3801614047,3689.84765798114,43904.1556260903,47526.8305462738,63300.1341628334
40363.073393819,3163.06791690396,40469.8892262562,43753.550510382,58462.0838458574
39724.5662085051,3095.83661402902,38840.4154830326,41176.3885326947,57063.3829448224
39291.2437195351,2977.63299528869,38512.1621145057,39704.3342972076,56146.5985235909
38644.4664744961,2896.94552556567,37819.2512374591,38741.8127204464,55426.9622254982
38289.8457795364,2828.10551564551,37247.9886457599,38169.6393397328,55085.4663244103
38636.2867260212,2874.56047718144,38241.8188428366,38937.8249039717,55655.8820533835
38624.3340169991,2897.86954177606,39762.4781853647,41590.1736708655,57403.2524962129
40519.026011678,3160.26837554794,67662.6063272464,61781.9563987541,85129.0177795357
44094.6142119692,3972.49312880075,80204.9661980246,72962.4681848148,94089.1282684003
44507.2415002754,3988.13374215889,84548.7815445343,76525.37605523,97059.3310538179
44582.5261243721,3839.78234236928,86049.0818250205,80564.9364168318,97528.9683442381
45624.4689938992,3741.43744305549,96953.0713833988,84102.5870886626,105269.569524451
45650.7700486101,3767.92042833361,98169.8408554722,84139.7771206207,105144.374112523
45449.2332805734,3827.5659471161,98633.3877421033,84546.7485372621,104841.731756083
45071.1542974689,3851.2009674763,98583.5433335895,84156.1017762001,105206.956317618
44973.8998261627,3862.97794500301,98494.2314665608,84160.8888381995,105669.521710104
44845.7557431739,3917.58202909336,95735.5285767972,82152.5900869264,103948.144145246
43781.9670169139,3959.71042429741,92183.9208536567,78360.4146874473,99907.8046909464
44620.145914337,4073.36984527247,89266.3107813989,74218.6382500867,95928.9859750984
46114.8365608718,4568.51458327814,83625.7112209481,73398.9316748836,97594.5385820429
42845.798626934,4115.62182307679,54024.6163716459,56918.186634434,73049.5243878932
42666.6496563644,4123.38929030839,50884.9259694883,54094.8327278838,71353.0455179727
42523.6118827976,3985.11340804771,47930.8971351302,51598.0830073872,69846.1732597323
41745.3801614047,3689.84765798114,43904.1556260903,47526.8305462738,63300.1341628334
40363.073393819,3163.06791690396,40469.8892262562,43753.550510382,58462.0838458574
39724.5662085051,3095.83661402902,38840.4154830326,41176.3885326947,57063.3829448224
39291.2437195351,2977.63299528869,38512.1621145057,39704.3342972076,56146.5985235909
38644.4664744961,2896.94552556567,37819.2512374591,38741.8127204464,55426.9622254982
38289.8457795364,2828.10551564551,37247.9886457599,38169.6393397328,55085.4663244103
38636.2867260212,2874.56047718144,38241.8188428366,38937.8249039717,55655.8820533835
38624.3340169991,2897.86954177606,39762.4781853647,41590.1736708655,57403.2524962129
40519.026011678,3160.26837554794,67662.6063272464,61781.9563987541,85129.0177795357
44094.6142119692,3972.49312880075,80204.9661980246,72962.4681848148,94089.1282684003
44507.2415002754,3988.13374215889,84548.7815445343,76525.37605523,97059.3310538179
44582.5261243721,3839.78234236928,86049.0818250205,80564.9364168318,97528.9683442381
45624.4689938992,3741.43744305549,96953.0713833988,84102.5870886626,105269.569524451
45650.7700486101,3767.92042833361,98169.8408554722,84139.7771206207,105144.374112523
45449.2332805734,3827.5659471161,98633.3877421033,84546.7485372621,104841.731756083
45071.1542974689,3851.2009674763,98583.5433335895,84156.1017762001,105206.956317618
44973.8998261627,3862.97794500301,98494.2314665608,84160.8888381995,105669.521710104
44845.7557431739,3917.58202909336,95735.5285767972,82152.5900869264,103948.144145246
43781.9670169139,3959.71042429741,92183.9208536567,78360.4146874473,99907.8046909464
44620.145914337,4073.36984527247,89266.3107813989,74218.6382500867,95928.9859750984
46114.8365608718,4568.51458327814,83625.7112209481,73398.9316748836,97594.5385820429
42845.798626934,4115.62182307679,54024.6163716459,56918.186634434,73049.5243878932
42666.6496563644,4123.38929030839,50884.9259694883,54094.8327278838,71353.0455179727
42523.6118827976,3985.11340804771,47930.8971351302,51598.0830073872,69846.1732597323
41745.3801614047,3689.84765798114,43904.1556260903,47526.8305462738,63300.1341628334
40363.073393819,3163.06791690396,40469.8892262562,43753.550510382,58462.0838458574
39724.5662085051,3095.83661402902,38840.4154830326,41176.3885326947,57063.3829448224
39291.2437195351,2977.63299528869,38512.1621145057,39704.3342972076,56146.5985235909
38644.4664744961,2896.94552556567,37819.2512374591,38741.8127204464,55426.9622254982
38289.8457795364,2828.10551564551,37247.9886457599,38169.6393397328,55085.4663244103
38636.2867260212,2874.56047718144,38241.8188428366,38937.8249039717,55655.8820533835
38624.3340169991,2897.86954177606,39762.4781853647,41590.1736708655,57403.2524962129
40519.026011678,3160.26837554794,67662.6063272464,61781.9563987541,85129.0177795357
44094.6142119692,3972.49312880075,80204.9661980246,72962.4681848148,94089.1282684003
44507.2415002754,3988.13374215889,84548.7815445343,76525.37605523,97059.3310538179
44582.5261243721,3839.78234236928,86049.0818250205,80564.9364168318,97528.9683442381
45624.4689938992,3741.43744305549,96953.0713833988,84102.5870886626,105269.569524451
45650.7700486101,3767.92042833361,98169.8408554722,84139.7771206207,105144.374112523
45449.2332805734,3827.5659471161,98633.3877421033,84546.7485372621,104841.731756083
45071.1542974689,3851.2009674763,98583.5433335895,84156.1017762001,105206.956317618
44973.8998261627,3862.97794500301,98494.2314665608,84160.8888381995,105669.521710104
44845.7557431739,3917.58202909336,95735.5285767972,82152.5900869264,103948.144145246
43781.9670169139,3959.71042429741,92183.9208536567,78360.4146874473,99907.8046909464
44620.145914337,4073.36984527247,89266.3107813989,74218.6382500867,95928.9859750984
46114.8365608718,4568.51458327814,83625.7112209481,73398.9316748836,97594.5385820429
42845.798626934,4115.62182307679,54024.6163716459,56918.186634434,73049.5243878932
42666.6496563644,4123.38929030839,50884.9259694883,54094.8327278838,71353.0455179727
42523.6118827976,3985.11340804771,47930.8971351302,51598.0830073872,69846.1732597323
41745.3801614047,3689.84765798114,43904.1556260903,47526.8305462738,63300.1341628334
40363.073393819,3163.06791690396,40469.8892262562,43753.550510382,58462.0838458574
39724.5662085051,3095.83661402902,38840.4154830326,41176.3885326947,57063.3829448224
39291.2437195351,2977.63299528869,38512.1621145057,39704.3342972076,56146.5985235909
38644.4664744961,2896.94552556567,37819.2512374591,38741.8127204464,55426.9622254982
38289.8457795364,2828.10551564551,37247.9886457599,38169.6393397328,55085.4663244103
38636.2867260212,2874.56047718144,38241.8188428366,38937.8249039717,55655.8820533835
38624.3340169991,2897.86954177606,39762.4781853647,41590.1736708655,57403.2524962129
40519.026011678,3160.26837554794,67662.6063272464,61781.9563987541,85129.0177795357
44094.6142119692,3972.49312880075,80204.9661980246,72962.4681848148,94089.1282684003
44507.2415002754,3988.13374215889,84548.7815445343,76525.37605523,97059.3310538179
44582.5261243721,3839.78234236928,86049.0818250205,80564.9364168318,97528.9683442381
45624.4689938992,3741.43744305549,96953.0713833988,84102.5870886626,105269.569524451
45650.7700486101,3767.92042833361,98169.8408554722,84139.7771206207,105144.374112523
45449.2332805734,3827.5659471161,98633.3877421033,84546.7485372621,104841.731756083
45071.1542974689,3851.2009674763,98583.5433335895,84156.1017762001,105206.956317618
44973.8998261627,3862.97794500301,98494.2314665608,84160.8888381995,105669.521710104
44845.7557431739,3917.58202909336,95735.5285767972,82152.5900869264,103948.144145246
43781.9670169139,3959.71042429741,92183.9208536567,78360.4146874473,99907.8046909464
44620.145914337,4073.36984527247,89266.3107813989,74218.6382500867,95928.9859750984
46114.8365608718,4568.51458327814,83625.7112209481,73398.9316748836,97594.5385820429
42845.798626934,4115.62182307679,54024.6163716459,56918.186634434,73049.5243878932
42666.6496563644,4123.38929030839,50884.9259694883,54094.8327278838,71353.0455179727
42523.6118827976,3985.11340804771,47930.8971351302,51598.0830073872,69846.1732597323
41745.3801614047,3689.84765798114,43904.1556260903,47526.8305462738,63300.1341628334
40363.073393819,3163.06791690396,40469.8892262562,43753.550510382,58462.0838458574
39724.5662085051,3095.83661402902,38840.4154830326,41176.3885326947,57063.3829448224
39291.2437195351,2977.63299528869,38512.1621145057,39704.3342972076,56146.5985235909
38644.4664744961,2896.94552556567,37819.2512374591,38741.8127204464,55426.9622254982
38289.8457795364,2828.10551564551,37247.9886457599,38169.6393397328,55085.4663244103
38636.2867260212,2874.56047718144,38241.8188428366,38937.8249039717,55655.8820533835
38624.3340169991,2897.86954177606,39762.4781853647,41590.1736708655,57403.2524962129
40519.026011678,3160.26837554794,67662.6063272464,61781.9563987541,85129.0177795357
44094.6142119692,3972.49312880075,80204.9661980246,72962.4681848148,94089.1282684003
44507.2415002754,3988.13374215889,84548.7815445343,76525.37605523,97059.3310538179
44582.5261243721,3839.78234236928,86049.0818250205,80564.9364168318,97528.9683442381
45624.4689938992,3741.43744305549,96953.0713833988,84102.5870886626,105269.569524451
45650.7700486101,3767.92042833361,98169.8408554722,84139.7771206207,105144.374112523
45449.2332805734,3827.5659471161,98633.3877421033,84546.7485372621,104841.731756083
45071.1542974689,3851.2009674763,98583.5433335895,84156.1017762001,105206.956317618
44973.8998261627,3862.97794500301,98494.2314665608,84160.8888381995,105669.521710104
44845.7557431739,3917.58202909336,95735.5285767972,82152.5900869264,103948.144145246
43781.9670169139,3959.71042429741,92183.9208536567,78360.4146874473,99907.8046909464
44620.145914337,4073.36984527247,89266.3107813989,74218.6382500867,95928.9859750984
46114.8365608718,4568.51458327814,83625.7112209481,73398.9316748836,97594.5385820429
42845.798626934,4115.62182307679,54024.6163716459,56918.186634434,73049.5243878932
42666.6496563644,4123.38929030839,50884.9259694883,54094.8327278838,71353.0455179727
42523.6118827976,3985.11340804771,47930.8971351302,51598.0830073872,69846.1732597323
41745.3801614047,3689.84765798114,43904.1556260903,47526.8305462738,63300.1341628334
40363.073393819,3163.06791690396,40469.8892262562,43753.550510382,58462.0838458574
39724.5662085051,3095.83661402902,38840.4154830326,41176.3885326947,57063.3829448224
39291.2437195351,2977.63299528869,38512.1621145057,39704.3342972076,56146.5985235909
38644.4664744961,2896.94552556567,37819.2512374591,38741.8127204464,55426.9622254982
38289.8457795364,2828.10551564551,37247.9886457599,38169.6393397328,55085.4663244103
38636.2867260212,2874.56047718144,38241.8188428366,38937.8249039717,55655.8820533835
38624.3340169991,2897.86954177606,39762.4781853647,41590.1736708655,57403.2524962129
40519.026011678,3160.26837554794,67662.6063272464,61781.9563987541,85129.0177795357
44094.6142119692,3972.49312880075,80204.9661980246,72962.4681848148,94089.1282684003
44507.2415002754,3988.13374215889,84548.7815445343,76525.37605523,97059.3310538179
44582.5261243721,3839.78234236928,86049.0818250205,80564.9364168318,97528.9683442381
45624.4689938992,3741.43744305549,96953.0713833988,84102.5870886626,105269.569524451
45650.7700486101,3767.92042833361,98169.8408554722,84139.7771206207,105144.374112523
45449.2332805734,3827.5659471161,98633.3877421033,84546.7485372621,104841.731756083
45071.1542974689,3851.2009674763,98583.5433335895,84156.1017762001,105206.956317618
44973.8998261627,3862.97794500301,98494.2314665608,84160.8888381995,105669.521710104
44845.7557431739,3917.58202909336,95735.5285767972,82152.5900869264,103948.144145246
43781.9670169139,3959.71042429741,92183.9208536567,78360.4146874473,99907.8046909464
44620.145914337,4073.36984527247,89266.3107813989,74218.6382500867,95928.9859750984
46114.8365608718,4568.51458327814,83625.7112209481,73398.9316748836,97594.5385820429
42845.798626934,4115.62182307679,54024.6163716459,56918.186634434,73049.5243878932
42666.6496563644,4123.38929030839,50884.9259694883,54094.8327278838,71353.0455179727
42523.6118827976,3985.11340804771,47930.8971351302,51598.0830073872,69846.1732597323
41745.3801614047,3689.84765798114,43904.1556260903,47526.8305462738,63300.1341628334
40363.073393819,3163.06791690396,40469.8892262562,43753.550510382,58462.0838458574
39724.5662085051,3095.83661402902,38840.4154830326,41176.3885326947,57063.3829448224
39291.2437195351,2977.63299528869,38512.1621145057,39704.3342972076,56146.5985235909
38644.4664744961,2896.94552556567,37819.2512374591,38741.8127204464,55426.9622254982
38289.8457795364,2828.10551564551,37247.9886457599,38169.6393397328,55085.4663244103
38636.2867260212,2874.56047718144,38241.8188428366,38937.8249039717,55655.8820533835
38624.3340169991,2897.86954177606,39762.4781853647,41590.1736708655,57403.2524962129
40519.026011678,3160.26837554794,67662.6063272464,61781.9563987541,85129.0177795357
44094.6142119692,3972.49312880075,80204.9661980246,72962.4681848148,94089.1282684003
44507.2415002754,3988.13374215889,84548.7815445343,76525.37605523,97059.3310538179
44582.5261243721,3839.78234236928,86049.0818250205,80564.9364168318,97528.9683442381
45624.4689938992,3741.43744305549,96953.0713833988,84102.5870886626,105269.569524451
45650.7700486101,3767.92042833361,98169.8408554722,84139.7771206207,105144.374112523
45449.2332805734,3827.5659471161,98633.3877421033,84546.7485372621,104841.731756083
45071.1542974689,3851.2009674763,98583.5433335895,84156.1017762001,105206.956317618
44973.8998261627,3862.97794500301,98494.2314665608,84160.8888381995,105669.521710104
44845.7557431739,3917.58202909336,95735.5285767972,82152.5900869264,103948.144145246
43781.9670169139,3959.71042429741,92183.9208536567,78360.4146874473,99907.8046909464
44620.145914337,4073.36984527247,89266.3107813989,74218.6382500867,95928.9859750984
46114.8365608718,4568.51458327814,83625.7112209481,73398.9316748836,97594.5385820429
42845.798626934,4115.62182307679,54024.6163716459,56918.186634434,73049.5243878932
42666.6496563644,4123.38929030839,50884.9259694883,54094.8327278838,71353.0455179727
42523.6118827976,3985.11340804771,47930.8971351302,51598.0830073872,69846.1732597323
41745.3801614047,3689.84765798114,43904.1556260903,47526.8305462738,63300.1341628334
40363.073393819,3163.06791690396,40469.8892262562,43753.550510382,58462.0838458574
39724.5662085051,3095.83661402902,38840.4154830326,41176.3885326947,57063.3829448224
39291.2437195351,2977.63299528869,38512.1621145057,39704.3342972076,56146.5985235909
38644.4664744961,2896.94552556567,37819.2512374591,38741.8127204464,55426.9622254982
38289.8457795364,2828.10551564551,37247.9886457599,38169.6393397328,55085.4663244103
38636.2867260212,2874.56047718144,38241.8188428366,38937.8249039717,55655.8820533835
38624.3340169991,2897.86954177606,39762.4781853647,41590.1736708655,57403.2524962129
40519.026011678,3160.26837554794,67662.6063272464,61781.9563987541,85129.0177795357
44094.6142119692,3972.49312880075,80204.9661980246,72962.4681848148,94089.1282684003
44507.2415002754,3988.13374215889,84548.7815445343,76525.37605523,97059.3310538179
44582.5261243721,3839.78234236928,86049.0818250205,80564.9364168318,97528.9683442381
45624.4689938992,3741.43744305549,96953.0713833988,84102.5870886626,105269.569524451
45650.7700486101,3767.92042833361,98169.8408554722,84139.7771206207,105144.374112523
45449.2332805734,3827.5659471161,98633.3877421033,84546.7485372621,104841.731756083
45071.1542974689,3851.2009674763,98583.5433335895,84156.1017762001,105206.956317618
44973.8998261627,3862.97794500301,98494.2314665608,84160.8888381995,105669.521710104
44845.7557431739,3917.58202909336,95735.5285767972,82152.5900869264,103948.144145246
43781.9670169139,3959.71042429741,92183.9208536567,78360.4146874473,99907.8046909464
44620.145914337,4073.36984527247,89266.3107813989,74218.6382500867,95928.9859750984
46114.8365608718,4568.51458327814,83625.7112209481,73398.9316748836,97594.5385820429
42845.798626934,4115.62182307679,54024.6163716459,56918.186634434,73049.5243878932
42666.6496563644,4123.38929030839,50884.9259694883,54094.8327278838,71353.0455179727
42523.6118827976,3985.11340804771,47930.8971351302,51598.0830073872,69846.1732597323
41745.3801614047,3689.84765798114,43904.1556260903,47526.8305462738,63300.1341628334
40363.073393819,3163.06791690396,40469.8892262562,43753.550510382,58462.0838458574
39724.5662085051,3095.83661402902,38840.4154830326,41176.3885326947,57063.3829448224
39291.2437195351,2977.63299528869,38512.1621145057,39704.3342972076,56146.5985235909
38644.4664744961,2896.94552556567,37819.2512374591,38741.8127204464,55426.9622254982
38289.8457795364,2828.10551564551,37247.9886457599,38169.6393397328,55085.4663244103
38636.2867260212,2874.56047718144,38241.8188428366,38937.8249039717,55655.8820533835
38624.3340169991,2897.86954177606,39762.4781853647,41590.1736708655,57403.2524962129
40519.026011678,3160.26837554794,67662.6063272464,61781.9563987541,85129.0177795357
44094.6142119692,3972.49312880075,80204.9661980246,72962.4681848148,94089.1282684003
44507.2415002754,3988.13374215889,84548.7815445343,76525.37605523,97059.3310538179
44582.5261243721,3839.78234236928,86049.0818250205,80564.9364168318,97528.9683442381
45624.4689938992,3741.43744305549,96953.0713833988,84102.5870886626,105269.569524451
45650.7700486101,3767.92042833361,98169.8408554722,84139.7771206207,105144.374112523
45449.2332805734,3827.5659471161,98633.3877421033,84546.7485372621,104841.731756083
45071.1542974689,3851.2009674763,98583.5433335895,84156.1017762001,105206.956317618
44973.8998261627,3862.97794500301,98494.2314665608,84160.8888381995,105669.521710104
44845.7557431739,3917.58202909336,95735.5285767972,82152.5900869264,103948.144145246
43781.9670169139,3959.71042429741,92183.9208536567,78360.4146874473,99907.8046909464
44620.145914337,4073.36984527247,89266.3107813989,74218.6382500867,95928.9859750984
46114.8365608718,4568.51458327814,83625.7112209481,73398.9316748836,97594.5385820429
42845.798626934,4115.62182307679,54024.6163716459,56918.186634434,73049.5243878932
42666.6496563644,4123.38929030839,50884.9259694883,54094.8327278838,71353.0455179727
42523.6118827976,3985.11340804771,47930.8971351302,51598.0830073872,69846.1732597323
41745.3801614047,3689.84765798114,43904.1556260903,47526.8305462738,63300.1341628334
40363.073393819,3163.06791690396,40469.8892262562,43753.550510382,58462.0838458574
39724.5662085051,3095.83661402902,38840.4154830326,41176.3885326947,57063.3829448224
39291.2437195351,2977.63299528869,38512.1621145057,39704.3342972076,56146.5985235909
38644.4664744961,2896.94552556567,37819.2512374591,38741.8127204464,55426.9622254982
38289.8457795364,2828.10551564551,37247.9886457599,38169.6393397328,55085.4663244103
38636.2867260212,2874.56047718144,38241.8188428366,38937.8249039717,55655.8820533835
38624.3340169991,2897.86954177606,39762.4781853647,41590.1736708655,57403.2524962129
40519.026011678,3160.26837554794,67662.6063272464,61781.9563987541,85129.0177795357
44094.6142119692,3972.49312880075,80204.9661980246,72962.4681848148,94089.1282684003
44507.2415002754,3988.13374215889,84548.7815445343,76525.37605523,97059.3310538179
44582.5261243721,3839.78234236928,86049.0818250205,80564.9364168318,97528.9683442381
45624.4689938992,3741.43744305549,96953.0713833988,84102.5870886626,105269.569524451
45650.7700486101,3767.92042833361,98169.8408554722,84139.7771206207,105144.374112523
45449.2332805734,3827.5659471161,98633.3877421033,84546.7485372621,104841.731756083
45071.1542974689,3851.2009674763,98583.5433335895,84156.1017762001,105206.956317618
44973.8998261627,3862.97794500301,98494.2314665608,84160.8888381995,105669.521710104
44845.7557431739,3917.58202909336,95735.5285767972,82152.5900869264,103948.144145246
43781.9670169139,3959.71042429741,92183.9208536567,78360.4146874473,99907.8046909464
44620.145914337,4073.36984527247,89266.3107813989,74218.6382500867,95928.9859750984
46114.8365608718,4568.51458327814,83625.7112209481,73398.9316748836,97594.5385820429
42845.798626934,4115.62182307679,54024.6163716459,56918.186634434,73049.5243878932
42666.6496563644,4123.38929030839,50884.9259694883,54094.8327278838,71353.0455179727
42523.6118827976,3985.11340804771,47930.8971351302,51598.0830073872,69846.1732597323
41745.3801614047,3689.84765798114,43904.1556260903,47526.8305462738,63300.1341628334
40363.073393819,3163.06791690396,40469.8892262562,43753.550510382,58462.0838458574
39724.5662085051,3095.83661402902,38840.4154830326,41176.3885326947,57063.3829448224
39291.2437195351,2977.63299528869,38512.1621145057,39704.3342972076,56146.5985235909
38644.4664744961,2896.94552556567,37819.2512374591,38741.8127204464,55426.9622254982
38289.8457795364,2828.10551564551,37247.9886457599,38169.6393397328,55085.4663244103
38636.2867260212,2874.56047718144,38241.8188428366,38937.8249039717,55655.8820533835
38624.3340169991,2897.86954177606,39762.4781853647,41590.1736708655,57403.2524962129
40519.026011678,3160.26837554794,67662.6063272464,61781.9563987541,85129.0177795357
44094.6142119692,3972.49312880075,80204.9661980246,72962.4681848148,94089.1282684003
44507.2415002754,3988.13374215889,84548.7815445343,76525.37605523,97059.3310538179
44582.5261243721,3839.78234236928,86049.0818250205,80564.9364168318,97528.9683442381
45624.4689938992,3741.43744305549,96953.0713833988,84102.5870886626,105269.569524451
45650.7700486101,3767.92042833361,98169.8408554722,84139.7771206207,105144.374112523
45449.2332805734,3827.5659471161,98633.3877421033,84546.7485372621,104841.731756083
45071.1542974689,3851.2009674763,98583.5433335895,84156.1017762001,105206.956317618
44973.8998261627,3862.97794500301,98494.2314665608,84160.8888381995,105669.521710104
44845.7557431739,3917.58202909336,95735.5285767972,82152.5900869264,103948.144145246
43781.9670169139,3959.71042429741,92183.9208536567,78360.4146874473,99907.8046909464
44620.145914337,4073.36984527247,89266.3107813989,74218.6382500867,95928.9859750984
46114.8365608718,4568.51458327814,83625.7112209481,73398.9316748836,97594.5385820429
42845.798626934,4115.62182307679,54024.6163716459,56918.186634434,73049.5243878932
42666.6496563644,4123.38929030839,50884.9259694883,54094.8327278838,71353.0455179727
42523.6118827976,3985.11340804771,47930.8971351302,51598.0830073872,69846.1732597323
41745.3801614047,3689.84765798114,43904.1556260903,47526.8305462738,63300.1341628334
40363.073393819,3163.06791690396,40469.8892262562,43753.550510382,58462.0838458574
39724.5662085051,3095.83661402902,38840.4154830326,41176.3885326947,57063.3829448224
39291.2437195351,2977.63299528869,38512.1621145057,39704.3342972076,56146.5985235909
38644.4664744961,2896.94552556567,37819.2512374591,38741.8127204464,55426.9622254982
38289.8457795364,2828.10551564551,37247.9886457599,38169.6393397328,55085.4663244103
38636.2867260212,2874.56047718144,38241.8188428366,38937.8249039717,55655.8820533835
38624.3340169991,2897.86954177606,39762.4781853647,41590.1736708655,57403.2524962129
40519.026011678,3160.26837554794,67662.6063272464,61781.9563987541,85129.0177795357
44094.6142119692,3972.49312880075,80204.9661980246,72962.4681848148,94089.1282684003
44507.2415002754,3988.13374215889,84548.7815445343,76525.37605523,97059.3310538179
44582.5261243721,3839.78234236928,86049.0818250205,80564.9364168318,97528.9683442381
45624.4689938992,3741.43744305549,96953.0713833988,84102.5870886626,105269.569524451
45650.7700486101,3767.92042833361,98169.8408554722,84139.7771206207,105144.374112523
45449.2332805734,3827.5659471161,98633.3877421033,84546.7485372621,104841.731756083
45071.1542974689,3851.2009674763,98583.5433335895,84156.1017762001,105206.956317618
44973.8998261627,3862.97794500301,98494.2314665608,84160.8888381995,105669.521710104
44845.7557431739,3917.58202909336,95735.5285767972,82152.5900869264,103948.144145246
43781.9670169139,3959.71042429741,92183.9208536567,78360.4146874473,99907.8046909464
44620.145914337,4073.36984527247,89266.3107813989,74218.6382500867,95928.9859750984
46114.8365608718,4568.51458327814,83625.7112209481,73398.9316748836,97594.5385820429
42845.798626934,4115.62182307679,54024.6163716459,56918.186634434,73049.5243878932
42666.6496563644,4123.38929030839,50884.9259694883,54094.8327278838,71353.0455179727
42523.6118827976,3985.11340804771,47930.8971351302,51598.0830073872,69846.1732597323
41745.3801614047,3689.84765798114,43904.1556260903,47526.8305462738,63300.1341628334
40363.073393819,3163.06791690396,40469.8892262562,43753.550510382,58462.0838458574
39724.5662085051,3095.83661402902,38840.4154830326,41176.3885326947,57063.3829448224
39291.2437195351,2977.63299528869,38512.1621145057,39704.3342972076,56146.5985235909
38644.4664744961,2896.94552556567,37819.2512374591,38741.8127204464,55426.9622254982
38289.8457795364,2828.10551564551,37247.9886457599,38169.6393397328,55085.4663244103
38636.2867260212,2874.56047718144,38241.8188428366,38937.8249039717,55655.8820533835
38624.3340169991,2897.86954177606,39762.4781853647,41590.1736708655,57403.2524962129
40519.026011678,3160.26837554794,67662.6063272464,61781.9563987541,85129.0177795357
44094.6142119692,3972.49312880075,80204.9661980246,72962.4681848148,94089.1282684003
44507.2415002754,3988.13374215889,84548.7815445343,76525.37605523,97059.3310538179
44582.5261243721,3839.78234236928,86049.0818250205,80564.9364168318,97528.9683442381
45624.4689938992,3741.43744305549,96953.0713833988,84102.5870886626,105269.569524451
45650.7700486101,3767.92042833361,98169.8408554722,84139.7771206207,105144.374112523
45449.2332805734,3827.5659471161,98633.3877421033,84546.7485372621,104841.731756083
45071.1542974689,3851.2009674763,98583.5433335895,84156.1017762001,105206.956317618
44973.8998261627,3862.97794500301,98494.2314665608,84160.8888381995,105669.521710104
44845.7557431739,3917.58202909336,95735.5285767972,82152.5900869264,103948.144145246
43781.9670169139,3959.71042429741,92183.9208536567,78360.4146874473,99907.8046909464
44620.145914337,4073.36984527247,89266.3107813989,74218.6382500867,95928.9859750984
46114.8365608718,4568.51458327814,83625.7112209481,73398.9316748836,97594.5385820429
42845.798626934,4115.62182307679,54024.6163716459,56918.186634434,73049.5243878932
42666.6496563644,4123.38929030839,50884.9259694883,54094.8327278838,71353.0455179727
42523.6118827976,3985.11340804771,47930.8971351302,51598.0830073872,69846.1732597323
41745.3801614047,3689.84765798114,43904.1556260903,47526.8305462738,63300.1341628334
40363.073393819,3163.06791690396,40469.8892262562,43753.550510382,58462.0838458574
39724.5662085051,3095.83661402902,38840.4154830326,41176.3885326947,57063.3829448224
39291.2437195351,2977.63299528869,38512.1621145057,39704.3342972076,56146.5985235909
38644.4664744961,2896.94552556567,37819.2512374591,38741.8127204464,55426.9622254982
38289.8457795364,2828.10551564551,37247.9886457599,38169.6393397328,55085.4663244103
38636.2867260212,2874.56047718144,38241.8188428366,38937.8249039717,55655.8820533835
38624.3340169991,2897.86954177606,39762.4781853647,41590.1736708655,57403.2524962129
40519.026011678,3160.26837554794,67662.6063272464,61781.9563987541,85129.0177795357
44094.6142119692,3972.49312880075,80204.9661980246,72962.4681848148,94089.1282684003
44507.2415002754,3988.13374215889,84548.7815445343,76525.37605523,97059.3310538179
44582.5261243721,3839.78234236928,86049.0818250205,80564.9364168318,97528.9683442381
45624.4689938992,3741.43744305549,96953.0713833988,84102.5870886626,105269.569524451
45650.7700486101,3767.92042833361,98169.8408554722,84139.7771206207,105144.374112523
45449.2332805734,3827.5659471161,98633.3877421033,84546.7485372621,104841.731756083
45071.1542974689,3851.2009674763,98583.5433335895,84156.1017762001,105206.956317618
44973.8998261627,3862.97794500301,98494.2314665608,84160.8888381995,105669.521710104
44845.7557431739,3917.58202909336,95735.5285767972,82152.5900869264,103948.144145246
43781.9670169139,3959.71042429741,92183.9208536567,78360.4146874473,99907.8046909464
44620.145914337,4073.36984527247,89266.3107813989,74218.6382500867,95928.9859750984
46114.8365608718,4568.51458327814,83625.7112209481,73398.9316748836,97594.5385820429
42845.798626934,4115.62182307679,54024.6163716459,56918.186634434,73049.5243878932
42666.6496563644,4123.38929030839,50884.9259694883,54094.8327278838,71353.0455179727
42523.6118827976,3985.11340804771,47930.8971351302,51598.0830073872,69846.1732597323
41745.3801614047,3689.84765798114,43904.1556260903,47526.8305462738,63300.1341628334
40363.073393819,3163.06791690396,40469.8892262562,43753.550510382,58462.0838458574
39724.5662085051,3095.83661402902,38840.4154830326,41176.3885326947,57063.3829448224
39291.2437195351,2977.63299528869,38512.1621145057,39704.3342972076,56146.5985235909
38644.4664744961,2896.94552556567,37819.2512374591,38741.8127204464,55426.9622254982
38289.8457795364,2828.10551564551,37247.9886457599,38169.6393397328,55085.4663244103
38636.2867260212,2874.56047718144,38241.8188428366,38937.8249039717,55655.8820533835
38624.3340169991,2897.86954177606,39762.4781853647,41590.1736708655,57403.2524962129
40519.026011678,3160.26837554794,67662.6063272464,61781.9563987541,85129.0177795357
44094.6142119692,3972.49312880075,80204.9661980246,72962.4681848148,94089.1282684003
44507.2415002754,3988.13374215889,84548.7815445343,76525.37605523,97059.3310538179
44582.5261243721,3839.78234236928,86049.0818250205,80564.9364168318,97528.9683442381
45624.4689938992,3741.43744305549,96953.0713833988,84102.5870886626,105269.569524451
45650.7700486101,3767.92042833361,98169.8408554722,84139.7771206207,105144.374112523
45449.2332805734,3827.5659471161,98633.3877421033,84546.7485372621,104841.731756083
45071.1542974689,3851.2009674763,98583.5433335895,84156.1017762001,105206.956317618
44973.8998261627,3862.97794500301,98494.2314665608,84160.8888381995,105669.521710104
44845.7557431739,3917.58202909336,95735.5285767972,82152.5900869264,103948.144145246
43781.9670169139,3959.71042429741,92183.9208536567,78360.4146874473,99907.8046909464
44620.145914337,4073.36984527247,89266.3107813989,74218.6382500867,95928.9859750984
46114.8365608718,4568.51458327814,83625.7112209481,73398.9316748836,97594.5385820429
42845.798626934,4115.62182307679,54024.6163716459,56918.186634434,73049.5243878932
42666.6496563644,4123.38929030839,50884.9259694883,54094.8327278838,71353.0455179727
42523.6118827976,3985.11340804771,47930.8971351302,51598.0830073872,69846.1732597323
41745.3801614047,3689.84765798114,43904.1556260903,47526.8305462738,63300.1341628334
40363.073393819,3163.06791690396,40469.8892262562,43753.550510382,58462.0838458574
39724.5662085051,3095.83661402902,38840.4154830326,41176.3885326947,57063.3829448224
39291.2437195351,2977.63299528869,38512.1621145057,39704.3342972076,56146.5985235909
38644.4664744961,2896.94552556567,37819.2512374591,38741.8127204464,55426.9622254982
38289.8457795364,2828.10551564551,37247.9886457599,38169.6393397328,55085.4663244103
38636.2867260212,2874.56047718144,38241.8188428366,38937.8249039717,55655.8820533835
38624.3340169991,2897.86954177606,39762.4781853647,41590.1736708655,57403.2524962129
40519.026011678,3160.26837554794,67662.6063272464,61781.9563987541,85129.0177795357
44094.6142119692,3972.49312880075,80204.9661980246,72962.4681848148,94089.1282684003
44507.2415002754,3988.13374215889,84548.7815445343,76525.37605523,97059.3310538179
44582.5261243721,3839.78234236928,86049.0818250205,80564.9364168318,97528.9683442381
45624.4689938992,3741.43744305549,96953.0713833988,84102.5870886626,105269.569524451
45650.7700486101,3767.92042833361,98169.8408554722,84139.7771206207,105144.374112523
45449.2332805734,3827.5659471161,98633.3877421033,84546.7485372621,104841.731756083
45071.1542974689,3851.2009674763,98583.5433335895,84156.1017762001,105206.956317618
44973.8998261627,3862.97794500301,98494.2314665608,84160.8888381995,105669.521710104
44845.7557431739,3917.58202909336,95735.5285767972,82152.5900869264,103948.144145246
43781.9670169139,3959.71042429741,92183.9208536567,78360.4146874473,99907.8046909464
44620.145914337,4073.36984527247,89266.3107813989,74218.6382500867,95928.9859750984
46114.8365608718,4568.51458327814,83625.7112209481,73398.9316748836,97594.5385820429
42845.798626934,4115.62182307679,54024.6163716459,56918.186634434,73049.5243878932
42666.6496563644,4123.38929030839,50884.9259694883,54094.8327278838,71353.0455179727
42523.6118827976,3985.11340804771,47930.8971351302,51598.0830073872,69846.1732597323
41745.3801614047,3689.84765798114,43904.1556260903,47526.8305462738,63300.1341628334
40363.073393819,3163.06791690396,40469.8892262562,43753.550510382,58462.0838458574
39724.5662085051,3095.83661402902,38840.4154830326,41176.3885326947,57063.3829448224
39291.2437195351,2977.63299528869,38512.1621145057,39704.3342972076,56146.5985235909
38644.4664744961,2896.94552556567,37819.2512374591,38741.8127204464,55426.9622254982
38289.8457795364,2828.10551564551,37247.9886457599,38169.6393397328,55085.4663244103
38636.2867260212,2874.56047718144,38241.8188428366,38937.8249039717,55655.8820533835
38624.3340169991,2897.86954177606,39762.4781853647,41590.1736708655,57403.2524962129
40519.026011678,3160.26837554794,67662.6063272464,61781.9563987541,85129.0177795357
44094.6142119692,3972.49312880075,80204.9661980246,72962.4681848148,94089.1282684003
44507.2415002754,3988.13374215889,84548.7815445343,76525.37605523,97059.3310538179
44582.5261243721,3839.78234236928,86049.0818250205,80564.9364168318,97528.9683442381
45624.4689938992,3741.43744305549,96953.0713833988,84102.5870886626,105269.569524451
45650.7700486101,3767.92042833361,98169.8408554722,84139.7771206207,105144.374112523
45449.2332805734,3827.5659471161,98633.3877421033,84546.7485372621,104841.731756083
45071.1542974689,3851.2009674763,98583.5433335895,84156.1017762001,105206.956317618
44973.8998261627,3862.97794500301,98494.2314665608,84160.8888381995,105669.521710104
44845.7557431739,3917.58202909336,95735.5285767972,82152.5900869264,103948.144145246
43781.9670169139,3959.71042429741,92183.9208536567,78360.4146874473,99907.8046909464
44620.145914337,4073.36984527247,89266.3107813989,74218.6382500867,95928.9859750984
46114.8365608718,4568.51458327814,83625.7112209481,73398.9316748836,97594.5385820429
42845.798626934,4115.62182307679,54024.6163716459,56918.186634434,73049.5243878932
42666.6496563644,4123.38929030839,50884.9259694883,54094.8327278838,71353.0455179727
42523.6118827976,3985.11340804771,47930.8971351302,51598.0830073872,69846.1732597323
41745.3801614047,3689.84765798114,43904.1556260903,47526.8305462738,63300.1341628334
40363.073393819,3163.06791690396,40469.8892262562,43753.550510382,58462.0838458574
39724.5662085051,3095.83661402902,38840.4154830326,41176.3885326947,57063.3829448224
39291.2437195351,2977.63299528869,38512.1621145057,39704.3342972076,56146.5985235909
38644.4664744961,2896.94552556567,37819.2512374591,38741.8127204464,55426.9622254982
38289.8457795364,2828.10551564551,37247.9886457599,38169.6393397328,55085.4663244103
38636.2867260212,2874.56047718144,38241.8188428366,38937.8249039717,55655.8820533835
38624.3340169991,2897.86954177606,39762.4781853647,41590.1736708655,57403.2524962129
40519.026011678,3160.26837554794,67662.6063272464,61781.9563987541,85129.0177795357
44094.6142119692,3972.49312880075,80204.9661980246,72962.4681848148,94089.1282684003
44507.2415002754,3988.13374215889,84548.7815445343,76525.37605523,97059.3310538179
44582.5261243721,3839.78234236928,86049.0818250205,80564.9364168318,97528.9683442381
45624.4689938992,3741.43744305549,96953.0713833988,84102.5870886626,105269.569524451
45650.7700486101,3767.92042833361,98169.8408554722,84139.7771206207,105144.374112523
45449.2332805734,3827.5659471161,98633.3877421033,84546.7485372621,104841.731756083
45071.1542974689,3851.2009674763,98583.5433335895,84156.1017762001,105206.956317618
44973.8998261627,3862.97794500301,98494.2314665608,84160.8888381995,105669.521710104
44845.7557431739,3917.58202909336,95735.5285767972,82152.5900869264,103948.144145246
43781.9670169139,3959.71042429741,92183.9208536567,78360.4146874473,99907.8046909464
44620.145914337,4073.36984527247,89266.3107813989,74218.6382500867,95928.9859750984
46114.8365608718,4568.51458327814,83625.7112209481,73398.9316748836,97594.5385820429
42845.798626934,4115.62182307679,54024.6163716459,56918.186634434,73049.5243878932
42666.6496563644,4123.38929030839,50884.9259694883,54094.8327278838,71353.0455179727
42523.6118827976,3985.11340804771,47930.8971351302,51598.0830073872,69846.1732597323
41745.3801614047,3689.84765798114,43904.1556260903,47526.8305462738,63300.1341628334
40363.073393819,3163.06791690396,40469.8892262562,43753.550510382,58462.0838458574
39724.5662085051,3095.83661402902,38840.4154830326,41176.3885326947,57063.3829448224
39291.2437195351,2977.63299528869,38512.1621145057,39704.3342972076,56146.5985235909
38644.4664744961,2896.94552556567,37819.2512374591,38741.8127204464,55426.9622254982
38289.8457795364,2828.10551564551,37247.9886457599,38169.6393397328,55085.4663244103
38636.2867260212,2874.56047718144,38241.8188428366,38937.8249039717,55655.8820533835
38624.3340169991,2897.86954177606,39762.4781853647,41590.1736708655,57403.2524962129
40519.026011678,3160.26837554794,67662.6063272464,61781.9563987541,85129.0177795357
44094.6142119692,3972.49312880075,80204.9661980246,72962.4681848148,94089.1282684003
44507.2415002754,3988.13374215889,84548.7815445343,76525.37605523,97059.3310538179
44582.5261243721,3839.78234236928,86049.0818250205,80564.9364168318,97528.9683442381
45624.4689938992,3741.43744305549,96953.0713833988,84102.5870886626,105269.569524451
45650.7700486101,3767.92042833361,98169.8408554722,84139.7771206207,105144.374112523
45449.2332805734,3827.5659471161,98633.3877421033,84546.7485372621,104841.731756083
45071.1542974689,3851.2009674763,98583.5433335895,84156.1017762001,105206.956317618
44973.8998261627,3862.97794500301,98494.2314665608,84160.8888381995,105669.521710104
44845.7557431739,3917.58202909336,95735.5285767972,82152.5900869264,103948.144145246
43781.9670169139,3959.71042429741,92183.9208536567,78360.4146874473,99907.8046909464
44620.145914337,4073.36984527247,89266.3107813989,74218.6382500867,95928.9859750984
46114.8365608718,4568.51458327814,83625.7112209481,73398.9316748836,97594.5385820429
42845.798626934,4115.62182307679,54024.6163716459,56918.186634434,73049.5243878932
42666.6496563644,4123.38929030839,50884.9259694883,54094.8327278838,71353.0455179727
42523.6118827976,3985.11340804771,47930.8971351302,51598.0830073872,69846.1732597323
41745.3801614047,3689.84765798114,43904.1556260903,47526.8305462738,63300.1341628334
40363.073393819,3163.06791690396,40469.8892262562,43753.550510382,58462.0838458574
39724.5662085051,3095.83661402902,38840.4154830326,41176.3885326947,57063.3829448224
39291.2437195351,2977.63299528869,38512.1621145057,39704.3342972076,56146.5985235909
38644.4664744961,2896.94552556567,37819.2512374591,38741.8127204464,55426.9622254982
38289.8457795364,2828.10551564551,37247.9886457599,38169.6393397328,55085.4663244103
38636.2867260212,2874.56047718144,38241.8188428366,38937.8249039717,55655.8820533835
38624.3340169991,2897.86954177606,39762.4781853647,41590.1736708655,57403.2524962129
40519.026011678,3160.26837554794,67662.6063272464,61781.9563987541,85129.0177795357
44094.6142119692,3972.49312880075,80204.9661980246,72962.4681848148,94089.1282684003
44507.2415002754,3988.13374215889,84548.7815445343,76525.37605523,97059.3310538179
44582.5261243721,3839.78234236928,86049.0818250205,80564.9364168318,97528.9683442381
45624.4689938992,3741.43744305549,96953.0713833988,84102.5870886626,105269.569524451
45650.7700486101,3767.92042833361,98169.8408554722,84139.7771206207,105144.374112523
45449.2332805734,3827.5659471161,98633.3877421033,84546.7485372621,104841.731756083
45071.1542974689,3851.2009674763,98583.5433335895,84156.1017762001,105206.956317618
44973.8998261627,3862.97794500301,98494.2314665608,84160.8888381995,105669.521710104
44845.7557431739,3917.58202909336,95735.5285767972,82152.5900869264,103948.144145246
43781.9670169139,3959.71042429741,92183.9208536567,78360.4146874473,99907.8046909464
44620.145914337,4073.36984527247,89266.3107813989,74218.6382500867,95928.9859750984
46114.8365608718,4568.51458327814,83625.7112209481,73398.9316748836,97594.5385820429
42845.798626934,4115.62182307679,54024.6163716459,56918.186634434,73049.5243878932
42666.6496563644,4123.38929030839,50884.9259694883,54094.8327278838,71353.0455179727
42523.6118827976,3985.11340804771,47930.8971351302,51598.0830073872,69846.1732597323
41745.3801614047,3689.84765798114,43904.1556260903,47526.8305462738,63300.1341628334
40363.073393819,3163.06791690396,40469.8892262562,43753.550510382,58462.0838458574
39724.5662085051,3095.83661402902,38840.4154830326,41176.3885326947,57063.3829448224
39291.2437195351,2977.63299528869,38512.1621145057,39704.3342972076,56146.5985235909
38644.4664744961,2896.94552556567,37819.2512374591,38741.8127204464,55426.9622254982
38289.8457795364,2828.10551564551,37247.9886457599,38169.6393397328,55085.4663244103
38636.2867260212,2874.56047718144,38241.8188428366,38937.8249039717,55655.8820533835
38624.3340169991,2897.86954177606,39762.4781853647,41590.1736708655,57403.2524962129
40519.026011678,3160.26837554794,67662.6063272464,61781.9563987541,85129.0177795357
44094.6142119692,3972.49312880075,80204.9661980246,72962.4681848148,94089.1282684003
44507.2415002754,3988.13374215889,84548.7815445343,76525.37605523,97059.3310538179
44582.5261243721,3839.78234236928,86049.0818250205,80564.9364168318,97528.9683442381
45624.4689938992,3741.43744305549,96953.0713833988,84102.5870886626,105269.569524451
45650.7700486101,3767.92042833361,98169.8408554722,84139.7771206207,105144.374112523
45449.2332805734,3827.5659471161,98633.3877421033,84546.7485372621,104841.731756083
45071.1542974689,3851.2009674763,98583.5433335895,84156.1017762001,105206.956317618
44973.8998261627,3862.97794500301,98494.2314665608,84160.8888381995,105669.521710104
44845.7557431739,3917.58202909336,95735.5285767972,82152.5900869264,103948.144145246
43781.9670169139,3959.71042429741,92183.9208536567,78360.4146874473,99907.8046909464
44620.145914337,4073.36984527247,89266.3107813989,74218.6382500867,95928.9859750984
46114.8365608718,4568.51458327814,83625.7112209481,73398.9316748836,97594.5385820429
42845.798626934,4115.62182307679,54024.6163716459,56918.186634434,73049.5243878932
42666.6496563644,4123.38929030839,50884.9259694883,54094.8327278838,71353.0455179727
42523.6118827976,3985.11340804771,47930.8971351302,51598.0830073872,69846.1732597323
41745.3801614047,3689.84765798114,43904.1556260903,47526.8305462738,63300.1341628334
40363.073393819,3163.06791690396,40469.8892262562,43753.550510382,58462.0838458574
39724.5662085051,3095.83661402902,38840.4154830326,41176.3885326947,57063.3829448224
39291.2437195351,2977.63299528869,38512.1621145057,39704.3342972076,56146.5985235909
38644.4664744961,2896.94552556567,37819.2512374591,38741.8127204464,55426.9622254982
38289.8457795364,2828.10551564551,37247.9886457599,38169.6393397328,55085.4663244103
38636.2867260212,2874.56047718144,38241.8188428366,38937.8249039717,55655.8820533835
38624.3340169991,2897.86954177606,39762.4781853647,41590.1736708655,57403.2524962129
40519.026011678,3160.26837554794,67662.6063272464,61781.9563987541,85129.0177795357
44094.6142119692,3972.49312880075,80204.9661980246,72962.4681848148,94089.1282684003
44507.2415002754,3988.13374215889,84548.7815445343,76525.37605523,97059.3310538179
44582.5261243721,3839.78234236928,86049.0818250205,80564.9364168318,97528.9683442381
45624.4689938992,3741.43744305549,96953.0713833988,84102.5870886626,105269.569524451
45650.7700486101,3767.92042833361,98169.8408554722,84139.7771206207,105144.374112523
45449.2332805734,3827.5659471161,98633.3877421033,84546.7485372621,104841.731756083
45071.1542974689,3851.2009674763,98583.5433335895,84156.1017762001,105206.956317618
44973.8998261627,3862.97794500301,98494.2314665608,84160.8888381995,105669.521710104
44845.7557431739,3917.58202909336,95735.5285767972,82152.5900869264,103948.144145246
43781.9670169139,3959.71042429741,92183.9208536567,78360.4146874473,99907.8046909464
44620.145914337,4073.36984527247,89266.3107813989,74218.6382500867,95928.9859750984
46114.8365608718,4568.51458327814,83625.7112209481,73398.9316748836,97594.5385820429
42845.798626934,4115.62182307679,54024.6163716459,56918.186634434,73049.5243878932
42666.6496563644,4123.38929030839,50884.9259694883,54094.8327278838,71353.0455179727
42523.6118827976,3985.11340804771,47930.8971351302,51598.0830073872,69846.1732597323
41745.3801614047,3689.84765798114,43904.1556260903,47526.8305462738,63300.1341628334
40363.073393819,3163.06791690396,40469.8892262562,43753.550510382,58462.0838458574
39724.5662085051,3095.83661402902,38840.4154830326,41176.3885326947,57063.3829448224
39291.2437195351,2977.63299528869,38512.1621145057,39704.3342972076,56146.5985235909
38644.4664744961,2896.94552556567,37819.2512374591,38741.8127204464,55426.9622254982
38289.8457795364,2828.10551564551,37247.9886457599,38169.6393397328,55085.4663244103
38636.2867260212,2874.56047718144,38241.8188428366,38937.8249039717,55655.8820533835
38624.3340169991,2897.86954177606,39762.4781853647,41590.1736708655,57403.2524962129
40519.026011678,3160.26837554794,67662.6063272464,61781.9563987541,85129.0177795357
44094.6142119692,3972.49312880075,80204.9661980246,72962.4681848148,94089.1282684003
44507.2415002754,3988.13374215889,84548.7815445343,76525.37605523,97059.3310538179
44582.5261243721,3839.78234236928,86049.0818250205,80564.9364168318,97528.9683442381
45624.4689938992,3741.43744305549,96953.0713833988,84102.5870886626,105269.569524451
45650.7700486101,3767.92042833361,98169.8408554722,84139.7771206207,105144.374112523
45449.2332805734,3827.5659471161,98633.3877421033,84546.7485372621,104841.731756083
45071.1542974689,3851.2009674763,98583.5433335895,84156.1017762001,105206.956317618
44973.8998261627,3862.97794500301,98494.2314665608,84160.8888381995,105669.521710104
44845.7557431739,3917.58202909336,95735.5285767972,82152.5900869264,103948.144145246
43781.9670169139,3959.71042429741,92183.9208536567,78360.4146874473,99907.8046909464
44620.145914337,4073.36984527247,89266.3107813989,74218.6382500867,95928.9859750984
46114.8365608718,4568.51458327814,83625.7112209481,73398.9316748836,97594.5385820429
42845.798626934,4115.62182307679,54024.6163716459,56918.186634434,73049.5243878932
42666.6496563644,4123.38929030839,50884.9259694883,54094.8327278838,71353.0455179727
42523.6118827976,3985.11340804771,47930.8971351302,51598.0830073872,69846.1732597323
41745.3801614047,3689.84765798114,43904.1556260903,47526.8305462738,63300.1341628334
40363.073393819,3163.06791690396,40469.8892262562,43753.550510382,58462.0838458574
39724.5662085051,3095.83661402902,38840.4154830326,41176.3885326947,57063.3829448224
39291.2437195351,2977.63299528869,38512.1621145057,39704.3342972076,56146.5985235909
38644.4664744961,2896.94552556567,37819.2512374591,38741.8127204464,55426.9622254982
38289.8457795364,2828.10551564551,37247.9886457599,38169.6393397328,55085.4663244103
38636.2867260212,2874.56047718144,38241.8188428366,38937.8249039717,55655.8820533835
38624.3340169991,2897.86954177606,39762.4781853647,41590.1736708655,57403.2524962129
40519.026011678,3160.26837554794,67662.6063272464,61781.9563987541,85129.0177795357
44094.6142119692,3972.49312880075,80204.9661980246,72962.4681848148,94089.1282684003
44507.2415002754,3988.13374215889,84548.7815445343,76525.37605523,97059.3310538179
44582.5261243721,3839.78234236928,86049.0818250205,80564.9364168318,97528.9683442381
45624.4689938992,3741.43744305549,96953.0713833988,84102.5870886626,105269.569524451
45650.7700486101,3767.92042833361,98169.8408554722,84139.7771206207,105144.374112523
45449.2332805734,3827.5659471161,98633.3877421033,84546.7485372621,104841.731756083
45071.1542974689,3851.2009674763,98583.5433335895,84156.1017762001,105206.956317618
44973.8998261627,3862.97794500301,98494.2314665608,84160.8888381995,105669.521710104
44845.7557431739,3917.58202909336,95735.5285767972,82152.5900869264,103948.144145246
43781.9670169139,3959.71042429741,92183.9208536567,78360.4146874473,99907.8046909464
44620.145914337,4073.36984527247,89266.3107813989,74218.6382500867,95928.9859750984
46114.8365608718,4568.51458327814,83625.7112209481,73398.9316748836,97594.5385820429
42845.798626934,4115.62182307679,54024.6163716459,56918.186634434,73049.5243878932
42666.6496563644,4123.38929030839,50884.9259694883,54094.8327278838,71353.0455179727
42523.6118827976,3985.11340804771,47930.8971351302,51598.0830073872,69846.1732597323
41745.3801614047,3689.84765798114,43904.1556260903,47526.8305462738,63300.1341628334
40363.073393819,3163.06791690396,40469.8892262562,43753.550510382,58462.0838458574
39724.5662085051,3095.83661402902,38840.4154830326,41176.3885326947,57063.3829448224
39291.2437195351,2977.63299528869,38512.1621145057,39704.3342972076,56146.5985235909
38644.4664744961,2896.94552556567,37819.2512374591,38741.8127204464,55426.9622254982
38289.8457795364,2828.10551564551,37247.9886457599,38169.6393397328,55085.4663244103
38636.2867260212,2874.56047718144,38241.8188428366,38937.8249039717,55655.8820533835
38624.3340169991,2897.86954177606,39762.4781853647,41590.1736708655,57403.2524962129
40519.026011678,3160.26837554794,67662.6063272464,61781.9563987541,85129.0177795357
44094.6142119692,3972.49312880075,80204.9661980246,72962.4681848148,94089.1282684003
44507.2415002754,3988.13374215889,84548.7815445343,76525.37605523,97059.3310538179
44582.5261243721,3839.78234236928,86049.0818250205,80564.9364168318,97528.9683442381
45624.4689938992,3741.43744305549,96953.0713833988,84102.5870886626,105269.569524451
45650.7700486101,3767.92042833361,98169.8408554722,84139.7771206207,105144.374112523
45449.2332805734,3827.5659471161,98633.3877421033,84546.7485372621,104841.731756083
45071.1542974689,3851.2009674763,98583.5433335895,84156.1017762001,105206.956317618
44973.8998261627,3862.97794500301,98494.2314665608,84160.8888381995,105669.521710104
44845.7557431739,3917.58202909336,95735.5285767972,82152.5900869264,103948.144145246
43781.9670169139,3959.71042429741,92183.9208536567,78360.4146874473,99907.8046909464
44620.145914337,4073.36984527247,89266.3107813989,74218.6382500867,95928.9859750984
46114.8365608718,4568.51458327814,83625.7112209481,73398.9316748836,97594.5385820429
42845.798626934,4115.62182307679,54024.6163716459,56918.186634434,73049.5243878932
42666.6496563644,4123.38929030839,50884.9259694883,54094.8327278838,71353.0455179727
42523.6118827976,3985.11340804771,47930.8971351302,51598.0830073872,69846.1732597323
41745.3801614047,3689.84765798114,43904.1556260903,47526.8305462738,63300.1341628334
40363.073393819,3163.06791690396,40469.8892262562,43753.550510382,58462.0838458574
39724.5662085051,3095.83661402902,38840.4154830326,41176.3885326947,57063.3829448224
39291.2437195351,2977.63299528869,38512.1621145057,39704.3342972076,56146.5985235909
38644.4664744961,2896.94552556567,37819.2512374591,38741.8127204464,55426.9622254982
38289.8457795364,2828.10551564551,37247.9886457599,38169.6393397328,55085.4663244103
38636.2867260212,2874.56047718144,38241.8188428366,38937.8249039717,55655.8820533835
38624.3340169991,2897.86954177606,39762.4781853647,41590.1736708655,57403.2524962129
40519.026011678,3160.26837554794,67662.6063272464,61781.9563987541,85129.0177795357
44094.6142119692,3972.49312880075,80204.9661980246,72962.4681848148,94089.1282684003
44507.2415002754,3988.13374215889,84548.7815445343,76525.37605523,97059.3310538179
44582.5261243721,3839.78234236928,86049.0818250205,80564.9364168318,97528.9683442381
45624.4689938992,3741.43744305549,96953.0713833988,84102.5870886626,105269.569524451
45650.7700486101,3767.92042833361,98169.8408554722,84139.7771206207,105144.374112523
45449.2332805734,3827.5659471161,98633.3877421033,84546.7485372621,104841.731756083
45071.1542974689,3851.2009674763,98583.5433335895,84156.1017762001,105206.956317618
44973.8998261627,3862.97794500301,98494.2314665608,84160.8888381995,105669.521710104
44845.7557431739,3917.58202909336,95735.5285767972,82152.5900869264,103948.144145246
43781.9670169139,3959.71042429741,92183.9208536567,78360.4146874473,99907.8046909464
44620.145914337,4073.36984527247,89266.3107813989,74218.6382500867,95928.9859750984
46114.8365608718,4568.51458327814,83625.7112209481,73398.9316748836,97594.5385820429
42845.798626934,4115.62182307679,54024.6163716459,56918.186634434,73049.5243878932
42666.6496563644,4123.38929030839,50884.9259694883,54094.8327278838,71353.0455179727
42523.6118827976,3985.11340804771,47930.8971351302,51598.0830073872,69846.1732597323
41745.3801614047,3689.84765798114,43904.1556260903,47526.8305462738,63300.1341628334
40363.073393819,3163.06791690396,40469.8892262562,43753.550510382,58462.0838458574
39724.5662085051,3095.83661402902,38840.4154830326,41176.3885326947,57063.3829448224
39291.2437195351,2977.63299528869,38512.1621145057,39704.3342972076,56146.5985235909
38644.4664744961,2896.94552556567,37819.2512374591,38741.8127204464,55426.9622254982
38289.8457795364,2828.10551564551,37247.9886457599,38169.6393397328,55085.4663244103
38636.2867260212,2874.56047718144,38241.8188428366,38937.8249039717,55655.8820533835
38624.3340169991,2897.86954177606,39762.4781853647,41590.1736708655,57403.2524962129
40519.026011678,3160.26837554794,67662.6063272464,61781.9563987541,85129.0177795357
44094.6142119692,3972.49312880075,80204.9661980246,72962.4681848148,94089.1282684003
44507.2415002754,3988.13374215889,84548.7815445343,76525.37605523,97059.3310538179
44582.5261243721,3839.78234236928,86049.0818250205,80564.9364168318,97528.9683442381
45624.4689938992,3741.43744305549,96953.0713833988,84102.5870886626,105269.569524451
45650.7700486101,3767.92042833361,98169.8408554722,84139.7771206207,105144.374112523
45449.2332805734,3827.5659471161,98633.3877421033,84546.7485372621,104841.731756083
45071.1542974689,3851.2009674763,98583.5433335895,84156.1017762001,105206.956317618
44973.8998261627,3862.97794500301,98494.2314665608,84160.8888381995,105669.521710104
44845.7557431739,3917.58202909336,95735.5285767972,82152.5900869264,103948.144145246
43781.9670169139,3959.71042429741,92183.9208536567,78360.4146874473,99907.8046909464
44620.145914337,4073.36984527247,89266.3107813989,74218.6382500867,95928.9859750984
46114.8365608718,4568.51458327814,83625.7112209481,73398.9316748836,97594.5385820429
42845.798626934,4115.62182307679,54024.6163716459,56918.186634434,73049.5243878932
42666.6496563644,4123.38929030839,50884.9259694883,54094.8327278838,71353.0455179727
42523.6118827976,3985.11340804771,47930.8971351302,51598.0830073872,69846.1732597323
41745.3801614047,3689.84765798114,43904.1556260903,47526.8305462738,63300.1341628334
40363.073393819,3163.06791690396,40469.8892262562,43753.550510382,58462.0838458574
39724.5662085051,3095.83661402902,38840.4154830326,41176.3885326947,57063.3829448224
39291.2437195351,2977.63299528869,38512.1621145057,39704.3342972076,56146.5985235909
38644.4664744961,2896.94552556567,37819.2512374591,38741.8127204464,55426.9622254982
38289.8457795364,2828.10551564551,37247.9886457599,38169.6393397328,55085.4663244103
38636.2867260212,2874.56047718144,38241.8188428366,38937.8249039717,55655.8820533835
38624.3340169991,2897.86954177606,39762.4781853647,41590.1736708655,57403.2524962129
40519.026011678,3160.26837554794,67662.6063272464,61781.9563987541,85129.0177795357
44094.6142119692,3972.49312880075,80204.9661980246,72962.4681848148,94089.1282684003
44507.2415002754,3988.13374215889,84548.7815445343,76525.37605523,97059.3310538179
44582.5261243721,3839.78234236928,86049.0818250205,80564.9364168318,97528.9683442381
45624.4689938992,3741.43744305549,96953.0713833988,84102.5870886626,105269.569524451
45650.7700486101,3767.92042833361,98169.8408554722,84139.7771206207,105144.374112523
45449.2332805734,3827.5659471161,98633.3877421033,84546.7485372621,104841.731756083
45071.1542974689,3851.2009674763,98583.5433335895,84156.1017762001,105206.956317618
44973.8998261627,3862.97794500301,98494.2314665608,84160.8888381995,105669.521710104
44845.7557431739,3917.58202909336,95735.5285767972,82152.5900869264,103948.144145246
43781.9670169139,3959.71042429741,92183.9208536567,78360.4146874473,99907.8046909464
44620.145914337,4073.36984527247,89266.3107813989,74218.6382500867,95928.9859750984
46114.8365608718,4568.51458327814,83625.7112209481,73398.9316748836,97594.5385820429
42845.798626934,4115.62182307679,54024.6163716459,56918.186634434,73049.5243878932
42666.6496563644,4123.38929030839,50884.9259694883,54094.8327278838,71353.0455179727
42523.6118827976,3985.11340804771,47930.8971351302,51598.0830073872,69846.1732597323
41745.3801614047,3689.84765798114,43904.1556260903,47526.8305462738,63300.1341628334
40363.073393819,3163.06791690396,40469.8892262562,43753.550510382,58462.0838458574
39724.5662085051,3095.83661402902,38840.4154830326,41176.3885326947,57063.3829448224
39291.2437195351,2977.63299528869,38512.1621145057,39704.3342972076,56146.5985235909
38644.4664744961,2896.94552556567,37819.2512374591,38741.8127204464,55426.9622254982
38289.8457795364,2828.10551564551,37247.9886457599,38169.6393397328,55085.4663244103
38636.2867260212,2874.56047718144,38241.8188428366,38937.8249039717,55655.8820533835
38624.3340169991,2897.86954177606,39762.4781853647,41590.1736708655,57403.2524962129
40519.026011678,3160.26837554794,67662.6063272464,61781.9563987541,85129.0177795357
44094.6142119692,3972.49312880075,80204.9661980246,72962.4681848148,94089.1282684003
44507.2415002754,3988.13374215889,84548.7815445343,76525.37605523,97059.3310538179
44582.5261243721,3839.78234236928,86049.0818250205,80564.9364168318,97528.9683442381
45624.4689938992,3741.43744305549,96953.0713833988,84102.5870886626,105269.569524451
45650.7700486101,3767.92042833361,98169.8408554722,84139.7771206207,105144.374112523
45449.2332805734,3827.5659471161,98633.3877421033,84546.7485372621,104841.731756083
45071.1542974689,3851.2009674763,98583.5433335895,84156.1017762001,105206.956317618
44973.8998261627,3862.97794500301,98494.2314665608,84160.8888381995,105669.521710104
44845.7557431739,3917.58202909336,95735.5285767972,82152.5900869264,103948.144145246
43781.9670169139,3959.71042429741,92183.9208536567,78360.4146874473,99907.8046909464
44620.145914337,4073.36984527247,89266.3107813989,74218.6382500867,95928.9859750984
46114.8365608718,4568.51458327814,83625.7112209481,73398.9316748836,97594.5385820429
42845.798626934,4115.62182307679,54024.6163716459,56918.186634434,73049.5243878932
42666.6496563644,4123.38929030839,50884.9259694883,54094.8327278838,71353.0455179727
42523.6118827976,3985.11340804771,47930.8971351302,51598.0830073872,69846.1732597323
41745.3801614047,3689.84765798114,43904.1556260903,47526.8305462738,63300.1341628334
40363.073393819,3163.06791690396,40469.8892262562,43753.550510382,58462.0838458574
34390.5067491006,3068.26975669545,37737.0197866445,34793.0252928218,56181.4807868098
33945.7241116554,3009.49478665403,36612.2023346803,33658.1046187203,55340.2648436708
33491.8671536089,2926.53006794221,35705.0063154796,32859.5324245479,54757.1419929259
33317.0187258211,2891.07859420662,35086.6015342981,32716.1585510581,54700.0451052793
33818.1344760956,3007.60820112107,36352.526027661,34315.8127894111,55854.417642967
34507.5876012077,3241.20475964959,39491.1257331933,38319.4812732898,58219.7320813741
36792.3109442072,3373.08589528902,73306.4498184619,69172.0517287083,100457.189648287
39821.8456594603,3817.89462555812,88897.759021533,81676.8810390592,109732.577683874
39874.5876433661,3579.20773505912,93870.713607361,86379.5873567252,117903.485209601
39828.0364882542,3548.80852306904,96337.8119553435,92414.4144290914,121146.072528627
41085.1814607652,3522.26967875925,99262.5985603219,96520.9658747281,129930.558590245
41386.7605678636,3499.01371284369,99654.9087124484,96458.3769011618,129552.258885554
41516.4076747712,3559.60056183963,99678.0820221018,96624.6080121845,128549.903759613
40997.6448673135,3588.83934577434,99772.0712968166,95778.6728418489,129218.839536352
40667.491236157,3634.10395433958,99029.0380119152,95650.8258930797,129884.730112964
40761.2774506633,3775.34250784984,94850.8762766965,92190.6311631862,126535.287095029
39999.7524829266,3860.73776558758,89195.5074088737,85890.3127546741,119422.759104679
40538.3409303616,3894.53492345292,86674.6467815622,80966.6539461313,111621.042671932
41610.5714222152,4031.25994726622,82065.241037979,77150.7483243152,109169.242090558
38470.3480867724,3924.51718008444,52028.0668907523,53324.4957908439,73180.9148065942
38492.4650238888,3907.28279158043,48590.933934756,50311.5595315762,70645.1293241143
37775.0723677805,3716.00774874371,45621.2540392618,46389.1685919043,68767.9878730755
36649.4681025883,3635.38920159621,42762.6505701388,41213.9045783508,63900.632422454
34904.3223957249,3267.72281333616,39971.1307797562,36831.5989855174,57461.0393231803
34390.5067491006,3068.26975669545,37737.0197866445,34793.0252928218,56181.4807868098
33945.7241116554,3009.49478665403,36612.2023346803,33658.1046187203,55340.2648436708
33491.8671536089,2926.53006794221,35705.0063154796,32859.5324245479,54757.1419929259
33317.0187258211,2891.07859420662,35086.6015342981,32716.1585510581,54700.0451052793
33818.1344760956,3007.60820112107,36352.526027661,34315.8127894111,55854.417642967
34507.5876012077,3241.20475964959,39491.1257331933,38319.4812732898,58219.7320813741
36792.3109442072,3373.08589528902,73306.4498184619,69172.0517287083,100457.189648287
39821.8456594603,3817.89462555812,88897.759021533,81676.8810390592,109732.577683874
39874.5876433661,3579.20773505912,93870.713607361,86379.5873567252,117903.485209601
39828.0364882542,3548.80852306904,96337.8119553435,92414.4144290914,121146.072528627
41085.1814607652,3522.26967875925,99262.5985603219,96520.9658747281,129930.558590245
41386.7605678636,3499.01371284369,99654.9087124484,96458.3769011618,129552.258885554
41516.4076747712,3559.60056183963,99678.0820221018,96624.6080121845,128549.903759613
40997.6448673135,3588.83934577434,99772.0712968166,95778.6728418489,129218.839536352
40667.491236157,3634.10395433958,99029.0380119152,95650.8258930797,129884.730112964
40761.2774506633,3775.34250784984,94850.8762766965,92190.6311631862,126535.287095029
39999.7524829266,3860.73776558758,89195.5074088737,85890.3127546741,119422.759104679
40538.3409303616,3894.53492345292,86674.6467815622,80966.6539461313,111621.042671932
41610.5714222152,4031.25994726622,82065.241037979,77150.7483243152,109169.242090558
38470.3480867724,3924.51718008444,52028.0668907523,53324.4957908439,73180.9148065942
38492.4650238888,3907.28279158043,48590.933934756,50311.5595315762,70645.1293241143
37775.0723677805,3716.00774874371,45621.2540392618,46389.1685919043,68767.9878730755
36649.4681025883,3635.38920159621,42762.6505701388,41213.9045783508,63900.632422454
34904.3223957249,3267.72281333616,39971.1307797562,36831.5989855174,57461.0393231803
34390.5067491006,3068.26975669545,37737.0197866445,34793.0252928218,56181.4807868098
33945.7241116554,3009.49478665403,36612.2023346803,33658.1046187203,55340.2648436708
33491.8671536089,2926.53006794221,35705.0063154796,32859.5324245479,54757.1419929259
33317.0187258211,2891.07859420662,35086.6015342981,32716.1585510581,54700.0451052793
33818.1344760956,3007.60820112107,36352.526027661,34315.8127894111,55854.417642967
34507.5876012077,3241.20475964959,39491.1257331933,38319.4812732898,58219.7320813741
36792.3109442072,3373.08589528902,73306.4498184619,69172.0517287083,100457.189648287
39821.8456594603,3817.89462555812,88897.759021533,81676.8810390592,109732.577683874
39874.5876433661,3579.20773505912,93870.713607361,86379.5873567252,117903.485209601
39828.0364882542,3548.80852306904,96337.8119553435,92414.4144290914,121146.072528627
41085.1814607652,3522.26967875925,99262.5985603219,96520.9658747281,129930.558590245
41386.7605678636,3499.01371284369,99654.9087124484,96458.3769011618,129552.258885554
41516.4076747712,3559.60056183963,99678.0820221018,96624.6080121845,128549.903759613
40997.6448673135,3588.83934577434,99772.0712968166,95778.6728418489,129218.839536352
40667.491236157,3634.10395433958,99029.0380119152,95650.8258930797,129884.730112964
40761.2774506633,3775.34250784984,94850.8762766965,92190.6311631862,126535.287095029
39999.7524829266,3860.73776558758,89195.5074088737,85890.3127546741,119422.759104679
40538.3409303616,3894.53492345292,86674.6467815622,80966.6539461313,111621.042671932
41610.5714222152,4031.25994726622,82065.241037979,77150.7483243152,109169.242090558
38470.3480867724,3924.51718008444,52028.0668907523,53324.4957908439,73180.9148065942
38492.4650238888,3907.28279158043,48590.933934756,50311.5595315762,70645.1293241143
37775.0723677805,3716.00774874371,45621.2540392618,46389.1685919043,68767.9878730755
36649.4681025883,3635.38920159621,42762.6505701388,41213.9045783508,63900.632422454
34904.3223957249,3267.72281333616,39971.1307797562,36831.5989855174,57461.0393231803
34390.5067491006,3068.26975669545,37737.0197866445,34793.0252928218,56181.4807868098
33945.7241116554,3009.49478665403,36612.2023346803,33658.1046187203,55340.2648436708
33491.8671536089,2926.53006794221,35705.0063154796,32859.5324245479,54757.1419929259
33317.0187258211,2891.07859420662,35086.6015342981,32716.1585510581,54700.0451052793
33818.1344760956,3007.60820112107,36352.526027661,34315.8127894111,55854.417642967
34507.5876012077,3241.20475964959,39491.1257331933,38319.4812732898,58219.7320813741
36792.3109442072,3373.08589528902,73306.4498184619,69172.0517287083,100457.189648287
39821.8456594603,3817.89462555812,88897.759021533,81676.8810390592,109732.577683874
39874.5876433661,3579.20773505912,93870.713607361,86379.5873567252,117903.485209601
39828.0364882542,3548.80852306904,96337.8119553435,92414.4144290914,121146.072528627
41085.1814607652,3522.26967875925,99262.5985603219,96520.9658747281,129930.558590245
41386.7605678636,3499.01371284369,99654.9087124484,96458.3769011618,129552.258885554
41516.4076747712,3559.60056183963,99678.0820221018,96624.6080121845,128549.903759613
40997.6448673135,3588.83934577434,99772.0712968166,95778.6728418489,129218.839536352
40667.491236157,3634.10395433958,99029.0380119152,95650.8258930797,129884.730112964
40761.2774506633,3775.34250784984,94850.8762766965,92190.6311631862,126535.287095029
39999.7524829266,3860.73776558758,89195.5074088737,85890.3127546741,119422.759104679
40538.3409303616,3894.53492345292,86674.6467815622,80966.6539461313,111621.042671932
41610.5714222152,4031.25994726622,82065.241037979,77150.7483243152,109169.242090558
38470.3480867724,3924.51718008444,52028.0668907523,53324.4957908439,73180.9148065942
38492.4650238888,3907.28279158043,48590.933934756,50311.5595315762,70645.1293241143
37775.0723677805,3716.00774874371,45621.2540392618,46389.1685919043,68767.9878730755
36649.4681025883,3635.38920159621,42762.6505701388,41213.9045783508,63900.632422454
34904.3223957249,3267.72281333616,39971.1307797562,36831.5989855174,57461.0393231803
34390.5067491006,3068.26975669545,37737.0197866445,34793.0252928218,56181.4807868098
33945.7241116554,3009.49478665403,36612.2023346803,33658.1046187203,55340.2648436708
33491.8671536089,2926.53006794221,35705.0063154796,32859.5324245479,54757.1419929259
33317.0187258211,2891.07859420662,35086.6015342981,32716.1585510581,54700.0451052793
33818.1344760956,3007.60820112107,36352.526027661,34315.8127894111,55854.417642967
34507.5876012077,3241.20475964959,39491.1257331933,38319.4812732898,58219.7320813741
36792.3109442072,3373.08589528902,73306.4498184619,69172.0517287083,100457.189648287
39821.8456594603,3817.89462555812,88897.759021533,81676.8810390592,109732.577683874
39874.5876433661,3579.20773505912,93870.713607361,86379.5873567252,117903.485209601
39828.0364882542,3548.80852306904,96337.8119553435,92414.4144290914,121146.072528627
41085.1814607652,3522.26967875925,99262.5985603219,96520.9658747281,129930.558590245
41386.7605678636,3499.01371284369,99654.9087124484,96458.3769011618,129552.258885554
41516.4076747712,3559.60056183963,99678.0820221018,96624.6080121845,128549.903759613
40997.6448673135,3588.83934577434,99772.0712968166,95778.6728418489,129218.839536352
40667.491236157,3634.10395433958,99029.0380119152,95650.8258930797,129884.730112964
40761.2774506633,3775.34250784984,94850.8762766965,92190.6311631862,126535.287095029
39999.7524829266,3860.73776558758,89195.5074088737,85890.3127546741,119422.759104679
40538.3409303616,3894.53492345292,86674.6467815622,80966.6539461313,111621.042671932
41610.5714222152,4031.25994726622,82065.241037979,77150.7483243152,109169.242090558
38470.3480867724,3924.51718008444,52028.0668907523,53324.4957908439,73180.9148065942
38492.4650238888,3907.28279158043,48590.933934756,50311.5595315762,70645.1293241143
37775.0723677805,3716.00774874371,45621.2540392618,46389.1685919043,68767.9878730755
36649.4681025883,3635.38920159621,42762.6505701388,41213.9045783508,63900.632422454
34904.3223957249,3267.72281333616,39971.1307797562,36831.5989855174,57461.0393231803
34390.5067491006,3068.26975669545,37737.0197866445,34793.0252928218,56181.4807868098
33945.7241116554,3009.49478665403,36612.2023346803,33658.1046187203,55340.2648436708
33491.8671536089,2926.53006794221,35705.0063154796,32859.5324245479,54757.1419929259
33317.0187258211,2891.07859420662,35086.6015342981,32716.1585510581,54700.0451052793
33818.1344760956,3007.60820112107,36352.526027661,34315.8127894111,55854.417642967
34507.5876012077,3241.20475964959,39491.1257331933,38319.4812732898,58219.7320813741
36792.3109442072,3373.08589528902,73306.4498184619,69172.0517287083,100457.189648287
39821.8456594603,3817.89462555812,88897.759021533,81676.8810390592,109732.577683874
39874.5876433661,3579.20773505912,93870.713607361,86379.5873567252,117903.485209601
39828.0364882542,3548.80852306904,96337.8119553435,92414.4144290914,121146.072528627
41085.1814607652,3522.26967875925,99262.5985603219,96520.9658747281,129930.558590245
41386.7605678636,3499.01371284369,99654.9087124484,96458.3769011618,129552.258885554
41516.4076747712,3559.60056183963,99678.0820221018,96624.6080121845,128549.903759613
40997.6448673135,3588.83934577434,99772.0712968166,95778.6728418489,129218.839536352
40667.491236157,3634.10395433958,99029.0380119152,95650.8258930797,129884.730112964
40761.2774506633,3775.34250784984,94850.8762766965,92190.6311631862,126535.287095029
39999.7524829266,3860.73776558758,89195.5074088737,85890.3127546741,119422.759104679
40538.3409303616,3894.53492345292,86674.6467815622,80966.6539461313,111621.042671932
41610.5714222152,4031.25994726622,82065.241037979,77150.7483243152,109169.242090558
38470.3480867724,3924.51718008444,52028.0668907523,53324.4957908439,73180.9148065942
38492.4650238888,3907.28279158043,48590.933934756,50311.5595315762,70645.1293241143
37775.0723677805,3716.00774874371,45621.2540392618,46389.1685919043,68767.9878730755
36649.4681025883,3635.38920159621,42762.6505701388,41213.9045783508,63900.632422454
34904.3223957249,3267.72281333616,39971.1307797562,36831.5989855174,57461.0393231803
34390.5067491006,3068.26975669545,37737.0197866445,34793.0252928218,56181.4807868098
33945.7241116554,3009.49478665403,36612.2023346803,33658.1046187203,55340.2648436708
33491.8671536089,2926.53006794221,35705.0063154796,32859.5324245479,54757.1419929259
33317.0187258211,2891.07859420662,35086.6015342981,32716.1585510581,54700.0451052793
33818.1344760956,3007.60820112107,36352.526027661,34315.8127894111,55854.417642967
34507.5876012077,3241.20475964959,39491.1257331933,38319.4812732898,58219.7320813741
36792.3109442072,3373.08589528902,73306.4498184619,69172.0517287083,100457.189648287
39821.8456594603,3817.89462555812,88897.759021533,81676.8810390592,109732.577683874
39874.5876433661,3579.20773505912,93870.713607361,86379.5873567252,117903.485209601
39828.0364882542,3548.80852306904,96337.8119553435,92414.4144290914,121146.072528627
41085.1814607652,3522.26967875925,99262.5985603219,96520.9658747281,129930.558590245
41386.7605678636,3499.01371284369,99654.9087124484,96458.3769011618,129552.258885554
41516.4076747712,3559.60056183963,99678.0820221018,96624.6080121845,128549.903759613
40997.6448673135,3588.83934577434,99772.0712968166,95778.6728418489,129218.839536352
40667.491236157,3634.10395433958,99029.0380119152,95650.8258930797,129884.730112964
40761.2774506633,3775.34250784984,94850.8762766965,92190.6311631862,126535.287095029
39999.7524829266,3860.73776558758,89195.5074088737,85890.3127546741,119422.759104679
40538.3409303616,3894.53492345292,86674.6467815622,80966.6539461313,111621.042671932
41610.5714222152,4031.25994726622,82065.241037979,77150.7483243152,109169.242090558
38470.3480867724,3924.51718008444,52028.0668907523,53324.4957908439,73180.9148065942
38492.4650238888,3907.28279158043,48590.933934756,50311.5595315762,70645.1293241143
37775.0723677805,3716.00774874371,45621.2540392618,46389.1685919043,68767.9878730755
36649.4681025883,3635.38920159621,42762.6505701388,41213.9045783508,63900.632422454
34904.3223957249,3267.72281333616,39971.1307797562,36831.5989855174,57461.0393231803
34390.5067491006,3068.26975669545,37737.0197866445,34793.0252928218,56181.4807868098
33945.7241116554,3009.49478665403,36612.2023346803,33658.1046187203,55340.2648436708
33491.8671536089,2926.53006794221,35705.0063154796,32859.5324245479,54757.1419929259
33317.0187258211,2891.07859420662,35086.6015342981,32716.1585510581,54700.0451052793
33818.1344760956,3007.60820112107,36352.526027661,34315.8127894111,55854.417642967
34507.5876012077,3241.20475964959,39491.1257331933,38319.4812732898,58219.7320813741
36792.3109442072,3373.08589528902,73306.4498184619,69172.0517287083,100457.189648287
39821.8456594603,3817.89462555812,88897.759021533,81676.8810390592,109732.577683874
39874.5876433661,3579.20773505912,93870.713607361,86379.5873567252,117903.485209601
39828.0364882542,3548.80852306904,96337.8119553435,92414.4144290914,121146.072528627
41085.1814607652,3522.26967875925,99262.5985603219,96520.9658747281,129930.558590245
41386.7605678636,3499.01371284369,99654.9087124484,96458.3769011618,129552.258885554
41516.4076747712,3559.60056183963,99678.0820221018,96624.6080121845,128549.903759613
40997.6448673135,3588.83934577434,99772.0712968166,95778.6728418489,129218.839536352
40667.491236157,3634.10395433958,99029.0380119152,95650.8258930797,129884.730112964
40761.2774506633,3775.34250784984,94850.8762766965,92190.6311631862,126535.287095029
39999.7524829266,3860.73776558758,89195.5074088737,85890.3127546741,119422.759104679
40538.3409303616,3894.53492345292,86674.6467815622,80966.6539461313,111621.042671932
41610.5714222152,4031.25994726622,82065.241037979,77150.7483243152,109169.242090558
38470.3480867724,3924.51718008444,52028.0668907523,53324.4957908439,73180.9148065942
38492.4650238888,3907.28279158043,48590.933934756,50311.5595315762,70645.1293241143
37775.0723677805,3716.00774874371,45621.2540392618,46389.1685919043,68767.9878730755
36649.4681025883,3635.38920159621,42762.6505701388,41213.9045783508,63900.632422454
34904.3223957249,3267.72281333616,39971.1307797562,36831.5989855174,57461.0393231803
34390.5067491006,3068.26975669545,37737.0197866445,34793.0252928218,56181.4807868098
33945.7241116554,3009.49478665403,36612.2023346803,33658.1046187203,55340.2648436708
33491.8671536089,2926.53006794221,35705.0063154796,32859.5324245479,54757.1419929259
33317.0187258211,2891.07859420662,35086.6015342981,32716.1585510581,54700.0451052793
33818.1344760956,3007.60820112107,36352.526027661,34315.8127894111,55854.417642967
34507.5876012077,3241.20475964959,39491.1257331933,38319.4812732898,58219.7320813741
36792.3109442072,3373.08589528902,73306.4498184619,69172.0517287083,100457.189648287
39821.8456594603,3817.89462555812,88897.759021533,81676.8810390592,109732.577683874
39874.5876433661,3579.20773505912,93870.713607361,86379.5873567252,117903.485209601
39828.0364882542,3548.80852306904,96337.8119553435,92414.4144290914,121146.072528627
41085.1814607652,3522.26967875925,99262.5985603219,96520.9658747281,129930.558590245
41386.7605678636,3499.01371284369,99654.9087124484,96458.3769011618,129552.258885554
41516.4076747712,3559.60056183963,99678.0820221018,96624.6080121845,128549.903759613
40997.6448673135,3588.83934577434,99772.0712968166,95778.6728418489,129218.839536352
40667.491236157,3634.10395433958,99029.0380119152,95650.8258930797,129884.730112964
40761.2774506633,3775.34250784984,94850.8762766965,92190.6311631862,126535.287095029
39999.7524829266,3860.73776558758,89195.5074088737,85890.3127546741,119422.759104679
40538.3409303616,3894.53492345292,86674.6467815622,80966.6539461313,111621.042671932
41610.5714222152,4031.25994726622,82065.241037979,77150.7483243152,109169.242090558
38470.3480867724,3924.51718008444,52028.0668907523,53324.4957908439,73180.9148065942
38492.4650238888,3907.28279158043,48590.933934756,50311.5595315762,70645.1293241143
37775.0723677805,3716.00774874371,45621.2540392618,46389.1685919043,68767.9878730755
36649.4681025883,3635.38920159621,42762.6505701388,41213.9045783508,63900.632422454
34904.3223957249,3267.72281333616,39971.1307797562,36831.5989855174,57461.0393231803
34390.5067491006,3068.26975669545,37737.0197866445,34793.0252928218,56181.4807868098
33945.7241116554,3009.49478665403,36612.2023346803,33658.1046187203,55340.2648436708
33491.8671536089,2926.53006794221,35705.0063154796,32859.5324245479,54757.1419929259
33317.0187258211,2891.07859420662,35086.6015342981,32716.1585510581,54700.0451052793
33818.1344760956,3007.60820112107,36352.526027661,34315.8127894111,55854.417642967
34507.5876012077,3241.20475964959,39491.1257331933,38319.4812732898,58219.7320813741
36792.3109442072,3373.08589528902,73306.4498184619,69172.0517287083,100457.189648287
39821.8456594603,3817.89462555812,88897.759021533,81676.8810390592,109732.577683874
39874.5876433661,3579.20773505912,93870.713607361,86379.5873567252,117903.485209601
39828.0364882542,3548.80852306904,96337.8119553435,92414.4144290914,121146.072528627
41085.1814607652,3522.26967875925,99262.5985603219,96520.9658747281,129930.558590245
41386.7605678636,3499.01371284369,99654.9087124484,96458.3769011618,129552.258885554
41516.4076747712,3559.60056183963,99678.0820221018,96624.6080121845,128549.903759613
40997.6448673135,3588.83934577434,99772.0712968166,95778.6728418489,129218.839536352
40667.491236157,3634.10395433958,99029.0380119152,95650.8258930797,129884.730112964
40761.2774506633,3775.34250784984,94850.8762766965,92190.6311631862,126535.287095029
39999.7524829266,3860.73776558758,89195.5074088737,85890.3127546741,119422.759104679
40538.3409303616,3894.53492345292,86674.6467815622,80966.6539461313,111621.042671932
41610.5714222152,4031.25994726622,82065.241037979,77150.7483243152,109169.242090558
38470.3480867724,3924.51718008444,52028.0668907523,53324.4957908439,73180.9148065942
38492.4650238888,3907.28279158043,48590.933934756,50311.5595315762,70645.1293241143
37775.0723677805,3716.00774874371,45621.2540392618,46389.1685919043,68767.9878730755
36649.4681025883,3635.38920159621,42762.6505701388,41213.9045783508,63900.632422454
34904.3223957249,3267.72281333616,39971.1307797562,36831.5989855174,57461.0393231803
34390.5067491006,3068.26975669545,37737.0197866445,34793.0252928218,56181.4807868098
33945.7241116554,3009.49478665403,36612.2023346803,33658.1046187203,55340.2648436708
33491.8671536089,2926.53006794221,35705.0063154796,32859.5324245479,54757.1419929259
33317.0187258211,2891.07859420662,35086.6015342981,32716.1585510581,54700.0451052793
33818.1344760956,3007.60820112107,36352.526027661,34315.8127894111,55854.417642967
34507.5876012077,3241.20475964959,39491.1257331933,38319.4812732898,58219.7320813741
36792.3109442072,3373.08589528902,73306.4498184619,69172.0517287083,100457.189648287
39821.8456594603,3817.89462555812,88897.759021533,81676.8810390592,109732.577683874
39874.5876433661,3579.20773505912,93870.713607361,86379.5873567252,117903.485209601
39828.0364882542,3548.80852306904,96337.8119553435,92414.4144290914,121146.072528627
41085.1814607652,3522.26967875925,99262.5985603219,96520.9658747281,129930.558590245
41386.7605678636,3499.01371284369,99654.9087124484,96458.3769011618,129552.258885554
41516.4076747712,3559.60056183963,99678.0820221018,96624.6080121845,128549.903759613
40997.6448673135,3588.83934577434,99772.0712968166,95778.6728418489,129218.839536352
40667.491236157,3634.10395433958,99029.0380119152,95650.8258930797,129884.730112964
40761.2774506633,3775.34250784984,94850.8762766965,92190.6311631862,126535.287095029
39999.7524829266,3860.73776558758,89195.5074088737,85890.3127546741,119422.759104679
40538.3409303616,3894.53492345292,86674.6467815622,80966.6539461313,111621.042671932
41610.5714222152,4031.25994726622,82065.241037979,77150.7483243152,109169.242090558
38470.3480867724,3924.51718008444,52028.0668907523,53324.4957908439,73180.9148065942
38492.4650238888,3907.28279158043,48590.933934756,50311.5595315762,70645.1293241143
37775.0723677805,3716.00774874371,45621.2540392618,46389.1685919043,68767.9878730755
36649.4681025883,3635.38920159621,42762.6505701388,41213.9045783508,63900.632422454
34904.3223957249,3267.72281333616,39971.1307797562,36831.5989855174,57461.0393231803
34390.5067491006,3068.26975669545,37737.0197866445,34793.0252928218,56181.4807868098
33945.7241116554,3009.49478665403,36612.2023346803,33658.1046187203,55340.2648436708
33491.8671536089,2926.53006794221,35705.0063154796,32859.5324245479,54757.1419929259
33317.0187258211,2891.07859420662,35086.6015342981,32716.1585510581,54700.0451052793
33818.1344760956,3007.60820112107,36352.526027661,34315.8127894111,55854.417642967
34507.5876012077,3241.20475964959,39491.1257331933,38319.4812732898,58219.7320813741
36792.3109442072,3373.08589528902,73306.4498184619,69172.0517287083,100457.189648287
39821.8456594603,3817.89462555812,88897.759021533,81676.8810390592,109732.577683874
39874.5876433661,3579.20773505912,93870.713607361,86379.5873567252,117903.485209601
39828.0364882542,3548.80852306904,96337.8119553435,92414.4144290914,121146.072528627
41085.1814607652,3522.26967875925,99262.5985603219,96520.9658747281,129930.558590245
41386.7605678636,3499.01371284369,99654.9087124484,96458.3769011618,129552.258885554
41516.4076747712,3559.60056183963,99678.0820221018,96624.6080121845,128549.903759613
40997.6448673135,3588.83934577434,99772.0712968166,95778.6728418489,129218.839536352
40667.491236157,3634.10395433958,99029.0380119152,95650.8258930797,129884.730112964
40761.2774506633,3775.34250784984,94850.8762766965,92190.6311631862,126535.287095029
39999.7524829266,3860.73776558758,89195.5074088737,85890.3127546741,119422.759104679
40538.3409303616,3894.53492345292,86674.6467815622,80966.6539461313,111621.042671932
41610.5714222152,4031.25994726622,82065.241037979,77150.7483243152,109169.242090558
38470.3480867724,3924.51718008444,52028.0668907523,53324.4957908439,73180.9148065942
38492.4650238888,3907.28279158043,48590.933934756,50311.5595315762,70645.1293241143
37775.0723677805,3716.00774874371,45621.2540392618,46389.1685919043,68767.9878730755
36649.4681025883,3635.38920159621,42762.6505701388,41213.9045783508,63900.632422454
34904.3223957249,3267.72281333616,39971.1307797562,36831.5989855174,57461.0393231803
34390.5067491006,3068.26975669545,37737.0197866445,34793.0252928218,56181.4807868098
33945.7241116554,3009.49478665403,36612.2023346803,33658.1046187203,55340.2648436708
33491.8671536089,2926.53006794221,35705.0063154796,32859.5324245479,54757.1419929259
33317.0187258211,2891.07859420662,35086.6015342981,32716.1585510581,54700.0451052793
33818.1344760956,3007.60820112107,36352.526027661,34315.8127894111,55854.417642967
34507.5876012077,3241.20475964959,39491.1257331933,38319.4812732898,58219.7320813741
36792.3109442072,3373.08589528902,73306.4498184619,69172.0517287083,100457.189648287
39821.8456594603,3817.89462555812,88897.759021533,81676.8810390592,109732.577683874
39874.5876433661,3579.20773505912,93870.713607361,86379.5873567252,117903.485209601
39828.0364882542,3548.80852306904,96337.8119553435,92414.4144290914,121146.072528627
41085.1814607652,3522.26967875925,99262.5985603219,96520.9658747281,129930.558590245
41386.7605678636,3499.01371284369,99654.9087124484,96458.3769011618,129552.258885554
41516.4076747712,3559.60056183963,99678.0820221018,96624.6080121845,128549.903759613
40997.6448673135,3588.83934577434,99772.0712968166,95778.6728418489,129218.839536352
40667.491236157,3634.10395433958,99029.0380119152,95650.8258930797,129884.730112964
40761.2774506633,3775.34250784984,94850.8762766965,92190.6311631862,126535.287095029
39999.7524829266,3860.73776558758,89195.5074088737,85890.3127546741,119422.759104679
40538.3409303616,3894.53492345292,86674.6467815622,80966.6539461313,111621.042671932
41610.5714222152,4031.25994726622,82065.241037979,77150.7483243152,109169.242090558
38470.3480867724,3924.51718008444,52028.0668907523,53324.4957908439,73180.9148065942
38492.4650238888,3907.28279158043,48590.933934756,50311.5595315762,70645.1293241143
37775.0723677805,3716.00774874371,45621.2540392618,46389.1685919043,68767.9878730755
36649.4681025883,3635.38920159621,42762.6505701388,41213.9045783508,63900.632422454
34904.3223957249,3267.72281333616,39971.1307797562,36831.5989855174,57461.0393231803
34390.5067491006,3068.26975669545,37737.0197866445,34793.0252928218,56181.4807868098
33945.7241116554,3009.49478665403,36612.2023346803,33658.1046187203,55340.2648436708
33491.8671536089,2926.53006794221,35705.0063154796,32859.5324245479,54757.1419929259
33317.0187258211,2891.07859420662,35086.6015342981,32716.1585510581,54700.0451052793
33818.1344760956,3007.60820112107,36352.526027661,34315.8127894111,55854.417642967
34507.5876012077,3241.20475964959,39491.1257331933,38319.4812732898,58219.7320813741
36792.3109442072,3373.08589528902,73306.4498184619,69172.0517287083,100457.189648287
39821.8456594603,3817.89462555812,88897.759021533,81676.8810390592,109732.577683874
39874.5876433661,3579.20773505912,93870.713607361,86379.5873567252,117903.485209601
39828.0364882542,3548.80852306904,96337.8119553435,92414.4144290914,121146.072528627
41085.1814607652,3522.26967875925,99262.5985603219,96520.9658747281,129930.558590245
41386.7605678636,3499.01371284369,99654.9087124484,96458.3769011618,129552.258885554
41516.4076747712,3559.60056183963,99678.0820221018,96624.6080121845,128549.903759613
40997.6448673135,3588.83934577434,99772.0712968166,95778.6728418489,129218.839536352
40667.491236157,3634.10395433958,99029.0380119152,95650.8258930797,129884.730112964
40761.2774506633,3775.34250784984,94850.8762766965,92190.6311631862,126535.287095029
39999.7524829266,3860.73776558758,89195.5074088737,85890.3127546741,119422.759104679
40538.3409303616,3894.53492345292,86674.6467815622,80966.6539461313,111621.042671932
41610.5714222152,4031.25994726622,82065.241037979,77150.7483243152,109169.242090558
38470.3480867724,3924.51718008444,52028.0668907523,53324.4957908439,73180.9148065942
38492.4650238888,3907.28279158043,48590.933934756,50311.5595315762,70645.1293241143
37775.0723677805,3716.00774874371,45621.2540392618,46389.1685919043,68767.9878730755
36649.4681025883,3635.38920159621,42762.6505701388,41213.9045783508,63900.632422454
34904.3223957249,3267.72281333616,39971.1307797562,36831.5989855174,57461.0393231803
34390.5067491006,3068.26975669545,37737.0197866445,34793.0252928218,56181.4807868098
33945.7241116554,3009.49478665403,36612.2023346803,33658.1046187203,55340.2648436708
33491.8671536089,2926.53006794221,35705.0063154796,32859.5324245479,54757.1419929259
33317.0187258211,2891.07859420662,35086.6015342981,32716.1585510581,54700.0451052793
33818.1344760956,3007.60820112107,36352.526027661,34315.8127894111,55854.417642967
34507.5876012077,3241.20475964959,39491.1257331933,38319.4812732898,58219.7320813741
36792.3109442072,3373.08589528902,73306.4498184619,69172.0517287083,100457.189648287
39821.8456594603,3817.89462555812,88897.759021533,81676.8810390592,109732.577683874
39874.5876433661,3579.20773505912,93870.713607361,86379.5873567252,117903.485209601
39828.0364882542,3548.80852306904,96337.8119553435,92414.4144290914,121146.072528627
41085.1814607652,3522.26967875925,99262.5985603219,96520.9658747281,129930.558590245
41386.7605678636,3499.01371284369,99654.9087124484,96458.3769011618,129552.258885554
41516.4076747712,3559.60056183963,99678.0820221018,96624.6080121845,128549.903759613
40997.6448673135,3588.83934577434,99772.0712968166,95778.6728418489,129218.839536352
40667.491236157,3634.10395433958,99029.0380119152,95650.8258930797,129884.730112964
40761.2774506633,3775.34250784984,94850.8762766965,92190.6311631862,126535.287095029
39999.7524829266,3860.73776558758,89195.5074088737,85890.3127546741,119422.759104679
40538.3409303616,3894.53492345292,86674.6467815622,80966.6539461313,111621.042671932
41610.5714222152,4031.25994726622,82065.241037979,77150.7483243152,109169.242090558
38470.3480867724,3924.51718008444,52028.0668907523,53324.4957908439,73180.9148065942
38492.4650238888,3907.28279158043,48590.933934756,50311.5595315762,70645.1293241143
37775.0723677805,3716.00774874371,45621.2540392618,46389.1685919043,68767.9878730755
36649.4681025883,3635.38920159621,42762.6505701388,41213.9045783508,63900.632422454
34904.3223957249,3267.72281333616,39971.1307797562,36831.5989855174,57461.0393231803
34390.5067491006,3068.26975669545,37737.0197866445,34793.0252928218,56181.4807868098
33945.7241116554,3009.49478665403,36612.2023346803,33658.1046187203,55340.2648436708
33491.8671536089,2926.53006794221,35705.0063154796,32859.5324245479,54757.1419929259
33317.0187258211,2891.07859420662,35086.6015342981,32716.1585510581,54700.0451052793
33818.1344760956,3007.60820112107,36352.526027661,34315.8127894111,55854.417642967
34507.5876012077,3241.20475964959,39491.1257331933,38319.4812732898,58219.7320813741
36792.3109442072,3373.08589528902,73306.4498184619,69172.0517287083,100457.189648287
39821.8456594603,3817.89462555812,88897.759021533,81676.8810390592,109732.577683874
39874.5876433661,3579.20773505912,93870.713607361,86379.5873567252,117903.485209601
39828.0364882542,3548.80852306904,96337.8119553435,92414.4144290914,121146.072528627
41085.1814607652,3522.26967875925,99262.5985603219,96520.9658747281,129930.558590245
41386.7605678636,3499.01371284369,99654.9087124484,96458.3769011618,129552.258885554
41516.4076747712,3559.60056183963,99678.0820221018,96624.6080121845,128549.903759613
40997.6448673135,3588.83934577434,99772.0712968166,95778.6728418489,129218.839536352
40667.491236157,3634.10395433958,99029.0380119152,95650.8258930797,129884.730112964
40761.2774506633,3775.34250784984,94850.8762766965,92190.6311631862,126535.287095029
39999.7524829266,3860.73776558758,89195.5074088737,85890.3127546741,119422.759104679
40538.3409303616,3894.53492345292,86674.6467815622,80966.6539461313,111621.042671932
41610.5714222152,4031.25994726622,82065.241037979,77150.7483243152,109169.242090558
38470.3480867724,3924.51718008444,52028.0668907523,53324.4957908439,73180.9148065942
38492.4650238888,3907.28279158043,48590.933934756,50311.5595315762,70645.1293241143
37775.0723677805,3716.00774874371,45621.2540392618,46389.1685919043,68767.9878730755
36649.4681025883,3635.38920159621,42762.6505701388,41213.9045783508,63900.632422454
34904.3223957249,3267.72281333616,39971.1307797562,36831.5989855174,57461.0393231803
34390.5067491006,3068.26975669545,37737.0197866445,34793.0252928218,56181.4807868098
33945.7241116554,3009.49478665403,36612.2023346803,33658.1046187203,55340.2648436708
33491.8671536089,2926.53006794221,35705.0063154796,32859.5324245479,54757.1419929259
33317.0187258211,2891.07859420662,35086.6015342981,32716.1585510581,54700.0451052793
33818.1344760956,3007.60820112107,36352.526027661,34315.8127894111,55854.417642967
34507.5876012077,3241.20475964959,39491.1257331933,38319.4812732898,58219.7320813741
36792.3109442072,3373.08589528902,73306.4498184619,69172.0517287083,100457.189648287
39821.8456594603,3817.89462555812,88897.759021533,81676.8810390592,109732.577683874
39874.5876433661,3579.20773505912,93870.713607361,86379.5873567252,117903.485209601
39828.0364882542,3548.80852306904,96337.8119553435,92414.4144290914,121146.072528627
41085.1814607652,3522.26967875925,99262.5985603219,96520.9658747281,129930.558590245
41386.7605678636,3499.01371284369,99654.9087124484,96458.3769011618,129552.258885554
41516.4076747712,3559.60056183963,99678.0820221018,96624.6080121845,128549.903759613
40997.6448673135,3588.83934577434,99772.0712968166,95778.6728418489,129218.839536352
40667.491236157,3634.10395433958,99029.0380119152,95650.8258930797,129884.730112964
40761.2774506633,3775.34250784984,94850.8762766965,92190.6311631862,126535.287095029
39999.7524829266,3860.73776558758,89195.5074088737,85890.3127546741,119422.759104679
40538.3409303616,3894.53492345292,86674.6467815622,80966.6539461313,111621.042671932
41610.5714222152,4031.25994726622,82065.241037979,77150.7483243152,109169.242090558
38470.3480867724,3924.51718008444,52028.0668907523,53324.4957908439,73180.9148065942
38492.4650238888,3907.28279158043,48590.933934756,50311.5595315762,70645.1293241143
37775.0723677805,3716.00774874371,45621.2540392618,46389.1685919043,68767.9878730755
36649.4681025883,3635.38920159621,42762.6505701388,41213.9045783508,63900.632422454
34904.3223957249,3267.72281333616,39971.1307797562,36831.5989855174,57461.0393231803
34390.5067491006,3068.26975669545,37737.0197866445,34793.0252928218,56181.4807868098
33945.7241116554,3009.49478665403,36612.2023346803,33658.1046187203,55340.2648436708
33491.8671536089,2926.53006794221,35705.0063154796,32859.5324245479,54757.1419929259
33317.0187258211,2891.07859420662,35086.6015342981,32716.1585510581,54700.0451052793
33818.1344760956,3007.60820112107,36352.526027661,34315.8127894111,55854.417642967
34507.5876012077,3241.20475964959,39491.1257331933,38319.4812732898,58219.7320813741
36792.3109442072,3373.08589528902,73306.4498184619,69172.0517287083,100457.189648287
39821.8456594603,3817.89462555812,88897.759021533,81676.8810390592,109732.577683874
39874.5876433661,3579.20773505912,93870.713607361,86379.5873567252,117903.485209601
39828.0364882542,3548.80852306904,96337.8119553435,92414.4144290914,121146.072528627
41085.1814607652,3522.26967875925,99262.5985603219,96520.9658747281,129930.558590245
41386.7605678636,3499.01371284369,99654.9087124484,96458.3769011618,129552.258885554
41516.4076747712,3559.60056183963,99678.0820221018,96624.6080121845,128549.903759613
40997.6448673135,3588.83934577434,99772.0712968166,95778.6728418489,129218.839536352
40667.491236157,3634.10395433958,99029.0380119152,95650.8258930797,129884.730112964
40761.2774506633,3775.34250784984,94850.8762766965,92190.6311631862,126535.287095029
39999.7524829266,3860.73776558758,89195.5074088737,85890.3127546741,119422.759104679
40538.3409303616,3894.53492345292,86674.6467815622,80966.6539461313,111621.042671932
41610.5714222152,4031.25994726622,82065.241037979,77150.7483243152,109169.242090558
38470.3480867724,3924.51718008444,52028.0668907523,53324.4957908439,73180.9148065942
38492.4650238888,3907.28279158043,48590.933934756,50311.5595315762,70645.1293241143
37775.0723677805,3716.00774874371,45621.2540392618,46389.1685919043,68767.9878730755
36649.4681025883,3635.38920159621,42762.6505701388,41213.9045783508,63900.632422454
34904.3223957249,3267.72281333616,39971.1307797562,36831.5989855174,57461.0393231803
34390.5067491006,3068.26975669545,37737.0197866445,34793.0252928218,56181.4807868098
33945.7241116554,3009.49478665403,36612.2023346803,33658.1046187203,55340.2648436708
33491.8671536089,2926.53006794221,35705.0063154796,32859.5324245479,54757.1419929259
33317.0187258211,2891.07859420662,35086.6015342981,32716.1585510581,54700.0451052793
33818.1344760956,3007.60820112107,36352.526027661,34315.8127894111,55854.417642967
34507.5876012077,3241.20475964959,39491.1257331933,38319.4812732898,58219.7320813741
36792.3109442072,3373.08589528902,73306.4498184619,69172.0517287083,100457.189648287
39821.8456594603,3817.89462555812,88897.759021533,81676.8810390592,109732.577683874
39874.5876433661,3579.20773505912,93870.713607361,86379.5873567252,117903.485209601
39828.0364882542,3548.80852306904,96337.8119553435,92414.4144290914,121146.072528627
41085.1814607652,3522.26967875925,99262.5985603219,96520.9658747281,129930.558590245
41386.7605678636,3499.01371284369,99654.9087124484,96458.3769011618,129552.258885554
41516.4076747712,3559.60056183963,99678.0820221018,96624.6080121845,128549.903759613
40997.6448673135,3588.83934577434,99772.0712968166,95778.6728418489,129218.839536352
40667.491236157,3634.10395433958,99029.0380119152,95650.8258930797,129884.730112964
40761.2774506633,3775.34250784984,94850.8762766965,92190.6311631862,126535.287095029
39999.7524829266,3860.73776558758,89195.5074088737,85890.3127546741,119422.759104679
40538.3409303616,3894.53492345292,86674.6467815622,80966.6539461313,111621.042671932
41610.5714222152,4031.25994726622,82065.241037979,77150.7483243152,109169.242090558
38470.3480867724,3924.51718008444,52028.0668907523,53324.4957908439,73180.9148065942
38492.4650238888,3907.28279158043,48590.933934756,50311.5595315762,70645.1293241143
37775.0723677805,3716.00774874371,45621.2540392618,46389.1685919043,68767.9878730755
36649.4681025883,3635.38920159621,42762.6505701388,41213.9045783508,63900.632422454
34904.3223957249,3267.72281333616,39971.1307797562,36831.5989855174,57461.0393231803
34390.5067491006,3068.26975669545,37737.0197866445,34793.0252928218,56181.4807868098
33945.7241116554,3009.49478665403,36612.2023346803,33658.1046187203,55340.2648436708
33491.8671536089,2926.53006794221,35705.0063154796,32859.5324245479,54757.1419929259
33317.0187258211,2891.07859420662,35086.6015342981,32716.1585510581,54700.0451052793
33818.1344760956,3007.60820112107,36352.526027661,34315.8127894111,55854.417642967
34507.5876012077,3241.20475964959,39491.1257331933,38319.4812732898,58219.7320813741
36792.3109442072,3373.08589528902,73306.4498184619,69172.0517287083,100457.189648287
39821.8456594603,3817.89462555812,88897.759021533,81676.8810390592,109732.577683874
39874.5876433661,3579.20773505912,93870.713607361,86379.5873567252,117903.485209601
39828.0364882542,3548.80852306904,96337.8119553435,92414.4144290914,121146.072528627
41085.1814607652,3522.26967875925,99262.5985603219,96520.9658747281,129930.558590245
41386.7605678636,3499.01371284369,99654.9087124484,96458.3769011618,129552.258885554
41516.4076747712,3559.60056183963,99678.0820221018,96624.6080121845,128549.903759613
40997.6448673135,3588.83934577434,99772.0712968166,95778.6728418489,129218.839536352
40667.491236157,3634.10395433958,99029.0380119152,95650.8258930797,129884.730112964
40761.2774506633,3775.34250784984,94850.8762766965,92190.6311631862,126535.287095029
39999.7524829266,3860.73776558758,89195.5074088737,85890.3127546741,119422.759104679
40538.3409303616,3894.53492345292,86674.6467815622,80966.6539461313,111621.042671932
41610.5714222152,4031.25994726622,82065.241037979,77150.7483243152,109169.242090558
38470.3480867724,3924.51718008444,52028.0668907523,53324.4957908439,73180.9148065942
38492.4650238888,3907.28279158043,48590.933934756,50311.5595315762,70645.1293241143
37775.0723677805,3716.00774874371,45621.2540392618,46389.1685919043,68767.9878730755
36649.4681025883,3635.38920159621,42762.6505701388,41213.9045783508,63900.632422454
34904.3223957249,3267.72281333616,39971.1307797562,36831.5989855174,57461.0393231803
34390.5067491006,3068.26975669545,37737.0197866445,34793.0252928218,56181.4807868098
33945.7241116554,3009.49478665403,36612.2023346803,33658.1046187203,55340.2648436708
33491.8671536089,2926.53006794221,35705.0063154796,32859.5324245479,54757.1419929259
33317.0187258211,2891.07859420662,35086.6015342981,32716.1585510581,54700.0451052793
33818.1344760956,3007.60820112107,36352.526027661,34315.8127894111,55854.417642967
34507.5876012077,3241.20475964959,39491.1257331933,38319.4812732898,58219.7320813741
36792.3109442072,3373.08589528902,73306.4498184619,69172.0517287083,100457.189648287
39821.8456594603,3817.89462555812,88897.759021533,81676.8810390592,109732.577683874
39874.5876433661,3579.20773505912,93870.713607361,86379.5873567252,117903.485209601
39828.0364882542,3548.80852306904,96337.8119553435,92414.4144290914,121146.072528627
41085.1814607652,3522.26967875925,99262.5985603219,96520.9658747281,129930.558590245
41386.7605678636,3499.01371284369,99654.9087124484,96458.3769011618,129552.258885554
41516.4076747712,3559.60056183963,99678.0820221018,96624.6080121845,128549.903759613
40997.6448673135,3588.83934577434,99772.0712968166,95778.6728418489,129218.839536352
40667.491236157,3634.10395433958,99029.0380119152,95650.8258930797,129884.730112964
40761.2774506633,3775.34250784984,94850.8762766965,92190.6311631862,126535.287095029
39999.7524829266,3860.73776558758,89195.5074088737,85890.3127546741,119422.759104679
40538.3409303616,3894.53492345292,86674.6467815622,80966.6539461313,111621.042671932
41610.5714222152,4031.25994726622,82065.241037979,77150.7483243152,109169.242090558
38470.3480867724,3924.51718008444,52028.0668907523,53324.4957908439,73180.9148065942
38492.4650238888,3907.28279158043,48590.933934756,50311.5595315762,70645.1293241143
37775.0723677805,3716.00774874371,45621.2540392618,46389.1685919043,68767.9878730755
36649.4681025883,3635.38920159621,42762.6505701388,41213.9045783508,63900.632422454
34904.3223957249,3267.72281333616,39971.1307797562,36831.5989855174,57461.0393231803
34390.5067491006,3068.26975669545,37737.0197866445,34793.0252928218,56181.4807868098
33945.7241116554,3009.49478665403,36612.2023346803,33658.1046187203,55340.2648436708
33491.8671536089,2926.53006794221,35705.0063154796,32859.5324245479,54757.1419929259
33317.0187258211,2891.07859420662,35086.6015342981,32716.1585510581,54700.0451052793
33818.1344760956,3007.60820112107,36352.526027661,34315.8127894111,55854.417642967
34507.5876012077,3241.20475964959,39491.1257331933,38319.4812732898,58219.7320813741
36792.3109442072,3373.08589528902,73306.4498184619,69172.0517287083,100457.189648287
39821.8456594603,3817.89462555812,88897.759021533,81676.8810390592,109732.577683874
39874.5876433661,3579.20773505912,93870.713607361,86379.5873567252,117903.485209601
39828.0364882542,3548.80852306904,96337.8119553435,92414.4144290914,121146.072528627
41085.1814607652,3522.26967875925,99262.5985603219,96520.9658747281,129930.558590245
41386.7605678636,3499.01371284369,99654.9087124484,96458.3769011618,129552.258885554
41516.4076747712,3559.60056183963,99678.0820221018,96624.6080121845,128549.903759613
40997.6448673135,3588.83934577434,99772.0712968166,95778.6728418489,129218.839536352
40667.491236157,3634.10395433958,99029.0380119152,95650.8258930797,129884.730112964
40761.2774506633,3775.34250784984,94850.8762766965,92190.6311631862,126535.287095029
39999.7524829266,3860.73776558758,89195.5074088737,85890.3127546741,119422.759104679
40538.3409303616,3894.53492345292,86674.6467815622,80966.6539461313,111621.042671932
41610.5714222152,4031.25994726622,82065.241037979,77150.7483243152,109169.242090558
38470.3480867724,3924.51718008444,52028.0668907523,53324.4957908439,73180.9148065942
38492.4650238888,3907.28279158043,48590.933934756,50311.5595315762,70645.1293241143
37775.0723677805,3716.00774874371,45621.2540392618,46389.1685919043,68767.9878730755
36649.4681025883,3635.38920159621,42762.6505701388,41213.9045783508,63900.632422454
34904.3223957249,3267.72281333616,39971.1307797562,36831.5989855174,57461.0393231803
34390.5067491006,3068.26975669545,37737.0197866445,34793.0252928218,56181.4807868098
33945.7241116554,3009.49478665403,36612.2023346803,33658.1046187203,55340.2648436708
33491.8671536089,2926.53006794221,35705.0063154796,32859.5324245479,54757.1419929259
33317.0187258211,2891.07859420662,35086.6015342981,32716.1585510581,54700.0451052793
33818.1344760956,3007.60820112107,36352.526027661,34315.8127894111,55854.417642967
34507.5876012077,3241.20475964959,39491.1257331933,38319.4812732898,58219.7320813741
36792.3109442072,3373.08589528902,73306.4498184619,69172.0517287083,100457.189648287
39821.8456594603,3817.89462555812,88897.759021533,81676.8810390592,109732.577683874
39874.5876433661,3579.20773505912,93870.713607361,86379.5873567252,117903.485209601
39828.0364882542,3548.80852306904,96337.8119553435,92414.4144290914,121146.072528627
41085.1814607652,3522.26967875925,99262.5985603219,96520.9658747281,129930.558590245
41386.7605678636,3499.01371284369,99654.9087124484,96458.3769011618,129552.258885554
41516.4076747712,3559.60056183963,99678.0820221018,96624.6080121845,128549.903759613
40997.6448673135,3588.83934577434,99772.0712968166,95778.6728418489,129218.839536352
40667.491236157,3634.10395433958,99029.0380119152,95650.8258930797,129884.730112964
40761.2774506633,3775.34250784984,94850.8762766965,92190.6311631862,126535.287095029
39999.7524829266,3860.73776558758,89195.5074088737,85890.3127546741,119422.759104679
40538.3409303616,3894.53492345292,86674.6467815622,80966.6539461313,111621.042671932
41610.5714222152,4031.25994726622,82065.241037979,77150.7483243152,109169.242090558
38470.3480867724,3924.51718008444,52028.0668907523,53324.4957908439,73180.9148065942
38492.4650238888,3907.28279158043,48590.933934756,50311.5595315762,70645.1293241143
37775.0723677805,3716.00774874371,45621.2540392618,46389.1685919043,68767.9878730755
36649.4681025883,3635.38920159621,42762.6505701388,41213.9045783508,63900.632422454
34904.3223957249,3267.72281333616,39971.1307797562,36831.5989855174,57461.0393231803
34390.5067491006,3068.26975669545,37737.0197866445,34793.0252928218,56181.4807868098
33945.7241116554,3009.49478665403,36612.2023346803,33658.1046187203,55340.2648436708
33491.8671536089,2926.53006794221,35705.0063154796,32859.5324245479,54757.1419929259
33317.0187258211,2891.07859420662,35086.6015342981,32716.1585510581,54700.0451052793
33818.1344760956,3007.60820112107,36352.526027661,34315.8127894111,55854.417642967
34507.5876012077,3241.20475964959,39491.1257331933,38319.4812732898,58219.7320813741
36792.3109442072,3373.08589528902,73306.4498184619,69172.0517287083,100457.189648287
39821.8456594603,3817.89462555812,88897.759021533,81676.8810390592,109732.577683874
39874.5876433661,3579.20773505912,93870.713607361,86379.5873567252,117903.485209601
39828.0364882542,3548.80852306904,96337.8119553435,92414.4144290914,121146.072528627
41085.1814607652,3522.26967875925,99262.5985603219,96520.9658747281,129930.558590245
41386.7605678636,3499.01371284369,99654.9087124484,96458.3769011618,129552.258885554
41516.4076747712,3559.60056183963,99678.0820221018,96624.6080121845,128549.903759613
40997.6448673135,3588.83934577434,99772.0712968166,95778.6728418489,129218.839536352
40667.491236157,3634.10395433958,99029.0380119152,95650.8258930797,129884.730112964
40761.2774506633,3775.34250784984,94850.8762766965,92190.6311631862,126535.287095029
39999.7524829266,3860.73776558758,89195.5074088737,85890.3127546741,119422.759104679
40538.3409303616,3894.53492345292,86674.6467815622,80966.6539461313,111621.042671932
41610.5714222152,4031.25994726622,82065.241037979,77150.7483243152,109169.242090558
38470.3480867724,3924.51718008444,52028.0668907523,53324.4957908439,73180.9148065942
38492.4650238888,3907.28279158043,48590.933934756,50311.5595315762,70645.1293241143
37775.0723677805,3716.00774874371,45621.2540392618,46389.1685919043,68767.9878730755
36649.4681025883,3635.38920159621,42762.6505701388,41213.9045783508,63900.632422454
34904.3223957249,3267.72281333616,39971.1307797562,36831.5989855174,57461.0393231803
34390.5067491006,3068.26975669545,37737.0197866445,34793.0252928218,56181.4807868098
33945.7241116554,3009.49478665403,36612.2023346803,33658.1046187203,55340.2648436708
33491.8671536089,2926.53006794221,35705.0063154796,32859.5324245479,54757.1419929259
33317.0187258211,2891.07859420662,35086.6015342981,32716.1585510581,54700.0451052793
33818.1344760956,3007.60820112107,36352.526027661,34315.8127894111,55854.417642967
34507.5876012077,3241.20475964959,39491.1257331933,38319.4812732898,58219.7320813741
36792.3109442072,3373.08589528902,73306.4498184619,69172.0517287083,100457.189648287
39821.8456594603,3817.89462555812,88897.759021533,81676.8810390592,109732.577683874
39874.5876433661,3579.20773505912,93870.713607361,86379.5873567252,117903.485209601
39828.0364882542,3548.80852306904,96337.8119553435,92414.4144290914,121146.072528627
41085.1814607652,3522.26967875925,99262.5985603219,96520.9658747281,129930.558590245
41386.7605678636,3499.01371284369,99654.9087124484,96458.3769011618,129552.258885554
41516.4076747712,3559.60056183963,99678.0820221018,96624.6080121845,128549.903759613
40997.6448673135,3588.83934577434,99772.0712968166,95778.6728418489,129218.839536352
40667.491236157,3634.10395433958,99029.0380119152,95650.8258930797,129884.730112964
40761.2774506633,3775.34250784984,94850.8762766965,92190.6311631862,126535.287095029
39999.7524829266,3860.73776558758,89195.5074088737,85890.3127546741,119422.759104679
40538.3409303616,3894.53492345292,86674.6467815622,80966.6539461313,111621.042671932
41610.5714222152,4031.25994726622,82065.241037979,77150.7483243152,109169.242090558
38470.3480867724,3924.51718008444,52028.0668907523,53324.4957908439,73180.9148065942
38492.4650238888,3907.28279158043,48590.933934756,50311.5595315762,70645.1293241143
37775.0723677805,3716.00774874371,45621.2540392618,46389.1685919043,68767.9878730755
36649.4681025883,3635.38920159621,42762.6505701388,41213.9045783508,63900.632422454
34904.3223957249,3267.72281333616,39971.1307797562,36831.5989855174,57461.0393231803
34390.5067491006,3068.26975669545,37737.0197866445,34793.0252928218,56181.4807868098
33945.7241116554,3009.49478665403,36612.2023346803,33658.1046187203,55340.2648436708
33491.8671536089,2926.53006794221,35705.0063154796,32859.5324245479,54757.1419929259
33317.0187258211,2891.07859420662,35086.6015342981,32716.1585510581,54700.0451052793
33818.1344760956,3007.60820112107,36352.526027661,34315.8127894111,55854.417642967
34507.5876012077,3241.20475964959,39491.1257331933,38319.4812732898,58219.7320813741
36792.3109442072,3373.08589528902,73306.4498184619,69172.0517287083,100457.189648287
39821.8456594603,3817.89462555812,88897.759021533,81676.8810390592,109732.577683874
39874.5876433661,3579.20773505912,93870.713607361,86379.5873567252,117903.485209601
39828.0364882542,3548.80852306904,96337.8119553435,92414.4144290914,121146.072528627
41085.1814607652,3522.26967875925,99262.5985603219,96520.9658747281,129930.558590245
41386.7605678636,3499.01371284369,99654.9087124484,96458.3769011618,129552.258885554
41516.4076747712,3559.60056183963,99678.0820221018,96624.6080121845,128549.903759613
40997.6448673135,3588.83934577434,99772.0712968166,95778.6728418489,129218.839536352
40667.491236157,3634.10395433958,99029.0380119152,95650.8258930797,129884.730112964
40761.2774506633,3775.34250784984,94850.8762766965,92190.6311631862,126535.287095029
39999.7524829266,3860.73776558758,89195.5074088737,85890.3127546741,119422.759104679
40538.3409303616,3894.53492345292,86674.6467815622,80966.6539461313,111621.042671932
41610.5714222152,4031.25994726622,82065.241037979,77150.7483243152,109169.242090558
38470.3480867724,3924.51718008444,52028.0668907523,53324.4957908439,73180.9148065942
38492.4650238888,3907.28279158043,48590.933934756,50311.5595315762,70645.1293241143
37775.0723677805,3716.00774874371,45621.2540392618,46389.1685919043,68767.9878730755
36649.4681025883,3635.38920159621,42762.6505701388,41213.9045783508,63900.632422454
34904.3223957249,3267.72281333616,39971.1307797562,36831.5989855174,57461.0393231803
34390.5067491006,3068.26975669545,37737.0197866445,34793.0252928218,56181.4807868098
33945.7241116554,3009.49478665403,36612.2023346803,33658.1046187203,55340.2648436708
33491.8671536089,2926.53006794221,35705.0063154796,32859.5324245479,54757.1419929259
33317.0187258211,2891.07859420662,35086.6015342981,32716.1585510581,54700.0451052793
33818.1344760956,3007.60820112107,36352.526027661,34315.8127894111,55854.417642967
34507.5876012077,3241.20475964959,39491.1257331933,38319.4812732898,58219.7320813741
36792.3109442072,3373.08589528902,73306.4498184619,69172.0517287083,100457.189648287
39821.8456594603,3817.89462555812,88897.759021533,81676.8810390592,109732.577683874
39874.5876433661,3579.20773505912,93870.713607361,86379.5873567252,117903.485209601
39828.0364882542,3548.80852306904,96337.8119553435,92414.4144290914,121146.072528627
41085.1814607652,3522.26967875925,99262.5985603219,96520.9658747281,129930.558590245
41386.7605678636,3499.01371284369,99654.9087124484,96458.3769011618,129552.258885554
41516.4076747712,3559.60056183963,99678.0820221018,96624.6080121845,128549.903759613
40997.6448673135,3588.83934577434,99772.0712968166,95778.6728418489,129218.839536352
40667.491236157,3634.10395433958,99029.0380119152,95650.8258930797,129884.730112964
40761.2774506633,3775.34250784984,94850.8762766965,92190.6311631862,126535.287095029
39999.7524829266,3860.73776558758,89195.5074088737,85890.3127546741,119422.759104679
40538.3409303616,3894.53492345292,86674.6467815622,80966.6539461313,111621.042671932
41610.5714222152,4031.25994726622,82065.241037979,77150.7483243152,109169.242090558
38470.3480867724,3924.51718008444,52028.0668907523,53324.4957908439,73180.9148065942
38492.4650238888,3907.28279158043,48590.933934756,50311.5595315762,70645.1293241143
37775.0723677805,3716.00774874371,45621.2540392618,46389.1685919043,68767.9878730755
36649.4681025883,3635.38920159621,42762.6505701388,41213.9045783508,63900.632422454
34904.3223957249,3267.72281333616,39971.1307797562,36831.5989855174,57461.0393231803
34390.5067491006,3068.26975669545,37737.0197866445,34793.0252928218,56181.4807868098
33945.7241116554,3009.49478665403,36612.2023346803,33658.1046187203,55340.2648436708
33491.8671536089,2926.53006794221,35705.0063154796,32859.5324245479,54757.1419929259
33317.0187258211,2891.07859420662,35086.6015342981,32716.1585510581,54700.0451052793
33818.1344760956,3007.60820112107,36352.526027661,34315.8127894111,55854.417642967
34507.5876012077,3241.20475964959,39491.1257331933,38319.4812732898,58219.7320813741
36792.3109442072,3373.08589528902,73306.4498184619,69172.0517287083,100457.189648287
39821.8456594603,3817.89462555812,88897.759021533,81676.8810390592,109732.577683874
39874.5876433661,3579.20773505912,93870.713607361,86379.5873567252,117903.485209601
39828.0364882542,3548.80852306904,96337.8119553435,92414.4144290914,121146.072528627
41085.1814607652,3522.26967875925,99262.5985603219,96520.9658747281,129930.558590245
41386.7605678636,3499.01371284369,99654.9087124484,96458.3769011618,129552.258885554
41516.4076747712,3559.60056183963,99678.0820221018,96624.6080121845,128549.903759613
40997.6448673135,3588.83934577434,99772.0712968166,95778.6728418489,129218.839536352
40667.491236157,3634.10395433958,99029.0380119152,95650.8258930797,129884.730112964
40761.2774506633,3775.34250784984,94850.8762766965,92190.6311631862,126535.287095029
39999.7524829266,3860.73776558758,89195.5074088737,85890.3127546741,119422.759104679
40538.3409303616,3894.53492345292,86674.6467815622,80966.6539461313,111621.042671932
41610.5714222152,4031.25994726622,82065.241037979,77150.7483243152,109169.242090558
38470.3480867724,3924.51718008444,52028.0668907523,53324.4957908439,73180.9148065942
38492.4650238888,3907.28279158043,48590.933934756,50311.5595315762,70645.1293241143
37775.0723677805,3716.00774874371,45621.2540392618,46389.1685919043,68767.9878730755
36649.4681025883,3635.38920159621,42762.6505701388,41213.9045783508,63900.632422454
34904.3223957249,3267.72281333616,39971.1307797562,36831.5989855174,57461.0393231803
34390.5067491006,3068.26975669545,37737.0197866445,34793.0252928218,56181.4807868098
33945.7241116554,3009.49478665403,36612.2023346803,33658.1046187203,55340.2648436708
33491.8671536089,2926.53006794221,35705.0063154796,32859.5324245479,54757.1419929259
33317.0187258211,2891.07859420662,35086.6015342981,32716.1585510581,54700.0451052793
33818.1344760956,3007.60820112107,36352.526027661,34315.8127894111,55854.417642967
34507.5876012077,3241.20475964959,39491.1257331933,38319.4812732898,58219.7320813741
36792.3109442072,3373.08589528902,73306.4498184619,69172.0517287083,100457.189648287
39821.8456594603,3817.89462555812,88897.759021533,81676.8810390592,109732.577683874
39874.5876433661,3579.20773505912,93870.713607361,86379.5873567252,117903.485209601
39828.0364882542,3548.80852306904,96337.8119553435,92414.4144290914,121146.072528627
41085.1814607652,3522.26967875925,99262.5985603219,96520.9658747281,129930.558590245
41386.7605678636,3499.01371284369,99654.9087124484,96458.3769011618,129552.258885554
41516.4076747712,3559.60056183963,99678.0820221018,96624.6080121845,128549.903759613
40997.6448673135,3588.83934577434,99772.0712968166,95778.6728418489,129218.839536352
40667.491236157,3634.10395433958,99029.0380119152,95650.8258930797,129884.730112964
40761.2774506633,3775.34250784984,94850.8762766965,92190.6311631862,126535.287095029
39999.7524829266,3860.73776558758,89195.5074088737,85890.3127546741,119422.759104679
40538.3409303616,3894.53492345292,86674.6467815622,80966.6539461313,111621.042671932
41610.5714222152,4031.25994726622,82065.241037979,77150.7483243152,109169.242090558
38470.3480867724,3924.51718008444,52028.0668907523,53324.4957908439,73180.9148065942
38492.4650238888,3907.28279158043,48590.933934756,50311.5595315762,70645.1293241143
37775.0723677805,3716.00774874371,45621.2540392618,46389.1685919043,68767.9878730755
36649.4681025883,3635.38920159621,42762.6505701388,41213.9045783508,63900.632422454
34904.3223957249,3267.72281333616,39971.1307797562,36831.5989855174,57461.0393231803
34390.5067491006,3068.26975669545,37737.0197866445,34793.0252928218,56181.4807868098
33945.7241116554,3009.49478665403,36612.2023346803,33658.1046187203,55340.2648436708
33491.8671536089,2926.53006794221,35705.0063154796,32859.5324245479,54757.1419929259
33317.0187258211,2891.07859420662,35086.6015342981,32716.1585510581,54700.0451052793
33818.1344760956,3007.60820112107,36352.526027661,34315.8127894111,55854.417642967
34507.5876012077,3241.20475964959,39491.1257331933,38319.4812732898,58219.7320813741
36792.3109442072,3373.08589528902,73306.4498184619,69172.0517287083,100457.189648287
39821.8456594603,3817.89462555812,88897.759021533,81676.8810390592,109732.577683874
39874.5876433661,3579.20773505912,93870.713607361,86379.5873567252,117903.485209601
39828.0364882542,3548.80852306904,96337.8119553435,92414.4144290914,121146.072528627
41085.1814607652,3522.26967875925,99262.5985603219,96520.9658747281,129930.558590245
41386.7605678636,3499.01371284369,99654.9087124484,96458.3769011618,129552.258885554
41516.4076747712,3559.60056183963,99678.0820221018,96624.6080121845,128549.903759613
40997.6448673135,3588.83934577434,99772.0712968166,95778.6728418489,129218.839536352
40667.491236157,3634.10395433958,99029.0380119152,95650.8258930797,129884.730112964
40761.2774506633,3775.34250784984,94850.8762766965,92190.6311631862,126535.287095029
39999.7524829266,3860.73776558758,89195.5074088737,85890.3127546741,119422.759104679
40538.3409303616,3894.53492345292,86674.6467815622,80966.6539461313,111621.042671932
41610.5714222152,4031.25994726622,82065.241037979,77150.7483243152,109169.242090558
38470.3480867724,3924.51718008444,52028.0668907523,53324.4957908439,73180.9148065942
38492.4650238888,3907.28279158043,48590.933934756,50311.5595315762,70645.1293241143
37775.0723677805,3716.00774874371,45621.2540392618,46389.1685919043,68767.9878730755
36649.4681025883,3635.38920159621,42762.6505701388,41213.9045783508,63900.632422454
34904.3223957249,3267.72281333616,39971.1307797562,36831.5989855174,57461.0393231803
33152.3431767934,3104.95309200874,33986.9301238527,32088.9511354898,53484.3557239065
32753.7246951947,3025.14225156889,31933.7305579244,30491.7497641351,53155.9726526477
32359.4331271472,2938.85069655146,30804.453051646,29782.4943453078,52500.0773992429
32262.581767045,2902.42490008145,30265.8646476102,29863.5884194895,52399.151818579
32848.827577948,3004.63411904674,32580.2881393491,32605.7453729628,53898.408439091
33644.2210417608,3203.22666354761,38773.9274303401,38136.5608669501,57437.826638204
37776.7551250759,3443.61838396204,81226.4027973158,77297.2942311252,107224.558574013
40432.3545771364,3796.89460004181,96872.2421063073,92511.2829465198,118458.023764187
40671.842920573,3575.03232123487,103767.04000331,97569.7226495541,128568.428428893
40585.9222076125,3492.77010999351,108869.535382945,104228.329472552,134851.372922063
41246.3031876977,3230.71632218643,111354.429256157,105754.707860191,140119.424750213
41433.8673793656,3151.7826737642,111228.865920184,105377.713761719,139152.617621174
41716.69526475,3194.91186601401,109939.265387703,105045.061896059,137750.075081212
41467.9645897736,3305.30469068441,106113.801972294,103024.976791384,137509.767763368
40778.6287753188,3342.01200220743,103888.805204062,102458.109192661,138165.905858345
40385.3694842886,3451.90607325978,97747.7516861645,98138.5103375933,134059.135582091
39447.9790387941,3685.32934378919,92600.7088031087,90977.0456235561,126439.36924327
40199.4217650569,3862.86211414612,91326.24778035,83970.7813812817,117217.490456242
40672.2444895142,4027.04625687176,90857.5952883792,79033.2373693869,112070.072171696
37678.8652646013,4022.07843968984,54594.353014186,50750.9423028607,75328.9246438812
37423.8687037377,3999.77772790261,50310.5157013523,48021.3166282637,71343.1317328381
36695.5006027656,3827.65092238208,45370.0143151428,44802.3513547321,68806.0402370358
35740.89855465,3744.25025927166,41050.5922432094,39026.6398733842,64322.9428250751
33950.7111811106,3341.81370821669,37751.1098186249,34864.8174316781,54736.007003686
33152.3431767934,3104.95309200874,33986.9301238527,32088.9511354898,53484.3557239065
32753.7246951947,3025.14225156889,31933.7305579244,30491.7497641351,53155.9726526477
32359.4331271472,2938.85069655146,30804.453051646,29782.4943453078,52500.0773992429
32262.581767045,2902.42490008145,30265.8646476102,29863.5884194895,52399.151818579
32848.827577948,3004.63411904674,32580.2881393491,32605.7453729628,53898.408439091
33644.2210417608,3203.22666354761,38773.9274303401,38136.5608669501,57437.826638204
37776.7551250759,3443.61838396204,81226.4027973158,77297.2942311252,107224.558574013
40432.3545771364,3796.89460004181,96872.2421063073,92511.2829465198,118458.023764187
40671.842920573,3575.03232123487,103767.04000331,97569.7226495541,128568.428428893
40585.9222076125,3492.77010999351,108869.535382945,104228.329472552,134851.372922063
41246.3031876977,3230.71632218643,111354.429256157,105754.707860191,140119.424750213
41433.8673793656,3151.7826737642,111228.865920184,105377.713761719,139152.617621174
41716.69526475,3194.91186601401,109939.265387703,105045.061896059,137750.075081212
41467.9645897736,3305.30469068441,106113.801972294,103024.976791384,137509.767763368
40778.6287753188,3342.01200220743,103888.805204062,102458.109192661,138165.905858345
40385.3694842886,3451.90607325978,97747.7516861645,98138.5103375933,134059.135582091
39447.9790387941,3685.32934378919,92600.7088031087,90977.0456235561,126439.36924327
40199.4217650569,3862.86211414612,91326.24778035,83970.7813812817,117217.490456242
40672.2444895142,4027.04625687176,90857.5952883792,79033.2373693869,112070.072171696
37678.8652646013,4022.07843968984,54594.353014186,50750.9423028607,75328.9246438812
37423.8687037377,3999.77772790261,50310.5157013523,48021.3166282637,71343.1317328381
36695.5006027656,3827.65092238208,45370.0143151428,44802.3513547321,68806.0402370358
35740.89855465,3744.25025927166,41050.5922432094,39026.6398733842,64322.9428250751
33950.7111811106,3341.81370821669,37751.1098186249,34864.8174316781,54736.007003686
33152.3431767934,3104.95309200874,33986.9301238527,32088.9511354898,53484.3557239065
32753.7246951947,3025.14225156889,31933.7305579244,30491.7497641351,53155.9726526477
32359.4331271472,2938.85069655146,30804.453051646,29782.4943453078,52500.0773992429
32262.581767045,2902.42490008145,30265.8646476102,29863.5884194895,52399.151818579
32848.827577948,3004.63411904674,32580.2881393491,32605.7453729628,53898.408439091
33644.2210417608,3203.22666354761,38773.9274303401,38136.5608669501,57437.826638204
37776.7551250759,3443.61838396204,81226.4027973158,77297.2942311252,107224.558574013
40432.3545771364,3796.89460004181,96872.2421063073,92511.2829465198,118458.023764187
40671.842920573,3575.03232123487,103767.04000331,97569.7226495541,128568.428428893
40585.9222076125,3492.77010999351,108869.535382945,104228.329472552,134851.372922063
41246.3031876977,3230.71632218643,111354.429256157,105754.707860191,140119.424750213
41433.8673793656,3151.7826737642,111228.865920184,105377.713761719,139152.617621174
41716.69526475,3194.91186601401,109939.265387703,105045.061896059,137750.075081212
41467.9645897736,3305.30469068441,106113.801972294,103024.976791384,137509.767763368
40778.6287753188,3342.01200220743,103888.805204062,102458.109192661,138165.905858345
40385.3694842886,3451.90607325978,97747.7516861645,98138.5103375933,134059.135582091
39447.9790387941,3685.32934378919,92600.7088031087,90977.0456235561,126439.36924327
40199.4217650569,3862.86211414612,91326.24778035,83970.7813812817,117217.490456242
40672.2444895142,4027.04625687176,90857.5952883792,79033.2373693869,112070.072171696
37678.8652646013,4022.07843968984,54594.353014186,50750.9423028607,75328.9246438812
37423.8687037377,3999.77772790261,50310.5157013523,48021.3166282637,71343.1317328381
36695.5006027656,3827.65092238208,45370.0143151428,44802.3513547321,68806.0402370358
35740.89855465,3744.25025927166,41050.5922432094,39026.6398733842,64322.9428250751
33950.7111811106,3341.81370821669,37751.1098186249,34864.8174316781,54736.007003686
33152.3431767934,3104.95309200874,33986.9301238527,32088.9511354898,53484.3557239065
32753.7246951947,3025.14225156889,31933.7305579244,30491.7497641351,53155.9726526477
32359.4331271472,2938.85069655146,30804.453051646,29782.4943453078,52500.0773992429
32262.581767045,2902.42490008145,30265.8646476102,29863.5884194895,52399.151818579
32848.827577948,3004.63411904674,32580.2881393491,32605.7453729628,53898.408439091
33644.2210417608,3203.22666354761,38773.9274303401,38136.5608669501,57437.826638204
37776.7551250759,3443.61838396204,81226.4027973158,77297.2942311252,107224.558574013
40432.3545771364,3796.89460004181,96872.2421063073,92511.2829465198,118458.023764187
40671.842920573,3575.03232123487,103767.04000331,97569.7226495541,128568.428428893
40585.9222076125,3492.77010999351,108869.535382945,104228.329472552,134851.372922063
41246.3031876977,3230.71632218643,111354.429256157,105754.707860191,140119.424750213
41433.8673793656,3151.7826737642,111228.865920184,105377.713761719,139152.617621174
41716.69526475,3194.91186601401,109939.265387703,105045.061896059,137750.075081212
41467.9645897736,3305.30469068441,106113.801972294,103024.976791384,137509.767763368
40778.6287753188,3342.01200220743,103888.805204062,102458.109192661,138165.905858345
40385.3694842886,3451.90607325978,97747.7516861645,98138.5103375933,134059.135582091
39447.9790387941,3685.32934378919,92600.7088031087,90977.0456235561,126439.36924327
40199.4217650569,3862.86211414612,91326.24778035,83970.7813812817,117217.490456242
40672.2444895142,4027.04625687176,90857.5952883792,79033.2373693869,112070.072171696
37678.8652646013,4022.07843968984,54594.353014186,50750.9423028607,75328.9246438812
37423.8687037377,3999.77772790261,50310.5157013523,48021.3166282637,71343.1317328381
36695.5006027656,3827.65092238208,45370.0143151428,44802.3513547321,68806.0402370358
35740.89855465,3744.25025927166,41050.5922432094,39026.6398733842,64322.9428250751
33950.7111811106,3341.81370821669,37751.1098186249,34864.8174316781,54736.007003686
33152.3431767934,3104.95309200874,33986.9301238527,32088.9511354898,53484.3557239065
32753.7246951947,3025.14225156889,31933.7305579244,30491.7497641351,53155.9726526477
32359.4331271472,2938.85069655146,30804.453051646,29782.4943453078,52500.0773992429
32262.581767045,2902.42490008145,30265.8646476102,29863.5884194895,52399.151818579
32848.827577948,3004.63411904674,32580.2881393491,32605.7453729628,53898.408439091
33644.2210417608,3203.22666354761,38773.9274303401,38136.5608669501,57437.826638204
37776.7551250759,3443.61838396204,81226.4027973158,77297.2942311252,107224.558574013
40432.3545771364,3796.89460004181,96872.2421063073,92511.2829465198,118458.023764187
40671.842920573,3575.03232123487,103767.04000331,97569.7226495541,128568.428428893
40585.9222076125,3492.77010999351,108869.535382945,104228.329472552,134851.372922063
41246.3031876977,3230.71632218643,111354.429256157,105754.707860191,140119.424750213
41433.8673793656,3151.7826737642,111228.865920184,105377.713761719,139152.617621174
41716.69526475,3194.91186601401,109939.265387703,105045.061896059,137750.075081212
41467.9645897736,3305.30469068441,106113.801972294,103024.976791384,137509.767763368
40778.6287753188,3342.01200220743,103888.805204062,102458.109192661,138165.905858345
40385.3694842886,3451.90607325978,97747.7516861645,98138.5103375933,134059.135582091
39447.9790387941,3685.32934378919,92600.7088031087,90977.0456235561,126439.36924327
40199.4217650569,3862.86211414612,91326.24778035,83970.7813812817,117217.490456242
40672.2444895142,4027.04625687176,90857.5952883792,79033.2373693869,112070.072171696
37678.8652646013,4022.07843968984,54594.353014186,50750.9423028607,75328.9246438812
37423.8687037377,3999.77772790261,50310.5157013523,48021.3166282637,71343.1317328381
36695.5006027656,3827.65092238208,45370.0143151428,44802.3513547321,68806.0402370358
35740.89855465,3744.25025927166,41050.5922432094,39026.6398733842,64322.9428250751
33950.7111811106,3341.81370821669,37751.1098186249,34864.8174316781,54736.007003686
33152.3431767934,3104.95309200874,33986.9301238527,32088.9511354898,53484.3557239065
32753.7246951947,3025.14225156889,31933.7305579244,30491.7497641351,53155.9726526477
32359.4331271472,2938.85069655146,30804.453051646,29782.4943453078,52500.0773992429
32262.581767045,2902.42490008145,30265.8646476102,29863.5884194895,52399.151818579
32848.827577948,3004.63411904674,32580.2881393491,32605.7453729628,53898.408439091
33644.2210417608,3203.22666354761,38773.9274303401,38136.5608669501,57437.826638204
37776.7551250759,3443.61838396204,81226.4027973158,77297.2942311252,107224.558574013
40432.3545771364,3796.89460004181,96872.2421063073,92511.2829465198,118458.023764187
40671.842920573,3575.03232123487,103767.04000331,97569.7226495541,128568.428428893
40585.9222076125,3492.77010999351,108869.535382945,104228.329472552,134851.372922063
41246.3031876977,3230.71632218643,111354.429256157,105754.707860191,140119.424750213
41433.8673793656,3151.7826737642,111228.865920184,105377.713761719,139152.617621174
41716.69526475,3194.91186601401,109939.265387703,105045.061896059,137750.075081212
41467.9645897736,3305.30469068441,106113.801972294,103024.976791384,137509.767763368
40778.6287753188,3342.01200220743,103888.805204062,102458.109192661,138165.905858345
40385.3694842886,3451.90607325978,97747.7516861645,98138.5103375933,134059.135582091
39447.9790387941,3685.32934378919,92600.7088031087,90977.0456235561,126439.36924327
40199.4217650569,3862.86211414612,91326.24778035,83970.7813812817,117217.490456242
40672.2444895142,4027.04625687176,90857.5952883792,79033.2373693869,112070.072171696
37678.8652646013,4022.07843968984,54594.353014186,50750.9423028607,75328.9246438812
37423.8687037377,3999.77772790261,50310.5157013523,48021.3166282637,71343.1317328381
36695.5006027656,3827.65092238208,45370.0143151428,44802.3513547321,68806.0402370358
35740.89855465,3744.25025927166,41050.5922432094,39026.6398733842,64322.9428250751
33950.7111811106,3341.81370821669,37751.1098186249,34864.8174316781,54736.007003686
33152.3431767934,3104.95309200874,33986.9301238527,32088.9511354898,53484.3557239065
32753.7246951947,3025.14225156889,31933.7305579244,30491.7497641351,53155.9726526477
32359.4331271472,2938.85069655146,30804.453051646,29782.4943453078,52500.0773992429
32262.581767045,2902.42490008145,30265.8646476102,29863.5884194895,52399.151818579
32848.827577948,3004.63411904674,32580.2881393491,32605.7453729628,53898.408439091
33644.2210417608,3203.22666354761,38773.9274303401,38136.5608669501,57437.826638204
37776.7551250759,3443.61838396204,81226.4027973158,77297.2942311252,107224.558574013
40432.3545771364,3796.89460004181,96872.2421063073,92511.2829465198,118458.023764187
40671.842920573,3575.03232123487,103767.04000331,97569.7226495541,128568.428428893
40585.9222076125,3492.77010999351,108869.535382945,104228.329472552,134851.372922063
41246.3031876977,3230.71632218643,111354.429256157,105754.707860191,140119.424750213
41433.8673793656,3151.7826737642,111228.865920184,105377.713761719,139152.617621174
41716.69526475,3194.91186601401,109939.265387703,105045.061896059,137750.075081212
41467.9645897736,3305.30469068441,106113.801972294,103024.976791384,137509.767763368
40778.6287753188,3342.01200220743,103888.805204062,102458.109192661,138165.905858345
40385.3694842886,3451.90607325978,97747.7516861645,98138.5103375933,134059.135582091
39447.9790387941,3685.32934378919,92600.7088031087,90977.0456235561,126439.36924327
40199.4217650569,3862.86211414612,91326.24778035,83970.7813812817,117217.490456242
40672.2444895142,4027.04625687176,90857.5952883792,79033.2373693869,112070.072171696
37678.8652646013,4022.07843968984,54594.353014186,50750.9423028607,75328.9246438812
37423.8687037377,3999.77772790261,50310.5157013523,48021.3166282637,71343.1317328381
36695.5006027656,3827.65092238208,45370.0143151428,44802.3513547321,68806.0402370358
35740.89855465,3744.25025927166,41050.5922432094,39026.6398733842,64322.9428250751
33950.7111811106,3341.81370821669,37751.1098186249,34864.8174316781,54736.007003686
33152.3431767934,3104.95309200874,33986.9301238527,32088.9511354898,53484.3557239065
32753.7246951947,3025.14225156889,31933.7305579244,30491.7497641351,53155.9726526477
32359.4331271472,2938.85069655146,30804.453051646,29782.4943453078,52500.0773992429
32262.581767045,2902.42490008145,30265.8646476102,29863.5884194895,52399.151818579
32848.827577948,3004.63411904674,32580.2881393491,32605.7453729628,53898.408439091
33644.2210417608,3203.22666354761,38773.9274303401,38136.5608669501,57437.826638204
37776.7551250759,3443.61838396204,81226.4027973158,77297.2942311252,107224.558574013
40432.3545771364,3796.89460004181,96872.2421063073,92511.2829465198,118458.023764187
40671.842920573,3575.03232123487,103767.04000331,97569.7226495541,128568.428428893
40585.9222076125,3492.77010999351,108869.535382945,104228.329472552,134851.372922063
41246.3031876977,3230.71632218643,111354.429256157,105754.707860191,140119.424750213
41433.8673793656,3151.7826737642,111228.865920184,105377.713761719,139152.617621174
41716.69526475,3194.91186601401,109939.265387703,105045.061896059,137750.075081212
41467.9645897736,3305.30469068441,106113.801972294,103024.976791384,137509.767763368
40778.6287753188,3342.01200220743,103888.805204062,102458.109192661,138165.905858345
40385.3694842886,3451.90607325978,97747.7516861645,98138.5103375933,134059.135582091
39447.9790387941,3685.32934378919,92600.7088031087,90977.0456235561,126439.36924327
40199.4217650569,3862.86211414612,91326.24778035,83970.7813812817,117217.490456242
40672.2444895142,4027.04625687176,90857.5952883792,79033.2373693869,112070.072171696
37678.8652646013,4022.07843968984,54594.353014186,50750.9423028607,75328.9246438812
37423.8687037377,3999.77772790261,50310.5157013523,48021.3166282637,71343.1317328381
36695.5006027656,3827.65092238208,45370.0143151428,44802.3513547321,68806.0402370358
35740.89855465,3744.25025927166,41050.5922432094,39026.6398733842,64322.9428250751
33950.7111811106,3341.81370821669,37751.1098186249,34864.8174316781,54736.007003686
33152.3431767934,3104.95309200874,33986.9301238527,32088.9511354898,53484.3557239065
32753.7246951947,3025.14225156889,31933.7305579244,30491.7497641351,53155.9726526477
32359.4331271472,2938.85069655146,30804.453051646,29782.4943453078,52500.0773992429
32262.581767045,2902.42490008145,30265.8646476102,29863.5884194895,52399.151818579
32848.827577948,3004.63411904674,32580.2881393491,32605.7453729628,53898.408439091
33644.2210417608,3203.22666354761,38773.9274303401,38136.5608669501,57437.826638204
37776.7551250759,3443.61838396204,81226.4027973158,77297.2942311252,107224.558574013
40432.3545771364,3796.89460004181,96872.2421063073,92511.2829465198,118458.023764187
40671.842920573,3575.03232123487,103767.04000331,97569.7226495541,128568.428428893
40585.9222076125,3492.77010999351,108869.535382945,104228.329472552,134851.372922063
41246.3031876977,3230.71632218643,111354.429256157,105754.707860191,140119.424750213
41433.8673793656,3151.7826737642,111228.865920184,105377.713761719,139152.617621174
41716.69526475,3194.91186601401,109939.265387703,105045.061896059,137750.075081212
41467.9645897736,3305.30469068441,106113.801972294,103024.976791384,137509.767763368
40778.6287753188,3342.01200220743,103888.805204062,102458.109192661,138165.905858345
40385.3694842886,3451.90607325978,97747.7516861645,98138.5103375933,134059.135582091
39447.9790387941,3685.32934378919,92600.7088031087,90977.0456235561,126439.36924327
40199.4217650569,3862.86211414612,91326.24778035,83970.7813812817,117217.490456242
40672.2444895142,4027.04625687176,90857.5952883792,79033.2373693869,112070.072171696
37678.8652646013,4022.07843968984,54594.353014186,50750.9423028607,75328.9246438812
37423.8687037377,3999.77772790261,50310.5157013523,48021.3166282637,71343.1317328381
36695.5006027656,3827.65092238208,45370.0143151428,44802.3513547321,68806.0402370358
35740.89855465,3744.25025927166,41050.5922432094,39026.6398733842,64322.9428250751
33950.7111811106,3341.81370821669,37751.1098186249,34864.8174316781,54736.007003686
33152.3431767934,3104.95309200874,33986.9301238527,32088.9511354898,53484.3557239065
32753.7246951947,3025.14225156889,31933.7305579244,30491.7497641351,53155.9726526477
32359.4331271472,2938.85069655146,30804.453051646,29782.4943453078,52500.0773992429
32262.581767045,2902.42490008145,30265.8646476102,29863.5884194895,52399.151818579
32848.827577948,3004.63411904674,32580.2881393491,32605.7453729628,53898.408439091
33644.2210417608,3203.22666354761,38773.9274303401,38136.5608669501,57437.826638204
37776.7551250759,3443.61838396204,81226.4027973158,77297.2942311252,107224.558574013
40432.3545771364,3796.89460004181,96872.2421063073,92511.2829465198,118458.023764187
40671.842920573,3575.03232123487,103767.04000331,97569.7226495541,128568.428428893
40585.9222076125,3492.77010999351,108869.535382945,104228.329472552,134851.372922063
41246.3031876977,3230.71632218643,111354.429256157,105754.707860191,140119.424750213
41433.8673793656,3151.7826737642,111228.865920184,105377.713761719,139152.617621174
41716.69526475,3194.91186601401,109939.265387703,105045.061896059,137750.075081212
41467.9645897736,3305.30469068441,106113.801972294,103024.976791384,137509.767763368
40778.6287753188,3342.01200220743,103888.805204062,102458.109192661,138165.905858345
40385.3694842886,3451.90607325978,97747.7516861645,98138.5103375933,134059.135582091
39447.9790387941,3685.32934378919,92600.7088031087,90977.0456235561,126439.36924327
40199.4217650569,3862.86211414612,91326.24778035,83970.7813812817,117217.490456242
40672.2444895142,4027.04625687176,90857.5952883792,79033.2373693869,112070.072171696
37678.8652646013,4022.07843968984,54594.353014186,50750.9423028607,75328.9246438812
37423.8687037377,3999.77772790261,50310.5157013523,48021.3166282637,71343.1317328381
36695.5006027656,3827.65092238208,45370.0143151428,44802.3513547321,68806.0402370358
35740.89855465,3744.25025927166,41050.5922432094,39026.6398733842,64322.9428250751
33950.7111811106,3341.81370821669,37751.1098186249,34864.8174316781,54736.007003686
33152.3431767934,3104.95309200874,33986.9301238527,32088.9511354898,53484.3557239065
32753.7246951947,3025.14225156889,31933.7305579244,30491.7497641351,53155.9726526477
32359.4331271472,2938.85069655146,30804.453051646,29782.4943453078,52500.0773992429
32262.581767045,2902.42490008145,30265.8646476102,29863.5884194895,52399.151818579
32848.827577948,3004.63411904674,32580.2881393491,32605.7453729628,53898.408439091
33644.2210417608,3203.22666354761,38773.9274303401,38136.5608669501,57437.826638204
37776.7551250759,3443.61838396204,81226.4027973158,77297.2942311252,107224.558574013
40432.3545771364,3796.89460004181,96872.2421063073,92511.2829465198,118458.023764187
40671.842920573,3575.03232123487,103767.04000331,97569.7226495541,128568.428428893
40585.9222076125,3492.77010999351,108869.535382945,104228.329472552,134851.372922063
41246.3031876977,3230.71632218643,111354.429256157,105754.707860191,140119.424750213
41433.8673793656,3151.7826737642,111228.865920184,105377.713761719,139152.617621174
41716.69526475,3194.91186601401,109939.265387703,105045.061896059,137750.075081212
41467.9645897736,3305.30469068441,106113.801972294,103024.976791384,137509.767763368
40778.6287753188,3342.01200220743,103888.805204062,102458.109192661,138165.905858345
40385.3694842886,3451.90607325978,97747.7516861645,98138.5103375933,134059.135582091
39447.9790387941,3685.32934378919,92600.7088031087,90977.0456235561,126439.36924327
40199.4217650569,3862.86211414612,91326.24778035,83970.7813812817,117217.490456242
40672.2444895142,4027.04625687176,90857.5952883792,79033.2373693869,112070.072171696
37678.8652646013,4022.07843968984,54594.353014186,50750.9423028607,75328.9246438812
37423.8687037377,3999.77772790261,50310.5157013523,48021.3166282637,71343.1317328381
36695.5006027656,3827.65092238208,45370.0143151428,44802.3513547321,68806.0402370358
35740.89855465,3744.25025927166,41050.5922432094,39026.6398733842,64322.9428250751
33950.7111811106,3341.81370821669,37751.1098186249,34864.8174316781,54736.007003686
33152.3431767934,3104.95309200874,33986.9301238527,32088.9511354898,53484.3557239065
32753.7246951947,3025.14225156889,31933.7305579244,30491.7497641351,53155.9726526477
32359.4331271472,2938.85069655146,30804.453051646,29782.4943453078,52500.0773992429
32262.581767045,2902.42490008145,30265.8646476102,29863.5884194895,52399.151818579
32848.827577948,3004.63411904674,32580.2881393491,32605.7453729628,53898.408439091
33644.2210417608,3203.22666354761,38773.9274303401,38136.5608669501,57437.826638204
37776.7551250759,3443.61838396204,81226.4027973158,77297.2942311252,107224.558574013
40432.3545771364,3796.89460004181,96872.2421063073,92511.2829465198,118458.023764187
40671.842920573,3575.03232123487,103767.04000331,97569.7226495541,128568.428428893
40585.9222076125,3492.77010999351,108869.535382945,104228.329472552,134851.372922063
41246.3031876977,3230.71632218643,111354.429256157,105754.707860191,140119.424750213
41433.8673793656,3151.7826737642,111228.865920184,105377.713761719,139152.617621174
41716.69526475,3194.91186601401,109939.265387703,105045.061896059,137750.075081212
41467.9645897736,3305.30469068441,106113.801972294,103024.976791384,137509.767763368
40778.6287753188,3342.01200220743,103888.805204062,102458.109192661,138165.905858345
40385.3694842886,3451.90607325978,97747.7516861645,98138.5103375933,134059.135582091
39447.9790387941,3685.32934378919,92600.7088031087,90977.0456235561,126439.36924327
40199.4217650569,3862.86211414612,91326.24778035,83970.7813812817,117217.490456242
40672.2444895142,4027.04625687176,90857.5952883792,79033.2373693869,112070.072171696
37678.8652646013,4022.07843968984,54594.353014186,50750.9423028607,75328.9246438812
37423.8687037377,3999.77772790261,50310.5157013523,48021.3166282637,71343.1317328381
36695.5006027656,3827.65092238208,45370.0143151428,44802.3513547321,68806.0402370358
35740.89855465,3744.25025927166,41050.5922432094,39026.6398733842,64322.9428250751
33950.7111811106,3341.81370821669,37751.1098186249,34864.8174316781,54736.007003686
33152.3431767934,3104.95309200874,33986.9301238527,32088.9511354898,53484.3557239065
32753.7246951947,3025.14225156889,31933.7305579244,30491.7497641351,53155.9726526477
32359.4331271472,2938.85069655146,30804.453051646,29782.4943453078,52500.0773992429
32262.581767045,2902.42490008145,30265.8646476102,29863.5884194895,52399.151818579
32848.827577948,3004.63411904674,32580.2881393491,32605.7453729628,53898.408439091
33644.2210417608,3203.22666354761,38773.9274303401,38136.5608669501,57437.826638204
37776.7551250759,3443.61838396204,81226.4027973158,77297.2942311252,107224.558574013
40432.3545771364,3796.89460004181,96872.2421063073,92511.2829465198,118458.023764187
40671.842920573,3575.03232123487,103767.04000331,97569.7226495541,128568.428428893
40585.9222076125,3492.77010999351,108869.535382945,104228.329472552,134851.372922063
41246.3031876977,3230.71632218643,111354.429256157,105754.707860191,140119.424750213
41433.8673793656,3151.7826737642,111228.865920184,105377.713761719,139152.617621174
41716.69526475,3194.91186601401,109939.265387703,105045.061896059,137750.075081212
41467.9645897736,3305.30469068441,106113.801972294,103024.976791384,137509.767763368
40778.6287753188,3342.01200220743,103888.805204062,102458.109192661,138165.905858345
40385.3694842886,3451.90607325978,97747.7516861645,98138.5103375933,134059.135582091
39447.9790387941,3685.32934378919,92600.7088031087,90977.0456235561,126439.36924327
40199.4217650569,3862.86211414612,91326.24778035,83970.7813812817,117217.490456242
40672.2444895142,4027.04625687176,90857.5952883792,79033.2373693869,112070.072171696
37678.8652646013,4022.07843968984,54594.353014186,50750.9423028607,75328.9246438812
37423.8687037377,3999.77772790261,50310.5157013523,48021.3166282637,71343.1317328381
36695.5006027656,3827.65092238208,45370.0143151428,44802.3513547321,68806.0402370358
35740.89855465,3744.25025927166,41050.5922432094,39026.6398733842,64322.9428250751
33950.7111811106,3341.81370821669,37751.1098186249,34864.8174316781,54736.007003686
33152.3431767934,3104.95309200874,33986.9301238527,32088.9511354898,53484.3557239065
32753.7246951947,3025.14225156889,31933.7305579244,30491.7497641351,53155.9726526477
32359.4331271472,2938.85069655146,30804.453051646,29782.4943453078,52500.0773992429
32262.581767045,2902.42490008145,30265.8646476102,29863.5884194895,52399.151818579
32848.827577948,3004.63411904674,32580.2881393491,32605.7453729628,53898.408439091
33644.2210417608,3203.22666354761,38773.9274303401,38136.5608669501,57437.826638204
37776.7551250759,3443.61838396204,81226.4027973158,77297.2942311252,107224.558574013
40432.3545771364,3796.89460004181,96872.2421063073,92511.2829465198,118458.023764187
40671.842920573,3575.03232123487,103767.04000331,97569.7226495541,128568.428428893
40585.9222076125,3492.77010999351,108869.535382945,104228.329472552,134851.372922063
41246.3031876977,3230.71632218643,111354.429256157,105754.707860191,140119.424750213
41433.8673793656,3151.7826737642,111228.865920184,105377.713761719,139152.617621174
41716.69526475,3194.91186601401,109939.265387703,105045.061896059,137750.075081212
41467.9645897736,3305.30469068441,106113.801972294,103024.976791384,137509.767763368
40778.6287753188,3342.01200220743,103888.805204062,102458.109192661,138165.905858345
40385.3694842886,3451.90607325978,97747.7516861645,98138.5103375933,134059.135582091
39447.9790387941,3685.32934378919,92600.7088031087,90977.0456235561,126439.36924327
40199.4217650569,3862.86211414612,91326.24778035,83970.7813812817,117217.490456242
40672.2444895142,4027.04625687176,90857.5952883792,79033.2373693869,112070.072171696
37678.8652646013,4022.07843968984,54594.353014186,50750.9423028607,75328.9246438812
37423.8687037377,3999.77772790261,50310.5157013523,48021.3166282637,71343.1317328381
36695.5006027656,3827.65092238208,45370.0143151428,44802.3513547321,68806.0402370358
35740.89855465,3744.25025927166,41050.5922432094,39026.6398733842,64322.9428250751
33950.7111811106,3341.81370821669,37751.1098186249,34864.8174316781,54736.007003686
33152.3431767934,3104.95309200874,33986.9301238527,32088.9511354898,53484.3557239065
32753.7246951947,3025.14225156889,31933.7305579244,30491.7497641351,53155.9726526477
32359.4331271472,2938.85069655146,30804.453051646,29782.4943453078,52500.0773992429
32262.581767045,2902.42490008145,30265.8646476102,29863.5884194895,52399.151818579
32848.827577948,3004.63411904674,32580.2881393491,32605.7453729628,53898.408439091
33644.2210417608,3203.22666354761,38773.9274303401,38136.5608669501,57437.826638204
37776.7551250759,3443.61838396204,81226.4027973158,77297.2942311252,107224.558574013
40432.3545771364,3796.89460004181,96872.2421063073,92511.2829465198,118458.023764187
40671.842920573,3575.03232123487,103767.04000331,97569.7226495541,128568.428428893
40585.9222076125,3492.77010999351,108869.535382945,104228.329472552,134851.372922063
41246.3031876977,3230.71632218643,111354.429256157,105754.707860191,140119.424750213
41433.8673793656,3151.7826737642,111228.865920184,105377.713761719,139152.617621174
41716.69526475,3194.91186601401,109939.265387703,105045.061896059,137750.075081212
41467.9645897736,3305.30469068441,106113.801972294,103024.976791384,137509.767763368
40778.6287753188,3342.01200220743,103888.805204062,102458.109192661,138165.905858345
40385.3694842886,3451.90607325978,97747.7516861645,98138.5103375933,134059.135582091
39447.9790387941,3685.32934378919,92600.7088031087,90977.0456235561,126439.36924327
40199.4217650569,3862.86211414612,91326.24778035,83970.7813812817,117217.490456242
40672.2444895142,4027.04625687176,90857.5952883792,79033.2373693869,112070.072171696
37678.8652646013,4022.07843968984,54594.353014186,50750.9423028607,75328.9246438812
37423.8687037377,3999.77772790261,50310.5157013523,48021.3166282637,71343.1317328381
36695.5006027656,3827.65092238208,45370.0143151428,44802.3513547321,68806.0402370358
35740.89855465,3744.25025927166,41050.5922432094,39026.6398733842,64322.9428250751
33950.7111811106,3341.81370821669,37751.1098186249,34864.8174316781,54736.007003686
33152.3431767934,3104.95309200874,33986.9301238527,32088.9511354898,53484.3557239065
32753.7246951947,3025.14225156889,31933.7305579244,30491.7497641351,53155.9726526477
32359.4331271472,2938.85069655146,30804.453051646,29782.4943453078,52500.0773992429
32262.581767045,2902.42490008145,30265.8646476102,29863.5884194895,52399.151818579
32848.827577948,3004.63411904674,32580.2881393491,32605.7453729628,53898.408439091
33644.2210417608,3203.22666354761,38773.9274303401,38136.5608669501,57437.826638204
37776.7551250759,3443.61838396204,81226.4027973158,77297.2942311252,107224.558574013
40432.3545771364,3796.89460004181,96872.2421063073,92511.2829465198,118458.023764187
40671.842920573,3575.03232123487,103767.04000331,97569.7226495541,128568.428428893
40585.9222076125,3492.77010999351,108869.535382945,104228.329472552,134851.372922063
41246.3031876977,3230.71632218643,111354.429256157,105754.707860191,140119.424750213
41433.8673793656,3151.7826737642,111228.865920184,105377.713761719,139152.617621174
41716.69526475,3194.91186601401,109939.265387703,105045.061896059,137750.075081212
41467.9645897736,3305.30469068441,106113.801972294,103024.976791384,137509.767763368
40778.6287753188,3342.01200220743,103888.805204062,102458.109192661,138165.905858345
40385.3694842886,3451.90607325978,97747.7516861645,98138.5103375933,134059.135582091
39447.9790387941,3685.32934378919,92600.7088031087,90977.0456235561,126439.36924327
40199.4217650569,3862.86211414612,91326.24778035,83970.7813812817,117217.490456242
40672.2444895142,4027.04625687176,90857.5952883792,79033.2373693869,112070.072171696
37678.8652646013,4022.07843968984,54594.353014186,50750.9423028607,75328.9246438812
37423.8687037377,3999.77772790261,50310.5157013523,48021.3166282637,71343.1317328381
36695.5006027656,3827.65092238208,45370.0143151428,44802.3513547321,68806.0402370358
35740.89855465,3744.25025927166,41050.5922432094,39026.6398733842,64322.9428250751
33950.7111811106,3341.81370821669,37751.1098186249,34864.8174316781,54736.007003686
33152.3431767934,3104.95309200874,33986.9301238527,32088.9511354898,53484.3557239065
32753.7246951947,3025.14225156889,31933.7305579244,30491.7497641351,53155.9726526477
32359.4331271472,2938.85069655146,30804.453051646,29782.4943453078,52500.0773992429
32262.581767045,2902.42490008145,30265.8646476102,29863.5884194895,52399.151818579
32848.827577948,3004.63411904674,32580.2881393491,32605.7453729628,53898.408439091
33644.2210417608,3203.22666354761,38773.9274303401,38136.5608669501,57437.826638204
37776.7551250759,3443.61838396204,81226.4027973158,77297.2942311252,107224.558574013
40432.3545771364,3796.89460004181,96872.2421063073,92511.2829465198,118458.023764187
40671.842920573,3575.03232123487,103767.04000331,97569.7226495541,128568.428428893
40585.9222076125,3492.77010999351,108869.535382945,104228.329472552,134851.372922063
41246.3031876977,3230.71632218643,111354.429256157,105754.707860191,140119.424750213
41433.8673793656,3151.7826737642,111228.865920184,105377.713761719,139152.617621174
41716.69526475,3194.91186601401,109939.265387703,105045.061896059,137750.075081212
41467.9645897736,3305.30469068441,106113.801972294,103024.976791384,137509.767763368
40778.6287753188,3342.01200220743,103888.805204062,102458.109192661,138165.905858345
40385.3694842886,3451.90607325978,97747.7516861645,98138.5103375933,134059.135582091
39447.9790387941,3685.32934378919,92600.7088031087,90977.0456235561,126439.36924327
40199.4217650569,3862.86211414612,91326.24778035,83970.7813812817,117217.490456242
40672.2444895142,4027.04625687176,90857.5952883792,79033.2373693869,112070.072171696
37678.8652646013,4022.07843968984,54594.353014186,50750.9423028607,75328.9246438812
37423.8687037377,3999.77772790261,50310.5157013523,48021.3166282637,71343.1317328381
36695.5006027656,3827.65092238208,45370.0143151428,44802.3513547321,68806.0402370358
35740.89855465,3744.25025927166,41050.5922432094,39026.6398733842,64322.9428250751
33950.7111811106,3341.81370821669,37751.1098186249,34864.8174316781,54736.007003686
33152.3431767934,3104.95309200874,33986.9301238527,32088.9511354898,53484.3557239065
32753.7246951947,3025.14225156889,31933.7305579244,30491.7497641351,53155.9726526477
32359.4331271472,2938.85069655146,30804.453051646,29782.4943453078,52500.0773992429
32262.581767045,2902.42490008145,30265.8646476102,29863.5884194895,52399.151818579
32848.827577948,3004.63411904674,32580.2881393491,32605.7453729628,53898.408439091
33644.2210417608,3203.22666354761,38773.9274303401,38136.5608669501,57437.826638204
37776.7551250759,3443.61838396204,81226.4027973158,77297.2942311252,107224.558574013
40432.3545771364,3796.89460004181,96872.2421063073,92511.2829465198,118458.023764187
40671.842920573,3575.03232123487,103767.04000331,97569.7226495541,128568.428428893
40585.9222076125,3492.77010999351,108869.535382945,104228.329472552,134851.372922063
41246.3031876977,3230.71632218643,111354.429256157,105754.707860191,140119.424750213
41433.8673793656,3151.7826737642,111228.865920184,105377.713761719,139152.617621174
41716.69526475,3194.91186601401,109939.265387703,105045.061896059,137750.075081212
41467.9645897736,3305.30469068441,106113.801972294,103024.976791384,137509.767763368
40778.6287753188,3342.01200220743,103888.805204062,102458.109192661,138165.905858345
40385.3694842886,3451.90607325978,97747.7516861645,98138.5103375933,134059.135582091
39447.9790387941,3685.32934378919,92600.7088031087,90977.0456235561,126439.36924327
40199.4217650569,3862.86211414612,91326.24778035,83970.7813812817,117217.490456242
40672.2444895142,4027.04625687176,90857.5952883792,79033.2373693869,112070.072171696
37678.8652646013,4022.07843968984,54594.353014186,50750.9423028607,75328.9246438812
37423.8687037377,3999.77772790261,50310.5157013523,48021.3166282637,71343.1317328381
36695.5006027656,3827.65092238208,45370.0143151428,44802.3513547321,68806.0402370358
35740.89855465,3744.25025927166,41050.5922432094,39026.6398733842,64322.9428250751
33950.7111811106,3341.81370821669,37751.1098186249,34864.8174316781,54736.007003686
33152.3431767934,3104.95309200874,33986.9301238527,32088.9511354898,53484.3557239065
32753.7246951947,3025.14225156889,31933.7305579244,30491.7497641351,53155.9726526477
32359.4331271472,2938.85069655146,30804.453051646,29782.4943453078,52500.0773992429
32262.581767045,2902.42490008145,30265.8646476102,29863.5884194895,52399.151818579
32848.827577948,3004.63411904674,32580.2881393491,32605.7453729628,53898.408439091
33644.2210417608,3203.22666354761,38773.9274303401,38136.5608669501,57437.826638204
37776.7551250759,3443.61838396204,81226.4027973158,77297.2942311252,107224.558574013
40432.3545771364,3796.89460004181,96872.2421063073,92511.2829465198,118458.023764187
40671.842920573,3575.03232123487,103767.04000331,97569.7226495541,128568.428428893
40585.9222076125,3492.77010999351,108869.535382945,104228.329472552,134851.372922063
41246.3031876977,3230.71632218643,111354.429256157,105754.707860191,140119.424750213
41433.8673793656,3151.7826737642,111228.865920184,105377.713761719,139152.617621174
41716.69526475,3194.91186601401,109939.265387703,105045.061896059,137750.075081212
41467.9645897736,3305.30469068441,106113.801972294,103024.976791384,137509.767763368
40778.6287753188,3342.01200220743,103888.805204062,102458.109192661,138165.905858345
40385.3694842886,3451.90607325978,97747.7516861645,98138.5103375933,134059.135582091
39447.9790387941,3685.32934378919,92600.7088031087,90977.0456235561,126439.36924327
40199.4217650569,3862.86211414612,91326.24778035,83970.7813812817,117217.490456242
40672.2444895142,4027.04625687176,90857.5952883792,79033.2373693869,112070.072171696
37678.8652646013,4022.07843968984,54594.353014186,50750.9423028607,75328.9246438812
37423.8687037377,3999.77772790261,50310.5157013523,48021.3166282637,71343.1317328381
36695.5006027656,3827.65092238208,45370.0143151428,44802.3513547321,68806.0402370358
35740.89855465,3744.25025927166,41050.5922432094,39026.6398733842,64322.9428250751
33950.7111811106,3341.81370821669,37751.1098186249,34864.8174316781,54736.007003686
33152.3431767934,3104.95309200874,33986.9301238527,32088.9511354898,53484.3557239065
32753.7246951947,3025.14225156889,31933.7305579244,30491.7497641351,53155.9726526477
32359.4331271472,2938.85069655146,30804.453051646,29782.4943453078,52500.0773992429
32262.581767045,2902.42490008145,30265.8646476102,29863.5884194895,52399.151818579
32848.827577948,3004.63411904674,32580.2881393491,32605.7453729628,53898.408439091
33644.2210417608,3203.22666354761,38773.9274303401,38136.5608669501,57437.826638204
37776.7551250759,3443.61838396204,81226.4027973158,77297.2942311252,107224.558574013
40432.3545771364,3796.89460004181,96872.2421063073,92511.2829465198,118458.023764187
40671.842920573,3575.03232123487,103767.04000331,97569.7226495541,128568.428428893
40585.9222076125,3492.77010999351,108869.535382945,104228.329472552,134851.372922063
41246.3031876977,3230.71632218643,111354.429256157,105754.707860191,140119.424750213
41433.8673793656,3151.7826737642,111228.865920184,105377.713761719,139152.617621174
41716.69526475,3194.91186601401,109939.265387703,105045.061896059,137750.075081212
41467.9645897736,3305.30469068441,106113.801972294,103024.976791384,137509.767763368
40778.6287753188,3342.01200220743,103888.805204062,102458.109192661,138165.905858345
40385.3694842886,3451.90607325978,97747.7516861645,98138.5103375933,134059.135582091
39447.9790387941,3685.32934378919,92600.7088031087,90977.0456235561,126439.36924327
40199.4217650569,3862.86211414612,91326.24778035,83970.7813812817,117217.490456242
40672.2444895142,4027.04625687176,90857.5952883792,79033.2373693869,112070.072171696
37678.8652646013,4022.07843968984,54594.353014186,50750.9423028607,75328.9246438812
37423.8687037377,3999.77772790261,50310.5157013523,48021.3166282637,71343.1317328381
36695.5006027656,3827.65092238208,45370.0143151428,44802.3513547321,68806.0402370358
35740.89855465,3744.25025927166,41050.5922432094,39026.6398733842,64322.9428250751
33950.7111811106,3341.81370821669,37751.1098186249,34864.8174316781,54736.007003686
33152.3431767934,3104.95309200874,33986.9301238527,32088.9511354898,53484.3557239065
32753.7246951947,3025.14225156889,31933.7305579244,30491.7497641351,53155.9726526477
32359.4331271472,2938.85069655146,30804.453051646,29782.4943453078,52500.0773992429
32262.581767045,2902.42490008145,30265.8646476102,29863.5884194895,52399.151818579
32848.827577948,3004.63411904674,32580.2881393491,32605.7453729628,53898.408439091
33644.2210417608,3203.22666354761,38773.9274303401,38136.5608669501,57437.826638204
37776.7551250759,3443.61838396204,81226.4027973158,77297.2942311252,107224.558574013
40432.3545771364,3796.89460004181,96872.2421063073,92511.2829465198,118458.023764187
40671.842920573,3575.03232123487,103767.04000331,97569.7226495541,128568.428428893
40585.9222076125,3492.77010999351,108869.535382945,104228.329472552,134851.372922063
41246.3031876977,3230.71632218643,111354.429256157,105754.707860191,140119.424750213
41433.8673793656,3151.7826737642,111228.865920184,105377.713761719,139152.617621174
41716.69526475,3194.91186601401,109939.265387703,105045.061896059,137750.075081212
41467.9645897736,3305.30469068441,106113.801972294,103024.976791384,137509.767763368
40778.6287753188,3342.01200220743,103888.805204062,102458.109192661,138165.905858345
40385.3694842886,3451.90607325978,97747.7516861645,98138.5103375933,134059.135582091
39447.9790387941,3685.32934378919,92600.7088031087,90977.0456235561,126439.36924327
40199.4217650569,3862.86211414612,91326.24778035,83970.7813812817,117217.490456242
40672.2444895142,4027.04625687176,90857.5952883792,79033.2373693869,112070.072171696
37678.8652646013,4022.07843968984,54594.353014186,50750.9423028607,75328.9246438812
37423.8687037377,3999.77772790261,50310.5157013523,48021.3166282637,71343.1317328381
36695.5006027656,3827.65092238208,45370.0143151428,44802.3513547321,68806.0402370358
35740.89855465,3744.25025927166,41050.5922432094,39026.6398733842,64322.9428250751
33950.7111811106,3341.81370821669,37751.1098186249,34864.8174316781,54736.007003686
33152.3431767934,3104.95309200874,33986.9301238527,32088.9511354898,53484.3557239065
32753.7246951947,3025.14225156889,31933.7305579244,30491.7497641351,53155.9726526477
32359.4331271472,2938.85069655146,30804.453051646,29782.4943453078,52500.0773992429
32262.581767045,2902.42490008145,30265.8646476102,29863.5884194895,52399.151818579
32848.827577948,3004.63411904674,32580.2881393491,32605.7453729628,53898.408439091
33644.2210417608,3203.22666354761,38773.9274303401,38136.5608669501,57437.826638204
37776.7551250759,3443.61838396204,81226.4027973158,77297.2942311252,107224.558574013
40432.3545771364,3796.89460004181,96872.2421063073,92511.2829465198,118458.023764187
40671.842920573,3575.03232123487,103767.04000331,97569.7226495541,128568.428428893
40585.9222076125,3492.77010999351,108869.535382945,104228.329472552,134851.372922063
41246.3031876977,3230.71632218643,111354.429256157,105754.707860191,140119.424750213
41433.8673793656,3151.7826737642,111228.865920184,105377.713761719,139152.617621174
41716.69526475,3194.91186601401,109939.265387703,105045.061896059,137750.075081212
41467.9645897736,3305.30469068441,106113.801972294,103024.976791384,137509.767763368
40778.6287753188,3342.01200220743,103888.805204062,102458.109192661,138165.905858345
40385.3694842886,3451.90607325978,97747.7516861645,98138.5103375933,134059.135582091
39447.9790387941,3685.32934378919,92600.7088031087,90977.0456235561,126439.36924327
40199.4217650569,3862.86211414612,91326.24778035,83970.7813812817,117217.490456242
40672.2444895142,4027.04625687176,90857.5952883792,79033.2373693869,112070.072171696
37678.8652646013,4022.07843968984,54594.353014186,50750.9423028607,75328.9246438812
37423.8687037377,3999.77772790261,50310.5157013523,48021.3166282637,71343.1317328381
36695.5006027656,3827.65092238208,45370.0143151428,44802.3513547321,68806.0402370358
35740.89855465,3744.25025927166,41050.5922432094,39026.6398733842,64322.9428250751
33950.7111811106,3341.81370821669,37751.1098186249,34864.8174316781,54736.007003686
33152.3431767934,3104.95309200874,33986.9301238527,32088.9511354898,53484.3557239065
32753.7246951947,3025.14225156889,31933.7305579244,30491.7497641351,53155.9726526477
32359.4331271472,2938.85069655146,30804.453051646,29782.4943453078,52500.0773992429
32262.581767045,2902.42490008145,30265.8646476102,29863.5884194895,52399.151818579
32848.827577948,3004.63411904674,32580.2881393491,32605.7453729628,53898.408439091
33644.2210417608,3203.22666354761,38773.9274303401,38136.5608669501,57437.826638204
37776.7551250759,3443.61838396204,81226.4027973158,77297.2942311252,107224.558574013
40432.3545771364,3796.89460004181,96872.2421063073,92511.2829465198,118458.023764187
40671.842920573,3575.03232123487,103767.04000331,97569.7226495541,128568.428428893
40585.9222076125,3492.77010999351,108869.535382945,104228.329472552,134851.372922063
41246.3031876977,3230.71632218643,111354.429256157,105754.707860191,140119.424750213
41433.8673793656,3151.7826737642,111228.865920184,105377.713761719,139152.617621174
41716.69526475,3194.91186601401,109939.265387703,105045.061896059,137750.075081212
41467.9645897736,3305.30469068441,106113.801972294,103024.976791384,137509.767763368
40778.6287753188,3342.01200220743,103888.805204062,102458.109192661,138165.905858345
40385.3694842886,3451.90607325978,97747.7516861645,98138.5103375933,134059.135582091
39447.9790387941,3685.32934378919,92600.7088031087,90977.0456235561,126439.36924327
40199.4217650569,3862.86211414612,91326.24778035,83970.7813812817,117217.490456242
40672.2444895142,4027.04625687176,90857.5952883792,79033.2373693869,112070.072171696
37678.8652646013,4022.07843968984,54594.353014186,50750.9423028607,75328.9246438812
37423.8687037377,3999.77772790261,50310.5157013523,48021.3166282637,71343.1317328381
36695.5006027656,3827.65092238208,45370.0143151428,44802.3513547321,68806.0402370358
35740.89855465,3744.25025927166,41050.5922432094,39026.6398733842,64322.9428250751
33950.7111811106,3341.81370821669,37751.1098186249,34864.8174316781,54736.007003686
33152.3431767934,3104.95309200874,33986.9301238527,32088.9511354898,53484.3557239065
32753.7246951947,3025.14225156889,31933.7305579244,30491.7497641351,53155.9726526477
32359.4331271472,2938.85069655146,30804.453051646,29782.4943453078,52500.0773992429
32262.581767045,2902.42490008145,30265.8646476102,29863.5884194895,52399.151818579
32848.827577948,3004.63411904674,32580.2881393491,32605.7453729628,53898.408439091
33644.2210417608,3203.22666354761,38773.9274303401,38136.5608669501,57437.826638204
37776.7551250759,3443.61838396204,81226.4027973158,77297.2942311252,107224.558574013
40432.3545771364,3796.89460004181,96872.2421063073,92511.2829465198,118458.023764187
40671.842920573,3575.03232123487,103767.04000331,97569.7226495541,128568.428428893
40585.9222076125,3492.77010999351,108869.535382945,104228.329472552,134851.372922063
41246.3031876977,3230.71632218643,111354.429256157,105754.707860191,140119.424750213
41433.8673793656,3151.7826737642,111228.865920184,105377.713761719,139152.617621174
41716.69526475,3194.91186601401,109939.265387703,105045.061896059,137750.075081212
41467.9645897736,3305.30469068441,106113.801972294,103024.976791384,137509.767763368
40778.6287753188,3342.01200220743,103888.805204062,102458.109192661,138165.905858345
40385.3694842886,3451.90607325978,97747.7516861645,98138.5103375933,134059.135582091
39447.9790387941,3685.32934378919,92600.7088031087,90977.0456235561,126439.36924327
40199.4217650569,3862.86211414612,91326.24778035,83970.7813812817,117217.490456242
40672.2444895142,4027.04625687176,90857.5952883792,79033.2373693869,112070.072171696
37678.8652646013,4022.07843968984,54594.353014186,50750.9423028607,75328.9246438812
37423.8687037377,3999.77772790261,50310.5157013523,48021.3166282637,71343.1317328381
36695.5006027656,3827.65092238208,45370.0143151428,44802.3513547321,68806.0402370358
35740.89855465,3744.25025927166,41050.5922432094,39026.6398733842,64322.9428250751
33950.7111811106,3341.81370821669,37751.1098186249,34864.8174316781,54736.007003686
33152.3431767934,3104.95309200874,33986.9301238527,32088.9511354898,53484.3557239065
32753.7246951947,3025.14225156889,31933.7305579244,30491.7497641351,53155.9726526477
32359.4331271472,2938.85069655146,30804.453051646,29782.4943453078,52500.0773992429
32262.581767045,2902.42490008145,30265.8646476102,29863.5884194895,52399.151818579
32848.827577948,3004.63411904674,32580.2881393491,32605.7453729628,53898.408439091
33644.2210417608,3203.22666354761,38773.9274303401,38136.5608669501,57437.826638204
37776.7551250759,3443.61838396204,81226.4027973158,77297.2942311252,107224.558574013
40432.3545771364,3796.89460004181,96872.2421063073,92511.2829465198,118458.023764187
40671.842920573,3575.03232123487,103767.04000331,97569.7226495541,128568.428428893
40585.9222076125,3492.77010999351,108869.535382945,104228.329472552,134851.372922063
41246.3031876977,3230.71632218643,111354.429256157,105754.707860191,140119.424750213
41433.8673793656,3151.7826737642,111228.865920184,105377.713761719,139152.617621174
41716.69526475,3194.91186601401,109939.265387703,105045.061896059,137750.075081212
41467.9645897736,3305.30469068441,106113.801972294,103024.976791384,137509.767763368
40778.6287753188,3342.01200220743,103888.805204062,102458.109192661,138165.905858345
40385.3694842886,3451.90607325978,97747.7516861645,98138.5103375933,134059.135582091
39447.9790387941,3685.32934378919,92600.7088031087,90977.0456235561,126439.36924327
40199.4217650569,3862.86211414612,91326.24778035,83970.7813812817,117217.490456242
40672.2444895142,4027.04625687176,90857.5952883792,79033.2373693869,112070.072171696
37678.8652646013,4022.07843968984,54594.353014186,50750.9423028607,75328.9246438812
37423.8687037377,3999.77772790261,50310.5157013523,48021.3166282637,71343.1317328381
36695.5006027656,3827.65092238208,45370.0143151428,44802.3513547321,68806.0402370358
35740.89855465,3744.25025927166,41050.5922432094,39026.6398733842,64322.9428250751
33950.7111811106,3341.81370821669,37751.1098186249,34864.8174316781,54736.007003686
33152.3431767934,3104.95309200874,33986.9301238527,32088.9511354898,53484.3557239065
32753.7246951947,3025.14225156889,31933.7305579244,30491.7497641351,53155.9726526477
32359.4331271472,2938.85069655146,30804.453051646,29782.4943453078,52500.0773992429
32262.581767045,2902.42490008145,30265.8646476102,29863.5884194895,52399.151818579
32848.827577948,3004.63411904674,32580.2881393491,32605.7453729628,53898.408439091
33644.2210417608,3203.22666354761,38773.9274303401,38136.5608669501,57437.826638204
37776.7551250759,3443.61838396204,81226.4027973158,77297.2942311252,107224.558574013
40432.3545771364,3796.89460004181,96872.2421063073,92511.2829465198,118458.023764187
40671.842920573,3575.03232123487,103767.04000331,97569.7226495541,128568.428428893
40585.9222076125,3492.77010999351,108869.535382945,104228.329472552,134851.372922063
41246.3031876977,3230.71632218643,111354.429256157,105754.707860191,140119.424750213
41433.8673793656,3151.7826737642,111228.865920184,105377.713761719,139152.617621174
41716.69526475,3194.91186601401,109939.265387703,105045.061896059,137750.075081212
41467.9645897736,3305.30469068441,106113.801972294,103024.976791384,137509.767763368
40778.6287753188,3342.01200220743,103888.805204062,102458.109192661,138165.905858345
40385.3694842886,3451.90607325978,97747.7516861645,98138.5103375933,134059.135582091
39447.9790387941,3685.32934378919,92600.7088031087,90977.0456235561,126439.36924327
40199.4217650569,3862.86211414612,91326.24778035,83970.7813812817,117217.490456242
40672.2444895142,4027.04625687176,90857.5952883792,79033.2373693869,112070.072171696
37678.8652646013,4022.07843968984,54594.353014186,50750.9423028607,75328.9246438812
37423.8687037377,3999.77772790261,50310.5157013523,48021.3166282637,71343.1317328381
36695.5006027656,3827.65092238208,45370.0143151428,44802.3513547321,68806.0402370358
35740.89855465,3744.25025927166,41050.5922432094,39026.6398733842,64322.9428250751
33950.7111811106,3341.81370821669,37751.1098186249,34864.8174316781,54736.007003686
33152.3431767934,3104.95309200874,33986.9301238527,32088.9511354898,53484.3557239065
32753.7246951947,3025.14225156889,31933.7305579244,30491.7497641351,53155.9726526477
32359.4331271472,2938.85069655146,30804.453051646,29782.4943453078,52500.0773992429
32262.581767045,2902.42490008145,30265.8646476102,29863.5884194895,52399.151818579
32848.827577948,3004.63411904674,32580.2881393491,32605.7453729628,53898.408439091
33644.2210417608,3203.22666354761,38773.9274303401,38136.5608669501,57437.826638204
37776.7551250759,3443.61838396204,81226.4027973158,77297.2942311252,107224.558574013
40432.3545771364,3796.89460004181,96872.2421063073,92511.2829465198,118458.023764187
40671.842920573,3575.03232123487,103767.04000331,97569.7226495541,128568.428428893
40585.9222076125,3492.77010999351,108869.535382945,104228.329472552,134851.372922063
41246.3031876977,3230.71632218643,111354.429256157,105754.707860191,140119.424750213
41433.8673793656,3151.7826737642,111228.865920184,105377.713761719,139152.617621174
41716.69526475,3194.91186601401,109939.265387703,105045.061896059,137750.075081212
41467.9645897736,3305.30469068441,106113.801972294,103024.976791384,137509.767763368
40778.6287753188,3342.01200220743,103888.805204062,102458.109192661,138165.905858345
40385.3694842886,3451.90607325978,97747.7516861645,98138.5103375933,134059.135582091
39447.9790387941,3685.32934378919,92600.7088031087,90977.0456235561,126439.36924327
40199.4217650569,3862.86211414612,91326.24778035,83970.7813812817,117217.490456242
40672.2444895142,4027.04625687176,90857.5952883792,79033.2373693869,112070.072171696
37678.8652646013,4022.07843968984,54594.353014186,50750.9423028607,75328.9246438812
37423.8687037377,3999.77772790261,50310.5157013523,48021.3166282637,71343.1317328381
36695.5006027656,3827.65092238208,45370.0143151428,44802.3513547321,68806.0402370358
35740.89855465,3744.25025927166,41050.5922432094,39026.6398733842,64322.9428250751
33950.7111811106,3341.81370821669,37751.1098186249,34864.8174316781,54736.007003686
33152.3431767934,3104.95309200874,33986.9301238527,32088.9511354898,53484.3557239065
32753.7246951947,3025.14225156889,31933.7305579244,30491.7497641351,53155.9726526477
32359.4331271472,2938.85069655146,30804.453051646,29782.4943453078,52500.0773992429
32262.581767045,2902.42490008145,30265.8646476102,29863.5884194895,52399.151818579
32848.827577948,3004.63411904674,32580.2881393491,32605.7453729628,53898.408439091
33644.2210417608,3203.22666354761,38773.9274303401,38136.5608669501,57437.826638204
37776.7551250759,3443.61838396204,81226.4027973158,77297.2942311252,107224.558574013
40432.3545771364,3796.89460004181,96872.2421063073,92511.2829465198,118458.023764187
40671.842920573,3575.03232123487,103767.04000331,97569.7226495541,128568.428428893
40585.9222076125,3492.77010999351,108869.535382945,104228.329472552,134851.372922063
41246.3031876977,3230.71632218643,111354.429256157,105754.707860191,140119.424750213
41433.8673793656,3151.7826737642,111228.865920184,105377.713761719,139152.617621174
41716.69526475,3194.91186601401,109939.265387703,105045.061896059,137750.075081212
41467.9645897736,3305.30469068441,106113.801972294,103024.976791384,137509.767763368
40778.6287753188,3342.01200220743,103888.805204062,102458.109192661,138165.905858345
40385.3694842886,3451.90607325978,97747.7516861645,98138.5103375933,134059.135582091
39447.9790387941,3685.32934378919,92600.7088031087,90977.0456235561,126439.36924327
40199.4217650569,3862.86211414612,91326.24778035,83970.7813812817,117217.490456242
40672.2444895142,4027.04625687176,90857.5952883792,79033.2373693869,112070.072171696
37678.8652646013,4022.07843968984,54594.353014186,50750.9423028607,75328.9246438812
37423.8687037377,3999.77772790261,50310.5157013523,48021.3166282637,71343.1317328381
36695.5006027656,3827.65092238208,45370.0143151428,44802.3513547321,68806.0402370358
35740.89855465,3744.25025927166,41050.5922432094,39026.6398733842,64322.9428250751
33950.7111811106,3341.81370821669,37751.1098186249,34864.8174316781,54736.007003686
33152.3431767934,3104.95309200874,33986.9301238527,32088.9511354898,53484.3557239065
32753.7246951947,3025.14225156889,31933.7305579244,30491.7497641351,53155.9726526477
32359.4331271472,2938.85069655146,30804.453051646,29782.4943453078,52500.0773992429
32262.581767045,2902.42490008145,30265.8646476102,29863.5884194895,52399.151818579
32848.827577948,3004.63411904674,32580.2881393491,32605.7453729628,53898.408439091
33644.2210417608,3203.22666354761,38773.9274303401,38136.5608669501,57437.826638204
37776.7551250759,3443.61838396204,81226.4027973158,77297.2942311252,107224.558574013
40432.3545771364,3796.89460004181,96872.2421063073,92511.2829465198,118458.023764187
40671.842920573,3575.03232123487,103767.04000331,97569.7226495541,128568.428428893
40585.9222076125,3492.77010999351,108869.535382945,104228.329472552,134851.372922063
41246.3031876977,3230.71632218643,111354.429256157,105754.707860191,140119.424750213
41433.8673793656,3151.7826737642,111228.865920184,105377.713761719,139152.617621174
41716.69526475,3194.91186601401,109939.265387703,105045.061896059,137750.075081212
41467.9645897736,3305.30469068441,106113.801972294,103024.976791384,137509.767763368
40778.6287753188,3342.01200220743,103888.805204062,102458.109192661,138165.905858345
40385.3694842886,3451.90607325978,97747.7516861645,98138.5103375933,134059.135582091
39447.9790387941,3685.32934378919,92600.7088031087,90977.0456235561,126439.36924327
40199.4217650569,3862.86211414612,91326.24778035,83970.7813812817,117217.490456242
40672.2444895142,4027.04625687176,90857.5952883792,79033.2373693869,112070.072171696
37678.8652646013,4022.07843968984,54594.353014186,50750.9423028607,75328.9246438812
37423.8687037377,3999.77772790261,50310.5157013523,48021.3166282637,71343.1317328381
36695.5006027656,3827.65092238208,45370.0143151428,44802.3513547321,68806.0402370358
35740.89855465,3744.25025927166,41050.5922432094,39026.6398733842,64322.9428250751
33950.7111811106,3341.81370821669,37751.1098186249,34864.8174316781,54736.007003686
33152.3431767934,3104.95309200874,33986.9301238527,32088.9511354898,53484.3557239065
32753.7246951947,3025.14225156889,31933.7305579244,30491.7497641351,53155.9726526477
32359.4331271472,2938.85069655146,30804.453051646,29782.4943453078,52500.0773992429
32262.581767045,2902.42490008145,30265.8646476102,29863.5884194895,52399.151818579
32848.827577948,3004.63411904674,32580.2881393491,32605.7453729628,53898.408439091
33644.2210417608,3203.22666354761,38773.9274303401,38136.5608669501,57437.826638204
37776.7551250759,3443.61838396204,81226.4027973158,77297.2942311252,107224.558574013
40432.3545771364,3796.89460004181,96872.2421063073,92511.2829465198,118458.023764187
40671.842920573,3575.03232123487,103767.04000331,97569.7226495541,128568.428428893
40585.9222076125,3492.77010999351,108869.535382945,104228.329472552,134851.372922063
41246.3031876977,3230.71632218643,111354.429256157,105754.707860191,140119.424750213
41433.8673793656,3151.7826737642,111228.865920184,105377.713761719,139152.617621174
41716.69526475,3194.91186601401,109939.265387703,105045.061896059,137750.075081212
41467.9645897736,3305.30469068441,106113.801972294,103024.976791384,137509.767763368
40778.6287753188,3342.01200220743,103888.805204062,102458.109192661,138165.905858345
40385.3694842886,3451.90607325978,97747.7516861645,98138.5103375933,134059.135582091
39447.9790387941,3685.32934378919,92600.7088031087,90977.0456235561,126439.36924327
40199.4217650569,3862.86211414612,91326.24778035,83970.7813812817,117217.490456242
40672.2444895142,4027.04625687176,90857.5952883792,79033.2373693869,112070.072171696
37678.8652646013,4022.07843968984,54594.353014186,50750.9423028607,75328.9246438812
37423.8687037377,3999.77772790261,50310.5157013523,48021.3166282637,71343.1317328381
36695.5006027656,3827.65092238208,45370.0143151428,44802.3513547321,68806.0402370358
35740.89855465,3744.25025927166,41050.5922432094,39026.6398733842,64322.9428250751
33950.7111811106,3341.81370821669,37751.1098186249,34864.8174316781,54736.007003686
33152.3431767934,3104.95309200874,33986.9301238527,32088.9511354898,53484.3557239065
32753.7246951947,3025.14225156889,31933.7305579244,30491.7497641351,53155.9726526477
32359.4331271472,2938.85069655146,30804.453051646,29782.4943453078,52500.0773992429
32262.581767045,2902.42490008145,30265.8646476102,29863.5884194895,52399.151818579
32848.827577948,3004.63411904674,32580.2881393491,32605.7453729628,53898.408439091
33644.2210417608,3203.22666354761,38773.9274303401,38136.5608669501,57437.826638204
37776.7551250759,3443.61838396204,81226.4027973158,77297.2942311252,107224.558574013
40432.3545771364,3796.89460004181,96872.2421063073,92511.2829465198,118458.023764187
40671.842920573,3575.03232123487,103767.04000331,97569.7226495541,128568.428428893
40585.9222076125,3492.77010999351,108869.535382945,104228.329472552,134851.372922063
41246.3031876977,3230.71632218643,111354.429256157,105754.707860191,140119.424750213
41433.8673793656,3151.7826737642,111228.865920184,105377.713761719,139152.617621174
41716.69526475,3194.91186601401,109939.265387703,105045.061896059,137750.075081212
41467.9645897736,3305.30469068441,106113.801972294,103024.976791384,137509.767763368
40778.6287753188,3342.01200220743,103888.805204062,102458.109192661,138165.905858345
40385.3694842886,3451.90607325978,97747.7516861645,98138.5103375933,134059.135582091
39447.9790387941,3685.32934378919,92600.7088031087,90977.0456235561,126439.36924327
40199.4217650569,3862.86211414612,91326.24778035,83970.7813812817,117217.490456242
40672.2444895142,4027.04625687176,90857.5952883792,79033.2373693869,112070.072171696
37678.8652646013,4022.07843968984,54594.353014186,50750.9423028607,75328.9246438812
37423.8687037377,3999.77772790261,50310.5157013523,48021.3166282637,71343.1317328381
36695.5006027656,3827.65092238208,45370.0143151428,44802.3513547321,68806.0402370358
35740.89855465,3744.25025927166,41050.5922432094,39026.6398733842,64322.9428250751
33950.7111811106,3341.81370821669,37751.1098186249,34864.8174316781,54736.007003686
33285.5814480341,3178.87911993916,36020.497677333,34081.9249999995,54506.1948042588
32809.806509967,3014.5312626721,32859.1876350038,33223.8280502804,54004.8255167294
32348.2536140159,2908.18303791426,31309.2837941887,32638.5991755062,53331.197978666
32219.9157136035,2855.27699641639,31045.950705037,32873.9061181063,53194.044639294
32667.8651393091,2933.39375152007,34056.982426353,35345.6001705465,54565.7120372316
32847.1559516618,3210.4181353973,40572.8614457594,40079.0246518808,57414.9017443527
38522.1590439373,3521.55195430053,80254.7093402754,81415.5767848767,105436.218750839
42428.899431879,4379.85810423934,94771.9754692223,97071.9604556078,116215.822836966
43317.975361728,4174.32032569937,105075.976514351,104310.97107271,127020.816999987
43828.6503727406,3861.97259699955,114745.511481628,113599.921829727,132588.195168406
43570.805974674,3291.55540071464,119750.651861693,118407.766585994,139228.85423812
43282.9751876703,3119.46964473138,119499.659476956,117766.035973252,137644.005792281
43489.6052036732,2991.41437771472,118317.533726888,117671.876342556,135894.98701725
42958.2025460775,2867.65723950532,116034.830547676,116660.80989915,136197.408499302
42252.3792754352,2844.88447583965,114147.385713884,115642.174280865,136856.582943516
41027.2291766183,2904.10757413932,107695.248083076,110324.34263109,133097.801574378
40233.3268965995,3630.52812971457,99913.1722933082,100845.685915277,125691.822520713
41446.3160198338,4528.90025940987,97730.9878561518,90654.3868315188,116128.920885119
41601.2871078891,4548.68559243625,93861.1508337622,83123.0905862361,112706.692492081
38184.837604095,4445.80851648454,58687.0457416864,49549.8819956986,74848.3216663075
37883.4323711621,4315.39936076646,56848.2085197116,46250.7605922683,71698.4704494701
36746.6121200456,3968.41820929778,52295.4356767303,43281.466278163,69405.6084601732
35705.8285738611,3719.99425665226,46780.9312592437,39934.9486092026,64413.29399185
34256.3862556629,3503.2194818528,41568.8984489182,36181.3654793846,56070.2125470674
33285.5814480341,3178.87911993916,36020.497677333,34081.9249999995,54506.1948042588
32809.806509967,3014.5312626721,32859.1876350038,33223.8280502804,54004.8255167294
32348.2536140159,2908.18303791426,31309.2837941887,32638.5991755062,53331.197978666
32219.9157136035,2855.27699641639,31045.950705037,32873.9061181063,53194.044639294
32667.8651393091,2933.39375152007,34056.982426353,35345.6001705465,54565.7120372316
32847.1559516618,3210.4181353973,40572.8614457594,40079.0246518808,57414.9017443527
38522.1590439373,3521.55195430053,80254.7093402754,81415.5767848767,105436.218750839
42428.899431879,4379.85810423934,94771.9754692223,97071.9604556078,116215.822836966
43317.975361728,4174.32032569937,105075.976514351,104310.97107271,127020.816999987
43828.6503727406,3861.97259699955,114745.511481628,113599.921829727,132588.195168406
43570.805974674,3291.55540071464,119750.651861693,118407.766585994,139228.85423812
43282.9751876703,3119.46964473138,119499.659476956,117766.035973252,137644.005792281
43489.6052036732,2991.41437771472,118317.533726888,117671.876342556,135894.98701725
42958.2025460775,2867.65723950532,116034.830547676,116660.80989915,136197.408499302
42252.3792754352,2844.88447583965,114147.385713884,115642.174280865,136856.582943516
41027.2291766183,2904.10757413932,107695.248083076,110324.34263109,133097.801574378
40233.3268965995,3630.52812971457,99913.1722933082,100845.685915277,125691.822520713
41446.3160198338,4528.90025940987,97730.9878561518,90654.3868315188,116128.920885119
41601.2871078891,4548.68559243625,93861.1508337622,83123.0905862361,112706.692492081
38184.837604095,4445.80851648454,58687.0457416864,49549.8819956986,74848.3216663075
37883.4323711621,4315.39936076646,56848.2085197116,46250.7605922683,71698.4704494701
36746.6121200456,3968.41820929778,52295.4356767303,43281.466278163,69405.6084601732
35705.8285738611,3719.99425665226,46780.9312592437,39934.9486092026,64413.29399185
34256.3862556629,3503.2194818528,41568.8984489182,36181.3654793846,56070.2125470674
33285.5814480341,3178.87911993916,36020.497677333,34081.9249999995,54506.1948042588
32809.806509967,3014.5312626721,32859.1876350038,33223.8280502804,54004.8255167294
32348.2536140159,2908.18303791426,31309.2837941887,32638.5991755062,53331.197978666
32219.9157136035,2855.27699641639,31045.950705037,32873.9061181063,53194.044639294
32667.8651393091,2933.39375152007,34056.982426353,35345.6001705465,54565.7120372316
32847.1559516618,3210.4181353973,40572.8614457594,40079.0246518808,57414.9017443527
38522.1590439373,3521.55195430053,80254.7093402754,81415.5767848767,105436.218750839
42428.899431879,4379.85810423934,94771.9754692223,97071.9604556078,116215.822836966
43317.975361728,4174.32032569937,105075.976514351,104310.97107271,127020.816999987
43828.6503727406,3861.97259699955,114745.511481628,113599.921829727,132588.195168406
43570.805974674,3291.55540071464,119750.651861693,118407.766585994,139228.85423812
43282.9751876703,3119.46964473138,119499.659476956,117766.035973252,137644.005792281
43489.6052036732,2991.41437771472,118317.533726888,117671.876342556,135894.98701725
42958.2025460775,2867.65723950532,116034.830547676,116660.80989915,136197.408499302
42252.3792754352,2844.88447583965,114147.385713884,115642.174280865,136856.582943516
41027.2291766183,2904.10757413932,107695.248083076,110324.34263109,133097.801574378
40233.3268965995,3630.52812971457,99913.1722933082,100845.685915277,125691.822520713
41446.3160198338,4528.90025940987,97730.9878561518,90654.3868315188,116128.920885119
41601.2871078891,4548.68559243625,93861.1508337622,83123.0905862361,112706.692492081
38184.837604095,4445.80851648454,58687.0457416864,49549.8819956986,74848.3216663075
37883.4323711621,4315.39936076646,56848.2085197116,46250.7605922683,71698.4704494701
36746.6121200456,3968.41820929778,52295.4356767303,43281.466278163,69405.6084601732
35705.8285738611,3719.99425665226,46780.9312592437,39934.9486092026,64413.29399185
34256.3862556629,3503.2194818528,41568.8984489182,36181.3654793846,56070.2125470674
33285.5814480341,3178.87911993916,36020.497677333,34081.9249999995,54506.1948042588
32809.806509967,3014.5312626721,32859.1876350038,33223.8280502804,54004.8255167294
32348.2536140159,2908.18303791426,31309.2837941887,32638.5991755062,53331.197978666
32219.9157136035,2855.27699641639,31045.950705037,32873.9061181063,53194.044639294
32667.8651393091,2933.39375152007,34056.982426353,35345.6001705465,54565.7120372316
32847.1559516618,3210.4181353973,40572.8614457594,40079.0246518808,57414.9017443527
38522.1590439373,3521.55195430053,80254.7093402754,81415.5767848767,105436.218750839
42428.899431879,4379.85810423934,94771.9754692223,97071.9604556078,116215.822836966
43317.975361728,4174.32032569937,105075.976514351,104310.97107271,127020.816999987
43828.6503727406,3861.97259699955,114745.511481628,113599.921829727,132588.195168406
43570.805974674,3291.55540071464,119750.651861693,118407.766585994,139228.85423812
43282.9751876703,3119.46964473138,119499.659476956,117766.035973252,137644.005792281
43489.6052036732,2991.41437771472,118317.533726888,117671.876342556,135894.98701725
42958.2025460775,2867.65723950532,116034.830547676,116660.80989915,136197.408499302
42252.3792754352,2844.88447583965,114147.385713884,115642.174280865,136856.582943516
41027.2291766183,2904.10757413932,107695.248083076,110324.34263109,133097.801574378
40233.3268965995,3630.52812971457,99913.1722933082,100845.685915277,125691.822520713
41446.3160198338,4528.90025940987,97730.9878561518,90654.3868315188,116128.920885119
41601.2871078891,4548.68559243625,93861.1508337622,83123.0905862361,112706.692492081
38184.837604095,4445.80851648454,58687.0457416864,49549.8819956986,74848.3216663075
37883.4323711621,4315.39936076646,56848.2085197116,46250.7605922683,71698.4704494701
36746.6121200456,3968.41820929778,52295.4356767303,43281.466278163,69405.6084601732
35705.8285738611,3719.99425665226,46780.9312592437,39934.9486092026,64413.29399185
34256.3862556629,3503.2194818528,41568.8984489182,36181.3654793846,56070.2125470674
33285.5814480341,3178.87911993916,36020.497677333,34081.9249999995,54506.1948042588
32809.806509967,3014.5312626721,32859.1876350038,33223.8280502804,54004.8255167294
32348.2536140159,2908.18303791426,31309.2837941887,32638.5991755062,53331.197978666
32219.9157136035,2855.27699641639,31045.950705037,32873.9061181063,53194.044639294
32667.8651393091,2933.39375152007,34056.982426353,35345.6001705465,54565.7120372316
32847.1559516618,3210.4181353973,40572.8614457594,40079.0246518808,57414.9017443527
38522.1590439373,3521.55195430053,80254.7093402754,81415.5767848767,105436.218750839
42428.899431879,4379.85810423934,94771.9754692223,97071.9604556078,116215.822836966
43317.975361728,4174.32032569937,105075.976514351,104310.97107271,127020.816999987
43828.6503727406,3861.97259699955,114745.511481628,113599.921829727,132588.195168406
43570.805974674,3291.55540071464,119750.651861693,118407.766585994,139228.85423812
43282.9751876703,3119.46964473138,119499.659476956,117766.035973252,137644.005792281
43489.6052036732,2991.41437771472,118317.533726888,117671.876342556,135894.98701725
42958.2025460775,2867.65723950532,116034.830547676,116660.80989915,136197.408499302
42252.3792754352,2844.88447583965,114147.385713884,115642.174280865,136856.582943516
41027.2291766183,2904.10757413932,107695.248083076,110324.34263109,133097.801574378
40233.3268965995,3630.52812971457,99913.1722933082,100845.685915277,125691.822520713
41446.3160198338,4528.90025940987,97730.9878561518,90654.3868315188,116128.920885119
41601.2871078891,4548.68559243625,93861.1508337622,83123.0905862361,112706.692492081
38184.837604095,4445.80851648454,58687.0457416864,49549.8819956986,74848.3216663075
37883.4323711621,4315.39936076646,56848.2085197116,46250.7605922683,71698.4704494701
36746.6121200456,3968.41820929778,52295.4356767303,43281.466278163,69405.6084601732
35705.8285738611,3719.99425665226,46780.9312592437,39934.9486092026,64413.29399185
34256.3862556629,3503.2194818528,41568.8984489182,36181.3654793846,56070.2125470674
33285.5814480341,3178.87911993916,36020.497677333,34081.9249999995,54506.1948042588
32809.806509967,3014.5312626721,32859.1876350038,33223.8280502804,54004.8255167294
32348.2536140159,2908.18303791426,31309.2837941887,32638.5991755062,53331.197978666
32219.9157136035,2855.27699641639,31045.950705037,32873.9061181063,53194.044639294
32667.8651393091,2933.39375152007,34056.982426353,35345.6001705465,54565.7120372316
32847.1559516618,3210.4181353973,40572.8614457594,40079.0246518808,57414.9017443527
38522.1590439373,3521.55195430053,80254.7093402754,81415.5767848767,105436.218750839
42428.899431879,4379.85810423934,94771.9754692223,97071.9604556078,116215.822836966
43317.975361728,4174.32032569937,105075.976514351,104310.97107271,127020.816999987
43828.6503727406,3861.97259699955,114745.511481628,113599.921829727,132588.195168406
43570.805974674,3291.55540071464,119750.651861693,118407.766585994,139228.85423812
43282.9751876703,3119.46964473138,119499.659476956,117766.035973252,137644.005792281
43489.6052036732,2991.41437771472,118317.533726888,117671.876342556,135894.98701725
42958.2025460775,2867.65723950532,116034.830547676,116660.80989915,136197.408499302
42252.3792754352,2844.88447583965,114147.385713884,115642.174280865,136856.582943516
41027.2291766183,2904.10757413932,107695.248083076,110324.34263109,133097.801574378
40233.3268965995,3630.52812971457,99913.1722933082,100845.685915277,125691.822520713
41446.3160198338,4528.90025940987,97730.9878561518,90654.3868315188,116128.920885119
41601.2871078891,4548.68559243625,93861.1508337622,83123.0905862361,112706.692492081
38184.837604095,4445.80851648454,58687.0457416864,49549.8819956986,74848.3216663075
37883.4323711621,4315.39936076646,56848.2085197116,46250.7605922683,71698.4704494701
36746.6121200456,3968.41820929778,52295.4356767303,43281.466278163,69405.6084601732
35705.8285738611,3719.99425665226,46780.9312592437,39934.9486092026,64413.29399185
34256.3862556629,3503.2194818528,41568.8984489182,36181.3654793846,56070.2125470674
33285.5814480341,3178.87911993916,36020.497677333,34081.9249999995,54506.1948042588
32809.806509967,3014.5312626721,32859.1876350038,33223.8280502804,54004.8255167294
32348.2536140159,2908.18303791426,31309.2837941887,32638.5991755062,53331.197978666
32219.9157136035,2855.27699641639,31045.950705037,32873.9061181063,53194.044639294
32667.8651393091,2933.39375152007,34056.982426353,35345.6001705465,54565.7120372316
32847.1559516618,3210.4181353973,40572.8614457594,40079.0246518808,57414.9017443527
38522.1590439373,3521.55195430053,80254.7093402754,81415.5767848767,105436.218750839
42428.899431879,4379.85810423934,94771.9754692223,97071.9604556078,116215.822836966
43317.975361728,4174.32032569937,105075.976514351,104310.97107271,127020.816999987
43828.6503727406,3861.97259699955,114745.511481628,113599.921829727,132588.195168406
43570.805974674,3291.55540071464,119750.651861693,118407.766585994,139228.85423812
43282.9751876703,3119.46964473138,119499.659476956,117766.035973252,137644.005792281
43489.6052036732,2991.41437771472,118317.533726888,117671.876342556,135894.98701725
42958.2025460775,2867.65723950532,116034.830547676,116660.80989915,136197.408499302
42252.3792754352,2844.88447583965,114147.385713884,115642.174280865,136856.582943516
41027.2291766183,2904.10757413932,107695.248083076,110324.34263109,133097.801574378
40233.3268965995,3630.52812971457,99913.1722933082,100845.685915277,125691.822520713
41446.3160198338,4528.90025940987,97730.9878561518,90654.3868315188,116128.920885119
41601.2871078891,4548.68559243625,93861.1508337622,83123.0905862361,112706.692492081
38184.837604095,4445.80851648454,58687.0457416864,49549.8819956986,74848.3216663075
37883.4323711621,4315.39936076646,56848.2085197116,46250.7605922683,71698.4704494701
36746.6121200456,3968.41820929778,52295.4356767303,43281.466278163,69405.6084601732
35705.8285738611,3719.99425665226,46780.9312592437,39934.9486092026,64413.29399185
34256.3862556629,3503.2194818528,41568.8984489182,36181.3654793846,56070.2125470674
33285.5814480341,3178.87911993916,36020.497677333,34081.9249999995,54506.1948042588
32809.806509967,3014.5312626721,32859.1876350038,33223.8280502804,54004.8255167294
32348.2536140159,2908.18303791426,31309.2837941887,32638.5991755062,53331.197978666
32219.9157136035,2855.27699641639,31045.950705037,32873.9061181063,53194.044639294
32667.8651393091,2933.39375152007,34056.982426353,35345.6001705465,54565.7120372316
32847.1559516618,3210.4181353973,40572.8614457594,40079.0246518808,57414.9017443527
38522.1590439373,3521.55195430053,80254.7093402754,81415.5767848767,105436.218750839
42428.899431879,4379.85810423934,94771.9754692223,97071.9604556078,116215.822836966
43317.975361728,4174.32032569937,105075.976514351,104310.97107271,127020.816999987
43828.6503727406,3861.97259699955,114745.511481628,113599.921829727,132588.195168406
43570.805974674,3291.55540071464,119750.651861693,118407.766585994,139228.85423812
43282.9751876703,3119.46964473138,119499.659476956,117766.035973252,137644.005792281
43489.6052036732,2991.41437771472,118317.533726888,117671.876342556,135894.98701725
42958.2025460775,2867.65723950532,116034.830547676,116660.80989915,136197.408499302
42252.3792754352,2844.88447583965,114147.385713884,115642.174280865,136856.582943516
41027.2291766183,2904.10757413932,107695.248083076,110324.34263109,133097.801574378
40233.3268965995,3630.52812971457,99913.1722933082,100845.685915277,125691.822520713
41446.3160198338,4528.90025940987,97730.9878561518,90654.3868315188,116128.920885119
41601.2871078891,4548.68559243625,93861.1508337622,83123.0905862361,112706.692492081
38184.837604095,4445.80851648454,58687.0457416864,49549.8819956986,74848.3216663075
37883.4323711621,4315.39936076646,56848.2085197116,46250.7605922683,71698.4704494701
36746.6121200456,3968.41820929778,52295.4356767303,43281.466278163,69405.6084601732
35705.8285738611,3719.99425665226,46780.9312592437,39934.9486092026,64413.29399185
34256.3862556629,3503.2194818528,41568.8984489182,36181.3654793846,56070.2125470674
33285.5814480341,3178.87911993916,36020.497677333,34081.9249999995,54506.1948042588
32809.806509967,3014.5312626721,32859.1876350038,33223.8280502804,54004.8255167294
32348.2536140159,2908.18303791426,31309.2837941887,32638.5991755062,53331.197978666
32219.9157136035,2855.27699641639,31045.950705037,32873.9061181063,53194.044639294
32667.8651393091,2933.39375152007,34056.982426353,35345.6001705465,54565.7120372316
32847.1559516618,3210.4181353973,40572.8614457594,40079.0246518808,57414.9017443527
38522.1590439373,3521.55195430053,80254.7093402754,81415.5767848767,105436.218750839
42428.899431879,4379.85810423934,94771.9754692223,97071.9604556078,116215.822836966
43317.975361728,4174.32032569937,105075.976514351,104310.97107271,127020.816999987
43828.6503727406,3861.97259699955,114745.511481628,113599.921829727,132588.195168406
43570.805974674,3291.55540071464,119750.651861693,118407.766585994,139228.85423812
43282.9751876703,3119.46964473138,119499.659476956,117766.035973252,137644.005792281
43489.6052036732,2991.41437771472,118317.533726888,117671.876342556,135894.98701725
42958.2025460775,2867.65723950532,116034.830547676,116660.80989915,136197.408499302
42252.3792754352,2844.88447583965,114147.385713884,115642.174280865,136856.582943516
41027.2291766183,2904.10757413932,107695.248083076,110324.34263109,133097.801574378
40233.3268965995,3630.52812971457,99913.1722933082,100845.685915277,125691.822520713
41446.3160198338,4528.90025940987,97730.9878561518,90654.3868315188,116128.920885119
41601.2871078891,4548.68559243625,93861.1508337622,83123.0905862361,112706.692492081
38184.837604095,4445.80851648454,58687.0457416864,49549.8819956986,74848.3216663075
37883.4323711621,4315.39936076646,56848.2085197116,46250.7605922683,71698.4704494701
36746.6121200456,3968.41820929778,52295.4356767303,43281.466278163,69405.6084601732
35705.8285738611,3719.99425665226,46780.9312592437,39934.9486092026,64413.29399185
34256.3862556629,3503.2194818528,41568.8984489182,36181.3654793846,56070.2125470674
33285.5814480341,3178.87911993916,36020.497677333,34081.9249999995,54506.1948042588
32809.806509967,3014.5312626721,32859.1876350038,33223.8280502804,54004.8255167294
32348.2536140159,2908.18303791426,31309.2837941887,32638.5991755062,53331.197978666
32219.9157136035,2855.27699641639,31045.950705037,32873.9061181063,53194.044639294
32667.8651393091,2933.39375152007,34056.982426353,35345.6001705465,54565.7120372316
32847.1559516618,3210.4181353973,40572.8614457594,40079.0246518808,57414.9017443527
38522.1590439373,3521.55195430053,80254.7093402754,81415.5767848767,105436.218750839
42428.899431879,4379.85810423934,94771.9754692223,97071.9604556078,116215.822836966
43317.975361728,4174.32032569937,105075.976514351,104310.97107271,127020.816999987
43828.6503727406,3861.97259699955,114745.511481628,113599.921829727,132588.195168406
43570.805974674,3291.55540071464,119750.651861693,118407.766585994,139228.85423812
43282.9751876703,3119.46964473138,119499.659476956,117766.035973252,137644.005792281
43489.6052036732,2991.41437771472,118317.533726888,117671.876342556,135894.98701725
42958.2025460775,2867.65723950532,116034.830547676,116660.80989915,136197.408499302
42252.3792754352,2844.88447583965,114147.385713884,115642.174280865,136856.582943516
41027.2291766183,2904.10757413932,107695.248083076,110324.34263109,133097.801574378
40233.3268965995,3630.52812971457,99913.1722933082,100845.685915277,125691.822520713
41446.3160198338,4528.90025940987,97730.9878561518,90654.3868315188,116128.920885119
41601.2871078891,4548.68559243625,93861.1508337622,83123.0905862361,112706.692492081
38184.837604095,4445.80851648454,58687.0457416864,49549.8819956986,74848.3216663075
37883.4323711621,4315.39936076646,56848.2085197116,46250.7605922683,71698.4704494701
36746.6121200456,3968.41820929778,52295.4356767303,43281.466278163,69405.6084601732
35705.8285738611,3719.99425665226,46780.9312592437,39934.9486092026,64413.29399185
34256.3862556629,3503.2194818528,41568.8984489182,36181.3654793846,56070.2125470674
33285.5814480341,3178.87911993916,36020.497677333,34081.9249999995,54506.1948042588
32809.806509967,3014.5312626721,32859.1876350038,33223.8280502804,54004.8255167294
32348.2536140159,2908.18303791426,31309.2837941887,32638.5991755062,53331.197978666
32219.9157136035,2855.27699641639,31045.950705037,32873.9061181063,53194.044639294
32667.8651393091,2933.39375152007,34056.982426353,35345.6001705465,54565.7120372316
32847.1559516618,3210.4181353973,40572.8614457594,40079.0246518808,57414.9017443527
38522.1590439373,3521.55195430053,80254.7093402754,81415.5767848767,105436.218750839
42428.899431879,4379.85810423934,94771.9754692223,97071.9604556078,116215.822836966
43317.975361728,4174.32032569937,105075.976514351,104310.97107271,127020.816999987
43828.6503727406,3861.97259699955,114745.511481628,113599.921829727,132588.195168406
43570.805974674,3291.55540071464,119750.651861693,118407.766585994,139228.85423812
43282.9751876703,3119.46964473138,119499.659476956,117766.035973252,137644.005792281
43489.6052036732,2991.41437771472,118317.533726888,117671.876342556,135894.98701725
42958.2025460775,2867.65723950532,116034.830547676,116660.80989915,136197.408499302
42252.3792754352,2844.88447583965,114147.385713884,115642.174280865,136856.582943516
41027.2291766183,2904.10757413932,107695.248083076,110324.34263109,133097.801574378
40233.3268965995,3630.52812971457,99913.1722933082,100845.685915277,125691.822520713
41446.3160198338,4528.90025940987,97730.9878561518,90654.3868315188,116128.920885119
41601.2871078891,4548.68559243625,93861.1508337622,83123.0905862361,112706.692492081
38184.837604095,4445.80851648454,58687.0457416864,49549.8819956986,74848.3216663075
37883.4323711621,4315.39936076646,56848.2085197116,46250.7605922683,71698.4704494701
36746.6121200456,3968.41820929778,52295.4356767303,43281.466278163,69405.6084601732
35705.8285738611,3719.99425665226,46780.9312592437,39934.9486092026,64413.29399185
34256.3862556629,3503.2194818528,41568.8984489182,36181.3654793846,56070.2125470674
33285.5814480341,3178.87911993916,36020.497677333,34081.9249999995,54506.1948042588
32809.806509967,3014.5312626721,32859.1876350038,33223.8280502804,54004.8255167294
32348.2536140159,2908.18303791426,31309.2837941887,32638.5991755062,53331.197978666
32219.9157136035,2855.27699641639,31045.950705037,32873.9061181063,53194.044639294
32667.8651393091,2933.39375152007,34056.982426353,35345.6001705465,54565.7120372316
32847.1559516618,3210.4181353973,40572.8614457594,40079.0246518808,57414.9017443527
38522.1590439373,3521.55195430053,80254.7093402754,81415.5767848767,105436.218750839
42428.899431879,4379.85810423934,94771.9754692223,97071.9604556078,116215.822836966
43317.975361728,4174.32032569937,105075.976514351,104310.97107271,127020.816999987
43828.6503727406,3861.97259699955,114745.511481628,113599.921829727,132588.195168406
43570.805974674,3291.55540071464,119750.651861693,118407.766585994,139228.85423812
43282.9751876703,3119.46964473138,119499.659476956,117766.035973252,137644.005792281
43489.6052036732,2991.41437771472,118317.533726888,117671.876342556,135894.98701725
42958.2025460775,2867.65723950532,116034.830547676,116660.80989915,136197.408499302
42252.3792754352,2844.88447583965,114147.385713884,115642.174280865,136856.582943516
41027.2291766183,2904.10757413932,107695.248083076,110324.34263109,133097.801574378
40233.3268965995,3630.52812971457,99913.1722933082,100845.685915277,125691.822520713
41446.3160198338,4528.90025940987,97730.9878561518,90654.3868315188,116128.920885119
41601.2871078891,4548.68559243625,93861.1508337622,83123.0905862361,112706.692492081
38184.837604095,4445.80851648454,58687.0457416864,49549.8819956986,74848.3216663075
37883.4323711621,4315.39936076646,56848.2085197116,46250.7605922683,71698.4704494701
36746.6121200456,3968.41820929778,52295.4356767303,43281.466278163,69405.6084601732
35705.8285738611,3719.99425665226,46780.9312592437,39934.9486092026,64413.29399185
34256.3862556629,3503.2194818528,41568.8984489182,36181.3654793846,56070.2125470674
33285.5814480341,3178.87911993916,36020.497677333,34081.9249999995,54506.1948042588
32809.806509967,3014.5312626721,32859.1876350038,33223.8280502804,54004.8255167294
32348.2536140159,2908.18303791426,31309.2837941887,32638.5991755062,53331.197978666
32219.9157136035,2855.27699641639,31045.950705037,32873.9061181063,53194.044639294
32667.8651393091,2933.39375152007,34056.982426353,35345.6001705465,54565.7120372316
32847.1559516618,3210.4181353973,40572.8614457594,40079.0246518808,57414.9017443527
38522.1590439373,3521.55195430053,80254.7093402754,81415.5767848767,105436.218750839
42428.899431879,4379.85810423934,94771.9754692223,97071.9604556078,116215.822836966
43317.975361728,4174.32032569937,105075.976514351,104310.97107271,127020.816999987
43828.6503727406,3861.97259699955,114745.511481628,113599.921829727,132588.195168406
43570.805974674,3291.55540071464,119750.651861693,118407.766585994,139228.85423812
43282.9751876703,3119.46964473138,119499.659476956,117766.035973252,137644.005792281
43489.6052036732,2991.41437771472,118317.533726888,117671.876342556,135894.98701725
42958.2025460775,2867.65723950532,116034.830547676,116660.80989915,136197.408499302
42252.3792754352,2844.88447583965,114147.385713884,115642.174280865,136856.582943516
41027.2291766183,2904.10757413932,107695.248083076,110324.34263109,133097.801574378
40233.3268965995,3630.52812971457,99913.1722933082,100845.685915277,125691.822520713
41446.3160198338,4528.90025940987,97730.9878561518,90654.3868315188,116128.920885119
41601.2871078891,4548.68559243625,93861.1508337622,83123.0905862361,112706.692492081
38184.837604095,4445.80851648454,58687.0457416864,49549.8819956986,74848.3216663075
37883.4323711621,4315.39936076646,56848.2085197116,46250.7605922683,71698.4704494701
36746.6121200456,3968.41820929778,52295.4356767303,43281.466278163,69405.6084601732
35705.8285738611,3719.99425665226,46780.9312592437,39934.9486092026,64413.29399185
34256.3862556629,3503.2194818528,41568.8984489182,36181.3654793846,56070.2125470674
33285.5814480341,3178.87911993916,36020.497677333,34081.9249999995,54506.1948042588
32809.806509967,3014.5312626721,32859.1876350038,33223.8280502804,54004.8255167294
32348.2536140159,2908.18303791426,31309.2837941887,32638.5991755062,53331.197978666
32219.9157136035,2855.27699641639,31045.950705037,32873.9061181063,53194.044639294
32667.8651393091,2933.39375152007,34056.982426353,35345.6001705465,54565.7120372316
32847.1559516618,3210.4181353973,40572.8614457594,40079.0246518808,57414.9017443527
38522.1590439373,3521.55195430053,80254.7093402754,81415.5767848767,105436.218750839
42428.899431879,4379.85810423934,94771.9754692223,97071.9604556078,116215.822836966
43317.975361728,4174.32032569937,105075.976514351,104310.97107271,127020.816999987
43828.6503727406,3861.97259699955,114745.511481628,113599.921829727,132588.195168406
43570.805974674,3291.55540071464,119750.651861693,118407.766585994,139228.85423812
43282.9751876703,3119.46964473138,119499.659476956,117766.035973252,137644.005792281
43489.6052036732,2991.41437771472,118317.533726888,117671.876342556,135894.98701725
42958.2025460775,2867.65723950532,116034.830547676,116660.80989915,136197.408499302
42252.3792754352,2844.88447583965,114147.385713884,115642.174280865,136856.582943516
41027.2291766183,2904.10757413932,107695.248083076,110324.34263109,133097.801574378
40233.3268965995,3630.52812971457,99913.1722933082,100845.685915277,125691.822520713
41446.3160198338,4528.90025940987,97730.9878561518,90654.3868315188,116128.920885119
41601.2871078891,4548.68559243625,93861.1508337622,83123.0905862361,112706.692492081
38184.837604095,4445.80851648454,58687.0457416864,49549.8819956986,74848.3216663075
37883.4323711621,4315.39936076646,56848.2085197116,46250.7605922683,71698.4704494701
36746.6121200456,3968.41820929778,52295.4356767303,43281.466278163,69405.6084601732
35705.8285738611,3719.99425665226,46780.9312592437,39934.9486092026,64413.29399185
34256.3862556629,3503.2194818528,41568.8984489182,36181.3654793846,56070.2125470674
33285.5814480341,3178.87911993916,36020.497677333,34081.9249999995,54506.1948042588
32809.806509967,3014.5312626721,32859.1876350038,33223.8280502804,54004.8255167294
32348.2536140159,2908.18303791426,31309.2837941887,32638.5991755062,53331.197978666
32219.9157136035,2855.27699641639,31045.950705037,32873.9061181063,53194.044639294
32667.8651393091,2933.39375152007,34056.982426353,35345.6001705465,54565.7120372316
32847.1559516618,3210.4181353973,40572.8614457594,40079.0246518808,57414.9017443527
38522.1590439373,3521.55195430053,80254.7093402754,81415.5767848767,105436.218750839
42428.899431879,4379.85810423934,94771.9754692223,97071.9604556078,116215.822836966
43317.975361728,4174.32032569937,105075.976514351,104310.97107271,127020.816999987
43828.6503727406,3861.97259699955,114745.511481628,113599.921829727,132588.195168406
43570.805974674,3291.55540071464,119750.651861693,118407.766585994,139228.85423812
43282.9751876703,3119.46964473138,119499.659476956,117766.035973252,137644.005792281
43489.6052036732,2991.41437771472,118317.533726888,117671.876342556,135894.98701725
42958.2025460775,2867.65723950532,116034.830547676,116660.80989915,136197.408499302
42252.3792754352,2844.88447583965,114147.385713884,115642.174280865,136856.582943516
41027.2291766183,2904.10757413932,107695.248083076,110324.34263109,133097.801574378
40233.3268965995,3630.52812971457,99913.1722933082,100845.685915277,125691.822520713
41446.3160198338,4528.90025940987,97730.9878561518,90654.3868315188,116128.920885119
41601.2871078891,4548.68559243625,93861.1508337622,83123.0905862361,112706.692492081
38184.837604095,4445.80851648454,58687.0457416864,49549.8819956986,74848.3216663075
37883.4323711621,4315.39936076646,56848.2085197116,46250.7605922683,71698.4704494701
36746.6121200456,3968.41820929778,52295.4356767303,43281.466278163,69405.6084601732
35705.8285738611,3719.99425665226,46780.9312592437,39934.9486092026,64413.29399185
34256.3862556629,3503.2194818528,41568.8984489182,36181.3654793846,56070.2125470674
33285.5814480341,3178.87911993916,36020.497677333,34081.9249999995,54506.1948042588
32809.806509967,3014.5312626721,32859.1876350038,33223.8280502804,54004.8255167294
32348.2536140159,2908.18303791426,31309.2837941887,32638.5991755062,53331.197978666
32219.9157136035,2855.27699641639,31045.950705037,32873.9061181063,53194.044639294
32667.8651393091,2933.39375152007,34056.982426353,35345.6001705465,54565.7120372316
32847.1559516618,3210.4181353973,40572.8614457594,40079.0246518808,57414.9017443527
38522.1590439373,3521.55195430053,80254.7093402754,81415.5767848767,105436.218750839
42428.899431879,4379.85810423934,94771.9754692223,97071.9604556078,116215.822836966
43317.975361728,4174.32032569937,105075.976514351,104310.97107271,127020.816999987
43828.6503727406,3861.97259699955,114745.511481628,113599.921829727,132588.195168406
43570.805974674,3291.55540071464,119750.651861693,118407.766585994,139228.85423812
43282.9751876703,3119.46964473138,119499.659476956,117766.035973252,137644.005792281
43489.6052036732,2991.41437771472,118317.533726888,117671.876342556,135894.98701725
42958.2025460775,2867.65723950532,116034.830547676,116660.80989915,136197.408499302
42252.3792754352,2844.88447583965,114147.385713884,115642.174280865,136856.582943516
41027.2291766183,2904.10757413932,107695.248083076,110324.34263109,133097.801574378
40233.3268965995,3630.52812971457,99913.1722933082,100845.685915277,125691.822520713
41446.3160198338,4528.90025940987,97730.9878561518,90654.3868315188,116128.920885119
41601.2871078891,4548.68559243625,93861.1508337622,83123.0905862361,112706.692492081
38184.837604095,4445.80851648454,58687.0457416864,49549.8819956986,74848.3216663075
37883.4323711621,4315.39936076646,56848.2085197116,46250.7605922683,71698.4704494701
36746.6121200456,3968.41820929778,52295.4356767303,43281.466278163,69405.6084601732
35705.8285738611,3719.99425665226,46780.9312592437,39934.9486092026,64413.29399185
34256.3862556629,3503.2194818528,41568.8984489182,36181.3654793846,56070.2125470674
33285.5814480341,3178.87911993916,36020.497677333,34081.9249999995,54506.1948042588
32809.806509967,3014.5312626721,32859.1876350038,33223.8280502804,54004.8255167294
32348.2536140159,2908.18303791426,31309.2837941887,32638.5991755062,53331.197978666
32219.9157136035,2855.27699641639,31045.950705037,32873.9061181063,53194.044639294
32667.8651393091,2933.39375152007,34056.982426353,35345.6001705465,54565.7120372316
32847.1559516618,3210.4181353973,40572.8614457594,40079.0246518808,57414.9017443527
38522.1590439373,3521.55195430053,80254.7093402754,81415.5767848767,105436.218750839
42428.899431879,4379.85810423934,94771.9754692223,97071.9604556078,116215.822836966
43317.975361728,4174.32032569937,105075.976514351,104310.97107271,127020.816999987
43828.6503727406,3861.97259699955,114745.511481628,113599.921829727,132588.195168406
43570.805974674,3291.55540071464,119750.651861693,118407.766585994,139228.85423812
43282.9751876703,3119.46964473138,119499.659476956,117766.035973252,137644.005792281
43489.6052036732,2991.41437771472,118317.533726888,117671.876342556,135894.98701725
42958.2025460775,2867.65723950532,116034.830547676,116660.80989915,136197.408499302
42252.3792754352,2844.88447583965,114147.385713884,115642.174280865,136856.582943516
41027.2291766183,2904.10757413932,107695.248083076,110324.34263109,133097.801574378
40233.3268965995,3630.52812971457,99913.1722933082,100845.685915277,125691.822520713
41446.3160198338,4528.90025940987,97730.9878561518,90654.3868315188,116128.920885119
41601.2871078891,4548.68559243625,93861.1508337622,83123.0905862361,112706.692492081
38184.837604095,4445.80851648454,58687.0457416864,49549.8819956986,74848.3216663075
37883.4323711621,4315.39936076646,56848.2085197116,46250.7605922683,71698.4704494701
36746.6121200456,3968.41820929778,52295.4356767303,43281.466278163,69405.6084601732
35705.8285738611,3719.99425665226,46780.9312592437,39934.9486092026,64413.29399185
34256.3862556629,3503.2194818528,41568.8984489182,36181.3654793846,56070.2125470674
33285.5814480341,3178.87911993916,36020.497677333,34081.9249999995,54506.1948042588
32809.806509967,3014.5312626721,32859.1876350038,33223.8280502804,54004.8255167294
32348.2536140159,2908.18303791426,31309.2837941887,32638.5991755062,53331.197978666
32219.9157136035,2855.27699641639,31045.950705037,32873.9061181063,53194.044639294
32667.8651393091,2933.39375152007,34056.982426353,35345.6001705465,54565.7120372316
32847.1559516618,3210.4181353973,40572.8614457594,40079.0246518808,57414.9017443527
38522.1590439373,3521.55195430053,80254.7093402754,81415.5767848767,105436.218750839
42428.899431879,4379.85810423934,94771.9754692223,97071.9604556078,116215.822836966
43317.975361728,4174.32032569937,105075.976514351,104310.97107271,127020.816999987
43828.6503727406,3861.97259699955,114745.511481628,113599.921829727,132588.195168406
43570.805974674,3291.55540071464,119750.651861693,118407.766585994,139228.85423812
43282.9751876703,3119.46964473138,119499.659476956,117766.035973252,137644.005792281
43489.6052036732,2991.41437771472,118317.533726888,117671.876342556,135894.98701725
42958.2025460775,2867.65723950532,116034.830547676,116660.80989915,136197.408499302
42252.3792754352,2844.88447583965,114147.385713884,115642.174280865,136856.582943516
41027.2291766183,2904.10757413932,107695.248083076,110324.34263109,133097.801574378
40233.3268965995,3630.52812971457,99913.1722933082,100845.685915277,125691.822520713
41446.3160198338,4528.90025940987,97730.9878561518,90654.3868315188,116128.920885119
41601.2871078891,4548.68559243625,93861.1508337622,83123.0905862361,112706.692492081
38184.837604095,4445.80851648454,58687.0457416864,49549.8819956986,74848.3216663075
37883.4323711621,4315.39936076646,56848.2085197116,46250.7605922683,71698.4704494701
36746.6121200456,3968.41820929778,52295.4356767303,43281.466278163,69405.6084601732
35705.8285738611,3719.99425665226,46780.9312592437,39934.9486092026,64413.29399185
34256.3862556629,3503.2194818528,41568.8984489182,36181.3654793846,56070.2125470674
33285.5814480341,3178.87911993916,36020.497677333,34081.9249999995,54506.1948042588
32809.806509967,3014.5312626721,32859.1876350038,33223.8280502804,54004.8255167294
32348.2536140159,2908.18303791426,31309.2837941887,32638.5991755062,53331.197978666
32219.9157136035,2855.27699641639,31045.950705037,32873.9061181063,53194.044639294
32667.8651393091,2933.39375152007,34056.982426353,35345.6001705465,54565.7120372316
32847.1559516618,3210.4181353973,40572.8614457594,40079.0246518808,57414.9017443527
38522.1590439373,3521.55195430053,80254.7093402754,81415.5767848767,105436.218750839
42428.899431879,4379.85810423934,94771.9754692223,97071.9604556078,116215.822836966
43317.975361728,4174.32032569937,105075.976514351,104310.97107271,127020.816999987
43828.6503727406,3861.97259699955,114745.511481628,113599.921829727,132588.195168406
43570.805974674,3291.55540071464,119750.651861693,118407.766585994,139228.85423812
43282.9751876703,3119.46964473138,119499.659476956,117766.035973252,137644.005792281
43489.6052036732,2991.41437771472,118317.533726888,117671.876342556,135894.98701725
42958.2025460775,2867.65723950532,116034.830547676,116660.80989915,136197.408499302
42252.3792754352,2844.88447583965,114147.385713884,115642.174280865,136856.582943516
41027.2291766183,2904.10757413932,107695.248083076,110324.34263109,133097.801574378
40233.3268965995,3630.52812971457,99913.1722933082,100845.685915277,125691.822520713
41446.3160198338,4528.90025940987,97730.9878561518,90654.3868315188,116128.920885119
41601.2871078891,4548.68559243625,93861.1508337622,83123.0905862361,112706.692492081
38184.837604095,4445.80851648454,58687.0457416864,49549.8819956986,74848.3216663075
37883.4323711621,4315.39936076646,56848.2085197116,46250.7605922683,71698.4704494701
36746.6121200456,3968.41820929778,52295.4356767303,43281.466278163,69405.6084601732
35705.8285738611,3719.99425665226,46780.9312592437,39934.9486092026,64413.29399185
34256.3862556629,3503.2194818528,41568.8984489182,36181.3654793846,56070.2125470674
33285.5814480341,3178.87911993916,36020.497677333,34081.9249999995,54506.1948042588
32809.806509967,3014.5312626721,32859.1876350038,33223.8280502804,54004.8255167294
32348.2536140159,2908.18303791426,31309.2837941887,32638.5991755062,53331.197978666
32219.9157136035,2855.27699641639,31045.950705037,32873.9061181063,53194.044639294
32667.8651393091,2933.39375152007,34056.982426353,35345.6001705465,54565.7120372316
32847.1559516618,3210.4181353973,40572.8614457594,40079.0246518808,57414.9017443527
38522.1590439373,3521.55195430053,80254.7093402754,81415.5767848767,105436.218750839
42428.899431879,4379.85810423934,94771.9754692223,97071.9604556078,116215.822836966
43317.975361728,4174.32032569937,105075.976514351,104310.97107271,127020.816999987
43828.6503727406,3861.97259699955,114745.511481628,113599.921829727,132588.195168406
43570.805974674,3291.55540071464,119750.651861693,118407.766585994,139228.85423812
43282.9751876703,3119.46964473138,119499.659476956,117766.035973252,137644.005792281
43489.6052036732,2991.41437771472,118317.533726888,117671.876342556,135894.98701725
42958.2025460775,2867.65723950532,116034.830547676,116660.80989915,136197.408499302
42252.3792754352,2844.88447583965,114147.385713884,115642.174280865,136856.582943516
41027.2291766183,2904.10757413932,107695.248083076,110324.34263109,133097.801574378
40233.3268965995,3630.52812971457,99913.1722933082,100845.685915277,125691.822520713
41446.3160198338,4528.90025940987,97730.9878561518,90654.3868315188,116128.920885119
41601.2871078891,4548.68559243625,93861.1508337622,83123.0905862361,112706.692492081
38184.837604095,4445.80851648454,58687.0457416864,49549.8819956986,74848.3216663075
37883.4323711621,4315.39936076646,56848.2085197116,46250.7605922683,71698.4704494701
36746.6121200456,3968.41820929778,52295.4356767303,43281.466278163,69405.6084601732
35705.8285738611,3719.99425665226,46780.9312592437,39934.9486092026,64413.29399185
34256.3862556629,3503.2194818528,41568.8984489182,36181.3654793846,56070.2125470674
33285.5814480341,3178.87911993916,36020.497677333,34081.9249999995,54506.1948042588
32809.806509967,3014.5312626721,32859.1876350038,33223.8280502804,54004.8255167294
32348.2536140159,2908.18303791426,31309.2837941887,32638.5991755062,53331.197978666
32219.9157136035,2855.27699641639,31045.950705037,32873.9061181063,53194.044639294
32667.8651393091,2933.39375152007,34056.982426353,35345.6001705465,54565.7120372316
32847.1559516618,3210.4181353973,40572.8614457594,40079.0246518808,57414.9017443527
38522.1590439373,3521.55195430053,80254.7093402754,81415.5767848767,105436.218750839
42428.899431879,4379.85810423934,94771.9754692223,97071.9604556078,116215.822836966
43317.975361728,4174.32032569937,105075.976514351,104310.97107271,127020.816999987
43828.6503727406,3861.97259699955,114745.511481628,113599.921829727,132588.195168406
43570.805974674,3291.55540071464,119750.651861693,118407.766585994,139228.85423812
43282.9751876703,3119.46964473138,119499.659476956,117766.035973252,137644.005792281
43489.6052036732,2991.41437771472,118317.533726888,117671.876342556,135894.98701725
42958.2025460775,2867.65723950532,116034.830547676,116660.80989915,136197.408499302
42252.3792754352,2844.88447583965,114147.385713884,115642.174280865,136856.582943516
41027.2291766183,2904.10757413932,107695.248083076,110324.34263109,133097.801574378
40233.3268965995,3630.52812971457,99913.1722933082,100845.685915277,125691.822520713
41446.3160198338,4528.90025940987,97730.9878561518,90654.3868315188,116128.920885119
41601.2871078891,4548.68559243625,93861.1508337622,83123.0905862361,112706.692492081
38184.837604095,4445.80851648454,58687.0457416864,49549.8819956986,74848.3216663075
37883.4323711621,4315.39936076646,56848.2085197116,46250.7605922683,71698.4704494701
36746.6121200456,3968.41820929778,52295.4356767303,43281.466278163,69405.6084601732
35705.8285738611,3719.99425665226,46780.9312592437,39934.9486092026,64413.29399185
34256.3862556629,3503.2194818528,41568.8984489182,36181.3654793846,56070.2125470674
33285.5814480341,3178.87911993916,36020.497677333,34081.9249999995,54506.1948042588
32809.806509967,3014.5312626721,32859.1876350038,33223.8280502804,54004.8255167294
32348.2536140159,2908.18303791426,31309.2837941887,32638.5991755062,53331.197978666
32219.9157136035,2855.27699641639,31045.950705037,32873.9061181063,53194.044639294
32667.8651393091,2933.39375152007,34056.982426353,35345.6001705465,54565.7120372316
32847.1559516618,3210.4181353973,40572.8614457594,40079.0246518808,57414.9017443527
38522.1590439373,3521.55195430053,80254.7093402754,81415.5767848767,105436.218750839
42428.899431879,4379.85810423934,94771.9754692223,97071.9604556078,116215.822836966
43317.975361728,4174.32032569937,105075.976514351,104310.97107271,127020.816999987
43828.6503727406,3861.97259699955,114745.511481628,113599.921829727,132588.195168406
43570.805974674,3291.55540071464,119750.651861693,118407.766585994,139228.85423812
43282.9751876703,3119.46964473138,119499.659476956,117766.035973252,137644.005792281
43489.6052036732,2991.41437771472,118317.533726888,117671.876342556,135894.98701725
42958.2025460775,2867.65723950532,116034.830547676,116660.80989915,136197.408499302
42252.3792754352,2844.88447583965,114147.385713884,115642.174280865,136856.582943516
41027.2291766183,2904.10757413932,107695.248083076,110324.34263109,133097.801574378
40233.3268965995,3630.52812971457,99913.1722933082,100845.685915277,125691.822520713
41446.3160198338,4528.90025940987,97730.9878561518,90654.3868315188,116128.920885119
41601.2871078891,4548.68559243625,93861.1508337622,83123.0905862361,112706.692492081
38184.837604095,4445.80851648454,58687.0457416864,49549.8819956986,74848.3216663075
37883.4323711621,4315.39936076646,56848.2085197116,46250.7605922683,71698.4704494701
36746.6121200456,3968.41820929778,52295.4356767303,43281.466278163,69405.6084601732
35705.8285738611,3719.99425665226,46780.9312592437,39934.9486092026,64413.29399185
34256.3862556629,3503.2194818528,41568.8984489182,36181.3654793846,56070.2125470674
33285.5814480341,3178.87911993916,36020.497677333,34081.9249999995,54506.1948042588
32809.806509967,3014.5312626721,32859.1876350038,33223.8280502804,54004.8255167294
32348.2536140159,2908.18303791426,31309.2837941887,32638.5991755062,53331.197978666
32219.9157136035,2855.27699641639,31045.950705037,32873.9061181063,53194.044639294
32667.8651393091,2933.39375152007,34056.982426353,35345.6001705465,54565.7120372316
32847.1559516618,3210.4181353973,40572.8614457594,40079.0246518808,57414.9017443527
38522.1590439373,3521.55195430053,80254.7093402754,81415.5767848767,105436.218750839
42428.899431879,4379.85810423934,94771.9754692223,97071.9604556078,116215.822836966
43317.975361728,4174.32032569937,105075.976514351,104310.97107271,127020.816999987
43828.6503727406,3861.97259699955,114745.511481628,113599.921829727,132588.195168406
43570.805974674,3291.55540071464,119750.651861693,118407.766585994,139228.85423812
43282.9751876703,3119.46964473138,119499.659476956,117766.035973252,137644.005792281
43489.6052036732,2991.41437771472,118317.533726888,117671.876342556,135894.98701725
42958.2025460775,2867.65723950532,116034.830547676,116660.80989915,136197.408499302
42252.3792754352,2844.88447583965,114147.385713884,115642.174280865,136856.582943516
41027.2291766183,2904.10757413932,107695.248083076,110324.34263109,133097.801574378
40233.3268965995,3630.52812971457,99913.1722933082,100845.685915277,125691.822520713
41446.3160198338,4528.90025940987,97730.9878561518,90654.3868315188,116128.920885119
41601.2871078891,4548.68559243625,93861.1508337622,83123.0905862361,112706.692492081
38184.837604095,4445.80851648454,58687.0457416864,49549.8819956986,74848.3216663075
37883.4323711621,4315.39936076646,56848.2085197116,46250.7605922683,71698.4704494701
36746.6121200456,3968.41820929778,52295.4356767303,43281.466278163,69405.6084601732
35705.8285738611,3719.99425665226,46780.9312592437,39934.9486092026,64413.29399185
34256.3862556629,3503.2194818528,41568.8984489182,36181.3654793846,56070.2125470674
33285.5814480341,3178.87911993916,36020.497677333,34081.9249999995,54506.1948042588
32809.806509967,3014.5312626721,32859.1876350038,33223.8280502804,54004.8255167294
32348.2536140159,2908.18303791426,31309.2837941887,32638.5991755062,53331.197978666
32219.9157136035,2855.27699641639,31045.950705037,32873.9061181063,53194.044639294
32667.8651393091,2933.39375152007,34056.982426353,35345.6001705465,54565.7120372316
32847.1559516618,3210.4181353973,40572.8614457594,40079.0246518808,57414.9017443527
38522.1590439373,3521.55195430053,80254.7093402754,81415.5767848767,105436.218750839
42428.899431879,4379.85810423934,94771.9754692223,97071.9604556078,116215.822836966
43317.975361728,4174.32032569937,105075.976514351,104310.97107271,127020.816999987
43828.6503727406,3861.97259699955,114745.511481628,113599.921829727,132588.195168406
43570.805974674,3291.55540071464,119750.651861693,118407.766585994,139228.85423812
43282.9751876703,3119.46964473138,119499.659476956,117766.035973252,137644.005792281
43489.6052036732,2991.41437771472,118317.533726888,117671.876342556,135894.98701725
42958.2025460775,2867.65723950532,116034.830547676,116660.80989915,136197.408499302
42252.3792754352,2844.88447583965,114147.385713884,115642.174280865,136856.582943516
41027.2291766183,2904.10757413932,107695.248083076,110324.34263109,133097.801574378
40233.3268965995,3630.52812971457,99913.1722933082,100845.685915277,125691.822520713
41446.3160198338,4528.90025940987,97730.9878561518,90654.3868315188,116128.920885119
41601.2871078891,4548.68559243625,93861.1508337622,83123.0905862361,112706.692492081
38184.837604095,4445.80851648454,58687.0457416864,49549.8819956986,74848.3216663075
37883.4323711621,4315.39936076646,56848.2085197116,46250.7605922683,71698.4704494701
36746.6121200456,3968.41820929778,52295.4356767303,43281.466278163,69405.6084601732
35705.8285738611,3719.99425665226,46780.9312592437,39934.9486092026,64413.29399185
34256.3862556629,3503.2194818528,41568.8984489182,36181.3654793846,56070.2125470674
33285.5814480341,3178.87911993916,36020.497677333,34081.9249999995,54506.1948042588
32809.806509967,3014.5312626721,32859.1876350038,33223.8280502804,54004.8255167294
32348.2536140159,2908.18303791426,31309.2837941887,32638.5991755062,53331.197978666
32219.9157136035,2855.27699641639,31045.950705037,32873.9061181063,53194.044639294
32667.8651393091,2933.39375152007,34056.982426353,35345.6001705465,54565.7120372316
32847.1559516618,3210.4181353973,40572.8614457594,40079.0246518808,57414.9017443527
38522.1590439373,3521.55195430053,80254.7093402754,81415.5767848767,105436.218750839
42428.899431879,4379.85810423934,94771.9754692223,97071.9604556078,116215.822836966
43317.975361728,4174.32032569937,105075.976514351,104310.97107271,127020.816999987
43828.6503727406,3861.97259699955,114745.511481628,113599.921829727,132588.195168406
43570.805974674,3291.55540071464,119750.651861693,118407.766585994,139228.85423812
43282.9751876703,3119.46964473138,119499.659476956,117766.035973252,137644.005792281
43489.6052036732,2991.41437771472,118317.533726888,117671.876342556,135894.98701725
42958.2025460775,2867.65723950532,116034.830547676,116660.80989915,136197.408499302
42252.3792754352,2844.88447583965,114147.385713884,115642.174280865,136856.582943516
41027.2291766183,2904.10757413932,107695.248083076,110324.34263109,133097.801574378
40233.3268965995,3630.52812971457,99913.1722933082,100845.685915277,125691.822520713
41446.3160198338,4528.90025940987,97730.9878561518,90654.3868315188,116128.920885119
41601.2871078891,4548.68559243625,93861.1508337622,83123.0905862361,112706.692492081
38184.837604095,4445.80851648454,58687.0457416864,49549.8819956986,74848.3216663075
37883.4323711621,4315.39936076646,56848.2085197116,46250.7605922683,71698.4704494701
36746.6121200456,3968.41820929778,52295.4356767303,43281.466278163,69405.6084601732
35705.8285738611,3719.99425665226,46780.9312592437,39934.9486092026,64413.29399185
34256.3862556629,3503.2194818528,41568.8984489182,36181.3654793846,56070.2125470674
33285.5814480341,3178.87911993916,36020.497677333,34081.9249999995,54506.1948042588
32809.806509967,3014.5312626721,32859.1876350038,33223.8280502804,54004.8255167294
32348.2536140159,2908.18303791426,31309.2837941887,32638.5991755062,53331.197978666
32219.9157136035,2855.27699641639,31045.950705037,32873.9061181063,53194.044639294
32667.8651393091,2933.39375152007,34056.982426353,35345.6001705465,54565.7120372316
32847.1559516618,3210.4181353973,40572.8614457594,40079.0246518808,57414.9017443527
38522.1590439373,3521.55195430053,80254.7093402754,81415.5767848767,105436.218750839
42428.899431879,4379.85810423934,94771.9754692223,97071.9604556078,116215.822836966
43317.975361728,4174.32032569937,105075.976514351,104310.97107271,127020.816999987
43828.6503727406,3861.97259699955,114745.511481628,113599.921829727,132588.195168406
43570.805974674,3291.55540071464,119750.651861693,118407.766585994,139228.85423812
43282.9751876703,3119.46964473138,119499.659476956,117766.035973252,137644.005792281
43489.6052036732,2991.41437771472,118317.533726888,117671.876342556,135894.98701725
42958.2025460775,2867.65723950532,116034.830547676,116660.80989915,136197.408499302
42252.3792754352,2844.88447583965,114147.385713884,115642.174280865,136856.582943516
41027.2291766183,2904.10757413932,107695.248083076,110324.34263109,133097.801574378
40233.3268965995,3630.52812971457,99913.1722933082,100845.685915277,125691.822520713
41446.3160198338,4528.90025940987,97730.9878561518,90654.3868315188,116128.920885119
41601.2871078891,4548.68559243625,93861.1508337622,83123.0905862361,112706.692492081
38184.837604095,4445.80851648454,58687.0457416864,49549.8819956986,74848.3216663075
37883.4323711621,4315.39936076646,56848.2085197116,46250.7605922683,71698.4704494701
36746.6121200456,3968.41820929778,52295.4356767303,43281.466278163,69405.6084601732
35705.8285738611,3719.99425665226,46780.9312592437,39934.9486092026,64413.29399185
34256.3862556629,3503.2194818528,41568.8984489182,36181.3654793846,56070.2125470674
33285.5814480341,3178.87911993916,36020.497677333,34081.9249999995,54506.1948042588
32809.806509967,3014.5312626721,32859.1876350038,33223.8280502804,54004.8255167294
32348.2536140159,2908.18303791426,31309.2837941887,32638.5991755062,53331.197978666
32219.9157136035,2855.27699641639,31045.950705037,32873.9061181063,53194.044639294
32667.8651393091,2933.39375152007,34056.982426353,35345.6001705465,54565.7120372316
32847.1559516618,3210.4181353973,40572.8614457594,40079.0246518808,57414.9017443527
38522.1590439373,3521.55195430053,80254.7093402754,81415.5767848767,105436.218750839
42428.899431879,4379.85810423934,94771.9754692223,97071.9604556078,116215.822836966
43317.975361728,4174.32032569937,105075.976514351,104310.97107271,127020.816999987
43828.6503727406,3861.97259699955,114745.511481628,113599.921829727,132588.195168406
43570.805974674,3291.55540071464,119750.651861693,118407.766585994,139228.85423812
43282.9751876703,3119.46964473138,119499.659476956,117766.035973252,137644.005792281
43489.6052036732,2991.41437771472,118317.533726888,117671.876342556,135894.98701725
42958.2025460775,2867.65723950532,116034.830547676,116660.80989915,136197.408499302
42252.3792754352,2844.88447583965,114147.385713884,115642.174280865,136856.582943516
41027.2291766183,2904.10757413932,107695.248083076,110324.34263109,133097.801574378
40233.3268965995,3630.52812971457,99913.1722933082,100845.685915277,125691.822520713
41446.3160198338,4528.90025940987,97730.9878561518,90654.3868315188,116128.920885119
41601.2871078891,4548.68559243625,93861.1508337622,83123.0905862361,112706.692492081
38184.837604095,4445.80851648454,58687.0457416864,49549.8819956986,74848.3216663075
37883.4323711621,4315.39936076646,56848.2085197116,46250.7605922683,71698.4704494701
36746.6121200456,3968.41820929778,52295.4356767303,43281.466278163,69405.6084601732
35705.8285738611,3719.99425665226,46780.9312592437,39934.9486092026,64413.29399185
34256.3862556629,3503.2194818528,41568.8984489182,36181.3654793846,56070.2125470674
33285.5814480341,3178.87911993916,36020.497677333,34081.9249999995,54506.1948042588
32809.806509967,3014.5312626721,32859.1876350038,33223.8280502804,54004.8255167294
32348.2536140159,2908.18303791426,31309.2837941887,32638.5991755062,53331.197978666
32219.9157136035,2855.27699641639,31045.950705037,32873.9061181063,53194.044639294
32667.8651393091,2933.39375152007,34056.982426353,35345.6001705465,54565.7120372316
32847.1559516618,3210.4181353973,40572.8614457594,40079.0246518808,57414.9017443527
38522.1590439373,3521.55195430053,80254.7093402754,81415.5767848767,105436.218750839
42428.899431879,4379.85810423934,94771.9754692223,97071.9604556078,116215.822836966
43317.975361728,4174.32032569937,105075.976514351,104310.97107271,127020.816999987
43828.6503727406,3861.97259699955,114745.511481628,113599.921829727,132588.195168406
43570.805974674,3291.55540071464,119750.651861693,118407.766585994,139228.85423812
43282.9751876703,3119.46964473138,119499.659476956,117766.035973252,137644.005792281
43489.6052036732,2991.41437771472,118317.533726888,117671.876342556,135894.98701725
42958.2025460775,2867.65723950532,116034.830547676,116660.80989915,136197.408499302
42252.3792754352,2844.88447583965,114147.385713884,115642.174280865,136856.582943516
41027.2291766183,2904.10757413932,107695.248083076,110324.34263109,133097.801574378
40233.3268965995,3630.52812971457,99913.1722933082,100845.685915277,125691.822520713
41446.3160198338,4528.90025940987,97730.9878561518,90654.3868315188,116128.920885119
41601.2871078891,4548.68559243625,93861.1508337622,83123.0905862361,112706.692492081
38184.837604095,4445.80851648454,58687.0457416864,49549.8819956986,74848.3216663075
37883.4323711621,4315.39936076646,56848.2085197116,46250.7605922683,71698.4704494701
36746.6121200456,3968.41820929778,52295.4356767303,43281.466278163,69405.6084601732
35705.8285738611,3719.99425665226,46780.9312592437,39934.9486092026,64413.29399185
34256.3862556629,3503.2194818528,41568.8984489182,36181.3654793846,56070.2125470674
33285.5814480341,3178.87911993916,36020.497677333,34081.9249999995,54506.1948042588
32809.806509967,3014.5312626721,32859.1876350038,33223.8280502804,54004.8255167294
32348.2536140159,2908.18303791426,31309.2837941887,32638.5991755062,53331.197978666
32219.9157136035,2855.27699641639,31045.950705037,32873.9061181063,53194.044639294
32667.8651393091,2933.39375152007,34056.982426353,35345.6001705465,54565.7120372316
32847.1559516618,3210.4181353973,40572.8614457594,40079.0246518808,57414.9017443527
38522.1590439373,3521.55195430053,80254.7093402754,81415.5767848767,105436.218750839
42428.899431879,4379.85810423934,94771.9754692223,97071.9604556078,116215.822836966
43317.975361728,4174.32032569937,105075.976514351,104310.97107271,127020.816999987
43828.6503727406,3861.97259699955,114745.511481628,113599.921829727,132588.195168406
43570.805974674,3291.55540071464,119750.651861693,118407.766585994,139228.85423812
43282.9751876703,3119.46964473138,119499.659476956,117766.035973252,137644.005792281
43489.6052036732,2991.41437771472,118317.533726888,117671.876342556,135894.98701725
42958.2025460775,2867.65723950532,116034.830547676,116660.80989915,136197.408499302
42252.3792754352,2844.88447583965,114147.385713884,115642.174280865,136856.582943516
41027.2291766183,2904.10757413932,107695.248083076,110324.34263109,133097.801574378
40233.3268965995,3630.52812971457,99913.1722933082,100845.685915277,125691.822520713
41446.3160198338,4528.90025940987,97730.9878561518,90654.3868315188,116128.920885119
41601.2871078891,4548.68559243625,93861.1508337622,83123.0905862361,112706.692492081
38184.837604095,4445.80851648454,58687.0457416864,49549.8819956986,74848.3216663075
37883.4323711621,4315.39936076646,56848.2085197116,46250.7605922683,71698.4704494701
36746.6121200456,3968.41820929778,52295.4356767303,43281.466278163,69405.6084601732
35705.8285738611,3719.99425665226,46780.9312592437,39934.9486092026,64413.29399185
34256.3862556629,3503.2194818528,41568.8984489182,36181.3654793846,56070.2125470674
33285.5814480341,3178.87911993916,36020.497677333,34081.9249999995,54506.1948042588
32809.806509967,3014.5312626721,32859.1876350038,33223.8280502804,54004.8255167294
32348.2536140159,2908.18303791426,31309.2837941887,32638.5991755062,53331.197978666
32219.9157136035,2855.27699641639,31045.950705037,32873.9061181063,53194.044639294
32667.8651393091,2933.39375152007,34056.982426353,35345.6001705465,54565.7120372316
32847.1559516618,3210.4181353973,40572.8614457594,40079.0246518808,57414.9017443527
38522.1590439373,3521.55195430053,80254.7093402754,81415.5767848767,105436.218750839
42428.899431879,4379.85810423934,94771.9754692223,97071.9604556078,116215.822836966
43317.975361728,4174.32032569937,105075.976514351,104310.97107271,127020.816999987
43828.6503727406,3861.97259699955,114745.511481628,113599.921829727,132588.195168406
43570.805974674,3291.55540071464,119750.651861693,118407.766585994,139228.85423812
43282.9751876703,3119.46964473138,119499.659476956,117766.035973252,137644.005792281
43489.6052036732,2991.41437771472,118317.533726888,117671.876342556,135894.98701725
42958.2025460775,2867.65723950532,116034.830547676,116660.80989915,136197.408499302
42252.3792754352,2844.88447583965,114147.385713884,115642.174280865,136856.582943516
41027.2291766183,2904.10757413932,107695.248083076,110324.34263109,133097.801574378
40233.3268965995,3630.52812971457,99913.1722933082,100845.685915277,125691.822520713
41446.3160198338,4528.90025940987,97730.9878561518,90654.3868315188,116128.920885119
41601.2871078891,4548.68559243625,93861.1508337622,83123.0905862361,112706.692492081
38184.837604095,4445.80851648454,58687.0457416864,49549.8819956986,74848.3216663075
37883.4323711621,4315.39936076646,56848.2085197116,46250.7605922683,71698.4704494701
36746.6121200456,3968.41820929778,52295.4356767303,43281.466278163,69405.6084601732
35705.8285738611,3719.99425665226,46780.9312592437,39934.9486092026,64413.29399185
34256.3862556629,3503.2194818528,41568.8984489182,36181.3654793846,56070.2125470674
33285.5814480341,3178.87911993916,36020.497677333,34081.9249999995,54506.1948042588
32809.806509967,3014.5312626721,32859.1876350038,33223.8280502804,54004.8255167294
32348.2536140159,2908.18303791426,31309.2837941887,32638.5991755062,53331.197978666
32219.9157136035,2855.27699641639,31045.950705037,32873.9061181063,53194.044639294
32667.8651393091,2933.39375152007,34056.982426353,35345.6001705465,54565.7120372316
32847.1559516618,3210.4181353973,40572.8614457594,40079.0246518808,57414.9017443527
38522.1590439373,3521.55195430053,80254.7093402754,81415.5767848767,105436.218750839
42428.899431879,4379.85810423934,94771.9754692223,97071.9604556078,116215.822836966
43317.975361728,4174.32032569937,105075.976514351,104310.97107271,127020.816999987
43828.6503727406,3861.97259699955,114745.511481628,113599.921829727,132588.195168406
43570.805974674,3291.55540071464,119750.651861693,118407.766585994,139228.85423812
43282.9751876703,3119.46964473138,119499.659476956,117766.035973252,137644.005792281
43489.6052036732,2991.41437771472,118317.533726888,117671.876342556,135894.98701725
42958.2025460775,2867.65723950532,116034.830547676,116660.80989915,136197.408499302
42252.3792754352,2844.88447583965,114147.385713884,115642.174280865,136856.582943516
41027.2291766183,2904.10757413932,107695.248083076,110324.34263109,133097.801574378
40233.3268965995,3630.52812971457,99913.1722933082,100845.685915277,125691.822520713
41446.3160198338,4528.90025940987,97730.9878561518,90654.3868315188,116128.920885119
41601.2871078891,4548.68559243625,93861.1508337622,83123.0905862361,112706.692492081
38184.837604095,4445.80851648454,58687.0457416864,49549.8819956986,74848.3216663075
37883.4323711621,4315.39936076646,56848.2085197116,46250.7605922683,71698.4704494701
36746.6121200456,3968.41820929778,52295.4356767303,43281.466278163,69405.6084601732
35705.8285738611,3719.99425665226,46780.9312592437,39934.9486092026,64413.29399185
34256.3862556629,3503.2194818528,41568.8984489182,36181.3654793846,56070.2125470674
35609.9938999007,3110.16119031737,34008.3820697614,46373.0605639699,59314.60813266
35398.0175455321,3032.57229800973,31918.3983271136,44323.1193924826,59345.2627612983
34888.4577411599,2953.99195455351,30934.1232942622,43391.7718300302,58605.2067740789
34820.4092085347,2914.67286604435,30667.4242728757,43476.1609436258,58353.7316100148
35195.5161036527,3014.24146294198,33172.8618401512,44779.5083910554,59969.4947970806
35608.4012741241,3205.06540731605,38348.2611126453,47481.337379138,63086.4000312572
40115.5288709474,3347.82269428442,82681.0339261869,92749.2557035057,113353.651383071
41808.5480397398,3676.36089503374,96242.999395374,108757.761571244,122793.465378534
42324.3380202475,3489.02834982003,105583.043986123,116967.03270676,129103.744802639
42368.9108819142,3421.68029384498,114878.565721048,127619.692334484,135312.287845926
42341.1441493235,3145.11666909308,119113.255288562,133336.06130347,141614.09965218
42512.3025910465,3076.23177817765,118431.81821489,132956.291235276,141491.931929063
42363.2904730084,3086.67858209743,115685.597533728,132769.08888575,140898.339999353
41616.280320273,3164.37647139757,112107.190534084,131591.459738144,140827.089468722
41160.0466668086,3211.28869839652,111087.161469283,131160.02260211,141435.475219249
40470.2030737204,3273.06611947371,104013.927940765,125272.679426398,137468.63069578
39910.1826616191,3264.80619688184,96381.5501811002,114844.878755613,129274.62325841
40734.5443047342,3527.15735938748,91009.7255230906,103233.31624537,121586.182908576
41596.6113771058,3740.30990765103,84030.254848093,94076.1076217883,115968.686904159
38589.7080804117,3919.94838007512,51213.1366058902,58473.0334429413,76634.3590684184
38085.4986434749,3958.57536370523,48696.8466968444,55537.5717206331,72327.962799297
36897.9233234613,3823.57326878319,44883.7773623452,53608.8186242943,69815.1383199248
36922.5920237939,3742.0227281671,40965.9500942971,50409.9854848778,68190.214158026
36212.7630155846,3315.10602918496,37840.4517634965,47946.3274699532,60990.7551820256
35609.9938999007,3110.16119031737,34008.3820697614,46373.0605639699,59314.60813266
35398.0175455321,3032.57229800973,31918.3983271136,44323.1193924826,59345.2627612983
34888.4577411599,2953.99195455351,30934.1232942622,43391.7718300302,58605.2067740789
34820.4092085347,2914.67286604435,30667.4242728757,43476.1609436258,58353.7316100148
35195.5161036527,3014.24146294198,33172.8618401512,44779.5083910554,59969.4947970806
35608.4012741241,3205.06540731605,38348.2611126453,47481.337379138,63086.4000312572
40115.5288709474,3347.82269428442,82681.0339261869,92749.2557035057,113353.651383071
41808.5480397398,3676.36089503374,96242.999395374,108757.761571244,122793.465378534
42324.3380202475,3489.02834982003,105583.043986123,116967.03270676,129103.744802639
42368.9108819142,3421.68029384498,114878.565721048,127619.692334484,135312.287845926
42341.1441493235,3145.11666909308,119113.255288562,133336.06130347,141614.09965218
42512.3025910465,3076.23177817765,118431.81821489,132956.291235276,141491.931929063
42363.2904730084,3086.67858209743,115685.597533728,132769.08888575,140898.339999353
41616.280320273,3164.37647139757,112107.190534084,131591.459738144,140827.089468722
41160.0466668086,3211.28869839652,111087.161469283,131160.02260211,141435.475219249
40470.2030737204,3273.06611947371,104013.927940765,125272.679426398,137468.63069578
39910.1826616191,3264.80619688184,96381.5501811002,114844.878755613,129274.62325841
40734.5443047342,3527.15735938748,91009.7255230906,103233.31624537,121586.182908576
41596.6113771058,3740.30990765103,84030.254848093,94076.1076217883,115968.686904159
38589.7080804117,3919.94838007512,51213.1366058902,58473.0334429413,76634.3590684184
38085.4986434749,3958.57536370523,48696.8466968444,55537.5717206331,72327.962799297
36897.9233234613,3823.57326878319,44883.7773623452,53608.8186242943,69815.1383199248
36922.5920237939,3742.0227281671,40965.9500942971,50409.9854848778,68190.214158026
36212.7630155846,3315.10602918496,37840.4517634965,47946.3274699532,60990.7551820256
35609.9938999007,3110.16119031737,34008.3820697614,46373.0605639699,59314.60813266
35398.0175455321,3032.57229800973,31918.3983271136,44323.1193924826,59345.2627612983
34888.4577411599,2953.99195455351,30934.1232942622,43391.7718300302,58605.2067740789
34820.4092085347,2914.67286604435,30667.4242728757,43476.1609436258,58353.7316100148
35195.5161036527,3014.24146294198,33172.8618401512,44779.5083910554,59969.4947970806
35608.4012741241,3205.06540731605,38348.2611126453,47481.337379138,63086.4000312572
40115.5288709474,3347.82269428442,82681.0339261869,92749.2557035057,113353.651383071
41808.5480397398,3676.36089503374,96242.999395374,108757.761571244,122793.465378534
42324.3380202475,3489.02834982003,105583.043986123,116967.03270676,129103.744802639
42368.9108819142,3421.68029384498,114878.565721048,127619.692334484,135312.287845926
42341.1441493235,3145.11666909308,119113.255288562,133336.06130347,141614.09965218
42512.3025910465,3076.23177817765,118431.81821489,132956.291235276,141491.931929063
42363.2904730084,3086.67858209743,115685.597533728,132769.08888575,140898.339999353
41616.280320273,3164.37647139757,112107.190534084,131591.459738144,140827.089468722
41160.0466668086,3211.28869839652,111087.161469283,131160.02260211,141435.475219249
40470.2030737204,3273.06611947371,104013.927940765,125272.679426398,137468.63069578
39910.1826616191,3264.80619688184,96381.5501811002,114844.878755613,129274.62325841
40734.5443047342,3527.15735938748,91009.7255230906,103233.31624537,121586.182908576
41596.6113771058,3740.30990765103,84030.254848093,94076.1076217883,115968.686904159
38589.7080804117,3919.94838007512,51213.1366058902,58473.0334429413,76634.3590684184
38085.4986434749,3958.57536370523,48696.8466968444,55537.5717206331,72327.962799297
36897.9233234613,3823.57326878319,44883.7773623452,53608.8186242943,69815.1383199248
36922.5920237939,3742.0227281671,40965.9500942971,50409.9854848778,68190.214158026
36212.7630155846,3315.10602918496,37840.4517634965,47946.3274699532,60990.7551820256
35609.9938999007,3110.16119031737,34008.3820697614,46373.0605639699,59314.60813266
35398.0175455321,3032.57229800973,31918.3983271136,44323.1193924826,59345.2627612983
34888.4577411599,2953.99195455351,30934.1232942622,43391.7718300302,58605.2067740789
34820.4092085347,2914.67286604435,30667.4242728757,43476.1609436258,58353.7316100148
35195.5161036527,3014.24146294198,33172.8618401512,44779.5083910554,59969.4947970806
35608.4012741241,3205.06540731605,38348.2611126453,47481.337379138,63086.4000312572
40115.5288709474,3347.82269428442,82681.0339261869,92749.2557035057,113353.651383071
41808.5480397398,3676.36089503374,96242.999395374,108757.761571244,122793.465378534
42324.3380202475,3489.02834982003,105583.043986123,116967.03270676,129103.744802639
42368.9108819142,3421.68029384498,114878.565721048,127619.692334484,135312.287845926
42341.1441493235,3145.11666909308,119113.255288562,133336.06130347,141614.09965218
42512.3025910465,3076.23177817765,118431.81821489,132956.291235276,141491.931929063
42363.2904730084,3086.67858209743,115685.597533728,132769.08888575,140898.339999353
41616.280320273,3164.37647139757,112107.190534084,131591.459738144,140827.089468722
41160.0466668086,3211.28869839652,111087.161469283,131160.02260211,141435.475219249
40470.2030737204,3273.06611947371,104013.927940765,125272.679426398,137468.63069578
39910.1826616191,3264.80619688184,96381.5501811002,114844.878755613,129274.62325841
40734.5443047342,3527.15735938748,91009.7255230906,103233.31624537,121586.182908576
41596.6113771058,3740.30990765103,84030.254848093,94076.1076217883,115968.686904159
38589.7080804117,3919.94838007512,51213.1366058902,58473.0334429413,76634.3590684184
38085.4986434749,3958.57536370523,48696.8466968444,55537.5717206331,72327.962799297
36897.9233234613,3823.57326878319,44883.7773623452,53608.8186242943,69815.1383199248
36922.5920237939,3742.0227281671,40965.9500942971,50409.9854848778,68190.214158026
36212.7630155846,3315.10602918496,37840.4517634965,47946.3274699532,60990.7551820256
35609.9938999007,3110.16119031737,34008.3820697614,46373.0605639699,59314.60813266
35398.0175455321,3032.57229800973,31918.3983271136,44323.1193924826,59345.2627612983
34888.4577411599,2953.99195455351,30934.1232942622,43391.7718300302,58605.2067740789
34820.4092085347,2914.67286604435,30667.4242728757,43476.1609436258,58353.7316100148
35195.5161036527,3014.24146294198,33172.8618401512,44779.5083910554,59969.4947970806
35608.4012741241,3205.06540731605,38348.2611126453,47481.337379138,63086.4000312572
40115.5288709474,3347.82269428442,82681.0339261869,92749.2557035057,113353.651383071
41808.5480397398,3676.36089503374,96242.999395374,108757.761571244,122793.465378534
42324.3380202475,3489.02834982003,105583.043986123,116967.03270676,129103.744802639
42368.9108819142,3421.68029384498,114878.565721048,127619.692334484,135312.287845926
42341.1441493235,3145.11666909308,119113.255288562,133336.06130347,141614.09965218
42512.3025910465,3076.23177817765,118431.81821489,132956.291235276,141491.931929063
42363.2904730084,3086.67858209743,115685.597533728,132769.08888575,140898.339999353
41616.280320273,3164.37647139757,112107.190534084,131591.459738144,140827.089468722
41160.0466668086,3211.28869839652,111087.161469283,131160.02260211,141435.475219249
40470.2030737204,3273.06611947371,104013.927940765,125272.679426398,137468.63069578
39910.1826616191,3264.80619688184,96381.5501811002,114844.878755613,129274.62325841
40734.5443047342,3527.15735938748,91009.7255230906,103233.31624537,121586.182908576
41596.6113771058,3740.30990765103,84030.254848093,94076.1076217883,115968.686904159
38589.7080804117,3919.94838007512,51213.1366058902,58473.0334429413,76634.3590684184
38085.4986434749,3958.57536370523,48696.8466968444,55537.5717206331,72327.962799297
36897.9233234613,3823.57326878319,44883.7773623452,53608.8186242943,69815.1383199248
36922.5920237939,3742.0227281671,40965.9500942971,50409.9854848778,68190.214158026
36212.7630155846,3315.10602918496,37840.4517634965,47946.3274699532,60990.7551820256
35609.9938999007,3110.16119031737,34008.3820697614,46373.0605639699,59314.60813266
35398.0175455321,3032.57229800973,31918.3983271136,44323.1193924826,59345.2627612983
34888.4577411599,2953.99195455351,30934.1232942622,43391.7718300302,58605.2067740789
34820.4092085347,2914.67286604435,30667.4242728757,43476.1609436258,58353.7316100148
35195.5161036527,3014.24146294198,33172.8618401512,44779.5083910554,59969.4947970806
35608.4012741241,3205.06540731605,38348.2611126453,47481.337379138,63086.4000312572
40115.5288709474,3347.82269428442,82681.0339261869,92749.2557035057,113353.651383071
41808.5480397398,3676.36089503374,96242.999395374,108757.761571244,122793.465378534
42324.3380202475,3489.02834982003,105583.043986123,116967.03270676,129103.744802639
42368.9108819142,3421.68029384498,114878.565721048,127619.692334484,135312.287845926
42341.1441493235,3145.11666909308,119113.255288562,133336.06130347,141614.09965218
42512.3025910465,3076.23177817765,118431.81821489,132956.291235276,141491.931929063
42363.2904730084,3086.67858209743,115685.597533728,132769.08888575,140898.339999353
41616.280320273,3164.37647139757,112107.190534084,131591.459738144,140827.089468722
41160.0466668086,3211.28869839652,111087.161469283,131160.02260211,141435.475219249
40470.2030737204,3273.06611947371,104013.927940765,125272.679426398,137468.63069578
39910.1826616191,3264.80619688184,96381.5501811002,114844.878755613,129274.62325841
40734.5443047342,3527.15735938748,91009.7255230906,103233.31624537,121586.182908576
41596.6113771058,3740.30990765103,84030.254848093,94076.1076217883,115968.686904159
38589.7080804117,3919.94838007512,51213.1366058902,58473.0334429413,76634.3590684184
38085.4986434749,3958.57536370523,48696.8466968444,55537.5717206331,72327.962799297
36897.9233234613,3823.57326878319,44883.7773623452,53608.8186242943,69815.1383199248
36922.5920237939,3742.0227281671,40965.9500942971,50409.9854848778,68190.214158026
36212.7630155846,3315.10602918496,37840.4517634965,47946.3274699532,60990.7551820256
35609.9938999007,3110.16119031737,34008.3820697614,46373.0605639699,59314.60813266
35398.0175455321,3032.57229800973,31918.3983271136,44323.1193924826,59345.2627612983
34888.4577411599,2953.99195455351,30934.1232942622,43391.7718300302,58605.2067740789
34820.4092085347,2914.67286604435,30667.4242728757,43476.1609436258,58353.7316100148
35195.5161036527,3014.24146294198,33172.8618401512,44779.5083910554,59969.4947970806
35608.4012741241,3205.06540731605,38348.2611126453,47481.337379138,63086.4000312572
40115.5288709474,3347.82269428442,82681.0339261869,92749.2557035057,113353.651383071
41808.5480397398,3676.36089503374,96242.999395374,108757.761571244,122793.465378534
42324.3380202475,3489.02834982003,105583.043986123,116967.03270676,129103.744802639
42368.9108819142,3421.68029384498,114878.565721048,127619.692334484,135312.287845926
42341.1441493235,3145.11666909308,119113.255288562,133336.06130347,141614.09965218
42512.3025910465,3076.23177817765,118431.81821489,132956.291235276,141491.931929063
42363.2904730084,3086.67858209743,115685.597533728,132769.08888575,140898.339999353
41616.280320273,3164.37647139757,112107.190534084,131591.459738144,140827.089468722
41160.0466668086,3211.28869839652,111087.161469283,131160.02260211,141435.475219249
40470.2030737204,3273.06611947371,104013.927940765,125272.679426398,137468.63069578
39910.1826616191,3264.80619688184,96381.5501811002,114844.878755613,129274.62325841
40734.5443047342,3527.15735938748,91009.7255230906,103233.31624537,121586.182908576
41596.6113771058,3740.30990765103,84030.254848093,94076.1076217883,115968.686904159
38589.7080804117,3919.94838007512,51213.1366058902,58473.0334429413,76634.3590684184
38085.4986434749,3958.57536370523,48696.8466968444,55537.5717206331,72327.962799297
36897.9233234613,3823.57326878319,44883.7773623452,53608.8186242943,69815.1383199248
36922.5920237939,3742.0227281671,40965.9500942971,50409.9854848778,68190.214158026
36212.7630155846,3315.10602918496,37840.4517634965,47946.3274699532,60990.7551820256
35609.9938999007,3110.16119031737,34008.3820697614,46373.0605639699,59314.60813266
35398.0175455321,3032.57229800973,31918.3983271136,44323.1193924826,59345.2627612983
34888.4577411599,2953.99195455351,30934.1232942622,43391.7718300302,58605.2067740789
34820.4092085347,2914.67286604435,30667.4242728757,43476.1609436258,58353.7316100148
35195.5161036527,3014.24146294198,33172.8618401512,44779.5083910554,59969.4947970806
35608.4012741241,3205.06540731605,38348.2611126453,47481.337379138,63086.4000312572
40115.5288709474,3347.82269428442,82681.0339261869,92749.2557035057,113353.651383071
41808.5480397398,3676.36089503374,96242.999395374,108757.761571244,122793.465378534
42324.3380202475,3489.02834982003,105583.043986123,116967.03270676,129103.744802639
42368.9108819142,3421.68029384498,114878.565721048,127619.692334484,135312.287845926
42341.1441493235,3145.11666909308,119113.255288562,133336.06130347,141614.09965218
42512.3025910465,3076.23177817765,118431.81821489,132956.291235276,141491.931929063
42363.2904730084,3086.67858209743,115685.597533728,132769.08888575,140898.339999353
41616.280320273,3164.37647139757,112107.190534084,131591.459738144,140827.089468722
41160.0466668086,3211.28869839652,111087.161469283,131160.02260211,141435.475219249
40470.2030737204,3273.06611947371,104013.927940765,125272.679426398,137468.63069578
39910.1826616191,3264.80619688184,96381.5501811002,114844.878755613,129274.62325841
40734.5443047342,3527.15735938748,91009.7255230906,103233.31624537,121586.182908576
41596.6113771058,3740.30990765103,84030.254848093,94076.1076217883,115968.686904159
38589.7080804117,3919.94838007512,51213.1366058902,58473.0334429413,76634.3590684184
38085.4986434749,3958.57536370523,48696.8466968444,55537.5717206331,72327.962799297
36897.9233234613,3823.57326878319,44883.7773623452,53608.8186242943,69815.1383199248
36922.5920237939,3742.0227281671,40965.9500942971,50409.9854848778,68190.214158026
36212.7630155846,3315.10602918496,37840.4517634965,47946.3274699532,60990.7551820256
35609.9938999007,3110.16119031737,34008.3820697614,46373.0605639699,59314.60813266
35398.0175455321,3032.57229800973,31918.3983271136,44323.1193924826,59345.2627612983
34888.4577411599,2953.99195455351,30934.1232942622,43391.7718300302,58605.2067740789
34820.4092085347,2914.67286604435,30667.4242728757,43476.1609436258,58353.7316100148
35195.5161036527,3014.24146294198,33172.8618401512,44779.5083910554,59969.4947970806
35608.4012741241,3205.06540731605,38348.2611126453,47481.337379138,63086.4000312572
40115.5288709474,3347.82269428442,82681.0339261869,92749.2557035057,113353.651383071
41808.5480397398,3676.36089503374,96242.999395374,108757.761571244,122793.465378534
42324.3380202475,3489.02834982003,105583.043986123,116967.03270676,129103.744802639
42368.9108819142,3421.68029384498,114878.565721048,127619.692334484,135312.287845926
42341.1441493235,3145.11666909308,119113.255288562,133336.06130347,141614.09965218
42512.3025910465,3076.23177817765,118431.81821489,132956.291235276,141491.931929063
42363.2904730084,3086.67858209743,115685.597533728,132769.08888575,140898.339999353
41616.280320273,3164.37647139757,112107.190534084,131591.459738144,140827.089468722
41160.0466668086,3211.28869839652,111087.161469283,131160.02260211,141435.475219249
40470.2030737204,3273.06611947371,104013.927940765,125272.679426398,137468.63069578
39910.1826616191,3264.80619688184,96381.5501811002,114844.878755613,129274.62325841
40734.5443047342,3527.15735938748,91009.7255230906,103233.31624537,121586.182908576
41596.6113771058,3740.30990765103,84030.254848093,94076.1076217883,115968.686904159
38589.7080804117,3919.94838007512,51213.1366058902,58473.0334429413,76634.3590684184
38085.4986434749,3958.57536370523,48696.8466968444,55537.5717206331,72327.962799297
36897.9233234613,3823.57326878319,44883.7773623452,53608.8186242943,69815.1383199248
36922.5920237939,3742.0227281671,40965.9500942971,50409.9854848778,68190.214158026
36212.7630155846,3315.10602918496,37840.4517634965,47946.3274699532,60990.7551820256
35609.9938999007,3110.16119031737,34008.3820697614,46373.0605639699,59314.60813266
35398.0175455321,3032.57229800973,31918.3983271136,44323.1193924826,59345.2627612983
34888.4577411599,2953.99195455351,30934.1232942622,43391.7718300302,58605.2067740789
34820.4092085347,2914.67286604435,30667.4242728757,43476.1609436258,58353.7316100148
35195.5161036527,3014.24146294198,33172.8618401512,44779.5083910554,59969.4947970806
35608.4012741241,3205.06540731605,38348.2611126453,47481.337379138,63086.4000312572
40115.5288709474,3347.82269428442,82681.0339261869,92749.2557035057,113353.651383071
41808.5480397398,3676.36089503374,96242.999395374,108757.761571244,122793.465378534
42324.3380202475,3489.02834982003,105583.043986123,116967.03270676,129103.744802639
42368.9108819142,3421.68029384498,114878.565721048,127619.692334484,135312.287845926
42341.1441493235,3145.11666909308,119113.255288562,133336.06130347,141614.09965218
42512.3025910465,3076.23177817765,118431.81821489,132956.291235276,141491.931929063
42363.2904730084,3086.67858209743,115685.597533728,132769.08888575,140898.339999353
41616.280320273,3164.37647139757,112107.190534084,131591.459738144,140827.089468722
41160.0466668086,3211.28869839652,111087.161469283,131160.02260211,141435.475219249
40470.2030737204,3273.06611947371,104013.927940765,125272.679426398,137468.63069578
39910.1826616191,3264.80619688184,96381.5501811002,114844.878755613,129274.62325841
40734.5443047342,3527.15735938748,91009.7255230906,103233.31624537,121586.182908576
41596.6113771058,3740.30990765103,84030.254848093,94076.1076217883,115968.686904159
38589.7080804117,3919.94838007512,51213.1366058902,58473.0334429413,76634.3590684184
38085.4986434749,3958.57536370523,48696.8466968444,55537.5717206331,72327.962799297
36897.9233234613,3823.57326878319,44883.7773623452,53608.8186242943,69815.1383199248
36922.5920237939,3742.0227281671,40965.9500942971,50409.9854848778,68190.214158026
36212.7630155846,3315.10602918496,37840.4517634965,47946.3274699532,60990.7551820256
35609.9938999007,3110.16119031737,34008.3820697614,46373.0605639699,59314.60813266
35398.0175455321,3032.57229800973,31918.3983271136,44323.1193924826,59345.2627612983
34888.4577411599,2953.99195455351,30934.1232942622,43391.7718300302,58605.2067740789
34820.4092085347,2914.67286604435,30667.4242728757,43476.1609436258,58353.7316100148
35195.5161036527,3014.24146294198,33172.8618401512,44779.5083910554,59969.4947970806
35608.4012741241,3205.06540731605,38348.2611126453,47481.337379138,63086.4000312572
40115.5288709474,3347.82269428442,82681.0339261869,92749.2557035057,113353.651383071
41808.5480397398,3676.36089503374,96242.999395374,108757.761571244,122793.465378534
42324.3380202475,3489.02834982003,105583.043986123,116967.03270676,129103.744802639
42368.9108819142,3421.68029384498,114878.565721048,127619.692334484,135312.287845926
42341.1441493235,3145.11666909308,119113.255288562,133336.06130347,141614.09965218
42512.3025910465,3076.23177817765,118431.81821489,132956.291235276,141491.931929063
42363.2904730084,3086.67858209743,115685.597533728,132769.08888575,140898.339999353
41616.280320273,3164.37647139757,112107.190534084,131591.459738144,140827.089468722
41160.0466668086,3211.28869839652,111087.161469283,131160.02260211,141435.475219249
40470.2030737204,3273.06611947371,104013.927940765,125272.679426398,137468.63069578
39910.1826616191,3264.80619688184,96381.5501811002,114844.878755613,129274.62325841
40734.5443047342,3527.15735938748,91009.7255230906,103233.31624537,121586.182908576
41596.6113771058,3740.30990765103,84030.254848093,94076.1076217883,115968.686904159
38589.7080804117,3919.94838007512,51213.1366058902,58473.0334429413,76634.3590684184
38085.4986434749,3958.57536370523,48696.8466968444,55537.5717206331,72327.962799297
36897.9233234613,3823.57326878319,44883.7773623452,53608.8186242943,69815.1383199248
36922.5920237939,3742.0227281671,40965.9500942971,50409.9854848778,68190.214158026
36212.7630155846,3315.10602918496,37840.4517634965,47946.3274699532,60990.7551820256
35609.9938999007,3110.16119031737,34008.3820697614,46373.0605639699,59314.60813266
35398.0175455321,3032.57229800973,31918.3983271136,44323.1193924826,59345.2627612983
34888.4577411599,2953.99195455351,30934.1232942622,43391.7718300302,58605.2067740789
34820.4092085347,2914.67286604435,30667.4242728757,43476.1609436258,58353.7316100148
35195.5161036527,3014.24146294198,33172.8618401512,44779.5083910554,59969.4947970806
35608.4012741241,3205.06540731605,38348.2611126453,47481.337379138,63086.4000312572
40115.5288709474,3347.82269428442,82681.0339261869,92749.2557035057,113353.651383071
41808.5480397398,3676.36089503374,96242.999395374,108757.761571244,122793.465378534
42324.3380202475,3489.02834982003,105583.043986123,116967.03270676,129103.744802639
42368.9108819142,3421.68029384498,114878.565721048,127619.692334484,135312.287845926
42341.1441493235,3145.11666909308,119113.255288562,133336.06130347,141614.09965218
42512.3025910465,3076.23177817765,118431.81821489,132956.291235276,141491.931929063
42363.2904730084,3086.67858209743,115685.597533728,132769.08888575,140898.339999353
41616.280320273,3164.37647139757,112107.190534084,131591.459738144,140827.089468722
41160.0466668086,3211.28869839652,111087.161469283,131160.02260211,141435.475219249
40470.2030737204,3273.06611947371,104013.927940765,125272.679426398,137468.63069578
39910.1826616191,3264.80619688184,96381.5501811002,114844.878755613,129274.62325841
40734.5443047342,3527.15735938748,91009.7255230906,103233.31624537,121586.182908576
41596.6113771058,3740.30990765103,84030.254848093,94076.1076217883,115968.686904159
38589.7080804117,3919.94838007512,51213.1366058902,58473.0334429413,76634.3590684184
38085.4986434749,3958.57536370523,48696.8466968444,55537.5717206331,72327.962799297
36897.9233234613,3823.57326878319,44883.7773623452,53608.8186242943,69815.1383199248
36922.5920237939,3742.0227281671,40965.9500942971,50409.9854848778,68190.214158026
36212.7630155846,3315.10602918496,37840.4517634965,47946.3274699532,60990.7551820256
35609.9938999007,3110.16119031737,34008.3820697614,46373.0605639699,59314.60813266
35398.0175455321,3032.57229800973,31918.3983271136,44323.1193924826,59345.2627612983
34888.4577411599,2953.99195455351,30934.1232942622,43391.7718300302,58605.2067740789
34820.4092085347,2914.67286604435,30667.4242728757,43476.1609436258,58353.7316100148
35195.5161036527,3014.24146294198,33172.8618401512,44779.5083910554,59969.4947970806
35608.4012741241,3205.06540731605,38348.2611126453,47481.337379138,63086.4000312572
40115.5288709474,3347.82269428442,82681.0339261869,92749.2557035057,113353.651383071
41808.5480397398,3676.36089503374,96242.999395374,108757.761571244,122793.465378534
42324.3380202475,3489.02834982003,105583.043986123,116967.03270676,129103.744802639
42368.9108819142,3421.68029384498,114878.565721048,127619.692334484,135312.287845926
42341.1441493235,3145.11666909308,119113.255288562,133336.06130347,141614.09965218
42512.3025910465,3076.23177817765,118431.81821489,132956.291235276,141491.931929063
42363.2904730084,3086.67858209743,115685.597533728,132769.08888575,140898.339999353
41616.280320273,3164.37647139757,112107.190534084,131591.459738144,140827.089468722
41160.0466668086,3211.28869839652,111087.161469283,131160.02260211,141435.475219249
40470.2030737204,3273.06611947371,104013.927940765,125272.679426398,137468.63069578
39910.1826616191,3264.80619688184,96381.5501811002,114844.878755613,129274.62325841
40734.5443047342,3527.15735938748,91009.7255230906,103233.31624537,121586.182908576
41596.6113771058,3740.30990765103,84030.254848093,94076.1076217883,115968.686904159
38589.7080804117,3919.94838007512,51213.1366058902,58473.0334429413,76634.3590684184
38085.4986434749,3958.57536370523,48696.8466968444,55537.5717206331,72327.962799297
36897.9233234613,3823.57326878319,44883.7773623452,53608.8186242943,69815.1383199248
36922.5920237939,3742.0227281671,40965.9500942971,50409.9854848778,68190.214158026
36212.7630155846,3315.10602918496,37840.4517634965,47946.3274699532,60990.7551820256
35609.9938999007,3110.16119031737,34008.3820697614,46373.0605639699,59314.60813266
35398.0175455321,3032.57229800973,31918.3983271136,44323.1193924826,59345.2627612983
34888.4577411599,2953.99195455351,30934.1232942622,43391.7718300302,58605.2067740789
34820.4092085347,2914.67286604435,30667.4242728757,43476.1609436258,58353.7316100148
35195.5161036527,3014.24146294198,33172.8618401512,44779.5083910554,59969.4947970806
35608.4012741241,3205.06540731605,38348.2611126453,47481.337379138,63086.4000312572
40115.5288709474,3347.82269428442,82681.0339261869,92749.2557035057,113353.651383071
41808.5480397398,3676.36089503374,96242.999395374,108757.761571244,122793.465378534
42324.3380202475,3489.02834982003,105583.043986123,116967.03270676,129103.744802639
42368.9108819142,3421.68029384498,114878.565721048,127619.692334484,135312.287845926
42341.1441493235,3145.11666909308,119113.255288562,133336.06130347,141614.09965218
42512.3025910465,3076.23177817765,118431.81821489,132956.291235276,141491.931929063
42363.2904730084,3086.67858209743,115685.597533728,132769.08888575,140898.339999353
41616.280320273,3164.37647139757,112107.190534084,131591.459738144,140827.089468722
41160.0466668086,3211.28869839652,111087.161469283,131160.02260211,141435.475219249
40470.2030737204,3273.06611947371,104013.927940765,125272.679426398,137468.63069578
39910.1826616191,3264.80619688184,96381.5501811002,114844.878755613,129274.62325841
40734.5443047342,3527.15735938748,91009.7255230906,103233.31624537,121586.182908576
41596.6113771058,3740.30990765103,84030.254848093,94076.1076217883,115968.686904159
38589.7080804117,3919.94838007512,51213.1366058902,58473.0334429413,76634.3590684184
38085.4986434749,3958.57536370523,48696.8466968444,55537.5717206331,72327.962799297
36897.9233234613,3823.57326878319,44883.7773623452,53608.8186242943,69815.1383199248
36922.5920237939,3742.0227281671,40965.9500942971,50409.9854848778,68190.214158026
36212.7630155846,3315.10602918496,37840.4517634965,47946.3274699532,60990.7551820256
35609.9938999007,3110.16119031737,34008.3820697614,46373.0605639699,59314.60813266
35398.0175455321,3032.57229800973,31918.3983271136,44323.1193924826,59345.2627612983
34888.4577411599,2953.99195455351,30934.1232942622,43391.7718300302,58605.2067740789
34820.4092085347,2914.67286604435,30667.4242728757,43476.1609436258,58353.7316100148
35195.5161036527,3014.24146294198,33172.8618401512,44779.5083910554,59969.4947970806
35608.4012741241,3205.06540731605,38348.2611126453,47481.337379138,63086.4000312572
40115.5288709474,3347.82269428442,82681.0339261869,92749.2557035057,113353.651383071
41808.5480397398,3676.36089503374,96242.999395374,108757.761571244,122793.465378534
42324.3380202475,3489.02834982003,105583.043986123,116967.03270676,129103.744802639
42368.9108819142,3421.68029384498,114878.565721048,127619.692334484,135312.287845926
42341.1441493235,3145.11666909308,119113.255288562,133336.06130347,141614.09965218
42512.3025910465,3076.23177817765,118431.81821489,132956.291235276,141491.931929063
42363.2904730084,3086.67858209743,115685.597533728,132769.08888575,140898.339999353
41616.280320273,3164.37647139757,112107.190534084,131591.459738144,140827.089468722
41160.0466668086,3211.28869839652,111087.161469283,131160.02260211,141435.475219249
40470.2030737204,3273.06611947371,104013.927940765,125272.679426398,137468.63069578
39910.1826616191,3264.80619688184,96381.5501811002,114844.878755613,129274.62325841
40734.5443047342,3527.15735938748,91009.7255230906,103233.31624537,121586.182908576
41596.6113771058,3740.30990765103,84030.254848093,94076.1076217883,115968.686904159
38589.7080804117,3919.94838007512,51213.1366058902,58473.0334429413,76634.3590684184
38085.4986434749,3958.57536370523,48696.8466968444,55537.5717206331,72327.962799297
36897.9233234613,3823.57326878319,44883.7773623452,53608.8186242943,69815.1383199248
36922.5920237939,3742.0227281671,40965.9500942971,50409.9854848778,68190.214158026
36212.7630155846,3315.10602918496,37840.4517634965,47946.3274699532,60990.7551820256
35609.9938999007,3110.16119031737,34008.3820697614,46373.0605639699,59314.60813266
35398.0175455321,3032.57229800973,31918.3983271136,44323.1193924826,59345.2627612983
34888.4577411599,2953.99195455351,30934.1232942622,43391.7718300302,58605.2067740789
34820.4092085347,2914.67286604435,30667.4242728757,43476.1609436258,58353.7316100148
35195.5161036527,3014.24146294198,33172.8618401512,44779.5083910554,59969.4947970806
35608.4012741241,3205.06540731605,38348.2611126453,47481.337379138,63086.4000312572
40115.5288709474,3347.82269428442,82681.0339261869,92749.2557035057,113353.651383071
41808.5480397398,3676.36089503374,96242.999395374,108757.761571244,122793.465378534
42324.3380202475,3489.02834982003,105583.043986123,116967.03270676,129103.744802639
42368.9108819142,3421.68029384498,114878.565721048,127619.692334484,135312.287845926
42341.1441493235,3145.11666909308,119113.255288562,133336.06130347,141614.09965218
42512.3025910465,3076.23177817765,118431.81821489,132956.291235276,141491.931929063
42363.2904730084,3086.67858209743,115685.597533728,132769.08888575,140898.339999353
41616.280320273,3164.37647139757,112107.190534084,131591.459738144,140827.089468722
41160.0466668086,3211.28869839652,111087.161469283,131160.02260211,141435.475219249
40470.2030737204,3273.06611947371,104013.927940765,125272.679426398,137468.63069578
39910.1826616191,3264.80619688184,96381.5501811002,114844.878755613,129274.62325841
40734.5443047342,3527.15735938748,91009.7255230906,103233.31624537,121586.182908576
41596.6113771058,3740.30990765103,84030.254848093,94076.1076217883,115968.686904159
38589.7080804117,3919.94838007512,51213.1366058902,58473.0334429413,76634.3590684184
38085.4986434749,3958.57536370523,48696.8466968444,55537.5717206331,72327.962799297
36897.9233234613,3823.57326878319,44883.7773623452,53608.8186242943,69815.1383199248
36922.5920237939,3742.0227281671,40965.9500942971,50409.9854848778,68190.214158026
36212.7630155846,3315.10602918496,37840.4517634965,47946.3274699532,60990.7551820256
35609.9938999007,3110.16119031737,34008.3820697614,46373.0605639699,59314.60813266
35398.0175455321,3032.57229800973,31918.3983271136,44323.1193924826,59345.2627612983
34888.4577411599,2953.99195455351,30934.1232942622,43391.7718300302,58605.2067740789
34820.4092085347,2914.67286604435,30667.4242728757,43476.1609436258,58353.7316100148
35195.5161036527,3014.24146294198,33172.8618401512,44779.5083910554,59969.4947970806
35608.4012741241,3205.06540731605,38348.2611126453,47481.337379138,63086.4000312572
40115.5288709474,3347.82269428442,82681.0339261869,92749.2557035057,113353.651383071
41808.5480397398,3676.36089503374,96242.999395374,108757.761571244,122793.465378534
42324.3380202475,3489.02834982003,105583.043986123,116967.03270676,129103.744802639
42368.9108819142,3421.68029384498,114878.565721048,127619.692334484,135312.287845926
42341.1441493235,3145.11666909308,119113.255288562,133336.06130347,141614.09965218
42512.3025910465,3076.23177817765,118431.81821489,132956.291235276,141491.931929063
42363.2904730084,3086.67858209743,115685.597533728,132769.08888575,140898.339999353
41616.280320273,3164.37647139757,112107.190534084,131591.459738144,140827.089468722
41160.0466668086,3211.28869839652,111087.161469283,131160.02260211,141435.475219249
40470.2030737204,3273.06611947371,104013.927940765,125272.679426398,137468.63069578
39910.1826616191,3264.80619688184,96381.5501811002,114844.878755613,129274.62325841
40734.5443047342,3527.15735938748,91009.7255230906,103233.31624537,121586.182908576
41596.6113771058,3740.30990765103,84030.254848093,94076.1076217883,115968.686904159
38589.7080804117,3919.94838007512,51213.1366058902,58473.0334429413,76634.3590684184
38085.4986434749,3958.57536370523,48696.8466968444,55537.5717206331,72327.962799297
36897.9233234613,3823.57326878319,44883.7773623452,53608.8186242943,69815.1383199248
36922.5920237939,3742.0227281671,40965.9500942971,50409.9854848778,68190.214158026
36212.7630155846,3315.10602918496,37840.4517634965,47946.3274699532,60990.7551820256
35609.9938999007,3110.16119031737,34008.3820697614,46373.0605639699,59314.60813266
35398.0175455321,3032.57229800973,31918.3983271136,44323.1193924826,59345.2627612983
34888.4577411599,2953.99195455351,30934.1232942622,43391.7718300302,58605.2067740789
34820.4092085347,2914.67286604435,30667.4242728757,43476.1609436258,58353.7316100148
35195.5161036527,3014.24146294198,33172.8618401512,44779.5083910554,59969.4947970806
35608.4012741241,3205.06540731605,38348.2611126453,47481.337379138,63086.4000312572
40115.5288709474,3347.82269428442,82681.0339261869,92749.2557035057,113353.651383071
41808.5480397398,3676.36089503374,96242.999395374,108757.761571244,122793.465378534
42324.3380202475,3489.02834982003,105583.043986123,116967.03270676,129103.744802639
42368.9108819142,3421.68029384498,114878.565721048,127619.692334484,135312.287845926
42341.1441493235,3145.11666909308,119113.255288562,133336.06130347,141614.09965218
42512.3025910465,3076.23177817765,118431.81821489,132956.291235276,141491.931929063
42363.2904730084,3086.67858209743,115685.597533728,132769.08888575,140898.339999353
41616.280320273,3164.37647139757,112107.190534084,131591.459738144,140827.089468722
41160.0466668086,3211.28869839652,111087.161469283,131160.02260211,141435.475219249
40470.2030737204,3273.06611947371,104013.927940765,125272.679426398,137468.63069578
39910.1826616191,3264.80619688184,96381.5501811002,114844.878755613,129274.62325841
40734.5443047342,3527.15735938748,91009.7255230906,103233.31624537,121586.182908576
41596.6113771058,3740.30990765103,84030.254848093,94076.1076217883,115968.686904159
38589.7080804117,3919.94838007512,51213.1366058902,58473.0334429413,76634.3590684184
38085.4986434749,3958.57536370523,48696.8466968444,55537.5717206331,72327.962799297
36897.9233234613,3823.57326878319,44883.7773623452,53608.8186242943,69815.1383199248
36922.5920237939,3742.0227281671,40965.9500942971,50409.9854848778,68190.214158026
36212.7630155846,3315.10602918496,37840.4517634965,47946.3274699532,60990.7551820256
35609.9938999007,3110.16119031737,34008.3820697614,46373.0605639699,59314.60813266
35398.0175455321,3032.57229800973,31918.3983271136,44323.1193924826,59345.2627612983
34888.4577411599,2953.99195455351,30934.1232942622,43391.7718300302,58605.2067740789
34820.4092085347,2914.67286604435,30667.4242728757,43476.1609436258,58353.7316100148
35195.5161036527,3014.24146294198,33172.8618401512,44779.5083910554,59969.4947970806
35608.4012741241,3205.06540731605,38348.2611126453,47481.337379138,63086.4000312572
40115.5288709474,3347.82269428442,82681.0339261869,92749.2557035057,113353.651383071
41808.5480397398,3676.36089503374,96242.999395374,108757.761571244,122793.465378534
42324.3380202475,3489.02834982003,105583.043986123,116967.03270676,129103.744802639
42368.9108819142,3421.68029384498,114878.565721048,127619.692334484,135312.287845926
42341.1441493235,3145.11666909308,119113.255288562,133336.06130347,141614.09965218
42512.3025910465,3076.23177817765,118431.81821489,132956.291235276,141491.931929063
42363.2904730084,3086.67858209743,115685.597533728,132769.08888575,140898.339999353
41616.280320273,3164.37647139757,112107.190534084,131591.459738144,140827.089468722
41160.0466668086,3211.28869839652,111087.161469283,131160.02260211,141435.475219249
40470.2030737204,3273.06611947371,104013.927940765,125272.679426398,137468.63069578
39910.1826616191,3264.80619688184,96381.5501811002,114844.878755613,129274.62325841
40734.5443047342,3527.15735938748,91009.7255230906,103233.31624537,121586.182908576
41596.6113771058,3740.30990765103,84030.254848093,94076.1076217883,115968.686904159
38589.7080804117,3919.94838007512,51213.1366058902,58473.0334429413,76634.3590684184
38085.4986434749,3958.57536370523,48696.8466968444,55537.5717206331,72327.962799297
36897.9233234613,3823.57326878319,44883.7773623452,53608.8186242943,69815.1383199248
36922.5920237939,3742.0227281671,40965.9500942971,50409.9854848778,68190.214158026
36212.7630155846,3315.10602918496,37840.4517634965,47946.3274699532,60990.7551820256
35609.9938999007,3110.16119031737,34008.3820697614,46373.0605639699,59314.60813266
35398.0175455321,3032.57229800973,31918.3983271136,44323.1193924826,59345.2627612983
34888.4577411599,2953.99195455351,30934.1232942622,43391.7718300302,58605.2067740789
34820.4092085347,2914.67286604435,30667.4242728757,43476.1609436258,58353.7316100148
35195.5161036527,3014.24146294198,33172.8618401512,44779.5083910554,59969.4947970806
35608.4012741241,3205.06540731605,38348.2611126453,47481.337379138,63086.4000312572
40115.5288709474,3347.82269428442,82681.0339261869,92749.2557035057,113353.651383071
41808.5480397398,3676.36089503374,96242.999395374,108757.761571244,122793.465378534
42324.3380202475,3489.02834982003,105583.043986123,116967.03270676,129103.744802639
42368.9108819142,3421.68029384498,114878.565721048,127619.692334484,135312.287845926
42341.1441493235,3145.11666909308,119113.255288562,133336.06130347,141614.09965218
42512.3025910465,3076.23177817765,118431.81821489,132956.291235276,141491.931929063
42363.2904730084,3086.67858209743,115685.597533728,132769.08888575,140898.339999353
41616.280320273,3164.37647139757,112107.190534084,131591.459738144,140827.089468722
41160.0466668086,3211.28869839652,111087.161469283,131160.02260211,141435.475219249
40470.2030737204,3273.06611947371,104013.927940765,125272.679426398,137468.63069578
39910.1826616191,3264.80619688184,96381.5501811002,114844.878755613,129274.62325841
40734.5443047342,3527.15735938748,91009.7255230906,103233.31624537,121586.182908576
41596.6113771058,3740.30990765103,84030.254848093,94076.1076217883,115968.686904159
38589.7080804117,3919.94838007512,51213.1366058902,58473.0334429413,76634.3590684184
38085.4986434749,3958.57536370523,48696.8466968444,55537.5717206331,72327.962799297
36897.9233234613,3823.57326878319,44883.7773623452,53608.8186242943,69815.1383199248
36922.5920237939,3742.0227281671,40965.9500942971,50409.9854848778,68190.214158026
36212.7630155846,3315.10602918496,37840.4517634965,47946.3274699532,60990.7551820256
35609.9938999007,3110.16119031737,34008.3820697614,46373.0605639699,59314.60813266
35398.0175455321,3032.57229800973,31918.3983271136,44323.1193924826,59345.2627612983
34888.4577411599,2953.99195455351,30934.1232942622,43391.7718300302,58605.2067740789
34820.4092085347,2914.67286604435,30667.4242728757,43476.1609436258,58353.7316100148
35195.5161036527,3014.24146294198,33172.8618401512,44779.5083910554,59969.4947970806
35608.4012741241,3205.06540731605,38348.2611126453,47481.337379138,63086.4000312572
40115.5288709474,3347.82269428442,82681.0339261869,92749.2557035057,113353.651383071
41808.5480397398,3676.36089503374,96242.999395374,108757.761571244,122793.465378534
42324.3380202475,3489.02834982003,105583.043986123,116967.03270676,129103.744802639
42368.9108819142,3421.68029384498,114878.565721048,127619.692334484,135312.287845926
42341.1441493235,3145.11666909308,119113.255288562,133336.06130347,141614.09965218
42512.3025910465,3076.23177817765,118431.81821489,132956.291235276,141491.931929063
42363.2904730084,3086.67858209743,115685.597533728,132769.08888575,140898.339999353
41616.280320273,3164.37647139757,112107.190534084,131591.459738144,140827.089468722
41160.0466668086,3211.28869839652,111087.161469283,131160.02260211,141435.475219249
40470.2030737204,3273.06611947371,104013.927940765,125272.679426398,137468.63069578
39910.1826616191,3264.80619688184,96381.5501811002,114844.878755613,129274.62325841
40734.5443047342,3527.15735938748,91009.7255230906,103233.31624537,121586.182908576
41596.6113771058,3740.30990765103,84030.254848093,94076.1076217883,115968.686904159
38589.7080804117,3919.94838007512,51213.1366058902,58473.0334429413,76634.3590684184
38085.4986434749,3958.57536370523,48696.8466968444,55537.5717206331,72327.962799297
36897.9233234613,3823.57326878319,44883.7773623452,53608.8186242943,69815.1383199248
36922.5920237939,3742.0227281671,40965.9500942971,50409.9854848778,68190.214158026
36212.7630155846,3315.10602918496,37840.4517634965,47946.3274699532,60990.7551820256
35609.9938999007,3110.16119031737,34008.3820697614,46373.0605639699,59314.60813266
35398.0175455321,3032.57229800973,31918.3983271136,44323.1193924826,59345.2627612983
34888.4577411599,2953.99195455351,30934.1232942622,43391.7718300302,58605.2067740789
34820.4092085347,2914.67286604435,30667.4242728757,43476.1609436258,58353.7316100148
35195.5161036527,3014.24146294198,33172.8618401512,44779.5083910554,59969.4947970806
35608.4012741241,3205.06540731605,38348.2611126453,47481.337379138,63086.4000312572
40115.5288709474,3347.82269428442,82681.0339261869,92749.2557035057,113353.651383071
41808.5480397398,3676.36089503374,96242.999395374,108757.761571244,122793.465378534
42324.3380202475,3489.02834982003,105583.043986123,116967.03270676,129103.744802639
42368.9108819142,3421.68029384498,114878.565721048,127619.692334484,135312.287845926
42341.1441493235,3145.11666909308,119113.255288562,133336.06130347,141614.09965218
42512.3025910465,3076.23177817765,118431.81821489,132956.291235276,141491.931929063
42363.2904730084,3086.67858209743,115685.597533728,132769.08888575,140898.339999353
41616.280320273,3164.37647139757,112107.190534084,131591.459738144,140827.089468722
41160.0466668086,3211.28869839652,111087.161469283,131160.02260211,141435.475219249
40470.2030737204,3273.06611947371,104013.927940765,125272.679426398,137468.63069578
39910.1826616191,3264.80619688184,96381.5501811002,114844.878755613,129274.62325841
40734.5443047342,3527.15735938748,91009.7255230906,103233.31624537,121586.182908576
41596.6113771058,3740.30990765103,84030.254848093,94076.1076217883,115968.686904159
38589.7080804117,3919.94838007512,51213.1366058902,58473.0334429413,76634.3590684184
38085.4986434749,3958.57536370523,48696.8466968444,55537.5717206331,72327.962799297
36897.9233234613,3823.57326878319,44883.7773623452,53608.8186242943,69815.1383199248
36922.5920237939,3742.0227281671,40965.9500942971,50409.9854848778,68190.214158026
36212.7630155846,3315.10602918496,37840.4517634965,47946.3274699532,60990.7551820256
35609.9938999007,3110.16119031737,34008.3820697614,46373.0605639699,59314.60813266
35398.0175455321,3032.57229800973,31918.3983271136,44323.1193924826,59345.2627612983
34888.4577411599,2953.99195455351,30934.1232942622,43391.7718300302,58605.2067740789
34820.4092085347,2914.67286604435,30667.4242728757,43476.1609436258,58353.7316100148
35195.5161036527,3014.24146294198,33172.8618401512,44779.5083910554,59969.4947970806
35608.4012741241,3205.06540731605,38348.2611126453,47481.337379138,63086.4000312572
40115.5288709474,3347.82269428442,82681.0339261869,92749.2557035057,113353.651383071
41808.5480397398,3676.36089503374,96242.999395374,108757.761571244,122793.465378534
42324.3380202475,3489.02834982003,105583.043986123,116967.03270676,129103.744802639
42368.9108819142,3421.68029384498,114878.565721048,127619.692334484,135312.287845926
42341.1441493235,3145.11666909308,119113.255288562,133336.06130347,141614.09965218
42512.3025910465,3076.23177817765,118431.81821489,132956.291235276,141491.931929063
42363.2904730084,3086.67858209743,115685.597533728,132769.08888575,140898.339999353
41616.280320273,3164.37647139757,112107.190534084,131591.459738144,140827.089468722
41160.0466668086,3211.28869839652,111087.161469283,131160.02260211,141435.475219249
40470.2030737204,3273.06611947371,104013.927940765,125272.679426398,137468.63069578
39910.1826616191,3264.80619688184,96381.5501811002,114844.878755613,129274.62325841
40734.5443047342,3527.15735938748,91009.7255230906,103233.31624537,121586.182908576
41596.6113771058,3740.30990765103,84030.254848093,94076.1076217883,115968.686904159
38589.7080804117,3919.94838007512,51213.1366058902,58473.0334429413,76634.3590684184
38085.4986434749,3958.57536370523,48696.8466968444,55537.5717206331,72327.962799297
36897.9233234613,3823.57326878319,44883.7773623452,53608.8186242943,69815.1383199248
36922.5920237939,3742.0227281671,40965.9500942971,50409.9854848778,68190.214158026
36212.7630155846,3315.10602918496,37840.4517634965,47946.3274699532,60990.7551820256
35609.9938999007,3110.16119031737,34008.3820697614,46373.0605639699,59314.60813266
35398.0175455321,3032.57229800973,31918.3983271136,44323.1193924826,59345.2627612983
34888.4577411599,2953.99195455351,30934.1232942622,43391.7718300302,58605.2067740789
34820.4092085347,2914.67286604435,30667.4242728757,43476.1609436258,58353.7316100148
35195.5161036527,3014.24146294198,33172.8618401512,44779.5083910554,59969.4947970806
35608.4012741241,3205.06540731605,38348.2611126453,47481.337379138,63086.4000312572
40115.5288709474,3347.82269428442,82681.0339261869,92749.2557035057,113353.651383071
41808.5480397398,3676.36089503374,96242.999395374,108757.761571244,122793.465378534
42324.3380202475,3489.02834982003,105583.043986123,116967.03270676,129103.744802639
42368.9108819142,3421.68029384498,114878.565721048,127619.692334484,135312.287845926
42341.1441493235,3145.11666909308,119113.255288562,133336.06130347,141614.09965218
42512.3025910465,3076.23177817765,118431.81821489,132956.291235276,141491.931929063
42363.2904730084,3086.67858209743,115685.597533728,132769.08888575,140898.339999353
41616.280320273,3164.37647139757,112107.190534084,131591.459738144,140827.089468722
41160.0466668086,3211.28869839652,111087.161469283,131160.02260211,141435.475219249
40470.2030737204,3273.06611947371,104013.927940765,125272.679426398,137468.63069578
39910.1826616191,3264.80619688184,96381.5501811002,114844.878755613,129274.62325841
40734.5443047342,3527.15735938748,91009.7255230906,103233.31624537,121586.182908576
41596.6113771058,3740.30990765103,84030.254848093,94076.1076217883,115968.686904159
38589.7080804117,3919.94838007512,51213.1366058902,58473.0334429413,76634.3590684184
38085.4986434749,3958.57536370523,48696.8466968444,55537.5717206331,72327.962799297
36897.9233234613,3823.57326878319,44883.7773623452,53608.8186242943,69815.1383199248
36922.5920237939,3742.0227281671,40965.9500942971,50409.9854848778,68190.214158026
36212.7630155846,3315.10602918496,37840.4517634965,47946.3274699532,60990.7551820256
35609.9938999007,3110.16119031737,34008.3820697614,46373.0605639699,59314.60813266
35398.0175455321,3032.57229800973,31918.3983271136,44323.1193924826,59345.2627612983
34888.4577411599,2953.99195455351,30934.1232942622,43391.7718300302,58605.2067740789
34820.4092085347,2914.67286604435,30667.4242728757,43476.1609436258,58353.7316100148
35195.5161036527,3014.24146294198,33172.8618401512,44779.5083910554,59969.4947970806
35608.4012741241,3205.06540731605,38348.2611126453,47481.337379138,63086.4000312572
40115.5288709474,3347.82269428442,82681.0339261869,92749.2557035057,113353.651383071
41808.5480397398,3676.36089503374,96242.999395374,108757.761571244,122793.465378534
42324.3380202475,3489.02834982003,105583.043986123,116967.03270676,129103.744802639
42368.9108819142,3421.68029384498,114878.565721048,127619.692334484,135312.287845926
42341.1441493235,3145.11666909308,119113.255288562,133336.06130347,141614.09965218
42512.3025910465,3076.23177817765,118431.81821489,132956.291235276,141491.931929063
42363.2904730084,3086.67858209743,115685.597533728,132769.08888575,140898.339999353
41616.280320273,3164.37647139757,112107.190534084,131591.459738144,140827.089468722
41160.0466668086,3211.28869839652,111087.161469283,131160.02260211,141435.475219249
40470.2030737204,3273.06611947371,104013.927940765,125272.679426398,137468.63069578
39910.1826616191,3264.80619688184,96381.5501811002,114844.878755613,129274.62325841
40734.5443047342,3527.15735938748,91009.7255230906,103233.31624537,121586.182908576
41596.6113771058,3740.30990765103,84030.254848093,94076.1076217883,115968.686904159
38589.7080804117,3919.94838007512,51213.1366058902,58473.0334429413,76634.3590684184
38085.4986434749,3958.57536370523,48696.8466968444,55537.5717206331,72327.962799297
36897.9233234613,3823.57326878319,44883.7773623452,53608.8186242943,69815.1383199248
36922.5920237939,3742.0227281671,40965.9500942971,50409.9854848778,68190.214158026
36212.7630155846,3315.10602918496,37840.4517634965,47946.3274699532,60990.7551820256
35609.9938999007,3110.16119031737,34008.3820697614,46373.0605639699,59314.60813266
35398.0175455321,3032.57229800973,31918.3983271136,44323.1193924826,59345.2627612983
34888.4577411599,2953.99195455351,30934.1232942622,43391.7718300302,58605.2067740789
34820.4092085347,2914.67286604435,30667.4242728757,43476.1609436258,58353.7316100148
35195.5161036527,3014.24146294198,33172.8618401512,44779.5083910554,59969.4947970806
35608.4012741241,3205.06540731605,38348.2611126453,47481.337379138,63086.4000312572
40115.5288709474,3347.82269428442,82681.0339261869,92749.2557035057,113353.651383071
41808.5480397398,3676.36089503374,96242.999395374,108757.761571244,122793.465378534
42324.3380202475,3489.02834982003,105583.043986123,116967.03270676,129103.744802639
42368.9108819142,3421.68029384498,114878.565721048,127619.692334484,135312.287845926
42341.1441493235,3145.11666909308,119113.255288562,133336.06130347,141614.09965218
42512.3025910465,3076.23177817765,118431.81821489,132956.291235276,141491.931929063
42363.2904730084,3086.67858209743,115685.597533728,132769.08888575,140898.339999353
41616.280320273,3164.37647139757,112107.190534084,131591.459738144,140827.089468722
41160.0466668086,3211.28869839652,111087.161469283,131160.02260211,141435.475219249
40470.2030737204,3273.06611947371,104013.927940765,125272.679426398,137468.63069578
39910.1826616191,3264.80619688184,96381.5501811002,114844.878755613,129274.62325841
40734.5443047342,3527.15735938748,91009.7255230906,103233.31624537,121586.182908576
41596.6113771058,3740.30990765103,84030.254848093,94076.1076217883,115968.686904159
38589.7080804117,3919.94838007512,51213.1366058902,58473.0334429413,76634.3590684184
38085.4986434749,3958.57536370523,48696.8466968444,55537.5717206331,72327.962799297
36897.9233234613,3823.57326878319,44883.7773623452,53608.8186242943,69815.1383199248
36922.5920237939,3742.0227281671,40965.9500942971,50409.9854848778,68190.214158026
36212.7630155846,3315.10602918496,37840.4517634965,47946.3274699532,60990.7551820256
35609.9938999007,3110.16119031737,34008.3820697614,46373.0605639699,59314.60813266
35398.0175455321,3032.57229800973,31918.3983271136,44323.1193924826,59345.2627612983
34888.4577411599,2953.99195455351,30934.1232942622,43391.7718300302,58605.2067740789
34820.4092085347,2914.67286604435,30667.4242728757,43476.1609436258,58353.7316100148
35195.5161036527,3014.24146294198,33172.8618401512,44779.5083910554,59969.4947970806
35608.4012741241,3205.06540731605,38348.2611126453,47481.337379138,63086.4000312572
40115.5288709474,3347.82269428442,82681.0339261869,92749.2557035057,113353.651383071
41808.5480397398,3676.36089503374,96242.999395374,108757.761571244,122793.465378534
42324.3380202475,3489.02834982003,105583.043986123,116967.03270676,129103.744802639
42368.9108819142,3421.68029384498,114878.565721048,127619.692334484,135312.287845926
42341.1441493235,3145.11666909308,119113.255288562,133336.06130347,141614.09965218
42512.3025910465,3076.23177817765,118431.81821489,132956.291235276,141491.931929063
42363.2904730084,3086.67858209743,115685.597533728,132769.08888575,140898.339999353
41616.280320273,3164.37647139757,112107.190534084,131591.459738144,140827.089468722
41160.0466668086,3211.28869839652,111087.161469283,131160.02260211,141435.475219249
40470.2030737204,3273.06611947371,104013.927940765,125272.679426398,137468.63069578
39910.1826616191,3264.80619688184,96381.5501811002,114844.878755613,129274.62325841
40734.5443047342,3527.15735938748,91009.7255230906,103233.31624537,121586.182908576
41596.6113771058,3740.30990765103,84030.254848093,94076.1076217883,115968.686904159
38589.7080804117,3919.94838007512,51213.1366058902,58473.0334429413,76634.3590684184
38085.4986434749,3958.57536370523,48696.8466968444,55537.5717206331,72327.962799297
36897.9233234613,3823.57326878319,44883.7773623452,53608.8186242943,69815.1383199248
36922.5920237939,3742.0227281671,40965.9500942971,50409.9854848778,68190.214158026
36212.7630155846,3315.10602918496,37840.4517634965,47946.3274699532,60990.7551820256
35609.9938999007,3110.16119031737,34008.3820697614,46373.0605639699,59314.60813266
35398.0175455321,3032.57229800973,31918.3983271136,44323.1193924826,59345.2627612983
34888.4577411599,2953.99195455351,30934.1232942622,43391.7718300302,58605.2067740789
34820.4092085347,2914.67286604435,30667.4242728757,43476.1609436258,58353.7316100148
35195.5161036527,3014.24146294198,33172.8618401512,44779.5083910554,59969.4947970806
35608.4012741241,3205.06540731605,38348.2611126453,47481.337379138,63086.4000312572
40115.5288709474,3347.82269428442,82681.0339261869,92749.2557035057,113353.651383071
41808.5480397398,3676.36089503374,96242.999395374,108757.761571244,122793.465378534
42324.3380202475,3489.02834982003,105583.043986123,116967.03270676,129103.744802639
42368.9108819142,3421.68029384498,114878.565721048,127619.692334484,135312.287845926
42341.1441493235,3145.11666909308,119113.255288562,133336.06130347,141614.09965218
42512.3025910465,3076.23177817765,118431.81821489,132956.291235276,141491.931929063
42363.2904730084,3086.67858209743,115685.597533728,132769.08888575,140898.339999353
41616.280320273,3164.37647139757,112107.190534084,131591.459738144,140827.089468722
41160.0466668086,3211.28869839652,111087.161469283,131160.02260211,141435.475219249
40470.2030737204,3273.06611947371,104013.927940765,125272.679426398,137468.63069578
39910.1826616191,3264.80619688184,96381.5501811002,114844.878755613,129274.62325841
40734.5443047342,3527.15735938748,91009.7255230906,103233.31624537,121586.182908576
41596.6113771058,3740.30990765103,84030.254848093,94076.1076217883,115968.686904159
38589.7080804117,3919.94838007512,51213.1366058902,58473.0334429413,76634.3590684184
38085.4986434749,3958.57536370523,48696.8466968444,55537.5717206331,72327.962799297
36897.9233234613,3823.57326878319,44883.7773623452,53608.8186242943,69815.1383199248
36922.5920237939,3742.0227281671,40965.9500942971,50409.9854848778,68190.214158026
36212.7630155846,3315.10602918496,37840.4517634965,47946.3274699532,60990.7551820256
35633.632993923,2907.72687686075,38931.8944014716,55267.0897984224,61404.2212486473
35537.2363160818,2838.89295743148,38116.4435528687,54352.9726802868,60613.7881906428
35243.9998047565,2772.48632726243,37348.6311331138,53106.5772099594,59794.1243239942
35116.9444636881,2733.1924884127,37068.4249613731,53088.2857312687,59363.887577519
35582.8646858655,2827.46200031868,38512.6950417091,55666.3778182726,60379.662076888
35771.8787653087,2994.81721216036,40476.7774843253,58531.7435267121,61979.9879653223
36651.6311347,2935.30182725379,64184.5548748547,92915.3250434637,98392.1709732835
39889.3665720018,3272.20964903683,75899.857878915,103459.478355414,107310.912523058
39573.9653795419,3049.16137552582,80433.6362999156,108307.096449851,113142.089931764
39313.2056329437,3108.16906041928,81651.9196075854,118219.92172354,115997.472904816
41616.449431706,3235.10832742549,88789.8150536275,124951.582899975,126142.37902357
41939.2125988328,3230.89009965198,89165.8007945571,125266.62743327,126147.672819024
42282.5240102804,3279.28046012589,88906.4135180885,125068.079490209,125306.586708919
42393.581243494,3367.12654344554,90301.1651089655,123218.33354243,125676.095058137
42404.7846535345,3376.25917053475,90812.8985925165,123736.860561732,126406.858845998
42432.7221396564,3427.2996057377,88719.4204656874,120365.651927986,123710.872706157
41705.2944557419,3262.09037382387,86269.7698029312,112419.67327935,118657.226132236
41483.4057426391,3353.26754341931,83499.6004872019,102839.554396309,111948.202168692
44466.7301402084,3727.95649034709,76645.9592867471,92797.0489619691,110810.465618805
40993.708595605,3555.03462383035,53781.3334137633,65930.6751188808,80956.6193329507
40553.290669499,3557.67900724981,51410.1359791405,63057.2413094287,79212.7737663534
39674.6398368894,3469.57985612572,49370.4032248536,62427.0246807698,77937.1709864841
38238.2656178649,3458.96346850145,44925.3183262324,59859.6046673546,69763.0790898369
36481.1549594993,3057.44722042386,41329.3542024721,57487.0923112468,62783.9683503315
35633.632993923,2907.72687686075,38931.8944014716,55267.0897984224,61404.2212486473
35537.2363160818,2838.89295743148,38116.4435528687,54352.9726802868,60613.7881906428
35243.9998047565,2772.48632726243,37348.6311331138,53106.5772099594,59794.1243239942
35116.9444636881,2733.1924884127,37068.4249613731,53088.2857312687,59363.887577519
35582.8646858655,2827.46200031868,38512.6950417091,55666.3778182726,60379.662076888
35771.8787653087,2994.81721216036,40476.7774843253,58531.7435267121,61979.9879653223
36651.6311347,2935.30182725379,64184.5548748547,92915.3250434637,98392.1709732835
39889.3665720018,3272.20964903683,75899.857878915,103459.478355414,107310.912523058
39573.9653795419,3049.16137552582,80433.6362999156,108307.096449851,113142.089931764
39313.2056329437,3108.16906041928,81651.9196075854,118219.92172354,115997.472904816
41616.449431706,3235.10832742549,88789.8150536275,124951.582899975,126142.37902357
41939.2125988328,3230.89009965198,89165.8007945571,125266.62743327,126147.672819024
42282.5240102804,3279.28046012589,88906.4135180885,125068.079490209,125306.586708919
42393.581243494,3367.12654344554,90301.1651089655,123218.33354243,125676.095058137
42404.7846535345,3376.25917053475,90812.8985925165,123736.860561732,126406.858845998
42432.7221396564,3427.2996057377,88719.4204656874,120365.651927986,123710.872706157
41705.2944557419,3262.09037382387,86269.7698029312,112419.67327935,118657.226132236
41483.4057426391,3353.26754341931,83499.6004872019,102839.554396309,111948.202168692
44466.7301402084,3727.95649034709,76645.9592867471,92797.0489619691,110810.465618805
40993.708595605,3555.03462383035,53781.3334137633,65930.6751188808,80956.6193329507
40553.290669499,3557.67900724981,51410.1359791405,63057.2413094287,79212.7737663534
39674.6398368894,3469.57985612572,49370.4032248536,62427.0246807698,77937.1709864841
38238.2656178649,3458.96346850145,44925.3183262324,59859.6046673546,69763.0790898369
36481.1549594993,3057.44722042386,41329.3542024721,57487.0923112468,62783.9683503315
35633.632993923,2907.72687686075,38931.8944014716,55267.0897984224,61404.2212486473
35537.2363160818,2838.89295743148,38116.4435528687,54352.9726802868,60613.7881906428
35243.9998047565,2772.48632726243,37348.6311331138,53106.5772099594,59794.1243239942
35116.9444636881,2733.1924884127,37068.4249613731,53088.2857312687,59363.887577519
35582.8646858655,2827.46200031868,38512.6950417091,55666.3778182726,60379.662076888
35771.8787653087,2994.81721216036,40476.7774843253,58531.7435267121,61979.9879653223
36651.6311347,2935.30182725379,64184.5548748547,92915.3250434637,98392.1709732835
39889.3665720018,3272.20964903683,75899.857878915,103459.478355414,107310.912523058
39573.9653795419,3049.16137552582,80433.6362999156,108307.096449851,113142.089931764
39313.2056329437,3108.16906041928,81651.9196075854,118219.92172354,115997.472904816
41616.449431706,3235.10832742549,88789.8150536275,124951.582899975,126142.37902357
41939.2125988328,3230.89009965198,89165.8007945571,125266.62743327,126147.672819024
42282.5240102804,3279.28046012589,88906.4135180885,125068.079490209,125306.586708919
42393.581243494,3367.12654344554,90301.1651089655,123218.33354243,125676.095058137
42404.7846535345,3376.25917053475,90812.8985925165,123736.860561732,126406.858845998
42432.7221396564,3427.2996057377,88719.4204656874,120365.651927986,123710.872706157
41705.2944557419,3262.09037382387,86269.7698029312,112419.67327935,118657.226132236
41483.4057426391,3353.26754341931,83499.6004872019,102839.554396309,111948.202168692
44466.7301402084,3727.95649034709,76645.9592867471,92797.0489619691,110810.465618805
40993.708595605,3555.03462383035,53781.3334137633,65930.6751188808,80956.6193329507
40553.290669499,3557.67900724981,51410.1359791405,63057.2413094287,79212.7737663534
39674.6398368894,3469.57985612572,49370.4032248536,62427.0246807698,77937.1709864841
38238.2656178649,3458.96346850145,44925.3183262324,59859.6046673546,69763.0790898369
36481.1549594993,3057.44722042386,41329.3542024721,57487.0923112468,62783.9683503315
35633.632993923,2907.72687686075,38931.8944014716,55267.0897984224,61404.2212486473
35537.2363160818,2838.89295743148,38116.4435528687,54352.9726802868,60613.7881906428
35243.9998047565,2772.48632726243,37348.6311331138,53106.5772099594,59794.1243239942
35116.9444636881,2733.1924884127,37068.4249613731,53088.2857312687,59363.887577519
35582.8646858655,2827.46200031868,38512.6950417091,55666.3778182726,60379.662076888
35771.8787653087,2994.81721216036,40476.7774843253,58531.7435267121,61979.9879653223
36651.6311347,2935.30182725379,64184.5548748547,92915.3250434637,98392.1709732835
39889.3665720018,3272.20964903683,75899.857878915,103459.478355414,107310.912523058
39573.9653795419,3049.16137552582,80433.6362999156,108307.096449851,113142.089931764
39313.2056329437,3108.16906041928,81651.9196075854,118219.92172354,115997.472904816
41616.449431706,3235.10832742549,88789.8150536275,124951.582899975,126142.37902357
41939.2125988328,3230.89009965198,89165.8007945571,125266.62743327,126147.672819024
42282.5240102804,3279.28046012589,88906.4135180885,125068.079490209,125306.586708919
42393.581243494,3367.12654344554,90301.1651089655,123218.33354243,125676.095058137
42404.7846535345,3376.25917053475,90812.8985925165,123736.860561732,126406.858845998
42432.7221396564,3427.2996057377,88719.4204656874,120365.651927986,123710.872706157
41705.2944557419,3262.09037382387,86269.7698029312,112419.67327935,118657.226132236
41483.4057426391,3353.26754341931,83499.6004872019,102839.554396309,111948.202168692
44466.7301402084,3727.95649034709,76645.9592867471,92797.0489619691,110810.465618805
40993.708595605,3555.03462383035,53781.3334137633,65930.6751188808,80956.6193329507
40553.290669499,3557.67900724981,51410.1359791405,63057.2413094287,79212.7737663534
39674.6398368894,3469.57985612572,49370.4032248536,62427.0246807698,77937.1709864841
38238.2656178649,3458.96346850145,44925.3183262324,59859.6046673546,69763.0790898369
36481.1549594993,3057.44722042386,41329.3542024721,57487.0923112468,62783.9683503315
35633.632993923,2907.72687686075,38931.8944014716,55267.0897984224,61404.2212486473
35537.2363160818,2838.89295743148,38116.4435528687,54352.9726802868,60613.7881906428
35243.9998047565,2772.48632726243,37348.6311331138,53106.5772099594,59794.1243239942
35116.9444636881,2733.1924884127,37068.4249613731,53088.2857312687,59363.887577519
35582.8646858655,2827.46200031868,38512.6950417091,55666.3778182726,60379.662076888
35771.8787653087,2994.81721216036,40476.7774843253,58531.7435267121,61979.9879653223
36651.6311347,2935.30182725379,64184.5548748547,92915.3250434637,98392.1709732835
39889.3665720018,3272.20964903683,75899.857878915,103459.478355414,107310.912523058
39573.9653795419,3049.16137552582,80433.6362999156,108307.096449851,113142.089931764
39313.2056329437,3108.16906041928,81651.9196075854,118219.92172354,115997.472904816
41616.449431706,3235.10832742549,88789.8150536275,124951.582899975,126142.37902357
41939.2125988328,3230.89009965198,89165.8007945571,125266.62743327,126147.672819024
42282.5240102804,3279.28046012589,88906.4135180885,125068.079490209,125306.586708919
42393.581243494,3367.12654344554,90301.1651089655,123218.33354243,125676.095058137
42404.7846535345,3376.25917053475,90812.8985925165,123736.860561732,126406.858845998
42432.7221396564,3427.2996057377,88719.4204656874,120365.651927986,123710.872706157
41705.2944557419,3262.09037382387,86269.7698029312,112419.67327935,118657.226132236
41483.4057426391,3353.26754341931,83499.6004872019,102839.554396309,111948.202168692
44466.7301402084,3727.95649034709,76645.9592867471,92797.0489619691,110810.465618805
40993.708595605,3555.03462383035,53781.3334137633,65930.6751188808,80956.6193329507
40553.290669499,3557.67900724981,51410.1359791405,63057.2413094287,79212.7737663534
39674.6398368894,3469.57985612572,49370.4032248536,62427.0246807698,77937.1709864841
38238.2656178649,3458.96346850145,44925.3183262324,59859.6046673546,69763.0790898369
36481.1549594993,3057.44722042386,41329.3542024721,57487.0923112468,62783.9683503315
35633.632993923,2907.72687686075,38931.8944014716,55267.0897984224,61404.2212486473
35537.2363160818,2838.89295743148,38116.4435528687,54352.9726802868,60613.7881906428
35243.9998047565,2772.48632726243,37348.6311331138,53106.5772099594,59794.1243239942
35116.9444636881,2733.1924884127,37068.4249613731,53088.2857312687,59363.887577519
35582.8646858655,2827.46200031868,38512.6950417091,55666.3778182726,60379.662076888
35771.8787653087,2994.81721216036,40476.7774843253,58531.7435267121,61979.9879653223
36651.6311347,2935.30182725379,64184.5548748547,92915.3250434637,98392.1709732835
39889.3665720018,3272.20964903683,75899.857878915,103459.478355414,107310.912523058
39573.9653795419,3049.16137552582,80433.6362999156,108307.096449851,113142.089931764
39313.2056329437,3108.16906041928,81651.9196075854,118219.92172354,115997.472904816
41616.449431706,3235.10832742549,88789.8150536275,124951.582899975,126142.37902357
41939.2125988328,3230.89009965198,89165.8007945571,125266.62743327,126147.672819024
42282.5240102804,3279.28046012589,88906.4135180885,125068.079490209,125306.586708919
42393.581243494,3367.12654344554,90301.1651089655,123218.33354243,125676.095058137
42404.7846535345,3376.25917053475,90812.8985925165,123736.860561732,126406.858845998
42432.7221396564,3427.2996057377,88719.4204656874,120365.651927986,123710.872706157
41705.2944557419,3262.09037382387,86269.7698029312,112419.67327935,118657.226132236
41483.4057426391,3353.26754341931,83499.6004872019,102839.554396309,111948.202168692
44466.7301402084,3727.95649034709,76645.9592867471,92797.0489619691,110810.465618805
40993.708595605,3555.03462383035,53781.3334137633,65930.6751188808,80956.6193329507
40553.290669499,3557.67900724981,51410.1359791405,63057.2413094287,79212.7737663534
39674.6398368894,3469.57985612572,49370.4032248536,62427.0246807698,77937.1709864841
38238.2656178649,3458.96346850145,44925.3183262324,59859.6046673546,69763.0790898369
36481.1549594993,3057.44722042386,41329.3542024721,57487.0923112468,62783.9683503315
35633.632993923,2907.72687686075,38931.8944014716,55267.0897984224,61404.2212486473
35537.2363160818,2838.89295743148,38116.4435528687,54352.9726802868,60613.7881906428
35243.9998047565,2772.48632726243,37348.6311331138,53106.5772099594,59794.1243239942
35116.9444636881,2733.1924884127,37068.4249613731,53088.2857312687,59363.887577519
35582.8646858655,2827.46200031868,38512.6950417091,55666.3778182726,60379.662076888
35771.8787653087,2994.81721216036,40476.7774843253,58531.7435267121,61979.9879653223
36651.6311347,2935.30182725379,64184.5548748547,92915.3250434637,98392.1709732835
39889.3665720018,3272.20964903683,75899.857878915,103459.478355414,107310.912523058
39573.9653795419,3049.16137552582,80433.6362999156,108307.096449851,113142.089931764
39313.2056329437,3108.16906041928,81651.9196075854,118219.92172354,115997.472904816
41616.449431706,3235.10832742549,88789.8150536275,124951.582899975,126142.37902357
41939.2125988328,3230.89009965198,89165.8007945571,125266.62743327,126147.672819024
42282.5240102804,3279.28046012589,88906.4135180885,125068.079490209,125306.586708919
42393.581243494,3367.12654344554,90301.1651089655,123218.33354243,125676.095058137
42404.7846535345,3376.25917053475,90812.8985925165,123736.860561732,126406.858845998
42432.7221396564,3427.2996057377,88719.4204656874,120365.651927986,123710.872706157
41705.2944557419,3262.09037382387,86269.7698029312,112419.67327935,118657.226132236
41483.4057426391,3353.26754341931,83499.6004872019,102839.554396309,111948.202168692
44466.7301402084,3727.95649034709,76645.9592867471,92797.0489619691,110810.465618805
40993.708595605,3555.03462383035,53781.3334137633,65930.6751188808,80956.6193329507
40553.290669499,3557.67900724981,51410.1359791405,63057.2413094287,79212.7737663534
39674.6398368894,3469.57985612572,49370.4032248536,62427.0246807698,77937.1709864841
38238.2656178649,3458.96346850145,44925.3183262324,59859.6046673546,69763.0790898369
36481.1549594993,3057.44722042386,41329.3542024721,57487.0923112468,62783.9683503315
35633.632993923,2907.72687686075,38931.8944014716,55267.0897984224,61404.2212486473
35537.2363160818,2838.89295743148,38116.4435528687,54352.9726802868,60613.7881906428
35243.9998047565,2772.48632726243,37348.6311331138,53106.5772099594,59794.1243239942
35116.9444636881,2733.1924884127,37068.4249613731,53088.2857312687,59363.887577519
35582.8646858655,2827.46200031868,38512.6950417091,55666.3778182726,60379.662076888
35771.8787653087,2994.81721216036,40476.7774843253,58531.7435267121,61979.9879653223
36651.6311347,2935.30182725379,64184.5548748547,92915.3250434637,98392.1709732835
39889.3665720018,3272.20964903683,75899.857878915,103459.478355414,107310.912523058
39573.9653795419,3049.16137552582,80433.6362999156,108307.096449851,113142.089931764
39313.2056329437,3108.16906041928,81651.9196075854,118219.92172354,115997.472904816
41616.449431706,3235.10832742549,88789.8150536275,124951.582899975,126142.37902357
41939.2125988328,3230.89009965198,89165.8007945571,125266.62743327,126147.672819024
42282.5240102804,3279.28046012589,88906.4135180885,125068.079490209,125306.586708919
42393.581243494,3367.12654344554,90301.1651089655,123218.33354243,125676.095058137
42404.7846535345,3376.25917053475,90812.8985925165,123736.860561732,126406.858845998
42432.7221396564,3427.2996057377,88719.4204656874,120365.651927986,123710.872706157
41705.2944557419,3262.09037382387,86269.7698029312,112419.67327935,118657.226132236
41483.4057426391,3353.26754341931,83499.6004872019,102839.554396309,111948.202168692
44466.7301402084,3727.95649034709,76645.9592867471,92797.0489619691,110810.465618805
40993.708595605,3555.03462383035,53781.3334137633,65930.6751188808,80956.6193329507
40553.290669499,3557.67900724981,51410.1359791405,63057.2413094287,79212.7737663534
39674.6398368894,3469.57985612572,49370.4032248536,62427.0246807698,77937.1709864841
38238.2656178649,3458.96346850145,44925.3183262324,59859.6046673546,69763.0790898369
36481.1549594993,3057.44722042386,41329.3542024721,57487.0923112468,62783.9683503315
35633.632993923,2907.72687686075,38931.8944014716,55267.0897984224,61404.2212486473
35537.2363160818,2838.89295743148,38116.4435528687,54352.9726802868,60613.7881906428
35243.9998047565,2772.48632726243,37348.6311331138,53106.5772099594,59794.1243239942
35116.9444636881,2733.1924884127,37068.4249613731,53088.2857312687,59363.887577519
35582.8646858655,2827.46200031868,38512.6950417091,55666.3778182726,60379.662076888
35771.8787653087,2994.81721216036,40476.7774843253,58531.7435267121,61979.9879653223
36651.6311347,2935.30182725379,64184.5548748547,92915.3250434637,98392.1709732835
39889.3665720018,3272.20964903683,75899.857878915,103459.478355414,107310.912523058
39573.9653795419,3049.16137552582,80433.6362999156,108307.096449851,113142.089931764
39313.2056329437,3108.16906041928,81651.9196075854,118219.92172354,115997.472904816
41616.449431706,3235.10832742549,88789.8150536275,124951.582899975,126142.37902357
41939.2125988328,3230.89009965198,89165.8007945571,125266.62743327,126147.672819024
42282.5240102804,3279.28046012589,88906.4135180885,125068.079490209,125306.586708919
42393.581243494,3367.12654344554,90301.1651089655,123218.33354243,125676.095058137
42404.7846535345,3376.25917053475,90812.8985925165,123736.860561732,126406.858845998
42432.7221396564,3427.2996057377,88719.4204656874,120365.651927986,123710.872706157
41705.2944557419,3262.09037382387,86269.7698029312,112419.67327935,118657.226132236
41483.4057426391,3353.26754341931,83499.6004872019,102839.554396309,111948.202168692
44466.7301402084,3727.95649034709,76645.9592867471,92797.0489619691,110810.465618805
40993.708595605,3555.03462383035,53781.3334137633,65930.6751188808,80956.6193329507
40553.290669499,3557.67900724981,51410.1359791405,63057.2413094287,79212.7737663534
39674.6398368894,3469.57985612572,49370.4032248536,62427.0246807698,77937.1709864841
38238.2656178649,3458.96346850145,44925.3183262324,59859.6046673546,69763.0790898369
36481.1549594993,3057.44722042386,41329.3542024721,57487.0923112468,62783.9683503315
35633.632993923,2907.72687686075,38931.8944014716,55267.0897984224,61404.2212486473
35537.2363160818,2838.89295743148,38116.4435528687,54352.9726802868,60613.7881906428
35243.9998047565,2772.48632726243,37348.6311331138,53106.5772099594,59794.1243239942
35116.9444636881,2733.1924884127,37068.4249613731,53088.2857312687,59363.887577519
35582.8646858655,2827.46200031868,38512.6950417091,55666.3778182726,60379.662076888
35771.8787653087,2994.81721216036,40476.7774843253,58531.7435267121,61979.9879653223
36651.6311347,2935.30182725379,64184.5548748547,92915.3250434637,98392.1709732835
39889.3665720018,3272.20964903683,75899.857878915,103459.478355414,107310.912523058
39573.9653795419,3049.16137552582,80433.6362999156,108307.096449851,113142.089931764
39313.2056329437,3108.16906041928,81651.9196075854,118219.92172354,115997.472904816
41616.449431706,3235.10832742549,88789.8150536275,124951.582899975,126142.37902357
41939.2125988328,3230.89009965198,89165.8007945571,125266.62743327,126147.672819024
42282.5240102804,3279.28046012589,88906.4135180885,125068.079490209,125306.586708919
42393.581243494,3367.12654344554,90301.1651089655,123218.33354243,125676.095058137
42404.7846535345,3376.25917053475,90812.8985925165,123736.860561732,126406.858845998
42432.7221396564,3427.2996057377,88719.4204656874,120365.651927986,123710.872706157
41705.2944557419,3262.09037382387,86269.7698029312,112419.67327935,118657.226132236
41483.4057426391,3353.26754341931,83499.6004872019,102839.554396309,111948.202168692
44466.7301402084,3727.95649034709,76645.9592867471,92797.0489619691,110810.465618805
40993.708595605,3555.03462383035,53781.3334137633,65930.6751188808,80956.6193329507
40553.290669499,3557.67900724981,51410.1359791405,63057.2413094287,79212.7737663534
39674.6398368894,3469.57985612572,49370.4032248536,62427.0246807698,77937.1709864841
38238.2656178649,3458.96346850145,44925.3183262324,59859.6046673546,69763.0790898369
36481.1549594993,3057.44722042386,41329.3542024721,57487.0923112468,62783.9683503315
35633.632993923,2907.72687686075,38931.8944014716,55267.0897984224,61404.2212486473
35537.2363160818,2838.89295743148,38116.4435528687,54352.9726802868,60613.7881906428
35243.9998047565,2772.48632726243,37348.6311331138,53106.5772099594,59794.1243239942
35116.9444636881,2733.1924884127,37068.4249613731,53088.2857312687,59363.887577519
35582.8646858655,2827.46200031868,38512.6950417091,55666.3778182726,60379.662076888
35771.8787653087,2994.81721216036,40476.7774843253,58531.7435267121,61979.9879653223
36651.6311347,2935.30182725379,64184.5548748547,92915.3250434637,98392.1709732835
39889.3665720018,3272.20964903683,75899.857878915,103459.478355414,107310.912523058
39573.9653795419,3049.16137552582,80433.6362999156,108307.096449851,113142.089931764
39313.2056329437,3108.16906041928,81651.9196075854,118219.92172354,115997.472904816
41616.449431706,3235.10832742549,88789.8150536275,124951.582899975,126142.37902357
41939.2125988328,3230.89009965198,89165.8007945571,125266.62743327,126147.672819024
42282.5240102804,3279.28046012589,88906.4135180885,125068.079490209,125306.586708919
42393.581243494,3367.12654344554,90301.1651089655,123218.33354243,125676.095058137
42404.7846535345,3376.25917053475,90812.8985925165,123736.860561732,126406.858845998
42432.7221396564,3427.2996057377,88719.4204656874,120365.651927986,123710.872706157
41705.2944557419,3262.09037382387,86269.7698029312,112419.67327935,118657.226132236
41483.4057426391,3353.26754341931,83499.6004872019,102839.554396309,111948.202168692
44466.7301402084,3727.95649034709,76645.9592867471,92797.0489619691,110810.465618805
40993.708595605,3555.03462383035,53781.3334137633,65930.6751188808,80956.6193329507
40553.290669499,3557.67900724981,51410.1359791405,63057.2413094287,79212.7737663534
39674.6398368894,3469.57985612572,49370.4032248536,62427.0246807698,77937.1709864841
38238.2656178649,3458.96346850145,44925.3183262324,59859.6046673546,69763.0790898369
36481.1549594993,3057.44722042386,41329.3542024721,57487.0923112468,62783.9683503315
35633.632993923,2907.72687686075,38931.8944014716,55267.0897984224,61404.2212486473
35537.2363160818,2838.89295743148,38116.4435528687,54352.9726802868,60613.7881906428
35243.9998047565,2772.48632726243,37348.6311331138,53106.5772099594,59794.1243239942
35116.9444636881,2733.1924884127,37068.4249613731,53088.2857312687,59363.887577519
35582.8646858655,2827.46200031868,38512.6950417091,55666.3778182726,60379.662076888
35771.8787653087,2994.81721216036,40476.7774843253,58531.7435267121,61979.9879653223
36651.6311347,2935.30182725379,64184.5548748547,92915.3250434637,98392.1709732835
39889.3665720018,3272.20964903683,75899.857878915,103459.478355414,107310.912523058
39573.9653795419,3049.16137552582,80433.6362999156,108307.096449851,113142.089931764
39313.2056329437,3108.16906041928,81651.9196075854,118219.92172354,115997.472904816
41616.449431706,3235.10832742549,88789.8150536275,124951.582899975,126142.37902357
41939.2125988328,3230.89009965198,89165.8007945571,125266.62743327,126147.672819024
42282.5240102804,3279.28046012589,88906.4135180885,125068.079490209,125306.586708919
42393.581243494,3367.12654344554,90301.1651089655,123218.33354243,125676.095058137
42404.7846535345,3376.25917053475,90812.8985925165,123736.860561732,126406.858845998
42432.7221396564,3427.2996057377,88719.4204656874,120365.651927986,123710.872706157
41705.2944557419,3262.09037382387,86269.7698029312,112419.67327935,118657.226132236
41483.4057426391,3353.26754341931,83499.6004872019,102839.554396309,111948.202168692
44466.7301402084,3727.95649034709,76645.9592867471,92797.0489619691,110810.465618805
40993.708595605,3555.03462383035,53781.3334137633,65930.6751188808,80956.6193329507
40553.290669499,3557.67900724981,51410.1359791405,63057.2413094287,79212.7737663534
39674.6398368894,3469.57985612572,49370.4032248536,62427.0246807698,77937.1709864841
38238.2656178649,3458.96346850145,44925.3183262324,59859.6046673546,69763.0790898369
36481.1549594993,3057.44722042386,41329.3542024721,57487.0923112468,62783.9683503315
35633.632993923,2907.72687686075,38931.8944014716,55267.0897984224,61404.2212486473
35537.2363160818,2838.89295743148,38116.4435528687,54352.9726802868,60613.7881906428
35243.9998047565,2772.48632726243,37348.6311331138,53106.5772099594,59794.1243239942
35116.9444636881,2733.1924884127,37068.4249613731,53088.2857312687,59363.887577519
35582.8646858655,2827.46200031868,38512.6950417091,55666.3778182726,60379.662076888
35771.8787653087,2994.81721216036,40476.7774843253,58531.7435267121,61979.9879653223
36651.6311347,2935.30182725379,64184.5548748547,92915.3250434637,98392.1709732835
39889.3665720018,3272.20964903683,75899.857878915,103459.478355414,107310.912523058
39573.9653795419,3049.16137552582,80433.6362999156,108307.096449851,113142.089931764
39313.2056329437,3108.16906041928,81651.9196075854,118219.92172354,115997.472904816
41616.449431706,3235.10832742549,88789.8150536275,124951.582899975,126142.37902357
41939.2125988328,3230.89009965198,89165.8007945571,125266.62743327,126147.672819024
42282.5240102804,3279.28046012589,88906.4135180885,125068.079490209,125306.586708919
42393.581243494,3367.12654344554,90301.1651089655,123218.33354243,125676.095058137
42404.7846535345,3376.25917053475,90812.8985925165,123736.860561732,126406.858845998
42432.7221396564,3427.2996057377,88719.4204656874,120365.651927986,123710.872706157
41705.2944557419,3262.09037382387,86269.7698029312,112419.67327935,118657.226132236
41483.4057426391,3353.26754341931,83499.6004872019,102839.554396309,111948.202168692
44466.7301402084,3727.95649034709,76645.9592867471,92797.0489619691,110810.465618805
40993.708595605,3555.03462383035,53781.3334137633,65930.6751188808,80956.6193329507
40553.290669499,3557.67900724981,51410.1359791405,63057.2413094287,79212.7737663534
39674.6398368894,3469.57985612572,49370.4032248536,62427.0246807698,77937.1709864841
38238.2656178649,3458.96346850145,44925.3183262324,59859.6046673546,69763.0790898369
36481.1549594993,3057.44722042386,41329.3542024721,57487.0923112468,62783.9683503315
35633.632993923,2907.72687686075,38931.8944014716,55267.0897984224,61404.2212486473
35537.2363160818,2838.89295743148,38116.4435528687,54352.9726802868,60613.7881906428
35243.9998047565,2772.48632726243,37348.6311331138,53106.5772099594,59794.1243239942
35116.9444636881,2733.1924884127,37068.4249613731,53088.2857312687,59363.887577519
35582.8646858655,2827.46200031868,38512.6950417091,55666.3778182726,60379.662076888
35771.8787653087,2994.81721216036,40476.7774843253,58531.7435267121,61979.9879653223
36651.6311347,2935.30182725379,64184.5548748547,92915.3250434637,98392.1709732835
39889.3665720018,3272.20964903683,75899.857878915,103459.478355414,107310.912523058
39573.9653795419,3049.16137552582,80433.6362999156,108307.096449851,113142.089931764
39313.2056329437,3108.16906041928,81651.9196075854,118219.92172354,115997.472904816
41616.449431706,3235.10832742549,88789.8150536275,124951.582899975,126142.37902357
41939.2125988328,3230.89009965198,89165.8007945571,125266.62743327,126147.672819024
42282.5240102804,3279.28046012589,88906.4135180885,125068.079490209,125306.586708919
42393.581243494,3367.12654344554,90301.1651089655,123218.33354243,125676.095058137
42404.7846535345,3376.25917053475,90812.8985925165,123736.860561732,126406.858845998
42432.7221396564,3427.2996057377,88719.4204656874,120365.651927986,123710.872706157
41705.2944557419,3262.09037382387,86269.7698029312,112419.67327935,118657.226132236
41483.4057426391,3353.26754341931,83499.6004872019,102839.554396309,111948.202168692
44466.7301402084,3727.95649034709,76645.9592867471,92797.0489619691,110810.465618805
40993.708595605,3555.03462383035,53781.3334137633,65930.6751188808,80956.6193329507
40553.290669499,3557.67900724981,51410.1359791405,63057.2413094287,79212.7737663534
39674.6398368894,3469.57985612572,49370.4032248536,62427.0246807698,77937.1709864841
38238.2656178649,3458.96346850145,44925.3183262324,59859.6046673546,69763.0790898369
36481.1549594993,3057.44722042386,41329.3542024721,57487.0923112468,62783.9683503315
35633.632993923,2907.72687686075,38931.8944014716,55267.0897984224,61404.2212486473
35537.2363160818,2838.89295743148,38116.4435528687,54352.9726802868,60613.7881906428
35243.9998047565,2772.48632726243,37348.6311331138,53106.5772099594,59794.1243239942
35116.9444636881,2733.1924884127,37068.4249613731,53088.2857312687,59363.887577519
35582.8646858655,2827.46200031868,38512.6950417091,55666.3778182726,60379.662076888
35771.8787653087,2994.81721216036,40476.7774843253,58531.7435267121,61979.9879653223
36651.6311347,2935.30182725379,64184.5548748547,92915.3250434637,98392.1709732835
39889.3665720018,3272.20964903683,75899.857878915,103459.478355414,107310.912523058
39573.9653795419,3049.16137552582,80433.6362999156,108307.096449851,113142.089931764
39313.2056329437,3108.16906041928,81651.9196075854,118219.92172354,115997.472904816
41616.449431706,3235.10832742549,88789.8150536275,124951.582899975,126142.37902357
41939.2125988328,3230.89009965198,89165.8007945571,125266.62743327,126147.672819024
42282.5240102804,3279.28046012589,88906.4135180885,125068.079490209,125306.586708919
42393.581243494,3367.12654344554,90301.1651089655,123218.33354243,125676.095058137
42404.7846535345,3376.25917053475,90812.8985925165,123736.860561732,126406.858845998
42432.7221396564,3427.2996057377,88719.4204656874,120365.651927986,123710.872706157
41705.2944557419,3262.09037382387,86269.7698029312,112419.67327935,118657.226132236
41483.4057426391,3353.26754341931,83499.6004872019,102839.554396309,111948.202168692
44466.7301402084,3727.95649034709,76645.9592867471,92797.0489619691,110810.465618805
40993.708595605,3555.03462383035,53781.3334137633,65930.6751188808,80956.6193329507
40553.290669499,3557.67900724981,51410.1359791405,63057.2413094287,79212.7737663534
39674.6398368894,3469.57985612572,49370.4032248536,62427.0246807698,77937.1709864841
38238.2656178649,3458.96346850145,44925.3183262324,59859.6046673546,69763.0790898369
36481.1549594993,3057.44722042386,41329.3542024721,57487.0923112468,62783.9683503315
35633.632993923,2907.72687686075,38931.8944014716,55267.0897984224,61404.2212486473
35537.2363160818,2838.89295743148,38116.4435528687,54352.9726802868,60613.7881906428
35243.9998047565,2772.48632726243,37348.6311331138,53106.5772099594,59794.1243239942
35116.9444636881,2733.1924884127,37068.4249613731,53088.2857312687,59363.887577519
35582.8646858655,2827.46200031868,38512.6950417091,55666.3778182726,60379.662076888
35771.8787653087,2994.81721216036,40476.7774843253,58531.7435267121,61979.9879653223
36651.6311347,2935.30182725379,64184.5548748547,92915.3250434637,98392.1709732835
39889.3665720018,3272.20964903683,75899.857878915,103459.478355414,107310.912523058
39573.9653795419,3049.16137552582,80433.6362999156,108307.096449851,113142.089931764
39313.2056329437,3108.16906041928,81651.9196075854,118219.92172354,115997.472904816
41616.449431706,3235.10832742549,88789.8150536275,124951.582899975,126142.37902357
41939.2125988328,3230.89009965198,89165.8007945571,125266.62743327,126147.672819024
42282.5240102804,3279.28046012589,88906.4135180885,125068.079490209,125306.586708919
42393.581243494,3367.12654344554,90301.1651089655,123218.33354243,125676.095058137
42404.7846535345,3376.25917053475,90812.8985925165,123736.860561732,126406.858845998
42432.7221396564,3427.2996057377,88719.4204656874,120365.651927986,123710.872706157
41705.2944557419,3262.09037382387,86269.7698029312,112419.67327935,118657.226132236
41483.4057426391,3353.26754341931,83499.6004872019,102839.554396309,111948.202168692
44466.7301402084,3727.95649034709,76645.9592867471,92797.0489619691,110810.465618805
40993.708595605,3555.03462383035,53781.3334137633,65930.6751188808,80956.6193329507
40553.290669499,3557.67900724981,51410.1359791405,63057.2413094287,79212.7737663534
39674.6398368894,3469.57985612572,49370.4032248536,62427.0246807698,77937.1709864841
38238.2656178649,3458.96346850145,44925.3183262324,59859.6046673546,69763.0790898369
36481.1549594993,3057.44722042386,41329.3542024721,57487.0923112468,62783.9683503315
35633.632993923,2907.72687686075,38931.8944014716,55267.0897984224,61404.2212486473
35537.2363160818,2838.89295743148,38116.4435528687,54352.9726802868,60613.7881906428
35243.9998047565,2772.48632726243,37348.6311331138,53106.5772099594,59794.1243239942
35116.9444636881,2733.1924884127,37068.4249613731,53088.2857312687,59363.887577519
35582.8646858655,2827.46200031868,38512.6950417091,55666.3778182726,60379.662076888
35771.8787653087,2994.81721216036,40476.7774843253,58531.7435267121,61979.9879653223
36651.6311347,2935.30182725379,64184.5548748547,92915.3250434637,98392.1709732835
39889.3665720018,3272.20964903683,75899.857878915,103459.478355414,107310.912523058
39573.9653795419,3049.16137552582,80433.6362999156,108307.096449851,113142.089931764
39313.2056329437,3108.16906041928,81651.9196075854,118219.92172354,115997.472904816
41616.449431706,3235.10832742549,88789.8150536275,124951.582899975,126142.37902357
41939.2125988328,3230.89009965198,89165.8007945571,125266.62743327,126147.672819024
42282.5240102804,3279.28046012589,88906.4135180885,125068.079490209,125306.586708919
42393.581243494,3367.12654344554,90301.1651089655,123218.33354243,125676.095058137
42404.7846535345,3376.25917053475,90812.8985925165,123736.860561732,126406.858845998
42432.7221396564,3427.2996057377,88719.4204656874,120365.651927986,123710.872706157
41705.2944557419,3262.09037382387,86269.7698029312,112419.67327935,118657.226132236
41483.4057426391,3353.26754341931,83499.6004872019,102839.554396309,111948.202168692
44466.7301402084,3727.95649034709,76645.9592867471,92797.0489619691,110810.465618805
40993.708595605,3555.03462383035,53781.3334137633,65930.6751188808,80956.6193329507
40553.290669499,3557.67900724981,51410.1359791405,63057.2413094287,79212.7737663534
39674.6398368894,3469.57985612572,49370.4032248536,62427.0246807698,77937.1709864841
38238.2656178649,3458.96346850145,44925.3183262324,59859.6046673546,69763.0790898369
36481.1549594993,3057.44722042386,41329.3542024721,57487.0923112468,62783.9683503315
35633.632993923,2907.72687686075,38931.8944014716,55267.0897984224,61404.2212486473
35537.2363160818,2838.89295743148,38116.4435528687,54352.9726802868,60613.7881906428
35243.9998047565,2772.48632726243,37348.6311331138,53106.5772099594,59794.1243239942
35116.9444636881,2733.1924884127,37068.4249613731,53088.2857312687,59363.887577519
35582.8646858655,2827.46200031868,38512.6950417091,55666.3778182726,60379.662076888
35771.8787653087,2994.81721216036,40476.7774843253,58531.7435267121,61979.9879653223
36651.6311347,2935.30182725379,64184.5548748547,92915.3250434637,98392.1709732835
39889.3665720018,3272.20964903683,75899.857878915,103459.478355414,107310.912523058
39573.9653795419,3049.16137552582,80433.6362999156,108307.096449851,113142.089931764
39313.2056329437,3108.16906041928,81651.9196075854,118219.92172354,115997.472904816
41616.449431706,3235.10832742549,88789.8150536275,124951.582899975,126142.37902357
41939.2125988328,3230.89009965198,89165.8007945571,125266.62743327,126147.672819024
42282.5240102804,3279.28046012589,88906.4135180885,125068.079490209,125306.586708919
42393.581243494,3367.12654344554,90301.1651089655,123218.33354243,125676.095058137
42404.7846535345,3376.25917053475,90812.8985925165,123736.860561732,126406.858845998
42432.7221396564,3427.2996057377,88719.4204656874,120365.651927986,123710.872706157
41705.2944557419,3262.09037382387,86269.7698029312,112419.67327935,118657.226132236
41483.4057426391,3353.26754341931,83499.6004872019,102839.554396309,111948.202168692
44466.7301402084,3727.95649034709,76645.9592867471,92797.0489619691,110810.465618805
40993.708595605,3555.03462383035,53781.3334137633,65930.6751188808,80956.6193329507
40553.290669499,3557.67900724981,51410.1359791405,63057.2413094287,79212.7737663534
39674.6398368894,3469.57985612572,49370.4032248536,62427.0246807698,77937.1709864841
38238.2656178649,3458.96346850145,44925.3183262324,59859.6046673546,69763.0790898369
36481.1549594993,3057.44722042386,41329.3542024721,57487.0923112468,62783.9683503315
35633.632993923,2907.72687686075,38931.8944014716,55267.0897984224,61404.2212486473
35537.2363160818,2838.89295743148,38116.4435528687,54352.9726802868,60613.7881906428
35243.9998047565,2772.48632726243,37348.6311331138,53106.5772099594,59794.1243239942
35116.9444636881,2733.1924884127,37068.4249613731,53088.2857312687,59363.887577519
35582.8646858655,2827.46200031868,38512.6950417091,55666.3778182726,60379.662076888
35771.8787653087,2994.81721216036,40476.7774843253,58531.7435267121,61979.9879653223
36651.6311347,2935.30182725379,64184.5548748547,92915.3250434637,98392.1709732835
39889.3665720018,3272.20964903683,75899.857878915,103459.478355414,107310.912523058
39573.9653795419,3049.16137552582,80433.6362999156,108307.096449851,113142.089931764
39313.2056329437,3108.16906041928,81651.9196075854,118219.92172354,115997.472904816
41616.449431706,3235.10832742549,88789.8150536275,124951.582899975,126142.37902357
41939.2125988328,3230.89009965198,89165.8007945571,125266.62743327,126147.672819024
42282.5240102804,3279.28046012589,88906.4135180885,125068.079490209,125306.586708919
42393.581243494,3367.12654344554,90301.1651089655,123218.33354243,125676.095058137
42404.7846535345,3376.25917053475,90812.8985925165,123736.860561732,126406.858845998
42432.7221396564,3427.2996057377,88719.4204656874,120365.651927986,123710.872706157
41705.2944557419,3262.09037382387,86269.7698029312,112419.67327935,118657.226132236
41483.4057426391,3353.26754341931,83499.6004872019,102839.554396309,111948.202168692
44466.7301402084,3727.95649034709,76645.9592867471,92797.0489619691,110810.465618805
40993.708595605,3555.03462383035,53781.3334137633,65930.6751188808,80956.6193329507
40553.290669499,3557.67900724981,51410.1359791405,63057.2413094287,79212.7737663534
39674.6398368894,3469.57985612572,49370.4032248536,62427.0246807698,77937.1709864841
38238.2656178649,3458.96346850145,44925.3183262324,59859.6046673546,69763.0790898369
36481.1549594993,3057.44722042386,41329.3542024721,57487.0923112468,62783.9683503315
35633.632993923,2907.72687686075,38931.8944014716,55267.0897984224,61404.2212486473
35537.2363160818,2838.89295743148,38116.4435528687,54352.9726802868,60613.7881906428
35243.9998047565,2772.48632726243,37348.6311331138,53106.5772099594,59794.1243239942
35116.9444636881,2733.1924884127,37068.4249613731,53088.2857312687,59363.887577519
35582.8646858655,2827.46200031868,38512.6950417091,55666.3778182726,60379.662076888
35771.8787653087,2994.81721216036,40476.7774843253,58531.7435267121,61979.9879653223
36651.6311347,2935.30182725379,64184.5548748547,92915.3250434637,98392.1709732835
39889.3665720018,3272.20964903683,75899.857878915,103459.478355414,107310.912523058
39573.9653795419,3049.16137552582,80433.6362999156,108307.096449851,113142.089931764
39313.2056329437,3108.16906041928,81651.9196075854,118219.92172354,115997.472904816
41616.449431706,3235.10832742549,88789.8150536275,124951.582899975,126142.37902357
41939.2125988328,3230.89009965198,89165.8007945571,125266.62743327,126147.672819024
42282.5240102804,3279.28046012589,88906.4135180885,125068.079490209,125306.586708919
42393.581243494,3367.12654344554,90301.1651089655,123218.33354243,125676.095058137
42404.7846535345,3376.25917053475,90812.8985925165,123736.860561732,126406.858845998
42432.7221396564,3427.2996057377,88719.4204656874,120365.651927986,123710.872706157
41705.2944557419,3262.09037382387,86269.7698029312,112419.67327935,118657.226132236
41483.4057426391,3353.26754341931,83499.6004872019,102839.554396309,111948.202168692
44466.7301402084,3727.95649034709,76645.9592867471,92797.0489619691,110810.465618805
40993.708595605,3555.03462383035,53781.3334137633,65930.6751188808,80956.6193329507
40553.290669499,3557.67900724981,51410.1359791405,63057.2413094287,79212.7737663534
39674.6398368894,3469.57985612572,49370.4032248536,62427.0246807698,77937.1709864841
38238.2656178649,3458.96346850145,44925.3183262324,59859.6046673546,69763.0790898369
36481.1549594993,3057.44722042386,41329.3542024721,57487.0923112468,62783.9683503315
35633.632993923,2907.72687686075,38931.8944014716,55267.0897984224,61404.2212486473
35537.2363160818,2838.89295743148,38116.4435528687,54352.9726802868,60613.7881906428
35243.9998047565,2772.48632726243,37348.6311331138,53106.5772099594,59794.1243239942
35116.9444636881,2733.1924884127,37068.4249613731,53088.2857312687,59363.887577519
35582.8646858655,2827.46200031868,38512.6950417091,55666.3778182726,60379.662076888
35771.8787653087,2994.81721216036,40476.7774843253,58531.7435267121,61979.9879653223
36651.6311347,2935.30182725379,64184.5548748547,92915.3250434637,98392.1709732835
39889.3665720018,3272.20964903683,75899.857878915,103459.478355414,107310.912523058
39573.9653795419,3049.16137552582,80433.6362999156,108307.096449851,113142.089931764
39313.2056329437,3108.16906041928,81651.9196075854,118219.92172354,115997.472904816
41616.449431706,3235.10832742549,88789.8150536275,124951.582899975,126142.37902357
41939.2125988328,3230.89009965198,89165.8007945571,125266.62743327,126147.672819024
42282.5240102804,3279.28046012589,88906.4135180885,125068.079490209,125306.586708919
42393.581243494,3367.12654344554,90301.1651089655,123218.33354243,125676.095058137
42404.7846535345,3376.25917053475,90812.8985925165,123736.860561732,126406.858845998
42432.7221396564,3427.2996057377,88719.4204656874,120365.651927986,123710.872706157
41705.2944557419,3262.09037382387,86269.7698029312,112419.67327935,118657.226132236
41483.4057426391,3353.26754341931,83499.6004872019,102839.554396309,111948.202168692
44466.7301402084,3727.95649034709,76645.9592867471,92797.0489619691,110810.465618805
40993.708595605,3555.03462383035,53781.3334137633,65930.6751188808,80956.6193329507
40553.290669499,3557.67900724981,51410.1359791405,63057.2413094287,79212.7737663534
39674.6398368894,3469.57985612572,49370.4032248536,62427.0246807698,77937.1709864841
38238.2656178649,3458.96346850145,44925.3183262324,59859.6046673546,69763.0790898369
36481.1549594993,3057.44722042386,41329.3542024721,57487.0923112468,62783.9683503315
35633.632993923,2907.72687686075,38931.8944014716,55267.0897984224,61404.2212486473
35537.2363160818,2838.89295743148,38116.4435528687,54352.9726802868,60613.7881906428
35243.9998047565,2772.48632726243,37348.6311331138,53106.5772099594,59794.1243239942
35116.9444636881,2733.1924884127,37068.4249613731,53088.2857312687,59363.887577519
35582.8646858655,2827.46200031868,38512.6950417091,55666.3778182726,60379.662076888
35771.8787653087,2994.81721216036,40476.7774843253,58531.7435267121,61979.9879653223
36651.6311347,2935.30182725379,64184.5548748547,92915.3250434637,98392.1709732835
39889.3665720018,3272.20964903683,75899.857878915,103459.478355414,107310.912523058
39573.9653795419,3049.16137552582,80433.6362999156,108307.096449851,113142.089931764
39313.2056329437,3108.16906041928,81651.9196075854,118219.92172354,115997.472904816
41616.449431706,3235.10832742549,88789.8150536275,124951.582899975,126142.37902357
41939.2125988328,3230.89009965198,89165.8007945571,125266.62743327,126147.672819024
42282.5240102804,3279.28046012589,88906.4135180885,125068.079490209,125306.586708919
42393.581243494,3367.12654344554,90301.1651089655,123218.33354243,125676.095058137
42404.7846535345,3376.25917053475,90812.8985925165,123736.860561732,126406.858845998
42432.7221396564,3427.2996057377,88719.4204656874,120365.651927986,123710.872706157
41705.2944557419,3262.09037382387,86269.7698029312,112419.67327935,118657.226132236
41483.4057426391,3353.26754341931,83499.6004872019,102839.554396309,111948.202168692
44466.7301402084,3727.95649034709,76645.9592867471,92797.0489619691,110810.465618805
40993.708595605,3555.03462383035,53781.3334137633,65930.6751188808,80956.6193329507
40553.290669499,3557.67900724981,51410.1359791405,63057.2413094287,79212.7737663534
39674.6398368894,3469.57985612572,49370.4032248536,62427.0246807698,77937.1709864841
38238.2656178649,3458.96346850145,44925.3183262324,59859.6046673546,69763.0790898369
36481.1549594993,3057.44722042386,41329.3542024721,57487.0923112468,62783.9683503315
35633.632993923,2907.72687686075,38931.8944014716,55267.0897984224,61404.2212486473
35537.2363160818,2838.89295743148,38116.4435528687,54352.9726802868,60613.7881906428
35243.9998047565,2772.48632726243,37348.6311331138,53106.5772099594,59794.1243239942
35116.9444636881,2733.1924884127,37068.4249613731,53088.2857312687,59363.887577519
35582.8646858655,2827.46200031868,38512.6950417091,55666.3778182726,60379.662076888
35771.8787653087,2994.81721216036,40476.7774843253,58531.7435267121,61979.9879653223
36651.6311347,2935.30182725379,64184.5548748547,92915.3250434637,98392.1709732835
39889.3665720018,3272.20964903683,75899.857878915,103459.478355414,107310.912523058
39573.9653795419,3049.16137552582,80433.6362999156,108307.096449851,113142.089931764
39313.2056329437,3108.16906041928,81651.9196075854,118219.92172354,115997.472904816
41616.449431706,3235.10832742549,88789.8150536275,124951.582899975,126142.37902357
41939.2125988328,3230.89009965198,89165.8007945571,125266.62743327,126147.672819024
42282.5240102804,3279.28046012589,88906.4135180885,125068.079490209,125306.586708919
42393.581243494,3367.12654344554,90301.1651089655,123218.33354243,125676.095058137
42404.7846535345,3376.25917053475,90812.8985925165,123736.860561732,126406.858845998
42432.7221396564,3427.2996057377,88719.4204656874,120365.651927986,123710.872706157
41705.2944557419,3262.09037382387,86269.7698029312,112419.67327935,118657.226132236
41483.4057426391,3353.26754341931,83499.6004872019,102839.554396309,111948.202168692
44466.7301402084,3727.95649034709,76645.9592867471,92797.0489619691,110810.465618805
40993.708595605,3555.03462383035,53781.3334137633,65930.6751188808,80956.6193329507
40553.290669499,3557.67900724981,51410.1359791405,63057.2413094287,79212.7737663534
39674.6398368894,3469.57985612572,49370.4032248536,62427.0246807698,77937.1709864841
38238.2656178649,3458.96346850145,44925.3183262324,59859.6046673546,69763.0790898369
36481.1549594993,3057.44722042386,41329.3542024721,57487.0923112468,62783.9683503315
35633.632993923,2907.72687686075,38931.8944014716,55267.0897984224,61404.2212486473
35537.2363160818,2838.89295743148,38116.4435528687,54352.9726802868,60613.7881906428
35243.9998047565,2772.48632726243,37348.6311331138,53106.5772099594,59794.1243239942
35116.9444636881,2733.1924884127,37068.4249613731,53088.2857312687,59363.887577519
35582.8646858655,2827.46200031868,38512.6950417091,55666.3778182726,60379.662076888
35771.8787653087,2994.81721216036,40476.7774843253,58531.7435267121,61979.9879653223
36651.6311347,2935.30182725379,64184.5548748547,92915.3250434637,98392.1709732835
39889.3665720018,3272.20964903683,75899.857878915,103459.478355414,107310.912523058
39573.9653795419,3049.16137552582,80433.6362999156,108307.096449851,113142.089931764
39313.2056329437,3108.16906041928,81651.9196075854,118219.92172354,115997.472904816
41616.449431706,3235.10832742549,88789.8150536275,124951.582899975,126142.37902357
41939.2125988328,3230.89009965198,89165.8007945571,125266.62743327,126147.672819024
42282.5240102804,3279.28046012589,88906.4135180885,125068.079490209,125306.586708919
42393.581243494,3367.12654344554,90301.1651089655,123218.33354243,125676.095058137
42404.7846535345,3376.25917053475,90812.8985925165,123736.860561732,126406.858845998
42432.7221396564,3427.2996057377,88719.4204656874,120365.651927986,123710.872706157
41705.2944557419,3262.09037382387,86269.7698029312,112419.67327935,118657.226132236
41483.4057426391,3353.26754341931,83499.6004872019,102839.554396309,111948.202168692
44466.7301402084,3727.95649034709,76645.9592867471,92797.0489619691,110810.465618805
40993.708595605,3555.03462383035,53781.3334137633,65930.6751188808,80956.6193329507
40553.290669499,3557.67900724981,51410.1359791405,63057.2413094287,79212.7737663534
39674.6398368894,3469.57985612572,49370.4032248536,62427.0246807698,77937.1709864841
38238.2656178649,3458.96346850145,44925.3183262324,59859.6046673546,69763.0790898369
36481.1549594993,3057.44722042386,41329.3542024721,57487.0923112468,62783.9683503315
35633.632993923,2907.72687686075,38931.8944014716,55267.0897984224,61404.2212486473
35537.2363160818,2838.89295743148,38116.4435528687,54352.9726802868,60613.7881906428
35243.9998047565,2772.48632726243,37348.6311331138,53106.5772099594,59794.1243239942
35116.9444636881,2733.1924884127,37068.4249613731,53088.2857312687,59363.887577519
35582.8646858655,2827.46200031868,38512.6950417091,55666.3778182726,60379.662076888
35771.8787653087,2994.81721216036,40476.7774843253,58531.7435267121,61979.9879653223
36651.6311347,2935.30182725379,64184.5548748547,92915.3250434637,98392.1709732835
39889.3665720018,3272.20964903683,75899.857878915,103459.478355414,107310.912523058
39573.9653795419,3049.16137552582,80433.6362999156,108307.096449851,113142.089931764
39313.2056329437,3108.16906041928,81651.9196075854,118219.92172354,115997.472904816
41616.449431706,3235.10832742549,88789.8150536275,124951.582899975,126142.37902357
41939.2125988328,3230.89009965198,89165.8007945571,125266.62743327,126147.672819024
42282.5240102804,3279.28046012589,88906.4135180885,125068.079490209,125306.586708919
42393.581243494,3367.12654344554,90301.1651089655,123218.33354243,125676.095058137
42404.7846535345,3376.25917053475,90812.8985925165,123736.860561732,126406.858845998
42432.7221396564,3427.2996057377,88719.4204656874,120365.651927986,123710.872706157
41705.2944557419,3262.09037382387,86269.7698029312,112419.67327935,118657.226132236
41483.4057426391,3353.26754341931,83499.6004872019,102839.554396309,111948.202168692
44466.7301402084,3727.95649034709,76645.9592867471,92797.0489619691,110810.465618805
40993.708595605,3555.03462383035,53781.3334137633,65930.6751188808,80956.6193329507
40553.290669499,3557.67900724981,51410.1359791405,63057.2413094287,79212.7737663534
39674.6398368894,3469.57985612572,49370.4032248536,62427.0246807698,77937.1709864841
38238.2656178649,3458.96346850145,44925.3183262324,59859.6046673546,69763.0790898369
36481.1549594993,3057.44722042386,41329.3542024721,57487.0923112468,62783.9683503315
35633.632993923,2907.72687686075,38931.8944014716,55267.0897984224,61404.2212486473
35537.2363160818,2838.89295743148,38116.4435528687,54352.9726802868,60613.7881906428
35243.9998047565,2772.48632726243,37348.6311331138,53106.5772099594,59794.1243239942
35116.9444636881,2733.1924884127,37068.4249613731,53088.2857312687,59363.887577519
35582.8646858655,2827.46200031868,38512.6950417091,55666.3778182726,60379.662076888
35771.8787653087,2994.81721216036,40476.7774843253,58531.7435267121,61979.9879653223
36651.6311347,2935.30182725379,64184.5548748547,92915.3250434637,98392.1709732835
39889.3665720018,3272.20964903683,75899.857878915,103459.478355414,107310.912523058
39573.9653795419,3049.16137552582,80433.6362999156,108307.096449851,113142.089931764
39313.2056329437,3108.16906041928,81651.9196075854,118219.92172354,115997.472904816
41616.449431706,3235.10832742549,88789.8150536275,124951.582899975,126142.37902357
41939.2125988328,3230.89009965198,89165.8007945571,125266.62743327,126147.672819024
42282.5240102804,3279.28046012589,88906.4135180885,125068.079490209,125306.586708919
42393.581243494,3367.12654344554,90301.1651089655,123218.33354243,125676.095058137
42404.7846535345,3376.25917053475,90812.8985925165,123736.860561732,126406.858845998
42432.7221396564,3427.2996057377,88719.4204656874,120365.651927986,123710.872706157
41705.2944557419,3262.09037382387,86269.7698029312,112419.67327935,118657.226132236
41483.4057426391,3353.26754341931,83499.6004872019,102839.554396309,111948.202168692
44466.7301402084,3727.95649034709,76645.9592867471,92797.0489619691,110810.465618805
40993.708595605,3555.03462383035,53781.3334137633,65930.6751188808,80956.6193329507
40553.290669499,3557.67900724981,51410.1359791405,63057.2413094287,79212.7737663534
39674.6398368894,3469.57985612572,49370.4032248536,62427.0246807698,77937.1709864841
38238.2656178649,3458.96346850145,44925.3183262324,59859.6046673546,69763.0790898369
36481.1549594993,3057.44722042386,41329.3542024721,57487.0923112468,62783.9683503315
35633.632993923,2907.72687686075,38931.8944014716,55267.0897984224,61404.2212486473
35537.2363160818,2838.89295743148,38116.4435528687,54352.9726802868,60613.7881906428
35243.9998047565,2772.48632726243,37348.6311331138,53106.5772099594,59794.1243239942
35116.9444636881,2733.1924884127,37068.4249613731,53088.2857312687,59363.887577519
35582.8646858655,2827.46200031868,38512.6950417091,55666.3778182726,60379.662076888
35771.8787653087,2994.81721216036,40476.7774843253,58531.7435267121,61979.9879653223
36651.6311347,2935.30182725379,64184.5548748547,92915.3250434637,98392.1709732835
39889.3665720018,3272.20964903683,75899.857878915,103459.478355414,107310.912523058
39573.9653795419,3049.16137552582,80433.6362999156,108307.096449851,113142.089931764
39313.2056329437,3108.16906041928,81651.9196075854,118219.92172354,115997.472904816
41616.449431706,3235.10832742549,88789.8150536275,124951.582899975,126142.37902357
41939.2125988328,3230.89009965198,89165.8007945571,125266.62743327,126147.672819024
42282.5240102804,3279.28046012589,88906.4135180885,125068.079490209,125306.586708919
42393.581243494,3367.12654344554,90301.1651089655,123218.33354243,125676.095058137
42404.7846535345,3376.25917053475,90812.8985925165,123736.860561732,126406.858845998
42432.7221396564,3427.2996057377,88719.4204656874,120365.651927986,123710.872706157
41705.2944557419,3262.09037382387,86269.7698029312,112419.67327935,118657.226132236
41483.4057426391,3353.26754341931,83499.6004872019,102839.554396309,111948.202168692
44466.7301402084,3727.95649034709,76645.9592867471,92797.0489619691,110810.465618805
40993.708595605,3555.03462383035,53781.3334137633,65930.6751188808,80956.6193329507
40553.290669499,3557.67900724981,51410.1359791405,63057.2413094287,79212.7737663534
39674.6398368894,3469.57985612572,49370.4032248536,62427.0246807698,77937.1709864841
38238.2656178649,3458.96346850145,44925.3183262324,59859.6046673546,69763.0790898369
36481.1549594993,3057.44722042386,41329.3542024721,57487.0923112468,62783.9683503315
35633.632993923,2907.72687686075,38931.8944014716,55267.0897984224,61404.2212486473
35537.2363160818,2838.89295743148,38116.4435528687,54352.9726802868,60613.7881906428
35243.9998047565,2772.48632726243,37348.6311331138,53106.5772099594,59794.1243239942
35116.9444636881,2733.1924884127,37068.4249613731,53088.2857312687,59363.887577519
35582.8646858655,2827.46200031868,38512.6950417091,55666.3778182726,60379.662076888
35771.8787653087,2994.81721216036,40476.7774843253,58531.7435267121,61979.9879653223
36651.6311347,2935.30182725379,64184.5548748547,92915.3250434637,98392.1709732835
39889.3665720018,3272.20964903683,75899.857878915,103459.478355414,107310.912523058
39573.9653795419,3049.16137552582,80433.6362999156,108307.096449851,113142.089931764
39313.2056329437,3108.16906041928,81651.9196075854,118219.92172354,115997.472904816
41616.449431706,3235.10832742549,88789.8150536275,124951.582899975,126142.37902357
41939.2125988328,3230.89009965198,89165.8007945571,125266.62743327,126147.672819024
42282.5240102804,3279.28046012589,88906.4135180885,125068.079490209,125306.586708919
42393.581243494,3367.12654344554,90301.1651089655,123218.33354243,125676.095058137
42404.7846535345,3376.25917053475,90812.8985925165,123736.860561732,126406.858845998
42432.7221396564,3427.2996057377,88719.4204656874,120365.651927986,123710.872706157
41705.2944557419,3262.09037382387,86269.7698029312,112419.67327935,118657.226132236
41483.4057426391,3353.26754341931,83499.6004872019,102839.554396309,111948.202168692
44466.7301402084,3727.95649034709,76645.9592867471,92797.0489619691,110810.465618805
40993.708595605,3555.03462383035,53781.3334137633,65930.6751188808,80956.6193329507
40553.290669499,3557.67900724981,51410.1359791405,63057.2413094287,79212.7737663534
39674.6398368894,3469.57985612572,49370.4032248536,62427.0246807698,77937.1709864841
38238.2656178649,3458.96346850145,44925.3183262324,59859.6046673546,69763.0790898369
36481.1549594993,3057.44722042386,41329.3542024721,57487.0923112468,62783.9683503315
35633.632993923,2907.72687686075,38931.8944014716,55267.0897984224,61404.2212486473
35537.2363160818,2838.89295743148,38116.4435528687,54352.9726802868,60613.7881906428
35243.9998047565,2772.48632726243,37348.6311331138,53106.5772099594,59794.1243239942
35116.9444636881,2733.1924884127,37068.4249613731,53088.2857312687,59363.887577519
35582.8646858655,2827.46200031868,38512.6950417091,55666.3778182726,60379.662076888
35771.8787653087,2994.81721216036,40476.7774843253,58531.7435267121,61979.9879653223
36651.6311347,2935.30182725379,64184.5548748547,92915.3250434637,98392.1709732835
39889.3665720018,3272.20964903683,75899.857878915,103459.478355414,107310.912523058
39573.9653795419,3049.16137552582,80433.6362999156,108307.096449851,113142.089931764
39313.2056329437,3108.16906041928,81651.9196075854,118219.92172354,115997.472904816
41616.449431706,3235.10832742549,88789.8150536275,124951.582899975,126142.37902357
41939.2125988328,3230.89009965198,89165.8007945571,125266.62743327,126147.672819024
42282.5240102804,3279.28046012589,88906.4135180885,125068.079490209,125306.586708919
42393.581243494,3367.12654344554,90301.1651089655,123218.33354243,125676.095058137
42404.7846535345,3376.25917053475,90812.8985925165,123736.860561732,126406.858845998
42432.7221396564,3427.2996057377,88719.4204656874,120365.651927986,123710.872706157
41705.2944557419,3262.09037382387,86269.7698029312,112419.67327935,118657.226132236
41483.4057426391,3353.26754341931,83499.6004872019,102839.554396309,111948.202168692
44466.7301402084,3727.95649034709,76645.9592867471,92797.0489619691,110810.465618805
40993.708595605,3555.03462383035,53781.3334137633,65930.6751188808,80956.6193329507
40553.290669499,3557.67900724981,51410.1359791405,63057.2413094287,79212.7737663534
39674.6398368894,3469.57985612572,49370.4032248536,62427.0246807698,77937.1709864841
38238.2656178649,3458.96346850145,44925.3183262324,59859.6046673546,69763.0790898369
36481.1549594993,3057.44722042386,41329.3542024721,57487.0923112468,62783.9683503315
35633.632993923,2907.72687686075,38931.8944014716,55267.0897984224,61404.2212486473
35537.2363160818,2838.89295743148,38116.4435528687,54352.9726802868,60613.7881906428
35243.9998047565,2772.48632726243,37348.6311331138,53106.5772099594,59794.1243239942
35116.9444636881,2733.1924884127,37068.4249613731,53088.2857312687,59363.887577519
35582.8646858655,2827.46200031868,38512.6950417091,55666.3778182726,60379.662076888
35771.8787653087,2994.81721216036,40476.7774843253,58531.7435267121,61979.9879653223
36651.6311347,2935.30182725379,64184.5548748547,92915.3250434637,98392.1709732835
39889.3665720018,3272.20964903683,75899.857878915,103459.478355414,107310.912523058
39573.9653795419,3049.16137552582,80433.6362999156,108307.096449851,113142.089931764
39313.2056329437,3108.16906041928,81651.9196075854,118219.92172354,115997.472904816
41616.449431706,3235.10832742549,88789.8150536275,124951.582899975,126142.37902357
41939.2125988328,3230.89009965198,89165.8007945571,125266.62743327,126147.672819024
42282.5240102804,3279.28046012589,88906.4135180885,125068.079490209,125306.586708919
42393.581243494,3367.12654344554,90301.1651089655,123218.33354243,125676.095058137
42404.7846535345,3376.25917053475,90812.8985925165,123736.860561732,126406.858845998
42432.7221396564,3427.2996057377,88719.4204656874,120365.651927986,123710.872706157
41705.2944557419,3262.09037382387,86269.7698029312,112419.67327935,118657.226132236
41483.4057426391,3353.26754341931,83499.6004872019,102839.554396309,111948.202168692
44466.7301402084,3727.95649034709,76645.9592867471,92797.0489619691,110810.465618805
40993.708595605,3555.03462383035,53781.3334137633,65930.6751188808,80956.6193329507
40553.290669499,3557.67900724981,51410.1359791405,63057.2413094287,79212.7737663534
39674.6398368894,3469.57985612572,49370.4032248536,62427.0246807698,77937.1709864841
38238.2656178649,3458.96346850145,44925.3183262324,59859.6046673546,69763.0790898369
36481.1549594993,3057.44722042386,41329.3542024721,57487.0923112468,62783.9683503315
35633.632993923,2907.72687686075,38931.8944014716,55267.0897984224,61404.2212486473
35537.2363160818,2838.89295743148,38116.4435528687,54352.9726802868,60613.7881906428
35243.9998047565,2772.48632726243,37348.6311331138,53106.5772099594,59794.1243239942
35116.9444636881,2733.1924884127,37068.4249613731,53088.2857312687,59363.887577519
35582.8646858655,2827.46200031868,38512.6950417091,55666.3778182726,60379.662076888
35771.8787653087,2994.81721216036,40476.7774843253,58531.7435267121,61979.9879653223
36651.6311347,2935.30182725379,64184.5548748547,92915.3250434637,98392.1709732835
39889.3665720018,3272.20964903683,75899.857878915,103459.478355414,107310.912523058
39573.9653795419,3049.16137552582,80433.6362999156,108307.096449851,113142.089931764
39313.2056329437,3108.16906041928,81651.9196075854,118219.92172354,115997.472904816
41616.449431706,3235.10832742549,88789.8150536275,124951.582899975,126142.37902357
41939.2125988328,3230.89009965198,89165.8007945571,125266.62743327,126147.672819024
42282.5240102804,3279.28046012589,88906.4135180885,125068.079490209,125306.586708919
42393.581243494,3367.12654344554,90301.1651089655,123218.33354243,125676.095058137
42404.7846535345,3376.25917053475,90812.8985925165,123736.860561732,126406.858845998
42432.7221396564,3427.2996057377,88719.4204656874,120365.651927986,123710.872706157
41705.2944557419,3262.09037382387,86269.7698029312,112419.67327935,118657.226132236
41483.4057426391,3353.26754341931,83499.6004872019,102839.554396309,111948.202168692
44466.7301402084,3727.95649034709,76645.9592867471,92797.0489619691,110810.465618805
40993.708595605,3555.03462383035,53781.3334137633,65930.6751188808,80956.6193329507
40553.290669499,3557.67900724981,51410.1359791405,63057.2413094287,79212.7737663534
39674.6398368894,3469.57985612572,49370.4032248536,62427.0246807698,77937.1709864841
38238.2656178649,3458.96346850145,44925.3183262324,59859.6046673546,69763.0790898369
36481.1549594993,3057.44722042386,41329.3542024721,57487.0923112468,62783.9683503315
