"elec_demand_ER","elec_demand_NER","elec_demand_NR","elec_demand_SR","elec_demand_WR"
60404.0745178954,5748.165230621,76621.1716536458,79293.1440641579,96502.0897052581
58832.1362415511,5496.59445928573,73075.7156656097,76909.3762400098,92442.263052318
57858.3769694041,5284.73656832452,71044.0360244085,74548.1963711192,90231.653257109
57100.385537245,5138.21428174582,69540.4249140319,72617.0889477661,89246.7570086754
57288.8527293485,5167.82411703666,69341.9962654573,74941.767859455,89053.8264060322
55879.3368844104,5433.22407409029,69555.6927877919,77760.821396341,90829.7914850541
55363.0136428524,5458.62347080536,100991.973285878,112668.661562529,140269.139975693
58481.0778883008,5723.12649363556,118137.794520396,124201.387474714,153619.97644515
57530.2686814883,5232.43540199911,122182.823625076,129758.72949649,160688.171136433
57645.1823355598,4963.95475728567,127576.738029785,140548.209057,166740.449987175
58887.7518878069,4417.61012625011,139457.992930991,148533.314345069,178965.408484372
59919.8281447951,4474.33317098185,139670.93993,150605.183082077,180603.6547057
60914.115239258,4635.83917492107,138657.496457043,151463.14867294,180786.465605568
61400.8058756204,4642.51615819542,140049.038519544,150758.739378426,182487.71013245
62035.7355723543,4701.61596601717,141807.904857887,151603.879414778,184277.616360453
61500.5591627463,4638.78912471027,138561.314295589,144123.94746506,179612.443908674
59131.819307383,4778.26795813241,131960.387438735,131920.11430856,169522.2168575
57645.1930425479,5474.51004467773,128098.916834942,120518.757933542,158003.687541518
61106.3152876172,6324.75437258462,120500.848596694,109177.075080336,152857.218876399
59703.3369421001,6725.67923320696,88661.4951593239,84725.1791669475,116063.099979502
60413.1135806652,6761.70680975856,89323.5500087664,86086.2165087641,116685.561541111
60972.5484987139,6397.07247126975,89123.2218122568,87256.7450546798,118746.65154376
62119.6266188744,6483.50556191547,84727.1950241892,85088.3138021768,111177.720053372
62021.0894575704,6343.92722848846,81526.9263146869,81816.9504952032,98987.2001284604
60404.0745178954,5748.165230621,76621.1716536458,79293.1440641579,96502.0897052581
58832.1362415511,5496.59445928573,73075.7156656097,76909.3762400098,92442.263052318
57858.3769694041,5284.73656832452,71044.0360244085,74548.1963711192,90231.653257109
57100.385537245,5138.21428174582,69540.4249140319,72617.0889477661,89246.7570086754
57288.8527293485,5167.82411703666,69341.9962654573,74941.767859455,89053.8264060322
55879.3368844104,5433.22407409029,69555.6927877919,77760.821396341,90829.7914850541
55363.0136428524,5458.62347080536,100991.973285878,112668.661562529,140269.139975693
58481.0778883008,5723.12649363556,118137.794520396,124201.387474714,153619.97644515
57530.2686814883,5232.43540199911,122182.823625076,129758.72949649,160688.171136433
57645.1823355598,4963.95475728567,127576.738029785,140548.209057,166740.449987175
58887.7518878069,4417.61012625011,139457.992930991,148533.314345069,178965.408484372
59919.8281447951,4474.33317098185,139670.93993,150605.183082077,180603.6547057
60914.115239258,4635.83917492107,138657.496457043,151463.14867294,180786.465605568
61400.8058756204,4642.51615819542,140049.038519544,150758.739378426,182487.71013245
62035.7355723543,4701.61596601717,141807.904857887,151603.879414778,184277.616360453
61500.5591627463,4638.78912471027,138561.314295589,144123.94746506,179612.443908674
59131.819307383,4778.26795813241,131960.387438735,131920.11430856,169522.2168575
57645.1930425479,5474.51004467773,128098.916834942,120518.757933542,158003.687541518
61106.3152876172,6324.75437258462,120500.848596694,109177.075080336,152857.218876399
59703.3369421001,6725.67923320696,88661.4951593239,84725.1791669475,116063.099979502
60413.1135806652,6761.70680975856,89323.5500087664,86086.2165087641,116685.561541111
60972.5484987139,6397.07247126975,89123.2218122568,87256.7450546798,118746.65154376
62119.6266188744,6483.50556191547,84727.1950241892,85088.3138021768,111177.720053372
62021.0894575704,6343.92722848846,81526.9263146869,81816.9504952032,98987.2001284604
60404.0745178954,5748.165230621,76621.1716536458,79293.1440641579,96502.0897052581
58832.1362415511,5496.59445928573,73075.7156656097,76909.3762400098,92442.263052318
57858.3769694041,5284.73656832452,71044.0360244085,74548.1963711192,90231.653257109
57100.385537245,5138.21428174582,69540.4249140319,72617.0889477661,89246.7570086754
57288.8527293485,5167.82411703666,69341.9962654573,74941.767859455,89053.8264060322
55879.3368844104,5433.22407409029,69555.6927877919,77760.821396341,90829.7914850541
55363.0136428524,5458.62347080536,100991.973285878,112668.661562529,140269.139975693
58481.0778883008,5723.12649363556,118137.794520396,124201.387474714,153619.97644515
57530.2686814883,5232.43540199911,122182.823625076,129758.72949649,160688.171136433
57645.1823355598,4963.95475728567,127576.738029785,140548.209057,166740.449987175
58887.7518878069,4417.61012625011,139457.992930991,148533.314345069,178965.408484372
59919.8281447951,4474.33317098185,139670.93993,150605.183082077,180603.6547057
60914.115239258,4635.83917492107,138657.496457043,151463.14867294,180786.465605568
61400.8058756204,4642.51615819542,140049.038519544,150758.739378426,182487.71013245
62035.7355723543,4701.61596601717,141807.904857887,151603.879414778,184277.616360453
61500.5591627463,4638.78912471027,138561.314295589,144123.94746506,179612.443908674
59131.819307383,4778.26795813241,131960.387438735,131920.11430856,169522.2168575
57645.1930425479,5474.51004467773,128098.916834942,120518.757933542,158003.687541518
61106.3152876172,6324.75437258462,120500.848596694,109177.075080336,152857.218876399
59703.3369421001,6725.67923320696,88661.4951593239,84725.1791669475,116063.099979502
60413.1135806652,6761.70680975856,89323.5500087664,86086.2165087641,116685.561541111
60972.5484987139,6397.07247126975,89123.2218122568,87256.7450546798,118746.65154376
62119.6266188744,6483.50556191547,84727.1950241892,85088.3138021768,111177.720053372
62021.0894575704,6343.92722848846,81526.9263146869,81816.9504952032,98987.2001284604
60404.0745178954,5748.165230621,76621.1716536458,79293.1440641579,96502.0897052581
58832.1362415511,5496.59445928573,73075.7156656097,76909.3762400098,92442.263052318
57858.3769694041,5284.73656832452,71044.0360244085,74548.1963711192,90231.653257109
57100.385537245,5138.21428174582,69540.4249140319,72617.0889477661,89246.7570086754
57288.8527293485,5167.82411703666,69341.9962654573,74941.767859455,89053.8264060322
55879.3368844104,5433.22407409029,69555.6927877919,77760.821396341,90829.7914850541
55363.0136428524,5458.62347080536,100991.973285878,112668.661562529,140269.139975693
58481.0778883008,5723.12649363556,118137.794520396,124201.387474714,153619.97644515
57530.2686814883,5232.43540199911,122182.823625076,129758.72949649,160688.171136433
57645.1823355598,4963.95475728567,127576.738029785,140548.209057,166740.449987175
58887.7518878069,4417.61012625011,139457.992930991,148533.314345069,178965.408484372
59919.8281447951,4474.33317098185,139670.93993,150605.183082077,180603.6547057
60914.115239258,4635.83917492107,138657.496457043,151463.14867294,180786.465605568
61400.8058756204,4642.51615819542,140049.038519544,150758.739378426,182487.71013245
62035.7355723543,4701.61596601717,141807.904857887,151603.879414778,184277.616360453
61500.5591627463,4638.78912471027,138561.314295589,144123.94746506,179612.443908674
59131.819307383,4778.26795813241,131960.387438735,131920.11430856,169522.2168575
57645.1930425479,5474.51004467773,128098.916834942,120518.757933542,158003.687541518
61106.3152876172,6324.75437258462,120500.848596694,109177.075080336,152857.218876399
59703.3369421001,6725.67923320696,88661.4951593239,84725.1791669475,116063.099979502
60413.1135806652,6761.70680975856,89323.5500087664,86086.2165087641,116685.561541111
60972.5484987139,6397.07247126975,89123.2218122568,87256.7450546798,118746.65154376
62119.6266188744,6483.50556191547,84727.1950241892,85088.3138021768,111177.720053372
62021.0894575704,6343.92722848846,81526.9263146869,81816.9504952032,98987.2001284604
60404.0745178954,5748.165230621,76621.1716536458,79293.1440641579,96502.0897052581
58832.1362415511,5496.59445928573,73075.7156656097,76909.3762400098,92442.263052318
57858.3769694041,5284.73656832452,71044.0360244085,74548.1963711192,90231.653257109
57100.385537245,5138.21428174582,69540.4249140319,72617.0889477661,89246.7570086754
57288.8527293485,5167.82411703666,69341.9962654573,74941.767859455,89053.8264060322
55879.3368844104,5433.22407409029,69555.6927877919,77760.821396341,90829.7914850541
55363.0136428524,5458.62347080536,100991.973285878,112668.661562529,140269.139975693
58481.0778883008,5723.12649363556,118137.794520396,124201.387474714,153619.97644515
57530.2686814883,5232.43540199911,122182.823625076,129758.72949649,160688.171136433
57645.1823355598,4963.95475728567,127576.738029785,140548.209057,166740.449987175
58887.7518878069,4417.61012625011,139457.992930991,148533.314345069,178965.408484372
59919.8281447951,4474.33317098185,139670.93993,150605.183082077,180603.6547057
60914.115239258,4635.83917492107,138657.496457043,151463.14867294,180786.465605568
61400.8058756204,4642.51615819542,140049.038519544,150758.739378426,182487.71013245
62035.7355723543,4701.61596601717,141807.904857887,151603.879414778,184277.616360453
61500.5591627463,4638.78912471027,138561.314295589,144123.94746506,179612.443908674
59131.819307383,4778.26795813241,131960.387438735,131920.11430856,169522.2168575
57645.1930425479,5474.51004467773,128098.916834942,120518.757933542,158003.687541518
61106.3152876172,6324.75437258462,120500.848596694,109177.075080336,152857.218876399
59703.3369421001,6725.67923320696,88661.4951593239,84725.1791669475,116063.099979502
60413.1135806652,6761.70680975856,89323.5500087664,86086.2165087641,116685.561541111
60972.5484987139,6397.07247126975,89123.2218122568,87256.7450546798,118746.65154376
62119.6266188744,6483.50556191547,84727.1950241892,85088.3138021768,111177.720053372
62021.0894575704,6343.92722848846,81526.9263146869,81816.9504952032,98987.2001284604
60404.0745178954,5748.165230621,76621.1716536458,79293.1440641579,96502.0897052581
58832.1362415511,5496.59445928573,73075.7156656097,76909.3762400098,92442.263052318
57858.3769694041,5284.73656832452,71044.0360244085,74548.1963711192,90231.653257109
57100.385537245,5138.21428174582,69540.4249140319,72617.0889477661,89246.7570086754
57288.8527293485,5167.82411703666,69341.9962654573,74941.767859455,89053.8264060322
55879.3368844104,5433.22407409029,69555.6927877919,77760.821396341,90829.7914850541
55363.0136428524,5458.62347080536,100991.973285878,112668.661562529,140269.139975693
58481.0778883008,5723.12649363556,118137.794520396,124201.387474714,153619.97644515
57530.2686814883,5232.43540199911,122182.823625076,129758.72949649,160688.171136433
57645.1823355598,4963.95475728567,127576.738029785,140548.209057,166740.449987175
58887.7518878069,4417.61012625011,139457.992930991,148533.314345069,178965.408484372
59919.8281447951,4474.33317098185,139670.93993,150605.183082077,180603.6547057
60914.115239258,4635.83917492107,138657.496457043,151463.14867294,180786.465605568
61400.8058756204,4642.51615819542,140049.038519544,150758.739378426,182487.71013245
62035.7355723543,4701.61596601717,141807.904857887,151603.879414778,184277.616360453
61500.5591627463,4638.78912471027,138561.314295589,144123.94746506,179612.443908674
59131.819307383,4778.26795813241,131960.387438735,131920.11430856,169522.2168575
57645.1930425479,5474.51004467773,128098.916834942,120518.757933542,158003.687541518
61106.3152876172,6324.75437258462,120500.848596694,109177.075080336,152857.218876399
59703.3369421001,6725.67923320696,88661.4951593239,84725.1791669475,116063.099979502
60413.1135806652,6761.70680975856,89323.5500087664,86086.2165087641,116685.561541111
60972.5484987139,6397.07247126975,89123.2218122568,87256.7450546798,118746.65154376
62119.6266188744,6483.50556191547,84727.1950241892,85088.3138021768,111177.720053372
62021.0894575704,6343.92722848846,81526.9263146869,81816.9504952032,98987.2001284604
60404.0745178954,5748.165230621,76621.1716536458,79293.1440641579,96502.0897052581
58832.1362415511,5496.59445928573,73075.7156656097,76909.3762400098,92442.263052318
57858.3769694041,5284.73656832452,71044.0360244085,74548.1963711192,90231.653257109
57100.385537245,5138.21428174582,69540.4249140319,72617.0889477661,89246.7570086754
57288.8527293485,5167.82411703666,69341.9962654573,74941.767859455,89053.8264060322
55879.3368844104,5433.22407409029,69555.6927877919,77760.821396341,90829.7914850541
55363.0136428524,5458.62347080536,100991.973285878,112668.661562529,140269.139975693
58481.0778883008,5723.12649363556,118137.794520396,124201.387474714,153619.97644515
57530.2686814883,5232.43540199911,122182.823625076,129758.72949649,160688.171136433
57645.1823355598,4963.95475728567,127576.738029785,140548.209057,166740.449987175
58887.7518878069,4417.61012625011,139457.992930991,148533.314345069,178965.408484372
59919.8281447951,4474.33317098185,139670.93993,150605.183082077,180603.6547057
60914.115239258,4635.83917492107,138657.496457043,151463.14867294,180786.465605568
61400.8058756204,4642.51615819542,140049.038519544,150758.739378426,182487.71013245
62035.7355723543,4701.61596601717,141807.904857887,151603.879414778,184277.616360453
61500.5591627463,4638.78912471027,138561.314295589,144123.94746506,179612.443908674
59131.819307383,4778.26795813241,131960.387438735,131920.11430856,169522.2168575
57645.1930425479,5474.51004467773,128098.916834942,120518.757933542,158003.687541518
61106.3152876172,6324.75437258462,120500.848596694,109177.075080336,152857.218876399
59703.3369421001,6725.67923320696,88661.4951593239,84725.1791669475,116063.099979502
60413.1135806652,6761.70680975856,89323.5500087664,86086.2165087641,116685.561541111
60972.5484987139,6397.07247126975,89123.2218122568,87256.7450546798,118746.65154376
62119.6266188744,6483.50556191547,84727.1950241892,85088.3138021768,111177.720053372
62021.0894575704,6343.92722848846,81526.9263146869,81816.9504952032,98987.2001284604
60404.0745178954,5748.165230621,76621.1716536458,79293.1440641579,96502.0897052581
58832.1362415511,5496.59445928573,73075.7156656097,76909.3762400098,92442.263052318
57858.3769694041,5284.73656832452,71044.0360244085,74548.1963711192,90231.653257109
57100.385537245,5138.21428174582,69540.4249140319,72617.0889477661,89246.7570086754
57288.8527293485,5167.82411703666,69341.9962654573,74941.767859455,89053.8264060322
55879.3368844104,5433.22407409029,69555.6927877919,77760.821396341,90829.7914850541
55363.0136428524,5458.62347080536,100991.973285878,112668.661562529,140269.139975693
58481.0778883008,5723.12649363556,118137.794520396,124201.387474714,153619.97644515
57530.2686814883,5232.43540199911,122182.823625076,129758.72949649,160688.171136433
57645.1823355598,4963.95475728567,127576.738029785,140548.209057,166740.449987175
58887.7518878069,4417.61012625011,139457.992930991,148533.314345069,178965.408484372
59919.8281447951,4474.33317098185,139670.93993,150605.183082077,180603.6547057
60914.115239258,4635.83917492107,138657.496457043,151463.14867294,180786.465605568
61400.8058756204,4642.51615819542,140049.038519544,150758.739378426,182487.71013245
62035.7355723543,4701.61596601717,141807.904857887,151603.879414778,184277.616360453
61500.5591627463,4638.78912471027,138561.314295589,144123.94746506,179612.443908674
59131.819307383,4778.26795813241,131960.387438735,131920.11430856,169522.2168575
57645.1930425479,5474.51004467773,128098.916834942,120518.757933542,158003.687541518
61106.3152876172,6324.75437258462,120500.848596694,109177.075080336,152857.218876399
59703.3369421001,6725.67923320696,88661.4951593239,84725.1791669475,116063.099979502
60413.1135806652,6761.70680975856,89323.5500087664,86086.2165087641,116685.561541111
60972.5484987139,6397.07247126975,89123.2218122568,87256.7450546798,118746.65154376
62119.6266188744,6483.50556191547,84727.1950241892,85088.3138021768,111177.720053372
62021.0894575704,6343.92722848846,81526.9263146869,81816.9504952032,98987.2001284604
60404.0745178954,5748.165230621,76621.1716536458,79293.1440641579,96502.0897052581
58832.1362415511,5496.59445928573,73075.7156656097,76909.3762400098,92442.263052318
57858.3769694041,5284.73656832452,71044.0360244085,74548.1963711192,90231.653257109
57100.385537245,5138.21428174582,69540.4249140319,72617.0889477661,89246.7570086754
57288.8527293485,5167.82411703666,69341.9962654573,74941.767859455,89053.8264060322
55879.3368844104,5433.22407409029,69555.6927877919,77760.821396341,90829.7914850541
55363.0136428524,5458.62347080536,100991.973285878,112668.661562529,140269.139975693
58481.0778883008,5723.12649363556,118137.794520396,124201.387474714,153619.97644515
57530.2686814883,5232.43540199911,122182.823625076,129758.72949649,160688.171136433
57645.1823355598,4963.95475728567,127576.738029785,140548.209057,166740.449987175
58887.7518878069,4417.61012625011,139457.992930991,148533.314345069,178965.408484372
59919.8281447951,4474.33317098185,139670.93993,150605.183082077,180603.6547057
60914.115239258,4635.83917492107,138657.496457043,151463.14867294,180786.465605568
61400.8058756204,4642.51615819542,140049.038519544,150758.739378426,182487.71013245
62035.7355723543,4701.61596601717,141807.904857887,151603.879414778,184277.616360453
61500.5591627463,4638.78912471027,138561.314295589,144123.94746506,179612.443908674
59131.819307383,4778.26795813241,131960.387438735,131920.11430856,169522.2168575
57645.1930425479,5474.51004467773,128098.916834942,120518.757933542,158003.687541518
61106.3152876172,6324.75437258462,120500.848596694,109177.075080336,152857.218876399
59703.3369421001,6725.67923320696,88661.4951593239,84725.1791669475,116063.099979502
60413.1135806652,6761.70680975856,89323.5500087664,86086.2165087641,116685.561541111
60972.5484987139,6397.07247126975,89123.2218122568,87256.7450546798,118746.65154376
62119.6266188744,6483.50556191547,84727.1950241892,85088.3138021768,111177.720053372
62021.0894575704,6343.92722848846,81526.9263146869,81816.9504952032,98987.2001284604
60404.0745178954,5748.165230621,76621.1716536458,79293.1440641579,96502.0897052581
58832.1362415511,5496.59445928573,73075.7156656097,76909.3762400098,92442.263052318
57858.3769694041,5284.73656832452,71044.0360244085,74548.1963711192,90231.653257109
57100.385537245,5138.21428174582,69540.4249140319,72617.0889477661,89246.7570086754
57288.8527293485,5167.82411703666,69341.9962654573,74941.767859455,89053.8264060322
55879.3368844104,5433.22407409029,69555.6927877919,77760.821396341,90829.7914850541
55363.0136428524,5458.62347080536,100991.973285878,112668.661562529,140269.139975693
58481.0778883008,5723.12649363556,118137.794520396,124201.387474714,153619.97644515
57530.2686814883,5232.43540199911,122182.823625076,129758.72949649,160688.171136433
57645.1823355598,4963.95475728567,127576.738029785,140548.209057,166740.449987175
58887.7518878069,4417.61012625011,139457.992930991,148533.314345069,178965.408484372
59919.8281447951,4474.33317098185,139670.93993,150605.183082077,180603.6547057
60914.115239258,4635.83917492107,138657.496457043,151463.14867294,180786.465605568
61400.8058756204,4642.51615819542,140049.038519544,150758.739378426,182487.71013245
62035.7355723543,4701.61596601717,141807.904857887,151603.879414778,184277.616360453
61500.5591627463,4638.78912471027,138561.314295589,144123.94746506,179612.443908674
59131.819307383,4778.26795813241,131960.387438735,131920.11430856,169522.2168575
57645.1930425479,5474.51004467773,128098.916834942,120518.757933542,158003.687541518
61106.3152876172,6324.75437258462,120500.848596694,109177.075080336,152857.218876399
59703.3369421001,6725.67923320696,88661.4951593239,84725.1791669475,116063.099979502
60413.1135806652,6761.70680975856,89323.5500087664,86086.2165087641,116685.561541111
60972.5484987139,6397.07247126975,89123.2218122568,87256.7450546798,118746.65154376
62119.6266188744,6483.50556191547,84727.1950241892,85088.3138021768,111177.720053372
62021.0894575704,6343.92722848846,81526.9263146869,81816.9504952032,98987.2001284604
60404.0745178954,5748.165230621,76621.1716536458,79293.1440641579,96502.0897052581
58832.1362415511,5496.59445928573,73075.7156656097,76909.3762400098,92442.263052318
57858.3769694041,5284.73656832452,71044.0360244085,74548.1963711192,90231.653257109
57100.385537245,5138.21428174582,69540.4249140319,72617.0889477661,89246.7570086754
57288.8527293485,5167.82411703666,69341.9962654573,74941.767859455,89053.8264060322
55879.3368844104,5433.22407409029,69555.6927877919,77760.821396341,90829.7914850541
55363.0136428524,5458.62347080536,100991.973285878,112668.661562529,140269.139975693
58481.0778883008,5723.12649363556,118137.794520396,124201.387474714,153619.97644515
57530.2686814883,5232.43540199911,122182.823625076,129758.72949649,160688.171136433
57645.1823355598,4963.95475728567,127576.738029785,140548.209057,166740.449987175
58887.7518878069,4417.61012625011,139457.992930991,148533.314345069,178965.408484372
59919.8281447951,4474.33317098185,139670.93993,150605.183082077,180603.6547057
60914.115239258,4635.83917492107,138657.496457043,151463.14867294,180786.465605568
61400.8058756204,4642.51615819542,140049.038519544,150758.739378426,182487.71013245
62035.7355723543,4701.61596601717,141807.904857887,151603.879414778,184277.616360453
61500.5591627463,4638.78912471027,138561.314295589,144123.94746506,179612.443908674
59131.819307383,4778.26795813241,131960.387438735,131920.11430856,169522.2168575
57645.1930425479,5474.51004467773,128098.916834942,120518.757933542,158003.687541518
61106.3152876172,6324.75437258462,120500.848596694,109177.075080336,152857.218876399
59703.3369421001,6725.67923320696,88661.4951593239,84725.1791669475,116063.099979502
60413.1135806652,6761.70680975856,89323.5500087664,86086.2165087641,116685.561541111
60972.5484987139,6397.07247126975,89123.2218122568,87256.7450546798,118746.65154376
62119.6266188744,6483.50556191547,84727.1950241892,85088.3138021768,111177.720053372
62021.0894575704,6343.92722848846,81526.9263146869,81816.9504952032,98987.2001284604
60404.0745178954,5748.165230621,76621.1716536458,79293.1440641579,96502.0897052581
58832.1362415511,5496.59445928573,73075.7156656097,76909.3762400098,92442.263052318
57858.3769694041,5284.73656832452,71044.0360244085,74548.1963711192,90231.653257109
57100.385537245,5138.21428174582,69540.4249140319,72617.0889477661,89246.7570086754
57288.8527293485,5167.82411703666,69341.9962654573,74941.767859455,89053.8264060322
55879.3368844104,5433.22407409029,69555.6927877919,77760.821396341,90829.7914850541
55363.0136428524,5458.62347080536,100991.973285878,112668.661562529,140269.139975693
58481.0778883008,5723.12649363556,118137.794520396,124201.387474714,153619.97644515
57530.2686814883,5232.43540199911,122182.823625076,129758.72949649,160688.171136433
57645.1823355598,4963.95475728567,127576.738029785,140548.209057,166740.449987175
58887.7518878069,4417.61012625011,139457.992930991,148533.314345069,178965.408484372
59919.8281447951,4474.33317098185,139670.93993,150605.183082077,180603.6547057
60914.115239258,4635.83917492107,138657.496457043,151463.14867294,180786.465605568
61400.8058756204,4642.51615819542,140049.038519544,150758.739378426,182487.71013245
62035.7355723543,4701.61596601717,141807.904857887,151603.879414778,184277.616360453
61500.5591627463,4638.78912471027,138561.314295589,144123.94746506,179612.443908674
59131.819307383,4778.26795813241,131960.387438735,131920.11430856,169522.2168575
57645.1930425479,5474.51004467773,128098.916834942,120518.757933542,158003.687541518
61106.3152876172,6324.75437258462,120500.848596694,109177.075080336,152857.218876399
59703.3369421001,6725.67923320696,88661.4951593239,84725.1791669475,116063.099979502
60413.1135806652,6761.70680975856,89323.5500087664,86086.2165087641,116685.561541111
60972.5484987139,6397.07247126975,89123.2218122568,87256.7450546798,118746.65154376
62119.6266188744,6483.50556191547,84727.1950241892,85088.3138021768,111177.720053372
62021.0894575704,6343.92722848846,81526.9263146869,81816.9504952032,98987.2001284604
60404.0745178954,5748.165230621,76621.1716536458,79293.1440641579,96502.0897052581
58832.1362415511,5496.59445928573,73075.7156656097,76909.3762400098,92442.263052318
57858.3769694041,5284.73656832452,71044.0360244085,74548.1963711192,90231.653257109
57100.385537245,5138.21428174582,69540.4249140319,72617.0889477661,89246.7570086754
57288.8527293485,5167.82411703666,69341.9962654573,74941.767859455,89053.8264060322
55879.3368844104,5433.22407409029,69555.6927877919,77760.821396341,90829.7914850541
55363.0136428524,5458.62347080536,100991.973285878,112668.661562529,140269.139975693
58481.0778883008,5723.12649363556,118137.794520396,124201.387474714,153619.97644515
57530.2686814883,5232.43540199911,122182.823625076,129758.72949649,160688.171136433
57645.1823355598,4963.95475728567,127576.738029785,140548.209057,166740.449987175
58887.7518878069,4417.61012625011,139457.992930991,148533.314345069,178965.408484372
59919.8281447951,4474.33317098185,139670.93993,150605.183082077,180603.6547057
60914.115239258,4635.83917492107,138657.496457043,151463.14867294,180786.465605568
61400.8058756204,4642.51615819542,140049.038519544,150758.739378426,182487.71013245
62035.7355723543,4701.61596601717,141807.904857887,151603.879414778,184277.616360453
61500.5591627463,4638.78912471027,138561.314295589,144123.94746506,179612.443908674
59131.819307383,4778.26795813241,131960.387438735,131920.11430856,169522.2168575
57645.1930425479,5474.51004467773,128098.916834942,120518.757933542,158003.687541518
61106.3152876172,6324.75437258462,120500.848596694,109177.075080336,152857.218876399
59703.3369421001,6725.67923320696,88661.4951593239,84725.1791669475,116063.099979502
60413.1135806652,6761.70680975856,89323.5500087664,86086.2165087641,116685.561541111
60972.5484987139,6397.07247126975,89123.2218122568,87256.7450546798,118746.65154376
62119.6266188744,6483.50556191547,84727.1950241892,85088.3138021768,111177.720053372
62021.0894575704,6343.92722848846,81526.9263146869,81816.9504952032,98987.2001284604
60404.0745178954,5748.165230621,76621.1716536458,79293.1440641579,96502.0897052581
58832.1362415511,5496.59445928573,73075.7156656097,76909.3762400098,92442.263052318
57858.3769694041,5284.73656832452,71044.0360244085,74548.1963711192,90231.653257109
57100.385537245,5138.21428174582,69540.4249140319,72617.0889477661,89246.7570086754
57288.8527293485,5167.82411703666,69341.9962654573,74941.767859455,89053.8264060322
55879.3368844104,5433.22407409029,69555.6927877919,77760.821396341,90829.7914850541
55363.0136428524,5458.62347080536,100991.973285878,112668.661562529,140269.139975693
58481.0778883008,5723.12649363556,118137.794520396,124201.387474714,153619.97644515
57530.2686814883,5232.43540199911,122182.823625076,129758.72949649,160688.171136433
57645.1823355598,4963.95475728567,127576.738029785,140548.209057,166740.449987175
58887.7518878069,4417.61012625011,139457.992930991,148533.314345069,178965.408484372
59919.8281447951,4474.33317098185,139670.93993,150605.183082077,180603.6547057
60914.115239258,4635.83917492107,138657.496457043,151463.14867294,180786.465605568
61400.8058756204,4642.51615819542,140049.038519544,150758.739378426,182487.71013245
62035.7355723543,4701.61596601717,141807.904857887,151603.879414778,184277.616360453
61500.5591627463,4638.78912471027,138561.314295589,144123.94746506,179612.443908674
59131.819307383,4778.26795813241,131960.387438735,131920.11430856,169522.2168575
57645.1930425479,5474.51004467773,128098.916834942,120518.757933542,158003.687541518
61106.3152876172,6324.75437258462,120500.848596694,109177.075080336,152857.218876399
59703.3369421001,6725.67923320696,88661.4951593239,84725.1791669475,116063.099979502
60413.1135806652,6761.70680975856,89323.5500087664,86086.2165087641,116685.561541111
60972.5484987139,6397.07247126975,89123.2218122568,87256.7450546798,118746.65154376
62119.6266188744,6483.50556191547,84727.1950241892,85088.3138021768,111177.720053372
62021.0894575704,6343.92722848846,81526.9263146869,81816.9504952032,98987.2001284604
60404.0745178954,5748.165230621,76621.1716536458,79293.1440641579,96502.0897052581
58832.1362415511,5496.59445928573,73075.7156656097,76909.3762400098,92442.263052318
57858.3769694041,5284.73656832452,71044.0360244085,74548.1963711192,90231.653257109
57100.385537245,5138.21428174582,69540.4249140319,72617.0889477661,89246.7570086754
57288.8527293485,5167.82411703666,69341.9962654573,74941.767859455,89053.8264060322
55879.3368844104,5433.22407409029,69555.6927877919,77760.821396341,90829.7914850541
55363.0136428524,5458.62347080536,100991.973285878,112668.661562529,140269.139975693
58481.0778883008,5723.12649363556,118137.794520396,124201.387474714,153619.97644515
57530.2686814883,5232.43540199911,122182.823625076,129758.72949649,160688.171136433
57645.1823355598,4963.95475728567,127576.738029785,140548.209057,166740.449987175
58887.7518878069,4417.61012625011,139457.992930991,148533.314345069,178965.408484372
59919.8281447951,4474.33317098185,139670.93993,150605.183082077,180603.6547057
60914.115239258,4635.83917492107,138657.496457043,151463.14867294,180786.465605568
61400.8058756204,4642.51615819542,140049.038519544,150758.739378426,182487.71013245
62035.7355723543,4701.61596601717,141807.904857887,151603.879414778,184277.616360453
61500.5591627463,4638.78912471027,138561.314295589,144123.94746506,179612.443908674
59131.819307383,4778.26795813241,131960.387438735,131920.11430856,169522.2168575
57645.1930425479,5474.51004467773,128098.916834942,120518.757933542,158003.687541518
61106.3152876172,6324.75437258462,120500.848596694,109177.075080336,152857.218876399
59703.3369421001,6725.67923320696,88661.4951593239,84725.1791669475,116063.099979502
60413.1135806652,6761.70680975856,89323.5500087664,86086.2165087641,116685.561541111
60972.5484987139,6397.07247126975,89123.2218122568,87256.7450546798,118746.65154376
62119.6266188744,6483.50556191547,84727.1950241892,85088.3138021768,111177.720053372
62021.0894575704,6343.92722848846,81526.9263146869,81816.9504952032,98987.2001284604
60404.0745178954,5748.165230621,76621.1716536458,79293.1440641579,96502.0897052581
58832.1362415511,5496.59445928573,73075.7156656097,76909.3762400098,92442.263052318
57858.3769694041,5284.73656832452,71044.0360244085,74548.1963711192,90231.653257109
57100.385537245,5138.21428174582,69540.4249140319,72617.0889477661,89246.7570086754
57288.8527293485,5167.82411703666,69341.9962654573,74941.767859455,89053.8264060322
55879.3368844104,5433.22407409029,69555.6927877919,77760.821396341,90829.7914850541
55363.0136428524,5458.62347080536,100991.973285878,112668.661562529,140269.139975693
58481.0778883008,5723.12649363556,118137.794520396,124201.387474714,153619.97644515
57530.2686814883,5232.43540199911,122182.823625076,129758.72949649,160688.171136433
57645.1823355598,4963.95475728567,127576.738029785,140548.209057,166740.449987175
58887.7518878069,4417.61012625011,139457.992930991,148533.314345069,178965.408484372
59919.8281447951,4474.33317098185,139670.93993,150605.183082077,180603.6547057
60914.115239258,4635.83917492107,138657.496457043,151463.14867294,180786.465605568
61400.8058756204,4642.51615819542,140049.038519544,150758.739378426,182487.71013245
62035.7355723543,4701.61596601717,141807.904857887,151603.879414778,184277.616360453
61500.5591627463,4638.78912471027,138561.314295589,144123.94746506,179612.443908674
59131.819307383,4778.26795813241,131960.387438735,131920.11430856,169522.2168575
57645.1930425479,5474.51004467773,128098.916834942,120518.757933542,158003.687541518
61106.3152876172,6324.75437258462,120500.848596694,109177.075080336,152857.218876399
59703.3369421001,6725.67923320696,88661.4951593239,84725.1791669475,116063.099979502
60413.1135806652,6761.70680975856,89323.5500087664,86086.2165087641,116685.561541111
60972.5484987139,6397.07247126975,89123.2218122568,87256.7450546798,118746.65154376
62119.6266188744,6483.50556191547,84727.1950241892,85088.3138021768,111177.720053372
62021.0894575704,6343.92722848846,81526.9263146869,81816.9504952032,98987.2001284604
60404.0745178954,5748.165230621,76621.1716536458,79293.1440641579,96502.0897052581
58832.1362415511,5496.59445928573,73075.7156656097,76909.3762400098,92442.263052318
57858.3769694041,5284.73656832452,71044.0360244085,74548.1963711192,90231.653257109
57100.385537245,5138.21428174582,69540.4249140319,72617.0889477661,89246.7570086754
57288.8527293485,5167.82411703666,69341.9962654573,74941.767859455,89053.8264060322
55879.3368844104,5433.22407409029,69555.6927877919,77760.821396341,90829.7914850541
55363.0136428524,5458.62347080536,100991.973285878,112668.661562529,140269.139975693
58481.0778883008,5723.12649363556,118137.794520396,124201.387474714,153619.97644515
57530.2686814883,5232.43540199911,122182.823625076,129758.72949649,160688.171136433
57645.1823355598,4963.95475728567,127576.738029785,140548.209057,166740.449987175
58887.7518878069,4417.61012625011,139457.992930991,148533.314345069,178965.408484372
59919.8281447951,4474.33317098185,139670.93993,150605.183082077,180603.6547057
60914.115239258,4635.83917492107,138657.496457043,151463.14867294,180786.465605568
61400.8058756204,4642.51615819542,140049.038519544,150758.739378426,182487.71013245
62035.7355723543,4701.61596601717,141807.904857887,151603.879414778,184277.616360453
61500.5591627463,4638.78912471027,138561.314295589,144123.94746506,179612.443908674
59131.819307383,4778.26795813241,131960.387438735,131920.11430856,169522.2168575
57645.1930425479,5474.51004467773,128098.916834942,120518.757933542,158003.687541518
61106.3152876172,6324.75437258462,120500.848596694,109177.075080336,152857.218876399
59703.3369421001,6725.67923320696,88661.4951593239,84725.1791669475,116063.099979502
60413.1135806652,6761.70680975856,89323.5500087664,86086.2165087641,116685.561541111
60972.5484987139,6397.07247126975,89123.2218122568,87256.7450546798,118746.65154376
62119.6266188744,6483.50556191547,84727.1950241892,85088.3138021768,111177.720053372
62021.0894575704,6343.92722848846,81526.9263146869,81816.9504952032,98987.2001284604
60404.0745178954,5748.165230621,76621.1716536458,79293.1440641579,96502.0897052581
58832.1362415511,5496.59445928573,73075.7156656097,76909.3762400098,92442.263052318
57858.3769694041,5284.73656832452,71044.0360244085,74548.1963711192,90231.653257109
57100.385537245,5138.21428174582,69540.4249140319,72617.0889477661,89246.7570086754
57288.8527293485,5167.82411703666,69341.9962654573,74941.767859455,89053.8264060322
55879.3368844104,5433.22407409029,69555.6927877919,77760.821396341,90829.7914850541
55363.0136428524,5458.62347080536,100991.973285878,112668.661562529,140269.139975693
58481.0778883008,5723.12649363556,118137.794520396,124201.387474714,153619.97644515
57530.2686814883,5232.43540199911,122182.823625076,129758.72949649,160688.171136433
57645.1823355598,4963.95475728567,127576.738029785,140548.209057,166740.449987175
58887.7518878069,4417.61012625011,139457.992930991,148533.314345069,178965.408484372
59919.8281447951,4474.33317098185,139670.93993,150605.183082077,180603.6547057
60914.115239258,4635.83917492107,138657.496457043,151463.14867294,180786.465605568
61400.8058756204,4642.51615819542,140049.038519544,150758.739378426,182487.71013245
62035.7355723543,4701.61596601717,141807.904857887,151603.879414778,184277.616360453
61500.5591627463,4638.78912471027,138561.314295589,144123.94746506,179612.443908674
59131.819307383,4778.26795813241,131960.387438735,131920.11430856,169522.2168575
57645.1930425479,5474.51004467773,128098.916834942,120518.757933542,158003.687541518
61106.3152876172,6324.75437258462,120500.848596694,109177.075080336,152857.218876399
59703.3369421001,6725.67923320696,88661.4951593239,84725.1791669475,116063.099979502
60413.1135806652,6761.70680975856,89323.5500087664,86086.2165087641,116685.561541111
60972.5484987139,6397.07247126975,89123.2218122568,87256.7450546798,118746.65154376
62119.6266188744,6483.50556191547,84727.1950241892,85088.3138021768,111177.720053372
62021.0894575704,6343.92722848846,81526.9263146869,81816.9504952032,98987.2001284604
60404.0745178954,5748.165230621,76621.1716536458,79293.1440641579,96502.0897052581
58832.1362415511,5496.59445928573,73075.7156656097,76909.3762400098,92442.263052318
57858.3769694041,5284.73656832452,71044.0360244085,74548.1963711192,90231.653257109
57100.385537245,5138.21428174582,69540.4249140319,72617.0889477661,89246.7570086754
57288.8527293485,5167.82411703666,69341.9962654573,74941.767859455,89053.8264060322
55879.3368844104,5433.22407409029,69555.6927877919,77760.821396341,90829.7914850541
55363.0136428524,5458.62347080536,100991.973285878,112668.661562529,140269.139975693
58481.0778883008,5723.12649363556,118137.794520396,124201.387474714,153619.97644515
57530.2686814883,5232.43540199911,122182.823625076,129758.72949649,160688.171136433
57645.1823355598,4963.95475728567,127576.738029785,140548.209057,166740.449987175
58887.7518878069,4417.61012625011,139457.992930991,148533.314345069,178965.408484372
59919.8281447951,4474.33317098185,139670.93993,150605.183082077,180603.6547057
60914.115239258,4635.83917492107,138657.496457043,151463.14867294,180786.465605568
61400.8058756204,4642.51615819542,140049.038519544,150758.739378426,182487.71013245
62035.7355723543,4701.61596601717,141807.904857887,151603.879414778,184277.616360453
61500.5591627463,4638.78912471027,138561.314295589,144123.94746506,179612.443908674
59131.819307383,4778.26795813241,131960.387438735,131920.11430856,169522.2168575
57645.1930425479,5474.51004467773,128098.916834942,120518.757933542,158003.687541518
61106.3152876172,6324.75437258462,120500.848596694,109177.075080336,152857.218876399
59703.3369421001,6725.67923320696,88661.4951593239,84725.1791669475,116063.099979502
60413.1135806652,6761.70680975856,89323.5500087664,86086.2165087641,116685.561541111
60972.5484987139,6397.07247126975,89123.2218122568,87256.7450546798,118746.65154376
62119.6266188744,6483.50556191547,84727.1950241892,85088.3138021768,111177.720053372
62021.0894575704,6343.92722848846,81526.9263146869,81816.9504952032,98987.2001284604
60404.0745178954,5748.165230621,76621.1716536458,79293.1440641579,96502.0897052581
58832.1362415511,5496.59445928573,73075.7156656097,76909.3762400098,92442.263052318
57858.3769694041,5284.73656832452,71044.0360244085,74548.1963711192,90231.653257109
57100.385537245,5138.21428174582,69540.4249140319,72617.0889477661,89246.7570086754
57288.8527293485,5167.82411703666,69341.9962654573,74941.767859455,89053.8264060322
55879.3368844104,5433.22407409029,69555.6927877919,77760.821396341,90829.7914850541
55363.0136428524,5458.62347080536,100991.973285878,112668.661562529,140269.139975693
58481.0778883008,5723.12649363556,118137.794520396,124201.387474714,153619.97644515
57530.2686814883,5232.43540199911,122182.823625076,129758.72949649,160688.171136433
57645.1823355598,4963.95475728567,127576.738029785,140548.209057,166740.449987175
58887.7518878069,4417.61012625011,139457.992930991,148533.314345069,178965.408484372
59919.8281447951,4474.33317098185,139670.93993,150605.183082077,180603.6547057
60914.115239258,4635.83917492107,138657.496457043,151463.14867294,180786.465605568
61400.8058756204,4642.51615819542,140049.038519544,150758.739378426,182487.71013245
62035.7355723543,4701.61596601717,141807.904857887,151603.879414778,184277.616360453
61500.5591627463,4638.78912471027,138561.314295589,144123.94746506,179612.443908674
59131.819307383,4778.26795813241,131960.387438735,131920.11430856,169522.2168575
57645.1930425479,5474.51004467773,128098.916834942,120518.757933542,158003.687541518
61106.3152876172,6324.75437258462,120500.848596694,109177.075080336,152857.218876399
59703.3369421001,6725.67923320696,88661.4951593239,84725.1791669475,116063.099979502
60413.1135806652,6761.70680975856,89323.5500087664,86086.2165087641,116685.561541111
60972.5484987139,6397.07247126975,89123.2218122568,87256.7450546798,118746.65154376
62119.6266188744,6483.50556191547,84727.1950241892,85088.3138021768,111177.720053372
62021.0894575704,6343.92722848846,81526.9263146869,81816.9504952032,98987.2001284604
60404.0745178954,5748.165230621,76621.1716536458,79293.1440641579,96502.0897052581
58832.1362415511,5496.59445928573,73075.7156656097,76909.3762400098,92442.263052318
57858.3769694041,5284.73656832452,71044.0360244085,74548.1963711192,90231.653257109
57100.385537245,5138.21428174582,69540.4249140319,72617.0889477661,89246.7570086754
57288.8527293485,5167.82411703666,69341.9962654573,74941.767859455,89053.8264060322
55879.3368844104,5433.22407409029,69555.6927877919,77760.821396341,90829.7914850541
55363.0136428524,5458.62347080536,100991.973285878,112668.661562529,140269.139975693
58481.0778883008,5723.12649363556,118137.794520396,124201.387474714,153619.97644515
57530.2686814883,5232.43540199911,122182.823625076,129758.72949649,160688.171136433
57645.1823355598,4963.95475728567,127576.738029785,140548.209057,166740.449987175
58887.7518878069,4417.61012625011,139457.992930991,148533.314345069,178965.408484372
59919.8281447951,4474.33317098185,139670.93993,150605.183082077,180603.6547057
60914.115239258,4635.83917492107,138657.496457043,151463.14867294,180786.465605568
61400.8058756204,4642.51615819542,140049.038519544,150758.739378426,182487.71013245
62035.7355723543,4701.61596601717,141807.904857887,151603.879414778,184277.616360453
61500.5591627463,4638.78912471027,138561.314295589,144123.94746506,179612.443908674
59131.819307383,4778.26795813241,131960.387438735,131920.11430856,169522.2168575
57645.1930425479,5474.51004467773,128098.916834942,120518.757933542,158003.687541518
61106.3152876172,6324.75437258462,120500.848596694,109177.075080336,152857.218876399
59703.3369421001,6725.67923320696,88661.4951593239,84725.1791669475,116063.099979502
60413.1135806652,6761.70680975856,89323.5500087664,86086.2165087641,116685.561541111
60972.5484987139,6397.07247126975,89123.2218122568,87256.7450546798,118746.65154376
62119.6266188744,6483.50556191547,84727.1950241892,85088.3138021768,111177.720053372
62021.0894575704,6343.92722848846,81526.9263146869,81816.9504952032,98987.2001284604
60404.0745178954,5748.165230621,76621.1716536458,79293.1440641579,96502.0897052581
58832.1362415511,5496.59445928573,73075.7156656097,76909.3762400098,92442.263052318
57858.3769694041,5284.73656832452,71044.0360244085,74548.1963711192,90231.653257109
57100.385537245,5138.21428174582,69540.4249140319,72617.0889477661,89246.7570086754
57288.8527293485,5167.82411703666,69341.9962654573,74941.767859455,89053.8264060322
55879.3368844104,5433.22407409029,69555.6927877919,77760.821396341,90829.7914850541
55363.0136428524,5458.62347080536,100991.973285878,112668.661562529,140269.139975693
58481.0778883008,5723.12649363556,118137.794520396,124201.387474714,153619.97644515
57530.2686814883,5232.43540199911,122182.823625076,129758.72949649,160688.171136433
57645.1823355598,4963.95475728567,127576.738029785,140548.209057,166740.449987175
58887.7518878069,4417.61012625011,139457.992930991,148533.314345069,178965.408484372
59919.8281447951,4474.33317098185,139670.93993,150605.183082077,180603.6547057
60914.115239258,4635.83917492107,138657.496457043,151463.14867294,180786.465605568
61400.8058756204,4642.51615819542,140049.038519544,150758.739378426,182487.71013245
62035.7355723543,4701.61596601717,141807.904857887,151603.879414778,184277.616360453
61500.5591627463,4638.78912471027,138561.314295589,144123.94746506,179612.443908674
59131.819307383,4778.26795813241,131960.387438735,131920.11430856,169522.2168575
57645.1930425479,5474.51004467773,128098.916834942,120518.757933542,158003.687541518
61106.3152876172,6324.75437258462,120500.848596694,109177.075080336,152857.218876399
59703.3369421001,6725.67923320696,88661.4951593239,84725.1791669475,116063.099979502
60413.1135806652,6761.70680975856,89323.5500087664,86086.2165087641,116685.561541111
60972.5484987139,6397.07247126975,89123.2218122568,87256.7450546798,118746.65154376
62119.6266188744,6483.50556191547,84727.1950241892,85088.3138021768,111177.720053372
62021.0894575704,6343.92722848846,81526.9263146869,81816.9504952032,98987.2001284604
60404.0745178954,5748.165230621,76621.1716536458,79293.1440641579,96502.0897052581
58832.1362415511,5496.59445928573,73075.7156656097,76909.3762400098,92442.263052318
57858.3769694041,5284.73656832452,71044.0360244085,74548.1963711192,90231.653257109
57100.385537245,5138.21428174582,69540.4249140319,72617.0889477661,89246.7570086754
57288.8527293485,5167.82411703666,69341.9962654573,74941.767859455,89053.8264060322
55879.3368844104,5433.22407409029,69555.6927877919,77760.821396341,90829.7914850541
55363.0136428524,5458.62347080536,100991.973285878,112668.661562529,140269.139975693
58481.0778883008,5723.12649363556,118137.794520396,124201.387474714,153619.97644515
57530.2686814883,5232.43540199911,122182.823625076,129758.72949649,160688.171136433
57645.1823355598,4963.95475728567,127576.738029785,140548.209057,166740.449987175
58887.7518878069,4417.61012625011,139457.992930991,148533.314345069,178965.408484372
59919.8281447951,4474.33317098185,139670.93993,150605.183082077,180603.6547057
60914.115239258,4635.83917492107,138657.496457043,151463.14867294,180786.465605568
61400.8058756204,4642.51615819542,140049.038519544,150758.739378426,182487.71013245
62035.7355723543,4701.61596601717,141807.904857887,151603.879414778,184277.616360453
61500.5591627463,4638.78912471027,138561.314295589,144123.94746506,179612.443908674
59131.819307383,4778.26795813241,131960.387438735,131920.11430856,169522.2168575
57645.1930425479,5474.51004467773,128098.916834942,120518.757933542,158003.687541518
61106.3152876172,6324.75437258462,120500.848596694,109177.075080336,152857.218876399
59703.3369421001,6725.67923320696,88661.4951593239,84725.1791669475,116063.099979502
60413.1135806652,6761.70680975856,89323.5500087664,86086.2165087641,116685.561541111
60972.5484987139,6397.07247126975,89123.2218122568,87256.7450546798,118746.65154376
62119.6266188744,6483.50556191547,84727.1950241892,85088.3138021768,111177.720053372
62021.0894575704,6343.92722848846,81526.9263146869,81816.9504952032,98987.2001284604
60404.0745178954,5748.165230621,76621.1716536458,79293.1440641579,96502.0897052581
58832.1362415511,5496.59445928573,73075.7156656097,76909.3762400098,92442.263052318
57858.3769694041,5284.73656832452,71044.0360244085,74548.1963711192,90231.653257109
57100.385537245,5138.21428174582,69540.4249140319,72617.0889477661,89246.7570086754
57288.8527293485,5167.82411703666,69341.9962654573,74941.767859455,89053.8264060322
55879.3368844104,5433.22407409029,69555.6927877919,77760.821396341,90829.7914850541
55363.0136428524,5458.62347080536,100991.973285878,112668.661562529,140269.139975693
58481.0778883008,5723.12649363556,118137.794520396,124201.387474714,153619.97644515
57530.2686814883,5232.43540199911,122182.823625076,129758.72949649,160688.171136433
57645.1823355598,4963.95475728567,127576.738029785,140548.209057,166740.449987175
58887.7518878069,4417.61012625011,139457.992930991,148533.314345069,178965.408484372
59919.8281447951,4474.33317098185,139670.93993,150605.183082077,180603.6547057
60914.115239258,4635.83917492107,138657.496457043,151463.14867294,180786.465605568
61400.8058756204,4642.51615819542,140049.038519544,150758.739378426,182487.71013245
62035.7355723543,4701.61596601717,141807.904857887,151603.879414778,184277.616360453
61500.5591627463,4638.78912471027,138561.314295589,144123.94746506,179612.443908674
59131.819307383,4778.26795813241,131960.387438735,131920.11430856,169522.2168575
57645.1930425479,5474.51004467773,128098.916834942,120518.757933542,158003.687541518
61106.3152876172,6324.75437258462,120500.848596694,109177.075080336,152857.218876399
59703.3369421001,6725.67923320696,88661.4951593239,84725.1791669475,116063.099979502
60413.1135806652,6761.70680975856,89323.5500087664,86086.2165087641,116685.561541111
60972.5484987139,6397.07247126975,89123.2218122568,87256.7450546798,118746.65154376
62119.6266188744,6483.50556191547,84727.1950241892,85088.3138021768,111177.720053372
62021.0894575704,6343.92722848846,81526.9263146869,81816.9504952032,98987.2001284604
60404.0745178954,5748.165230621,76621.1716536458,79293.1440641579,96502.0897052581
58832.1362415511,5496.59445928573,73075.7156656097,76909.3762400098,92442.263052318
57858.3769694041,5284.73656832452,71044.0360244085,74548.1963711192,90231.653257109
57100.385537245,5138.21428174582,69540.4249140319,72617.0889477661,89246.7570086754
57288.8527293485,5167.82411703666,69341.9962654573,74941.767859455,89053.8264060322
55879.3368844104,5433.22407409029,69555.6927877919,77760.821396341,90829.7914850541
55363.0136428524,5458.62347080536,100991.973285878,112668.661562529,140269.139975693
58481.0778883008,5723.12649363556,118137.794520396,124201.387474714,153619.97644515
57530.2686814883,5232.43540199911,122182.823625076,129758.72949649,160688.171136433
57645.1823355598,4963.95475728567,127576.738029785,140548.209057,166740.449987175
58887.7518878069,4417.61012625011,139457.992930991,148533.314345069,178965.408484372
59919.8281447951,4474.33317098185,139670.93993,150605.183082077,180603.6547057
60914.115239258,4635.83917492107,138657.496457043,151463.14867294,180786.465605568
61400.8058756204,4642.51615819542,140049.038519544,150758.739378426,182487.71013245
62035.7355723543,4701.61596601717,141807.904857887,151603.879414778,184277.616360453
61500.5591627463,4638.78912471027,138561.314295589,144123.94746506,179612.443908674
59131.819307383,4778.26795813241,131960.387438735,131920.11430856,169522.2168575
57645.1930425479,5474.51004467773,128098.916834942,120518.757933542,158003.687541518
61106.3152876172,6324.75437258462,120500.848596694,109177.075080336,152857.218876399
59703.3369421001,6725.67923320696,88661.4951593239,84725.1791669475,116063.099979502
60413.1135806652,6761.70680975856,89323.5500087664,86086.2165087641,116685.561541111
60972.5484987139,6397.07247126975,89123.2218122568,87256.7450546798,118746.65154376
62119.6266188744,6483.50556191547,84727.1950241892,85088.3138021768,111177.720053372
62021.0894575704,6343.92722848846,81526.9263146869,81816.9504952032,98987.2001284604
60404.0745178954,5748.165230621,76621.1716536458,79293.1440641579,96502.0897052581
58832.1362415511,5496.59445928573,73075.7156656097,76909.3762400098,92442.263052318
57858.3769694041,5284.73656832452,71044.0360244085,74548.1963711192,90231.653257109
57100.385537245,5138.21428174582,69540.4249140319,72617.0889477661,89246.7570086754
57288.8527293485,5167.82411703666,69341.9962654573,74941.767859455,89053.8264060322
55879.3368844104,5433.22407409029,69555.6927877919,77760.821396341,90829.7914850541
55363.0136428524,5458.62347080536,100991.973285878,112668.661562529,140269.139975693
58481.0778883008,5723.12649363556,118137.794520396,124201.387474714,153619.97644515
57530.2686814883,5232.43540199911,122182.823625076,129758.72949649,160688.171136433
57645.1823355598,4963.95475728567,127576.738029785,140548.209057,166740.449987175
58887.7518878069,4417.61012625011,139457.992930991,148533.314345069,178965.408484372
59919.8281447951,4474.33317098185,139670.93993,150605.183082077,180603.6547057
60914.115239258,4635.83917492107,138657.496457043,151463.14867294,180786.465605568
61400.8058756204,4642.51615819542,140049.038519544,150758.739378426,182487.71013245
62035.7355723543,4701.61596601717,141807.904857887,151603.879414778,184277.616360453
61500.5591627463,4638.78912471027,138561.314295589,144123.94746506,179612.443908674
59131.819307383,4778.26795813241,131960.387438735,131920.11430856,169522.2168575
57645.1930425479,5474.51004467773,128098.916834942,120518.757933542,158003.687541518
61106.3152876172,6324.75437258462,120500.848596694,109177.075080336,152857.218876399
59703.3369421001,6725.67923320696,88661.4951593239,84725.1791669475,116063.099979502
60413.1135806652,6761.70680975856,89323.5500087664,86086.2165087641,116685.561541111
60972.5484987139,6397.07247126975,89123.2218122568,87256.7450546798,118746.65154376
62119.6266188744,6483.50556191547,84727.1950241892,85088.3138021768,111177.720053372
62021.0894575704,6343.92722848846,81526.9263146869,81816.9504952032,98987.2001284604
60404.0745178954,5748.165230621,76621.1716536458,79293.1440641579,96502.0897052581
58832.1362415511,5496.59445928573,73075.7156656097,76909.3762400098,92442.263052318
57858.3769694041,5284.73656832452,71044.0360244085,74548.1963711192,90231.653257109
57100.385537245,5138.21428174582,69540.4249140319,72617.0889477661,89246.7570086754
57288.8527293485,5167.82411703666,69341.9962654573,74941.767859455,89053.8264060322
55879.3368844104,5433.22407409029,69555.6927877919,77760.821396341,90829.7914850541
55363.0136428524,5458.62347080536,100991.973285878,112668.661562529,140269.139975693
58481.0778883008,5723.12649363556,118137.794520396,124201.387474714,153619.97644515
57530.2686814883,5232.43540199911,122182.823625076,129758.72949649,160688.171136433
57645.1823355598,4963.95475728567,127576.738029785,140548.209057,166740.449987175
58887.7518878069,4417.61012625011,139457.992930991,148533.314345069,178965.408484372
59919.8281447951,4474.33317098185,139670.93993,150605.183082077,180603.6547057
60914.115239258,4635.83917492107,138657.496457043,151463.14867294,180786.465605568
61400.8058756204,4642.51615819542,140049.038519544,150758.739378426,182487.71013245
62035.7355723543,4701.61596601717,141807.904857887,151603.879414778,184277.616360453
61500.5591627463,4638.78912471027,138561.314295589,144123.94746506,179612.443908674
59131.819307383,4778.26795813241,131960.387438735,131920.11430856,169522.2168575
57645.1930425479,5474.51004467773,128098.916834942,120518.757933542,158003.687541518
61106.3152876172,6324.75437258462,120500.848596694,109177.075080336,152857.218876399
59703.3369421001,6725.67923320696,88661.4951593239,84725.1791669475,116063.099979502
60413.1135806652,6761.70680975856,89323.5500087664,86086.2165087641,116685.561541111
60972.5484987139,6397.07247126975,89123.2218122568,87256.7450546798,118746.65154376
62119.6266188744,6483.50556191547,84727.1950241892,85088.3138021768,111177.720053372
62021.0894575704,6343.92722848846,81526.9263146869,81816.9504952032,98987.2001284604
60404.0745178954,5748.165230621,76621.1716536458,79293.1440641579,96502.0897052581
58832.1362415511,5496.59445928573,73075.7156656097,76909.3762400098,92442.263052318
57858.3769694041,5284.73656832452,71044.0360244085,74548.1963711192,90231.653257109
57100.385537245,5138.21428174582,69540.4249140319,72617.0889477661,89246.7570086754
57288.8527293485,5167.82411703666,69341.9962654573,74941.767859455,89053.8264060322
55879.3368844104,5433.22407409029,69555.6927877919,77760.821396341,90829.7914850541
55363.0136428524,5458.62347080536,100991.973285878,112668.661562529,140269.139975693
58481.0778883008,5723.12649363556,118137.794520396,124201.387474714,153619.97644515
57530.2686814883,5232.43540199911,122182.823625076,129758.72949649,160688.171136433
57645.1823355598,4963.95475728567,127576.738029785,140548.209057,166740.449987175
58887.7518878069,4417.61012625011,139457.992930991,148533.314345069,178965.408484372
59919.8281447951,4474.33317098185,139670.93993,150605.183082077,180603.6547057
60914.115239258,4635.83917492107,138657.496457043,151463.14867294,180786.465605568
61400.8058756204,4642.51615819542,140049.038519544,150758.739378426,182487.71013245
62035.7355723543,4701.61596601717,141807.904857887,151603.879414778,184277.616360453
61500.5591627463,4638.78912471027,138561.314295589,144123.94746506,179612.443908674
59131.819307383,4778.26795813241,131960.387438735,131920.11430856,169522.2168575
57645.1930425479,5474.51004467773,128098.916834942,120518.757933542,158003.687541518
61106.3152876172,6324.75437258462,120500.848596694,109177.075080336,152857.218876399
59703.3369421001,6725.67923320696,88661.4951593239,84725.1791669475,116063.099979502
60413.1135806652,6761.70680975856,89323.5500087664,86086.2165087641,116685.561541111
60972.5484987139,6397.07247126975,89123.2218122568,87256.7450546798,118746.65154376
62119.6266188744,6483.50556191547,84727.1950241892,85088.3138021768,111177.720053372
62021.0894575704,6343.92722848846,81526.9263146869,81816.9504952032,98987.2001284604
60404.0745178954,5748.165230621,76621.1716536458,79293.1440641579,96502.0897052581
58832.1362415511,5496.59445928573,73075.7156656097,76909.3762400098,92442.263052318
57858.3769694041,5284.73656832452,71044.0360244085,74548.1963711192,90231.653257109
57100.385537245,5138.21428174582,69540.4249140319,72617.0889477661,89246.7570086754
57288.8527293485,5167.82411703666,69341.9962654573,74941.767859455,89053.8264060322
55879.3368844104,5433.22407409029,69555.6927877919,77760.821396341,90829.7914850541
55363.0136428524,5458.62347080536,100991.973285878,112668.661562529,140269.139975693
58481.0778883008,5723.12649363556,118137.794520396,124201.387474714,153619.97644515
57530.2686814883,5232.43540199911,122182.823625076,129758.72949649,160688.171136433
57645.1823355598,4963.95475728567,127576.738029785,140548.209057,166740.449987175
58887.7518878069,4417.61012625011,139457.992930991,148533.314345069,178965.408484372
59919.8281447951,4474.33317098185,139670.93993,150605.183082077,180603.6547057
60914.115239258,4635.83917492107,138657.496457043,151463.14867294,180786.465605568
61400.8058756204,4642.51615819542,140049.038519544,150758.739378426,182487.71013245
62035.7355723543,4701.61596601717,141807.904857887,151603.879414778,184277.616360453
61500.5591627463,4638.78912471027,138561.314295589,144123.94746506,179612.443908674
59131.819307383,4778.26795813241,131960.387438735,131920.11430856,169522.2168575
57645.1930425479,5474.51004467773,128098.916834942,120518.757933542,158003.687541518
61106.3152876172,6324.75437258462,120500.848596694,109177.075080336,152857.218876399
59703.3369421001,6725.67923320696,88661.4951593239,84725.1791669475,116063.099979502
60413.1135806652,6761.70680975856,89323.5500087664,86086.2165087641,116685.561541111
60972.5484987139,6397.07247126975,89123.2218122568,87256.7450546798,118746.65154376
62119.6266188744,6483.50556191547,84727.1950241892,85088.3138021768,111177.720053372
62021.0894575704,6343.92722848846,81526.9263146869,81816.9504952032,98987.2001284604
60404.0745178954,5748.165230621,76621.1716536458,79293.1440641579,96502.0897052581
58832.1362415511,5496.59445928573,73075.7156656097,76909.3762400098,92442.263052318
57858.3769694041,5284.73656832452,71044.0360244085,74548.1963711192,90231.653257109
57100.385537245,5138.21428174582,69540.4249140319,72617.0889477661,89246.7570086754
57288.8527293485,5167.82411703666,69341.9962654573,74941.767859455,89053.8264060322
55879.3368844104,5433.22407409029,69555.6927877919,77760.821396341,90829.7914850541
55363.0136428524,5458.62347080536,100991.973285878,112668.661562529,140269.139975693
58481.0778883008,5723.12649363556,118137.794520396,124201.387474714,153619.97644515
57530.2686814883,5232.43540199911,122182.823625076,129758.72949649,160688.171136433
57645.1823355598,4963.95475728567,127576.738029785,140548.209057,166740.449987175
58887.7518878069,4417.61012625011,139457.992930991,148533.314345069,178965.408484372
59919.8281447951,4474.33317098185,139670.93993,150605.183082077,180603.6547057
60914.115239258,4635.83917492107,138657.496457043,151463.14867294,180786.465605568
61400.8058756204,4642.51615819542,140049.038519544,150758.739378426,182487.71013245
62035.7355723543,4701.61596601717,141807.904857887,151603.879414778,184277.616360453
61500.5591627463,4638.78912471027,138561.314295589,144123.94746506,179612.443908674
59131.819307383,4778.26795813241,131960.387438735,131920.11430856,169522.2168575
57645.1930425479,5474.51004467773,128098.916834942,120518.757933542,158003.687541518
61106.3152876172,6324.75437258462,120500.848596694,109177.075080336,152857.218876399
59703.3369421001,6725.67923320696,88661.4951593239,84725.1791669475,116063.099979502
60413.1135806652,6761.70680975856,89323.5500087664,86086.2165087641,116685.561541111
60972.5484987139,6397.07247126975,89123.2218122568,87256.7450546798,118746.65154376
62119.6266188744,6483.50556191547,84727.1950241892,85088.3138021768,111177.720053372
62021.0894575704,6343.92722848846,81526.9263146869,81816.9504952032,98987.2001284604
57099.2548600944,5555.00892402377,102582.125640635,66521.1583348482,108120.699601472
55314.3249764386,5355.3931383123,96703.2688080405,62546.3454809808,104194.651745697
54318.7657846384,5146.28738161257,94493.819849502,59976.6236789797,101716.493153721
53705.200747804,5021.4860683022,92084.1388969947,57947.6736588511,100118.967745872
53364.3698087842,5117.03754369183,91782.9297227794,59272.2023757638,98871.1533343404
52470.7324999248,5394.03728029283,91447.0652406235,61662.0798391086,101110.827204877
52467.6022990339,5416.69035038946,121951.885846508,86159.3285680656,137678.209881847
58403.6922946558,5412.03809660064,138835.423823441,98817.0466567751,148505.267092525
57268.8958032572,4960.77748575217,141140.470298958,102691.828930127,153063.043791898
55876.3743448033,4674.2029211287,146943.947693918,110417.891277247,155191.476939622
56068.6064619067,4236.65795085344,158008.16422386,117055.452663426,164373.312690809
56631.8757900569,4343.92943378614,159915.554904247,119600.74368752,166025.865845831
57371.3844539182,4458.83758116869,161933.499739844,120913.507823634,166203.893714903
57868.4156081816,4470.03282589249,165458.108668605,120512.839478841,168499.076739451
58257.3254040442,4549.92626297544,166243.944436605,122002.208760521,171195.602967554
58167.3075993998,4485.05290287471,161499.218698726,119199.22589163,168512.697592559
55984.7964342827,4544.59092749604,151021.301698746,110060.255594956,160066.987062688
54203.2426638157,5175.02089842968,142565.15162455,103463.08280516,150377.95924233
58145.5784525677,5990.79095168243,136828.79307237,97576.1702350128,146639.500395453
58539.2614774841,6600.09270138091,105767.443411092,79594.8301149116,118125.148562061
59403.5484093572,6603.29372286262,110069.387426109,79516.8552810957,119388.10542003
60072.2713104368,6241.47136518687,112841.463320075,79336.1503322861,121416.213267201
60525.8286483112,6390.46627898887,111659.129868737,76229.5661653946,118466.676267202
58929.3668243359,6261.79645449126,108248.306990657,71443.9221404718,110103.143947955
57099.2548600944,5555.00892402377,102582.125640635,66521.1583348482,108120.699601472
55314.3249764386,5355.3931383123,96703.2688080405,62546.3454809808,104194.651745697
54318.7657846384,5146.28738161257,94493.819849502,59976.6236789797,101716.493153721
53705.200747804,5021.4860683022,92084.1388969947,57947.6736588511,100118.967745872
53364.3698087842,5117.03754369183,91782.9297227794,59272.2023757638,98871.1533343404
52470.7324999248,5394.03728029283,91447.0652406235,61662.0798391086,101110.827204877
52467.6022990339,5416.69035038946,121951.885846508,86159.3285680656,137678.209881847
58403.6922946558,5412.03809660064,138835.423823441,98817.0466567751,148505.267092525
57268.8958032572,4960.77748575217,141140.470298958,102691.828930127,153063.043791898
55876.3743448033,4674.2029211287,146943.947693918,110417.891277247,155191.476939622
56068.6064619067,4236.65795085344,158008.16422386,117055.452663426,164373.312690809
56631.8757900569,4343.92943378614,159915.554904247,119600.74368752,166025.865845831
57371.3844539182,4458.83758116869,161933.499739844,120913.507823634,166203.893714903
57868.4156081816,4470.03282589249,165458.108668605,120512.839478841,168499.076739451
58257.3254040442,4549.92626297544,166243.944436605,122002.208760521,171195.602967554
58167.3075993998,4485.05290287471,161499.218698726,119199.22589163,168512.697592559
55984.7964342827,4544.59092749604,151021.301698746,110060.255594956,160066.987062688
54203.2426638157,5175.02089842968,142565.15162455,103463.08280516,150377.95924233
58145.5784525677,5990.79095168243,136828.79307237,97576.1702350128,146639.500395453
58539.2614774841,6600.09270138091,105767.443411092,79594.8301149116,118125.148562061
59403.5484093572,6603.29372286262,110069.387426109,79516.8552810957,119388.10542003
60072.2713104368,6241.47136518687,112841.463320075,79336.1503322861,121416.213267201
60525.8286483112,6390.46627898887,111659.129868737,76229.5661653946,118466.676267202
58929.3668243359,6261.79645449126,108248.306990657,71443.9221404718,110103.143947955
57099.2548600944,5555.00892402377,102582.125640635,66521.1583348482,108120.699601472
55314.3249764386,5355.3931383123,96703.2688080405,62546.3454809808,104194.651745697
54318.7657846384,5146.28738161257,94493.819849502,59976.6236789797,101716.493153721
53705.200747804,5021.4860683022,92084.1388969947,57947.6736588511,100118.967745872
53364.3698087842,5117.03754369183,91782.9297227794,59272.2023757638,98871.1533343404
52470.7324999248,5394.03728029283,91447.0652406235,61662.0798391086,101110.827204877
52467.6022990339,5416.69035038946,121951.885846508,86159.3285680656,137678.209881847
58403.6922946558,5412.03809660064,138835.423823441,98817.0466567751,148505.267092525
57268.8958032572,4960.77748575217,141140.470298958,102691.828930127,153063.043791898
55876.3743448033,4674.2029211287,146943.947693918,110417.891277247,155191.476939622
56068.6064619067,4236.65795085344,158008.16422386,117055.452663426,164373.312690809
56631.8757900569,4343.92943378614,159915.554904247,119600.74368752,166025.865845831
57371.3844539182,4458.83758116869,161933.499739844,120913.507823634,166203.893714903
57868.4156081816,4470.03282589249,165458.108668605,120512.839478841,168499.076739451
58257.3254040442,4549.92626297544,166243.944436605,122002.208760521,171195.602967554
58167.3075993998,4485.05290287471,161499.218698726,119199.22589163,168512.697592559
55984.7964342827,4544.59092749604,151021.301698746,110060.255594956,160066.987062688
54203.2426638157,5175.02089842968,142565.15162455,103463.08280516,150377.95924233
58145.5784525677,5990.79095168243,136828.79307237,97576.1702350128,146639.500395453
58539.2614774841,6600.09270138091,105767.443411092,79594.8301149116,118125.148562061
59403.5484093572,6603.29372286262,110069.387426109,79516.8552810957,119388.10542003
60072.2713104368,6241.47136518687,112841.463320075,79336.1503322861,121416.213267201
60525.8286483112,6390.46627898887,111659.129868737,76229.5661653946,118466.676267202
58929.3668243359,6261.79645449126,108248.306990657,71443.9221404718,110103.143947955
57099.2548600944,5555.00892402377,102582.125640635,66521.1583348482,108120.699601472
55314.3249764386,5355.3931383123,96703.2688080405,62546.3454809808,104194.651745697
54318.7657846384,5146.28738161257,94493.819849502,59976.6236789797,101716.493153721
53705.200747804,5021.4860683022,92084.1388969947,57947.6736588511,100118.967745872
53364.3698087842,5117.03754369183,91782.9297227794,59272.2023757638,98871.1533343404
52470.7324999248,5394.03728029283,91447.0652406235,61662.0798391086,101110.827204877
52467.6022990339,5416.69035038946,121951.885846508,86159.3285680656,137678.209881847
58403.6922946558,5412.03809660064,138835.423823441,98817.0466567751,148505.267092525
57268.8958032572,4960.77748575217,141140.470298958,102691.828930127,153063.043791898
55876.3743448033,4674.2029211287,146943.947693918,110417.891277247,155191.476939622
56068.6064619067,4236.65795085344,158008.16422386,117055.452663426,164373.312690809
56631.8757900569,4343.92943378614,159915.554904247,119600.74368752,166025.865845831
57371.3844539182,4458.83758116869,161933.499739844,120913.507823634,166203.893714903
57868.4156081816,4470.03282589249,165458.108668605,120512.839478841,168499.076739451
58257.3254040442,4549.92626297544,166243.944436605,122002.208760521,171195.602967554
58167.3075993998,4485.05290287471,161499.218698726,119199.22589163,168512.697592559
55984.7964342827,4544.59092749604,151021.301698746,110060.255594956,160066.987062688
54203.2426638157,5175.02089842968,142565.15162455,103463.08280516,150377.95924233
58145.5784525677,5990.79095168243,136828.79307237,97576.1702350128,146639.500395453
58539.2614774841,6600.09270138091,105767.443411092,79594.8301149116,118125.148562061
59403.5484093572,6603.29372286262,110069.387426109,79516.8552810957,119388.10542003
60072.2713104368,6241.47136518687,112841.463320075,79336.1503322861,121416.213267201
60525.8286483112,6390.46627898887,111659.129868737,76229.5661653946,118466.676267202
58929.3668243359,6261.79645449126,108248.306990657,71443.9221404718,110103.143947955
57099.2548600944,5555.00892402377,102582.125640635,66521.1583348482,108120.699601472
55314.3249764386,5355.3931383123,96703.2688080405,62546.3454809808,104194.651745697
54318.7657846384,5146.28738161257,94493.819849502,59976.6236789797,101716.493153721
53705.200747804,5021.4860683022,92084.1388969947,57947.6736588511,100118.967745872
53364.3698087842,5117.03754369183,91782.9297227794,59272.2023757638,98871.1533343404
52470.7324999248,5394.03728029283,91447.0652406235,61662.0798391086,101110.827204877
52467.6022990339,5416.69035038946,121951.885846508,86159.3285680656,137678.209881847
58403.6922946558,5412.03809660064,138835.423823441,98817.0466567751,148505.267092525
57268.8958032572,4960.77748575217,141140.470298958,102691.828930127,153063.043791898
55876.3743448033,4674.2029211287,146943.947693918,110417.891277247,155191.476939622
56068.6064619067,4236.65795085344,158008.16422386,117055.452663426,164373.312690809
56631.8757900569,4343.92943378614,159915.554904247,119600.74368752,166025.865845831
57371.3844539182,4458.83758116869,161933.499739844,120913.507823634,166203.893714903
57868.4156081816,4470.03282589249,165458.108668605,120512.839478841,168499.076739451
58257.3254040442,4549.92626297544,166243.944436605,122002.208760521,171195.602967554
58167.3075993998,4485.05290287471,161499.218698726,119199.22589163,168512.697592559
55984.7964342827,4544.59092749604,151021.301698746,110060.255594956,160066.987062688
54203.2426638157,5175.02089842968,142565.15162455,103463.08280516,150377.95924233
58145.5784525677,5990.79095168243,136828.79307237,97576.1702350128,146639.500395453
58539.2614774841,6600.09270138091,105767.443411092,79594.8301149116,118125.148562061
59403.5484093572,6603.29372286262,110069.387426109,79516.8552810957,119388.10542003
60072.2713104368,6241.47136518687,112841.463320075,79336.1503322861,121416.213267201
60525.8286483112,6390.46627898887,111659.129868737,76229.5661653946,118466.676267202
58929.3668243359,6261.79645449126,108248.306990657,71443.9221404718,110103.143947955
57099.2548600944,5555.00892402377,102582.125640635,66521.1583348482,108120.699601472
55314.3249764386,5355.3931383123,96703.2688080405,62546.3454809808,104194.651745697
54318.7657846384,5146.28738161257,94493.819849502,59976.6236789797,101716.493153721
53705.200747804,5021.4860683022,92084.1388969947,57947.6736588511,100118.967745872
53364.3698087842,5117.03754369183,91782.9297227794,59272.2023757638,98871.1533343404
52470.7324999248,5394.03728029283,91447.0652406235,61662.0798391086,101110.827204877
52467.6022990339,5416.69035038946,121951.885846508,86159.3285680656,137678.209881847
58403.6922946558,5412.03809660064,138835.423823441,98817.0466567751,148505.267092525
57268.8958032572,4960.77748575217,141140.470298958,102691.828930127,153063.043791898
55876.3743448033,4674.2029211287,146943.947693918,110417.891277247,155191.476939622
56068.6064619067,4236.65795085344,158008.16422386,117055.452663426,164373.312690809
56631.8757900569,4343.92943378614,159915.554904247,119600.74368752,166025.865845831
57371.3844539182,4458.83758116869,161933.499739844,120913.507823634,166203.893714903
57868.4156081816,4470.03282589249,165458.108668605,120512.839478841,168499.076739451
58257.3254040442,4549.92626297544,166243.944436605,122002.208760521,171195.602967554
58167.3075993998,4485.05290287471,161499.218698726,119199.22589163,168512.697592559
55984.7964342827,4544.59092749604,151021.301698746,110060.255594956,160066.987062688
54203.2426638157,5175.02089842968,142565.15162455,103463.08280516,150377.95924233
58145.5784525677,5990.79095168243,136828.79307237,97576.1702350128,146639.500395453
58539.2614774841,6600.09270138091,105767.443411092,79594.8301149116,118125.148562061
59403.5484093572,6603.29372286262,110069.387426109,79516.8552810957,119388.10542003
60072.2713104368,6241.47136518687,112841.463320075,79336.1503322861,121416.213267201
60525.8286483112,6390.46627898887,111659.129868737,76229.5661653946,118466.676267202
58929.3668243359,6261.79645449126,108248.306990657,71443.9221404718,110103.143947955
57099.2548600944,5555.00892402377,102582.125640635,66521.1583348482,108120.699601472
55314.3249764386,5355.3931383123,96703.2688080405,62546.3454809808,104194.651745697
54318.7657846384,5146.28738161257,94493.819849502,59976.6236789797,101716.493153721
53705.200747804,5021.4860683022,92084.1388969947,57947.6736588511,100118.967745872
53364.3698087842,5117.03754369183,91782.9297227794,59272.2023757638,98871.1533343404
52470.7324999248,5394.03728029283,91447.0652406235,61662.0798391086,101110.827204877
52467.6022990339,5416.69035038946,121951.885846508,86159.3285680656,137678.209881847
58403.6922946558,5412.03809660064,138835.423823441,98817.0466567751,148505.267092525
57268.8958032572,4960.77748575217,141140.470298958,102691.828930127,153063.043791898
55876.3743448033,4674.2029211287,146943.947693918,110417.891277247,155191.476939622
56068.6064619067,4236.65795085344,158008.16422386,117055.452663426,164373.312690809
56631.8757900569,4343.92943378614,159915.554904247,119600.74368752,166025.865845831
57371.3844539182,4458.83758116869,161933.499739844,120913.507823634,166203.893714903
57868.4156081816,4470.03282589249,165458.108668605,120512.839478841,168499.076739451
58257.3254040442,4549.92626297544,166243.944436605,122002.208760521,171195.602967554
58167.3075993998,4485.05290287471,161499.218698726,119199.22589163,168512.697592559
55984.7964342827,4544.59092749604,151021.301698746,110060.255594956,160066.987062688
54203.2426638157,5175.02089842968,142565.15162455,103463.08280516,150377.95924233
58145.5784525677,5990.79095168243,136828.79307237,97576.1702350128,146639.500395453
58539.2614774841,6600.09270138091,105767.443411092,79594.8301149116,118125.148562061
59403.5484093572,6603.29372286262,110069.387426109,79516.8552810957,119388.10542003
60072.2713104368,6241.47136518687,112841.463320075,79336.1503322861,121416.213267201
60525.8286483112,6390.46627898887,111659.129868737,76229.5661653946,118466.676267202
58929.3668243359,6261.79645449126,108248.306990657,71443.9221404718,110103.143947955
57099.2548600944,5555.00892402377,102582.125640635,66521.1583348482,108120.699601472
55314.3249764386,5355.3931383123,96703.2688080405,62546.3454809808,104194.651745697
54318.7657846384,5146.28738161257,94493.819849502,59976.6236789797,101716.493153721
53705.200747804,5021.4860683022,92084.1388969947,57947.6736588511,100118.967745872
53364.3698087842,5117.03754369183,91782.9297227794,59272.2023757638,98871.1533343404
52470.7324999248,5394.03728029283,91447.0652406235,61662.0798391086,101110.827204877
52467.6022990339,5416.69035038946,121951.885846508,86159.3285680656,137678.209881847
58403.6922946558,5412.03809660064,138835.423823441,98817.0466567751,148505.267092525
57268.8958032572,4960.77748575217,141140.470298958,102691.828930127,153063.043791898
55876.3743448033,4674.2029211287,146943.947693918,110417.891277247,155191.476939622
56068.6064619067,4236.65795085344,158008.16422386,117055.452663426,164373.312690809
56631.8757900569,4343.92943378614,159915.554904247,119600.74368752,166025.865845831
57371.3844539182,4458.83758116869,161933.499739844,120913.507823634,166203.893714903
57868.4156081816,4470.03282589249,165458.108668605,120512.839478841,168499.076739451
58257.3254040442,4549.92626297544,166243.944436605,122002.208760521,171195.602967554
58167.3075993998,4485.05290287471,161499.218698726,119199.22589163,168512.697592559
55984.7964342827,4544.59092749604,151021.301698746,110060.255594956,160066.987062688
54203.2426638157,5175.02089842968,142565.15162455,103463.08280516,150377.95924233
58145.5784525677,5990.79095168243,136828.79307237,97576.1702350128,146639.500395453
58539.2614774841,6600.09270138091,105767.443411092,79594.8301149116,118125.148562061
59403.5484093572,6603.29372286262,110069.387426109,79516.8552810957,119388.10542003
60072.2713104368,6241.47136518687,112841.463320075,79336.1503322861,121416.213267201
60525.8286483112,6390.46627898887,111659.129868737,76229.5661653946,118466.676267202
58929.3668243359,6261.79645449126,108248.306990657,71443.9221404718,110103.143947955
57099.2548600944,5555.00892402377,102582.125640635,66521.1583348482,108120.699601472
55314.3249764386,5355.3931383123,96703.2688080405,62546.3454809808,104194.651745697
54318.7657846384,5146.28738161257,94493.819849502,59976.6236789797,101716.493153721
53705.200747804,5021.4860683022,92084.1388969947,57947.6736588511,100118.967745872
53364.3698087842,5117.03754369183,91782.9297227794,59272.2023757638,98871.1533343404
52470.7324999248,5394.03728029283,91447.0652406235,61662.0798391086,101110.827204877
52467.6022990339,5416.69035038946,121951.885846508,86159.3285680656,137678.209881847
58403.6922946558,5412.03809660064,138835.423823441,98817.0466567751,148505.267092525
57268.8958032572,4960.77748575217,141140.470298958,102691.828930127,153063.043791898
55876.3743448033,4674.2029211287,146943.947693918,110417.891277247,155191.476939622
56068.6064619067,4236.65795085344,158008.16422386,117055.452663426,164373.312690809
56631.8757900569,4343.92943378614,159915.554904247,119600.74368752,166025.865845831
57371.3844539182,4458.83758116869,161933.499739844,120913.507823634,166203.893714903
57868.4156081816,4470.03282589249,165458.108668605,120512.839478841,168499.076739451
58257.3254040442,4549.92626297544,166243.944436605,122002.208760521,171195.602967554
58167.3075993998,4485.05290287471,161499.218698726,119199.22589163,168512.697592559
55984.7964342827,4544.59092749604,151021.301698746,110060.255594956,160066.987062688
54203.2426638157,5175.02089842968,142565.15162455,103463.08280516,150377.95924233
58145.5784525677,5990.79095168243,136828.79307237,97576.1702350128,146639.500395453
58539.2614774841,6600.09270138091,105767.443411092,79594.8301149116,118125.148562061
59403.5484093572,6603.29372286262,110069.387426109,79516.8552810957,119388.10542003
60072.2713104368,6241.47136518687,112841.463320075,79336.1503322861,121416.213267201
60525.8286483112,6390.46627898887,111659.129868737,76229.5661653946,118466.676267202
58929.3668243359,6261.79645449126,108248.306990657,71443.9221404718,110103.143947955
57099.2548600944,5555.00892402377,102582.125640635,66521.1583348482,108120.699601472
55314.3249764386,5355.3931383123,96703.2688080405,62546.3454809808,104194.651745697
54318.7657846384,5146.28738161257,94493.819849502,59976.6236789797,101716.493153721
53705.200747804,5021.4860683022,92084.1388969947,57947.6736588511,100118.967745872
53364.3698087842,5117.03754369183,91782.9297227794,59272.2023757638,98871.1533343404
52470.7324999248,5394.03728029283,91447.0652406235,61662.0798391086,101110.827204877
52467.6022990339,5416.69035038946,121951.885846508,86159.3285680656,137678.209881847
58403.6922946558,5412.03809660064,138835.423823441,98817.0466567751,148505.267092525
57268.8958032572,4960.77748575217,141140.470298958,102691.828930127,153063.043791898
55876.3743448033,4674.2029211287,146943.947693918,110417.891277247,155191.476939622
56068.6064619067,4236.65795085344,158008.16422386,117055.452663426,164373.312690809
56631.8757900569,4343.92943378614,159915.554904247,119600.74368752,166025.865845831
57371.3844539182,4458.83758116869,161933.499739844,120913.507823634,166203.893714903
57868.4156081816,4470.03282589249,165458.108668605,120512.839478841,168499.076739451
58257.3254040442,4549.92626297544,166243.944436605,122002.208760521,171195.602967554
58167.3075993998,4485.05290287471,161499.218698726,119199.22589163,168512.697592559
55984.7964342827,4544.59092749604,151021.301698746,110060.255594956,160066.987062688
54203.2426638157,5175.02089842968,142565.15162455,103463.08280516,150377.95924233
58145.5784525677,5990.79095168243,136828.79307237,97576.1702350128,146639.500395453
58539.2614774841,6600.09270138091,105767.443411092,79594.8301149116,118125.148562061
59403.5484093572,6603.29372286262,110069.387426109,79516.8552810957,119388.10542003
60072.2713104368,6241.47136518687,112841.463320075,79336.1503322861,121416.213267201
60525.8286483112,6390.46627898887,111659.129868737,76229.5661653946,118466.676267202
58929.3668243359,6261.79645449126,108248.306990657,71443.9221404718,110103.143947955
57099.2548600944,5555.00892402377,102582.125640635,66521.1583348482,108120.699601472
55314.3249764386,5355.3931383123,96703.2688080405,62546.3454809808,104194.651745697
54318.7657846384,5146.28738161257,94493.819849502,59976.6236789797,101716.493153721
53705.200747804,5021.4860683022,92084.1388969947,57947.6736588511,100118.967745872
53364.3698087842,5117.03754369183,91782.9297227794,59272.2023757638,98871.1533343404
52470.7324999248,5394.03728029283,91447.0652406235,61662.0798391086,101110.827204877
52467.6022990339,5416.69035038946,121951.885846508,86159.3285680656,137678.209881847
58403.6922946558,5412.03809660064,138835.423823441,98817.0466567751,148505.267092525
57268.8958032572,4960.77748575217,141140.470298958,102691.828930127,153063.043791898
55876.3743448033,4674.2029211287,146943.947693918,110417.891277247,155191.476939622
56068.6064619067,4236.65795085344,158008.16422386,117055.452663426,164373.312690809
56631.8757900569,4343.92943378614,159915.554904247,119600.74368752,166025.865845831
57371.3844539182,4458.83758116869,161933.499739844,120913.507823634,166203.893714903
57868.4156081816,4470.03282589249,165458.108668605,120512.839478841,168499.076739451
58257.3254040442,4549.92626297544,166243.944436605,122002.208760521,171195.602967554
58167.3075993998,4485.05290287471,161499.218698726,119199.22589163,168512.697592559
55984.7964342827,4544.59092749604,151021.301698746,110060.255594956,160066.987062688
54203.2426638157,5175.02089842968,142565.15162455,103463.08280516,150377.95924233
58145.5784525677,5990.79095168243,136828.79307237,97576.1702350128,146639.500395453
58539.2614774841,6600.09270138091,105767.443411092,79594.8301149116,118125.148562061
59403.5484093572,6603.29372286262,110069.387426109,79516.8552810957,119388.10542003
60072.2713104368,6241.47136518687,112841.463320075,79336.1503322861,121416.213267201
60525.8286483112,6390.46627898887,111659.129868737,76229.5661653946,118466.676267202
58929.3668243359,6261.79645449126,108248.306990657,71443.9221404718,110103.143947955
57099.2548600944,5555.00892402377,102582.125640635,66521.1583348482,108120.699601472
55314.3249764386,5355.3931383123,96703.2688080405,62546.3454809808,104194.651745697
54318.7657846384,5146.28738161257,94493.819849502,59976.6236789797,101716.493153721
53705.200747804,5021.4860683022,92084.1388969947,57947.6736588511,100118.967745872
53364.3698087842,5117.03754369183,91782.9297227794,59272.2023757638,98871.1533343404
52470.7324999248,5394.03728029283,91447.0652406235,61662.0798391086,101110.827204877
52467.6022990339,5416.69035038946,121951.885846508,86159.3285680656,137678.209881847
58403.6922946558,5412.03809660064,138835.423823441,98817.0466567751,148505.267092525
57268.8958032572,4960.77748575217,141140.470298958,102691.828930127,153063.043791898
55876.3743448033,4674.2029211287,146943.947693918,110417.891277247,155191.476939622
56068.6064619067,4236.65795085344,158008.16422386,117055.452663426,164373.312690809
56631.8757900569,4343.92943378614,159915.554904247,119600.74368752,166025.865845831
57371.3844539182,4458.83758116869,161933.499739844,120913.507823634,166203.893714903
57868.4156081816,4470.03282589249,165458.108668605,120512.839478841,168499.076739451
58257.3254040442,4549.92626297544,166243.944436605,122002.208760521,171195.602967554
58167.3075993998,4485.05290287471,161499.218698726,119199.22589163,168512.697592559
55984.7964342827,4544.59092749604,151021.301698746,110060.255594956,160066.987062688
54203.2426638157,5175.02089842968,142565.15162455,103463.08280516,150377.95924233
58145.5784525677,5990.79095168243,136828.79307237,97576.1702350128,146639.500395453
58539.2614774841,6600.09270138091,105767.443411092,79594.8301149116,118125.148562061
59403.5484093572,6603.29372286262,110069.387426109,79516.8552810957,119388.10542003
60072.2713104368,6241.47136518687,112841.463320075,79336.1503322861,121416.213267201
60525.8286483112,6390.46627898887,111659.129868737,76229.5661653946,118466.676267202
58929.3668243359,6261.79645449126,108248.306990657,71443.9221404718,110103.143947955
57099.2548600944,5555.00892402377,102582.125640635,66521.1583348482,108120.699601472
55314.3249764386,5355.3931383123,96703.2688080405,62546.3454809808,104194.651745697
54318.7657846384,5146.28738161257,94493.819849502,59976.6236789797,101716.493153721
53705.200747804,5021.4860683022,92084.1388969947,57947.6736588511,100118.967745872
53364.3698087842,5117.03754369183,91782.9297227794,59272.2023757638,98871.1533343404
52470.7324999248,5394.03728029283,91447.0652406235,61662.0798391086,101110.827204877
52467.6022990339,5416.69035038946,121951.885846508,86159.3285680656,137678.209881847
58403.6922946558,5412.03809660064,138835.423823441,98817.0466567751,148505.267092525
57268.8958032572,4960.77748575217,141140.470298958,102691.828930127,153063.043791898
55876.3743448033,4674.2029211287,146943.947693918,110417.891277247,155191.476939622
56068.6064619067,4236.65795085344,158008.16422386,117055.452663426,164373.312690809
56631.8757900569,4343.92943378614,159915.554904247,119600.74368752,166025.865845831
57371.3844539182,4458.83758116869,161933.499739844,120913.507823634,166203.893714903
57868.4156081816,4470.03282589249,165458.108668605,120512.839478841,168499.076739451
58257.3254040442,4549.92626297544,166243.944436605,122002.208760521,171195.602967554
58167.3075993998,4485.05290287471,161499.218698726,119199.22589163,168512.697592559
55984.7964342827,4544.59092749604,151021.301698746,110060.255594956,160066.987062688
54203.2426638157,5175.02089842968,142565.15162455,103463.08280516,150377.95924233
58145.5784525677,5990.79095168243,136828.79307237,97576.1702350128,146639.500395453
58539.2614774841,6600.09270138091,105767.443411092,79594.8301149116,118125.148562061
59403.5484093572,6603.29372286262,110069.387426109,79516.8552810957,119388.10542003
60072.2713104368,6241.47136518687,112841.463320075,79336.1503322861,121416.213267201
60525.8286483112,6390.46627898887,111659.129868737,76229.5661653946,118466.676267202
58929.3668243359,6261.79645449126,108248.306990657,71443.9221404718,110103.143947955
57099.2548600944,5555.00892402377,102582.125640635,66521.1583348482,108120.699601472
55314.3249764386,5355.3931383123,96703.2688080405,62546.3454809808,104194.651745697
54318.7657846384,5146.28738161257,94493.819849502,59976.6236789797,101716.493153721
53705.200747804,5021.4860683022,92084.1388969947,57947.6736588511,100118.967745872
53364.3698087842,5117.03754369183,91782.9297227794,59272.2023757638,98871.1533343404
52470.7324999248,5394.03728029283,91447.0652406235,61662.0798391086,101110.827204877
52467.6022990339,5416.69035038946,121951.885846508,86159.3285680656,137678.209881847
58403.6922946558,5412.03809660064,138835.423823441,98817.0466567751,148505.267092525
57268.8958032572,4960.77748575217,141140.470298958,102691.828930127,153063.043791898
55876.3743448033,4674.2029211287,146943.947693918,110417.891277247,155191.476939622
56068.6064619067,4236.65795085344,158008.16422386,117055.452663426,164373.312690809
56631.8757900569,4343.92943378614,159915.554904247,119600.74368752,166025.865845831
57371.3844539182,4458.83758116869,161933.499739844,120913.507823634,166203.893714903
57868.4156081816,4470.03282589249,165458.108668605,120512.839478841,168499.076739451
58257.3254040442,4549.92626297544,166243.944436605,122002.208760521,171195.602967554
58167.3075993998,4485.05290287471,161499.218698726,119199.22589163,168512.697592559
55984.7964342827,4544.59092749604,151021.301698746,110060.255594956,160066.987062688
54203.2426638157,5175.02089842968,142565.15162455,103463.08280516,150377.95924233
58145.5784525677,5990.79095168243,136828.79307237,97576.1702350128,146639.500395453
58539.2614774841,6600.09270138091,105767.443411092,79594.8301149116,118125.148562061
59403.5484093572,6603.29372286262,110069.387426109,79516.8552810957,119388.10542003
60072.2713104368,6241.47136518687,112841.463320075,79336.1503322861,121416.213267201
60525.8286483112,6390.46627898887,111659.129868737,76229.5661653946,118466.676267202
58929.3668243359,6261.79645449126,108248.306990657,71443.9221404718,110103.143947955
57099.2548600944,5555.00892402377,102582.125640635,66521.1583348482,108120.699601472
55314.3249764386,5355.3931383123,96703.2688080405,62546.3454809808,104194.651745697
54318.7657846384,5146.28738161257,94493.819849502,59976.6236789797,101716.493153721
53705.200747804,5021.4860683022,92084.1388969947,57947.6736588511,100118.967745872
53364.3698087842,5117.03754369183,91782.9297227794,59272.2023757638,98871.1533343404
52470.7324999248,5394.03728029283,91447.0652406235,61662.0798391086,101110.827204877
52467.6022990339,5416.69035038946,121951.885846508,86159.3285680656,137678.209881847
58403.6922946558,5412.03809660064,138835.423823441,98817.0466567751,148505.267092525
57268.8958032572,4960.77748575217,141140.470298958,102691.828930127,153063.043791898
55876.3743448033,4674.2029211287,146943.947693918,110417.891277247,155191.476939622
56068.6064619067,4236.65795085344,158008.16422386,117055.452663426,164373.312690809
56631.8757900569,4343.92943378614,159915.554904247,119600.74368752,166025.865845831
57371.3844539182,4458.83758116869,161933.499739844,120913.507823634,166203.893714903
57868.4156081816,4470.03282589249,165458.108668605,120512.839478841,168499.076739451
58257.3254040442,4549.92626297544,166243.944436605,122002.208760521,171195.602967554
58167.3075993998,4485.05290287471,161499.218698726,119199.22589163,168512.697592559
55984.7964342827,4544.59092749604,151021.301698746,110060.255594956,160066.987062688
54203.2426638157,5175.02089842968,142565.15162455,103463.08280516,150377.95924233
58145.5784525677,5990.79095168243,136828.79307237,97576.1702350128,146639.500395453
58539.2614774841,6600.09270138091,105767.443411092,79594.8301149116,118125.148562061
59403.5484093572,6603.29372286262,110069.387426109,79516.8552810957,119388.10542003
60072.2713104368,6241.47136518687,112841.463320075,79336.1503322861,121416.213267201
60525.8286483112,6390.46627898887,111659.129868737,76229.5661653946,118466.676267202
58929.3668243359,6261.79645449126,108248.306990657,71443.9221404718,110103.143947955
57099.2548600944,5555.00892402377,102582.125640635,66521.1583348482,108120.699601472
55314.3249764386,5355.3931383123,96703.2688080405,62546.3454809808,104194.651745697
54318.7657846384,5146.28738161257,94493.819849502,59976.6236789797,101716.493153721
53705.200747804,5021.4860683022,92084.1388969947,57947.6736588511,100118.967745872
53364.3698087842,5117.03754369183,91782.9297227794,59272.2023757638,98871.1533343404
52470.7324999248,5394.03728029283,91447.0652406235,61662.0798391086,101110.827204877
52467.6022990339,5416.69035038946,121951.885846508,86159.3285680656,137678.209881847
58403.6922946558,5412.03809660064,138835.423823441,98817.0466567751,148505.267092525
57268.8958032572,4960.77748575217,141140.470298958,102691.828930127,153063.043791898
55876.3743448033,4674.2029211287,146943.947693918,110417.891277247,155191.476939622
56068.6064619067,4236.65795085344,158008.16422386,117055.452663426,164373.312690809
56631.8757900569,4343.92943378614,159915.554904247,119600.74368752,166025.865845831
57371.3844539182,4458.83758116869,161933.499739844,120913.507823634,166203.893714903
57868.4156081816,4470.03282589249,165458.108668605,120512.839478841,168499.076739451
58257.3254040442,4549.92626297544,166243.944436605,122002.208760521,171195.602967554
58167.3075993998,4485.05290287471,161499.218698726,119199.22589163,168512.697592559
55984.7964342827,4544.59092749604,151021.301698746,110060.255594956,160066.987062688
54203.2426638157,5175.02089842968,142565.15162455,103463.08280516,150377.95924233
58145.5784525677,5990.79095168243,136828.79307237,97576.1702350128,146639.500395453
58539.2614774841,6600.09270138091,105767.443411092,79594.8301149116,118125.148562061
59403.5484093572,6603.29372286262,110069.387426109,79516.8552810957,119388.10542003
60072.2713104368,6241.47136518687,112841.463320075,79336.1503322861,121416.213267201
60525.8286483112,6390.46627898887,111659.129868737,76229.5661653946,118466.676267202
58929.3668243359,6261.79645449126,108248.306990657,71443.9221404718,110103.143947955
57099.2548600944,5555.00892402377,102582.125640635,66521.1583348482,108120.699601472
55314.3249764386,5355.3931383123,96703.2688080405,62546.3454809808,104194.651745697
54318.7657846384,5146.28738161257,94493.819849502,59976.6236789797,101716.493153721
53705.200747804,5021.4860683022,92084.1388969947,57947.6736588511,100118.967745872
53364.3698087842,5117.03754369183,91782.9297227794,59272.2023757638,98871.1533343404
52470.7324999248,5394.03728029283,91447.0652406235,61662.0798391086,101110.827204877
52467.6022990339,5416.69035038946,121951.885846508,86159.3285680656,137678.209881847
58403.6922946558,5412.03809660064,138835.423823441,98817.0466567751,148505.267092525
57268.8958032572,4960.77748575217,141140.470298958,102691.828930127,153063.043791898
55876.3743448033,4674.2029211287,146943.947693918,110417.891277247,155191.476939622
56068.6064619067,4236.65795085344,158008.16422386,117055.452663426,164373.312690809
56631.8757900569,4343.92943378614,159915.554904247,119600.74368752,166025.865845831
57371.3844539182,4458.83758116869,161933.499739844,120913.507823634,166203.893714903
57868.4156081816,4470.03282589249,165458.108668605,120512.839478841,168499.076739451
58257.3254040442,4549.92626297544,166243.944436605,122002.208760521,171195.602967554
58167.3075993998,4485.05290287471,161499.218698726,119199.22589163,168512.697592559
55984.7964342827,4544.59092749604,151021.301698746,110060.255594956,160066.987062688
54203.2426638157,5175.02089842968,142565.15162455,103463.08280516,150377.95924233
58145.5784525677,5990.79095168243,136828.79307237,97576.1702350128,146639.500395453
58539.2614774841,6600.09270138091,105767.443411092,79594.8301149116,118125.148562061
59403.5484093572,6603.29372286262,110069.387426109,79516.8552810957,119388.10542003
60072.2713104368,6241.47136518687,112841.463320075,79336.1503322861,121416.213267201
60525.8286483112,6390.46627898887,111659.129868737,76229.5661653946,118466.676267202
58929.3668243359,6261.79645449126,108248.306990657,71443.9221404718,110103.143947955
57099.2548600944,5555.00892402377,102582.125640635,66521.1583348482,108120.699601472
55314.3249764386,5355.3931383123,96703.2688080405,62546.3454809808,104194.651745697
54318.7657846384,5146.28738161257,94493.819849502,59976.6236789797,101716.493153721
53705.200747804,5021.4860683022,92084.1388969947,57947.6736588511,100118.967745872
53364.3698087842,5117.03754369183,91782.9297227794,59272.2023757638,98871.1533343404
52470.7324999248,5394.03728029283,91447.0652406235,61662.0798391086,101110.827204877
52467.6022990339,5416.69035038946,121951.885846508,86159.3285680656,137678.209881847
58403.6922946558,5412.03809660064,138835.423823441,98817.0466567751,148505.267092525
57268.8958032572,4960.77748575217,141140.470298958,102691.828930127,153063.043791898
55876.3743448033,4674.2029211287,146943.947693918,110417.891277247,155191.476939622
56068.6064619067,4236.65795085344,158008.16422386,117055.452663426,164373.312690809
56631.8757900569,4343.92943378614,159915.554904247,119600.74368752,166025.865845831
57371.3844539182,4458.83758116869,161933.499739844,120913.507823634,166203.893714903
57868.4156081816,4470.03282589249,165458.108668605,120512.839478841,168499.076739451
58257.3254040442,4549.92626297544,166243.944436605,122002.208760521,171195.602967554
58167.3075993998,4485.05290287471,161499.218698726,119199.22589163,168512.697592559
55984.7964342827,4544.59092749604,151021.301698746,110060.255594956,160066.987062688
54203.2426638157,5175.02089842968,142565.15162455,103463.08280516,150377.95924233
58145.5784525677,5990.79095168243,136828.79307237,97576.1702350128,146639.500395453
58539.2614774841,6600.09270138091,105767.443411092,79594.8301149116,118125.148562061
59403.5484093572,6603.29372286262,110069.387426109,79516.8552810957,119388.10542003
60072.2713104368,6241.47136518687,112841.463320075,79336.1503322861,121416.213267201
60525.8286483112,6390.46627898887,111659.129868737,76229.5661653946,118466.676267202
58929.3668243359,6261.79645449126,108248.306990657,71443.9221404718,110103.143947955
57099.2548600944,5555.00892402377,102582.125640635,66521.1583348482,108120.699601472
55314.3249764386,5355.3931383123,96703.2688080405,62546.3454809808,104194.651745697
54318.7657846384,5146.28738161257,94493.819849502,59976.6236789797,101716.493153721
53705.200747804,5021.4860683022,92084.1388969947,57947.6736588511,100118.967745872
53364.3698087842,5117.03754369183,91782.9297227794,59272.2023757638,98871.1533343404
52470.7324999248,5394.03728029283,91447.0652406235,61662.0798391086,101110.827204877
52467.6022990339,5416.69035038946,121951.885846508,86159.3285680656,137678.209881847
58403.6922946558,5412.03809660064,138835.423823441,98817.0466567751,148505.267092525
57268.8958032572,4960.77748575217,141140.470298958,102691.828930127,153063.043791898
55876.3743448033,4674.2029211287,146943.947693918,110417.891277247,155191.476939622
56068.6064619067,4236.65795085344,158008.16422386,117055.452663426,164373.312690809
56631.8757900569,4343.92943378614,159915.554904247,119600.74368752,166025.865845831
57371.3844539182,4458.83758116869,161933.499739844,120913.507823634,166203.893714903
57868.4156081816,4470.03282589249,165458.108668605,120512.839478841,168499.076739451
58257.3254040442,4549.92626297544,166243.944436605,122002.208760521,171195.602967554
58167.3075993998,4485.05290287471,161499.218698726,119199.22589163,168512.697592559
55984.7964342827,4544.59092749604,151021.301698746,110060.255594956,160066.987062688
54203.2426638157,5175.02089842968,142565.15162455,103463.08280516,150377.95924233
58145.5784525677,5990.79095168243,136828.79307237,97576.1702350128,146639.500395453
58539.2614774841,6600.09270138091,105767.443411092,79594.8301149116,118125.148562061
59403.5484093572,6603.29372286262,110069.387426109,79516.8552810957,119388.10542003
60072.2713104368,6241.47136518687,112841.463320075,79336.1503322861,121416.213267201
60525.8286483112,6390.46627898887,111659.129868737,76229.5661653946,118466.676267202
58929.3668243359,6261.79645449126,108248.306990657,71443.9221404718,110103.143947955
57099.2548600944,5555.00892402377,102582.125640635,66521.1583348482,108120.699601472
55314.3249764386,5355.3931383123,96703.2688080405,62546.3454809808,104194.651745697
54318.7657846384,5146.28738161257,94493.819849502,59976.6236789797,101716.493153721
53705.200747804,5021.4860683022,92084.1388969947,57947.6736588511,100118.967745872
53364.3698087842,5117.03754369183,91782.9297227794,59272.2023757638,98871.1533343404
52470.7324999248,5394.03728029283,91447.0652406235,61662.0798391086,101110.827204877
52467.6022990339,5416.69035038946,121951.885846508,86159.3285680656,137678.209881847
58403.6922946558,5412.03809660064,138835.423823441,98817.0466567751,148505.267092525
57268.8958032572,4960.77748575217,141140.470298958,102691.828930127,153063.043791898
55876.3743448033,4674.2029211287,146943.947693918,110417.891277247,155191.476939622
56068.6064619067,4236.65795085344,158008.16422386,117055.452663426,164373.312690809
56631.8757900569,4343.92943378614,159915.554904247,119600.74368752,166025.865845831
57371.3844539182,4458.83758116869,161933.499739844,120913.507823634,166203.893714903
57868.4156081816,4470.03282589249,165458.108668605,120512.839478841,168499.076739451
58257.3254040442,4549.92626297544,166243.944436605,122002.208760521,171195.602967554
58167.3075993998,4485.05290287471,161499.218698726,119199.22589163,168512.697592559
55984.7964342827,4544.59092749604,151021.301698746,110060.255594956,160066.987062688
54203.2426638157,5175.02089842968,142565.15162455,103463.08280516,150377.95924233
58145.5784525677,5990.79095168243,136828.79307237,97576.1702350128,146639.500395453
58539.2614774841,6600.09270138091,105767.443411092,79594.8301149116,118125.148562061
59403.5484093572,6603.29372286262,110069.387426109,79516.8552810957,119388.10542003
60072.2713104368,6241.47136518687,112841.463320075,79336.1503322861,121416.213267201
60525.8286483112,6390.46627898887,111659.129868737,76229.5661653946,118466.676267202
58929.3668243359,6261.79645449126,108248.306990657,71443.9221404718,110103.143947955
57099.2548600944,5555.00892402377,102582.125640635,66521.1583348482,108120.699601472
55314.3249764386,5355.3931383123,96703.2688080405,62546.3454809808,104194.651745697
54318.7657846384,5146.28738161257,94493.819849502,59976.6236789797,101716.493153721
53705.200747804,5021.4860683022,92084.1388969947,57947.6736588511,100118.967745872
53364.3698087842,5117.03754369183,91782.9297227794,59272.2023757638,98871.1533343404
52470.7324999248,5394.03728029283,91447.0652406235,61662.0798391086,101110.827204877
52467.6022990339,5416.69035038946,121951.885846508,86159.3285680656,137678.209881847
58403.6922946558,5412.03809660064,138835.423823441,98817.0466567751,148505.267092525
57268.8958032572,4960.77748575217,141140.470298958,102691.828930127,153063.043791898
55876.3743448033,4674.2029211287,146943.947693918,110417.891277247,155191.476939622
56068.6064619067,4236.65795085344,158008.16422386,117055.452663426,164373.312690809
56631.8757900569,4343.92943378614,159915.554904247,119600.74368752,166025.865845831
57371.3844539182,4458.83758116869,161933.499739844,120913.507823634,166203.893714903
57868.4156081816,4470.03282589249,165458.108668605,120512.839478841,168499.076739451
58257.3254040442,4549.92626297544,166243.944436605,122002.208760521,171195.602967554
58167.3075993998,4485.05290287471,161499.218698726,119199.22589163,168512.697592559
55984.7964342827,4544.59092749604,151021.301698746,110060.255594956,160066.987062688
54203.2426638157,5175.02089842968,142565.15162455,103463.08280516,150377.95924233
58145.5784525677,5990.79095168243,136828.79307237,97576.1702350128,146639.500395453
58539.2614774841,6600.09270138091,105767.443411092,79594.8301149116,118125.148562061
59403.5484093572,6603.29372286262,110069.387426109,79516.8552810957,119388.10542003
60072.2713104368,6241.47136518687,112841.463320075,79336.1503322861,121416.213267201
60525.8286483112,6390.46627898887,111659.129868737,76229.5661653946,118466.676267202
58929.3668243359,6261.79645449126,108248.306990657,71443.9221404718,110103.143947955
57099.2548600944,5555.00892402377,102582.125640635,66521.1583348482,108120.699601472
55314.3249764386,5355.3931383123,96703.2688080405,62546.3454809808,104194.651745697
54318.7657846384,5146.28738161257,94493.819849502,59976.6236789797,101716.493153721
53705.200747804,5021.4860683022,92084.1388969947,57947.6736588511,100118.967745872
53364.3698087842,5117.03754369183,91782.9297227794,59272.2023757638,98871.1533343404
52470.7324999248,5394.03728029283,91447.0652406235,61662.0798391086,101110.827204877
52467.6022990339,5416.69035038946,121951.885846508,86159.3285680656,137678.209881847
58403.6922946558,5412.03809660064,138835.423823441,98817.0466567751,148505.267092525
57268.8958032572,4960.77748575217,141140.470298958,102691.828930127,153063.043791898
55876.3743448033,4674.2029211287,146943.947693918,110417.891277247,155191.476939622
56068.6064619067,4236.65795085344,158008.16422386,117055.452663426,164373.312690809
56631.8757900569,4343.92943378614,159915.554904247,119600.74368752,166025.865845831
57371.3844539182,4458.83758116869,161933.499739844,120913.507823634,166203.893714903
57868.4156081816,4470.03282589249,165458.108668605,120512.839478841,168499.076739451
58257.3254040442,4549.92626297544,166243.944436605,122002.208760521,171195.602967554
58167.3075993998,4485.05290287471,161499.218698726,119199.22589163,168512.697592559
55984.7964342827,4544.59092749604,151021.301698746,110060.255594956,160066.987062688
54203.2426638157,5175.02089842968,142565.15162455,103463.08280516,150377.95924233
58145.5784525677,5990.79095168243,136828.79307237,97576.1702350128,146639.500395453
58539.2614774841,6600.09270138091,105767.443411092,79594.8301149116,118125.148562061
59403.5484093572,6603.29372286262,110069.387426109,79516.8552810957,119388.10542003
60072.2713104368,6241.47136518687,112841.463320075,79336.1503322861,121416.213267201
60525.8286483112,6390.46627898887,111659.129868737,76229.5661653946,118466.676267202
58929.3668243359,6261.79645449126,108248.306990657,71443.9221404718,110103.143947955
57099.2548600944,5555.00892402377,102582.125640635,66521.1583348482,108120.699601472
55314.3249764386,5355.3931383123,96703.2688080405,62546.3454809808,104194.651745697
54318.7657846384,5146.28738161257,94493.819849502,59976.6236789797,101716.493153721
53705.200747804,5021.4860683022,92084.1388969947,57947.6736588511,100118.967745872
53364.3698087842,5117.03754369183,91782.9297227794,59272.2023757638,98871.1533343404
52470.7324999248,5394.03728029283,91447.0652406235,61662.0798391086,101110.827204877
52467.6022990339,5416.69035038946,121951.885846508,86159.3285680656,137678.209881847
58403.6922946558,5412.03809660064,138835.423823441,98817.0466567751,148505.267092525
57268.8958032572,4960.77748575217,141140.470298958,102691.828930127,153063.043791898
55876.3743448033,4674.2029211287,146943.947693918,110417.891277247,155191.476939622
56068.6064619067,4236.65795085344,158008.16422386,117055.452663426,164373.312690809
56631.8757900569,4343.92943378614,159915.554904247,119600.74368752,166025.865845831
57371.3844539182,4458.83758116869,161933.499739844,120913.507823634,166203.893714903
57868.4156081816,4470.03282589249,165458.108668605,120512.839478841,168499.076739451
58257.3254040442,4549.92626297544,166243.944436605,122002.208760521,171195.602967554
58167.3075993998,4485.05290287471,161499.218698726,119199.22589163,168512.697592559
55984.7964342827,4544.59092749604,151021.301698746,110060.255594956,160066.987062688
54203.2426638157,5175.02089842968,142565.15162455,103463.08280516,150377.95924233
58145.5784525677,5990.79095168243,136828.79307237,97576.1702350128,146639.500395453
58539.2614774841,6600.09270138091,105767.443411092,79594.8301149116,118125.148562061
59403.5484093572,6603.29372286262,110069.387426109,79516.8552810957,119388.10542003
60072.2713104368,6241.47136518687,112841.463320075,79336.1503322861,121416.213267201
60525.8286483112,6390.46627898887,111659.129868737,76229.5661653946,118466.676267202
58929.3668243359,6261.79645449126,108248.306990657,71443.9221404718,110103.143947955
57099.2548600944,5555.00892402377,102582.125640635,66521.1583348482,108120.699601472
55314.3249764386,5355.3931383123,96703.2688080405,62546.3454809808,104194.651745697
54318.7657846384,5146.28738161257,94493.819849502,59976.6236789797,101716.493153721
53705.200747804,5021.4860683022,92084.1388969947,57947.6736588511,100118.967745872
53364.3698087842,5117.03754369183,91782.9297227794,59272.2023757638,98871.1533343404
52470.7324999248,5394.03728029283,91447.0652406235,61662.0798391086,101110.827204877
52467.6022990339,5416.69035038946,121951.885846508,86159.3285680656,137678.209881847
58403.6922946558,5412.03809660064,138835.423823441,98817.0466567751,148505.267092525
57268.8958032572,4960.77748575217,141140.470298958,102691.828930127,153063.043791898
55876.3743448033,4674.2029211287,146943.947693918,110417.891277247,155191.476939622
56068.6064619067,4236.65795085344,158008.16422386,117055.452663426,164373.312690809
56631.8757900569,4343.92943378614,159915.554904247,119600.74368752,166025.865845831
57371.3844539182,4458.83758116869,161933.499739844,120913.507823634,166203.893714903
57868.4156081816,4470.03282589249,165458.108668605,120512.839478841,168499.076739451
58257.3254040442,4549.92626297544,166243.944436605,122002.208760521,171195.602967554
58167.3075993998,4485.05290287471,161499.218698726,119199.22589163,168512.697592559
55984.7964342827,4544.59092749604,151021.301698746,110060.255594956,160066.987062688
54203.2426638157,5175.02089842968,142565.15162455,103463.08280516,150377.95924233
58145.5784525677,5990.79095168243,136828.79307237,97576.1702350128,146639.500395453
58539.2614774841,6600.09270138091,105767.443411092,79594.8301149116,118125.148562061
59403.5484093572,6603.29372286262,110069.387426109,79516.8552810957,119388.10542003
60072.2713104368,6241.47136518687,112841.463320075,79336.1503322861,121416.213267201
60525.8286483112,6390.46627898887,111659.129868737,76229.5661653946,118466.676267202
58929.3668243359,6261.79645449126,108248.306990657,71443.9221404718,110103.143947955
57099.2548600944,5555.00892402377,102582.125640635,66521.1583348482,108120.699601472
55314.3249764386,5355.3931383123,96703.2688080405,62546.3454809808,104194.651745697
54318.7657846384,5146.28738161257,94493.819849502,59976.6236789797,101716.493153721
53705.200747804,5021.4860683022,92084.1388969947,57947.6736588511,100118.967745872
53364.3698087842,5117.03754369183,91782.9297227794,59272.2023757638,98871.1533343404
52470.7324999248,5394.03728029283,91447.0652406235,61662.0798391086,101110.827204877
52467.6022990339,5416.69035038946,121951.885846508,86159.3285680656,137678.209881847
58403.6922946558,5412.03809660064,138835.423823441,98817.0466567751,148505.267092525
57268.8958032572,4960.77748575217,141140.470298958,102691.828930127,153063.043791898
55876.3743448033,4674.2029211287,146943.947693918,110417.891277247,155191.476939622
56068.6064619067,4236.65795085344,158008.16422386,117055.452663426,164373.312690809
56631.8757900569,4343.92943378614,159915.554904247,119600.74368752,166025.865845831
57371.3844539182,4458.83758116869,161933.499739844,120913.507823634,166203.893714903
57868.4156081816,4470.03282589249,165458.108668605,120512.839478841,168499.076739451
58257.3254040442,4549.92626297544,166243.944436605,122002.208760521,171195.602967554
58167.3075993998,4485.05290287471,161499.218698726,119199.22589163,168512.697592559
55984.7964342827,4544.59092749604,151021.301698746,110060.255594956,160066.987062688
54203.2426638157,5175.02089842968,142565.15162455,103463.08280516,150377.95924233
58145.5784525677,5990.79095168243,136828.79307237,97576.1702350128,146639.500395453
58539.2614774841,6600.09270138091,105767.443411092,79594.8301149116,118125.148562061
59403.5484093572,6603.29372286262,110069.387426109,79516.8552810957,119388.10542003
60072.2713104368,6241.47136518687,112841.463320075,79336.1503322861,121416.213267201
60525.8286483112,6390.46627898887,111659.129868737,76229.5661653946,118466.676267202
58929.3668243359,6261.79645449126,108248.306990657,71443.9221404718,110103.143947955
57099.2548600944,5555.00892402377,102582.125640635,66521.1583348482,108120.699601472
55314.3249764386,5355.3931383123,96703.2688080405,62546.3454809808,104194.651745697
54318.7657846384,5146.28738161257,94493.819849502,59976.6236789797,101716.493153721
53705.200747804,5021.4860683022,92084.1388969947,57947.6736588511,100118.967745872
53364.3698087842,5117.03754369183,91782.9297227794,59272.2023757638,98871.1533343404
52470.7324999248,5394.03728029283,91447.0652406235,61662.0798391086,101110.827204877
52467.6022990339,5416.69035038946,121951.885846508,86159.3285680656,137678.209881847
58403.6922946558,5412.03809660064,138835.423823441,98817.0466567751,148505.267092525
57268.8958032572,4960.77748575217,141140.470298958,102691.828930127,153063.043791898
55876.3743448033,4674.2029211287,146943.947693918,110417.891277247,155191.476939622
56068.6064619067,4236.65795085344,158008.16422386,117055.452663426,164373.312690809
56631.8757900569,4343.92943378614,159915.554904247,119600.74368752,166025.865845831
57371.3844539182,4458.83758116869,161933.499739844,120913.507823634,166203.893714903
57868.4156081816,4470.03282589249,165458.108668605,120512.839478841,168499.076739451
58257.3254040442,4549.92626297544,166243.944436605,122002.208760521,171195.602967554
58167.3075993998,4485.05290287471,161499.218698726,119199.22589163,168512.697592559
55984.7964342827,4544.59092749604,151021.301698746,110060.255594956,160066.987062688
54203.2426638157,5175.02089842968,142565.15162455,103463.08280516,150377.95924233
58145.5784525677,5990.79095168243,136828.79307237,97576.1702350128,146639.500395453
58539.2614774841,6600.09270138091,105767.443411092,79594.8301149116,118125.148562061
59403.5484093572,6603.29372286262,110069.387426109,79516.8552810957,119388.10542003
60072.2713104368,6241.47136518687,112841.463320075,79336.1503322861,121416.213267201
60525.8286483112,6390.46627898887,111659.129868737,76229.5661653946,118466.676267202
58929.3668243359,6261.79645449126,108248.306990657,71443.9221404718,110103.143947955
57099.2548600944,5555.00892402377,102582.125640635,66521.1583348482,108120.699601472
55314.3249764386,5355.3931383123,96703.2688080405,62546.3454809808,104194.651745697
54318.7657846384,5146.28738161257,94493.819849502,59976.6236789797,101716.493153721
53705.200747804,5021.4860683022,92084.1388969947,57947.6736588511,100118.967745872
53364.3698087842,5117.03754369183,91782.9297227794,59272.2023757638,98871.1533343404
52470.7324999248,5394.03728029283,91447.0652406235,61662.0798391086,101110.827204877
52467.6022990339,5416.69035038946,121951.885846508,86159.3285680656,137678.209881847
58403.6922946558,5412.03809660064,138835.423823441,98817.0466567751,148505.267092525
57268.8958032572,4960.77748575217,141140.470298958,102691.828930127,153063.043791898
55876.3743448033,4674.2029211287,146943.947693918,110417.891277247,155191.476939622
56068.6064619067,4236.65795085344,158008.16422386,117055.452663426,164373.312690809
56631.8757900569,4343.92943378614,159915.554904247,119600.74368752,166025.865845831
57371.3844539182,4458.83758116869,161933.499739844,120913.507823634,166203.893714903
57868.4156081816,4470.03282589249,165458.108668605,120512.839478841,168499.076739451
58257.3254040442,4549.92626297544,166243.944436605,122002.208760521,171195.602967554
58167.3075993998,4485.05290287471,161499.218698726,119199.22589163,168512.697592559
55984.7964342827,4544.59092749604,151021.301698746,110060.255594956,160066.987062688
54203.2426638157,5175.02089842968,142565.15162455,103463.08280516,150377.95924233
58145.5784525677,5990.79095168243,136828.79307237,97576.1702350128,146639.500395453
58539.2614774841,6600.09270138091,105767.443411092,79594.8301149116,118125.148562061
59403.5484093572,6603.29372286262,110069.387426109,79516.8552810957,119388.10542003
60072.2713104368,6241.47136518687,112841.463320075,79336.1503322861,121416.213267201
60525.8286483112,6390.46627898887,111659.129868737,76229.5661653946,118466.676267202
58929.3668243359,6261.79645449126,108248.306990657,71443.9221404718,110103.143947955
57099.2548600944,5555.00892402377,102582.125640635,66521.1583348482,108120.699601472
55314.3249764386,5355.3931383123,96703.2688080405,62546.3454809808,104194.651745697
54318.7657846384,5146.28738161257,94493.819849502,59976.6236789797,101716.493153721
53705.200747804,5021.4860683022,92084.1388969947,57947.6736588511,100118.967745872
53364.3698087842,5117.03754369183,91782.9297227794,59272.2023757638,98871.1533343404
52470.7324999248,5394.03728029283,91447.0652406235,61662.0798391086,101110.827204877
52467.6022990339,5416.69035038946,121951.885846508,86159.3285680656,137678.209881847
58403.6922946558,5412.03809660064,138835.423823441,98817.0466567751,148505.267092525
57268.8958032572,4960.77748575217,141140.470298958,102691.828930127,153063.043791898
55876.3743448033,4674.2029211287,146943.947693918,110417.891277247,155191.476939622
56068.6064619067,4236.65795085344,158008.16422386,117055.452663426,164373.312690809
56631.8757900569,4343.92943378614,159915.554904247,119600.74368752,166025.865845831
57371.3844539182,4458.83758116869,161933.499739844,120913.507823634,166203.893714903
57868.4156081816,4470.03282589249,165458.108668605,120512.839478841,168499.076739451
58257.3254040442,4549.92626297544,166243.944436605,122002.208760521,171195.602967554
58167.3075993998,4485.05290287471,161499.218698726,119199.22589163,168512.697592559
55984.7964342827,4544.59092749604,151021.301698746,110060.255594956,160066.987062688
54203.2426638157,5175.02089842968,142565.15162455,103463.08280516,150377.95924233
58145.5784525677,5990.79095168243,136828.79307237,97576.1702350128,146639.500395453
58539.2614774841,6600.09270138091,105767.443411092,79594.8301149116,118125.148562061
59403.5484093572,6603.29372286262,110069.387426109,79516.8552810957,119388.10542003
60072.2713104368,6241.47136518687,112841.463320075,79336.1503322861,121416.213267201
60525.8286483112,6390.46627898887,111659.129868737,76229.5661653946,118466.676267202
58929.3668243359,6261.79645449126,108248.306990657,71443.9221404718,110103.143947955
57099.2548600944,5555.00892402377,102582.125640635,66521.1583348482,108120.699601472
55314.3249764386,5355.3931383123,96703.2688080405,62546.3454809808,104194.651745697
54318.7657846384,5146.28738161257,94493.819849502,59976.6236789797,101716.493153721
53705.200747804,5021.4860683022,92084.1388969947,57947.6736588511,100118.967745872
53364.3698087842,5117.03754369183,91782.9297227794,59272.2023757638,98871.1533343404
52470.7324999248,5394.03728029283,91447.0652406235,61662.0798391086,101110.827204877
52467.6022990339,5416.69035038946,121951.885846508,86159.3285680656,137678.209881847
58403.6922946558,5412.03809660064,138835.423823441,98817.0466567751,148505.267092525
57268.8958032572,4960.77748575217,141140.470298958,102691.828930127,153063.043791898
55876.3743448033,4674.2029211287,146943.947693918,110417.891277247,155191.476939622
56068.6064619067,4236.65795085344,158008.16422386,117055.452663426,164373.312690809
56631.8757900569,4343.92943378614,159915.554904247,119600.74368752,166025.865845831
57371.3844539182,4458.83758116869,161933.499739844,120913.507823634,166203.893714903
57868.4156081816,4470.03282589249,165458.108668605,120512.839478841,168499.076739451
58257.3254040442,4549.92626297544,166243.944436605,122002.208760521,171195.602967554
58167.3075993998,4485.05290287471,161499.218698726,119199.22589163,168512.697592559
55984.7964342827,4544.59092749604,151021.301698746,110060.255594956,160066.987062688
54203.2426638157,5175.02089842968,142565.15162455,103463.08280516,150377.95924233
58145.5784525677,5990.79095168243,136828.79307237,97576.1702350128,146639.500395453
58539.2614774841,6600.09270138091,105767.443411092,79594.8301149116,118125.148562061
59403.5484093572,6603.29372286262,110069.387426109,79516.8552810957,119388.10542003
60072.2713104368,6241.47136518687,112841.463320075,79336.1503322861,121416.213267201
60525.8286483112,6390.46627898887,111659.129868737,76229.5661653946,118466.676267202
58929.3668243359,6261.79645449126,108248.306990657,71443.9221404718,110103.143947955
57099.2548600944,5555.00892402377,102582.125640635,66521.1583348482,108120.699601472
55314.3249764386,5355.3931383123,96703.2688080405,62546.3454809808,104194.651745697
54318.7657846384,5146.28738161257,94493.819849502,59976.6236789797,101716.493153721
53705.200747804,5021.4860683022,92084.1388969947,57947.6736588511,100118.967745872
53364.3698087842,5117.03754369183,91782.9297227794,59272.2023757638,98871.1533343404
52470.7324999248,5394.03728029283,91447.0652406235,61662.0798391086,101110.827204877
52467.6022990339,5416.69035038946,121951.885846508,86159.3285680656,137678.209881847
58403.6922946558,5412.03809660064,138835.423823441,98817.0466567751,148505.267092525
57268.8958032572,4960.77748575217,141140.470298958,102691.828930127,153063.043791898
55876.3743448033,4674.2029211287,146943.947693918,110417.891277247,155191.476939622
56068.6064619067,4236.65795085344,158008.16422386,117055.452663426,164373.312690809
56631.8757900569,4343.92943378614,159915.554904247,119600.74368752,166025.865845831
57371.3844539182,4458.83758116869,161933.499739844,120913.507823634,166203.893714903
57868.4156081816,4470.03282589249,165458.108668605,120512.839478841,168499.076739451
58257.3254040442,4549.92626297544,166243.944436605,122002.208760521,171195.602967554
58167.3075993998,4485.05290287471,161499.218698726,119199.22589163,168512.697592559
55984.7964342827,4544.59092749604,151021.301698746,110060.255594956,160066.987062688
54203.2426638157,5175.02089842968,142565.15162455,103463.08280516,150377.95924233
58145.5784525677,5990.79095168243,136828.79307237,97576.1702350128,146639.500395453
58539.2614774841,6600.09270138091,105767.443411092,79594.8301149116,118125.148562061
59403.5484093572,6603.29372286262,110069.387426109,79516.8552810957,119388.10542003
60072.2713104368,6241.47136518687,112841.463320075,79336.1503322861,121416.213267201
60525.8286483112,6390.46627898887,111659.129868737,76229.5661653946,118466.676267202
58929.3668243359,6261.79645449126,108248.306990657,71443.9221404718,110103.143947955
57099.2548600944,5555.00892402377,102582.125640635,66521.1583348482,108120.699601472
55314.3249764386,5355.3931383123,96703.2688080405,62546.3454809808,104194.651745697
54318.7657846384,5146.28738161257,94493.819849502,59976.6236789797,101716.493153721
53705.200747804,5021.4860683022,92084.1388969947,57947.6736588511,100118.967745872
53364.3698087842,5117.03754369183,91782.9297227794,59272.2023757638,98871.1533343404
52470.7324999248,5394.03728029283,91447.0652406235,61662.0798391086,101110.827204877
52467.6022990339,5416.69035038946,121951.885846508,86159.3285680656,137678.209881847
58403.6922946558,5412.03809660064,138835.423823441,98817.0466567751,148505.267092525
57268.8958032572,4960.77748575217,141140.470298958,102691.828930127,153063.043791898
55876.3743448033,4674.2029211287,146943.947693918,110417.891277247,155191.476939622
56068.6064619067,4236.65795085344,158008.16422386,117055.452663426,164373.312690809
56631.8757900569,4343.92943378614,159915.554904247,119600.74368752,166025.865845831
57371.3844539182,4458.83758116869,161933.499739844,120913.507823634,166203.893714903
57868.4156081816,4470.03282589249,165458.108668605,120512.839478841,168499.076739451
58257.3254040442,4549.92626297544,166243.944436605,122002.208760521,171195.602967554
58167.3075993998,4485.05290287471,161499.218698726,119199.22589163,168512.697592559
55984.7964342827,4544.59092749604,151021.301698746,110060.255594956,160066.987062688
54203.2426638157,5175.02089842968,142565.15162455,103463.08280516,150377.95924233
58145.5784525677,5990.79095168243,136828.79307237,97576.1702350128,146639.500395453
58539.2614774841,6600.09270138091,105767.443411092,79594.8301149116,118125.148562061
59403.5484093572,6603.29372286262,110069.387426109,79516.8552810957,119388.10542003
60072.2713104368,6241.47136518687,112841.463320075,79336.1503322861,121416.213267201
60525.8286483112,6390.46627898887,111659.129868737,76229.5661653946,118466.676267202
58929.3668243359,6261.79645449126,108248.306990657,71443.9221404718,110103.143947955
61764.7909327338,4886.41378705973,108299.398769242,58946.4953652739,97666.2604179979
60372.9174824217,4653.36438871877,102679.362978594,55785.1096059081,95111.2849645079
59576.9986111254,4530.07791869413,100084.928464389,53261.658282529,92810.4216985483
59001.1626537157,4433.35460417338,97366.8882846143,51459.313375508,91278.2150806692
58784.5591948639,4592.39722746619,95106.5081674746,53598.5198993848,92094.0256725536
58201.0848087004,4661.18951132504,88280.0487762192,57457.8314017654,95373.9861258505
58805.7815973984,4832.46749925919,127217.55511398,87860.2799466661,126237.962669884
62671.3165310829,5494.29495558323,151309.862962522,103573.495608091,134796.612462752
61213.3985557775,5188.53008393625,156120.355053474,107205.16224626,137549.892949751
58962.4073621426,4841.06306028682,162497.669055726,114794.978557075,139953.951420715
58209.724516434,4435.05656593867,173267.442833486,120447.270706266,146999.162715181
58551.5823486111,4463.11250952731,176117.281240376,122377.491921499,148477.464354752
59153.8389809912,4597.22019069635,178856.875978736,122463.907381548,148652.967970806
59472.6370840126,4655.90388237102,180963.036394916,121878.286429703,150128.592458314
59731.2030084131,4667.02956035629,181338.141049954,123798.658695712,152587.609686254
59640.0396036151,4745.39355864787,175093.362875948,120524.590379075,149498.58108956
58087.7542415889,4725.0106537758,165121.071955907,109938.15169473,142055.588818805
56345.5261782177,4617.46339907747,156398.577379782,102750.270240622,135202.51426591
60702.5458587806,5625.99314587376,145101.610642533,95115.4565388868,131601.144167573
61730.1747119572,5618.36702906142,107012.697927651,74152.5937820206,110399.721559618
62855.2054227561,5821.94978587201,112360.059984328,73636.2840829631,111402.246102067
63765.6308867929,5842.63071958183,115359.40867432,73791.7145968943,111495.947737035
65316.957868052,5953.37508745493,114146.87256329,70087.7903937853,109662.785003825
63331.8499385069,5165.24493885328,111751.023850785,64578.520361472,100445.706656288
61764.7909327338,4886.41378705973,108299.398769242,58946.4953652739,97666.2604179979
60372.9174824217,4653.36438871877,102679.362978594,55785.1096059081,95111.2849645079
59576.9986111254,4530.07791869413,100084.928464389,53261.658282529,92810.4216985483
59001.1626537157,4433.35460417338,97366.8882846143,51459.313375508,91278.2150806692
58784.5591948639,4592.39722746619,95106.5081674746,53598.5198993848,92094.0256725536
58201.0848087004,4661.18951132504,88280.0487762192,57457.8314017654,95373.9861258505
58805.7815973984,4832.46749925919,127217.55511398,87860.2799466661,126237.962669884
62671.3165310829,5494.29495558323,151309.862962522,103573.495608091,134796.612462752
61213.3985557775,5188.53008393625,156120.355053474,107205.16224626,137549.892949751
58962.4073621426,4841.06306028682,162497.669055726,114794.978557075,139953.951420715
58209.724516434,4435.05656593867,173267.442833486,120447.270706266,146999.162715181
58551.5823486111,4463.11250952731,176117.281240376,122377.491921499,148477.464354752
59153.8389809912,4597.22019069635,178856.875978736,122463.907381548,148652.967970806
59472.6370840126,4655.90388237102,180963.036394916,121878.286429703,150128.592458314
59731.2030084131,4667.02956035629,181338.141049954,123798.658695712,152587.609686254
59640.0396036151,4745.39355864787,175093.362875948,120524.590379075,149498.58108956
58087.7542415889,4725.0106537758,165121.071955907,109938.15169473,142055.588818805
56345.5261782177,4617.46339907747,156398.577379782,102750.270240622,135202.51426591
60702.5458587806,5625.99314587376,145101.610642533,95115.4565388868,131601.144167573
61730.1747119572,5618.36702906142,107012.697927651,74152.5937820206,110399.721559618
62855.2054227561,5821.94978587201,112360.059984328,73636.2840829631,111402.246102067
63765.6308867929,5842.63071958183,115359.40867432,73791.7145968943,111495.947737035
65316.957868052,5953.37508745493,114146.87256329,70087.7903937853,109662.785003825
63331.8499385069,5165.24493885328,111751.023850785,64578.520361472,100445.706656288
61764.7909327338,4886.41378705973,108299.398769242,58946.4953652739,97666.2604179979
60372.9174824217,4653.36438871877,102679.362978594,55785.1096059081,95111.2849645079
59576.9986111254,4530.07791869413,100084.928464389,53261.658282529,92810.4216985483
59001.1626537157,4433.35460417338,97366.8882846143,51459.313375508,91278.2150806692
58784.5591948639,4592.39722746619,95106.5081674746,53598.5198993848,92094.0256725536
58201.0848087004,4661.18951132504,88280.0487762192,57457.8314017654,95373.9861258505
58805.7815973984,4832.46749925919,127217.55511398,87860.2799466661,126237.962669884
62671.3165310829,5494.29495558323,151309.862962522,103573.495608091,134796.612462752
61213.3985557775,5188.53008393625,156120.355053474,107205.16224626,137549.892949751
58962.4073621426,4841.06306028682,162497.669055726,114794.978557075,139953.951420715
58209.724516434,4435.05656593867,173267.442833486,120447.270706266,146999.162715181
58551.5823486111,4463.11250952731,176117.281240376,122377.491921499,148477.464354752
59153.8389809912,4597.22019069635,178856.875978736,122463.907381548,148652.967970806
59472.6370840126,4655.90388237102,180963.036394916,121878.286429703,150128.592458314
59731.2030084131,4667.02956035629,181338.141049954,123798.658695712,152587.609686254
59640.0396036151,4745.39355864787,175093.362875948,120524.590379075,149498.58108956
58087.7542415889,4725.0106537758,165121.071955907,109938.15169473,142055.588818805
56345.5261782177,4617.46339907747,156398.577379782,102750.270240622,135202.51426591
60702.5458587806,5625.99314587376,145101.610642533,95115.4565388868,131601.144167573
61730.1747119572,5618.36702906142,107012.697927651,74152.5937820206,110399.721559618
62855.2054227561,5821.94978587201,112360.059984328,73636.2840829631,111402.246102067
63765.6308867929,5842.63071958183,115359.40867432,73791.7145968943,111495.947737035
65316.957868052,5953.37508745493,114146.87256329,70087.7903937853,109662.785003825
63331.8499385069,5165.24493885328,111751.023850785,64578.520361472,100445.706656288
61764.7909327338,4886.41378705973,108299.398769242,58946.4953652739,97666.2604179979
60372.9174824217,4653.36438871877,102679.362978594,55785.1096059081,95111.2849645079
59576.9986111254,4530.07791869413,100084.928464389,53261.658282529,92810.4216985483
59001.1626537157,4433.35460417338,97366.8882846143,51459.313375508,91278.2150806692
58784.5591948639,4592.39722746619,95106.5081674746,53598.5198993848,92094.0256725536
58201.0848087004,4661.18951132504,88280.0487762192,57457.8314017654,95373.9861258505
58805.7815973984,4832.46749925919,127217.55511398,87860.2799466661,126237.962669884
62671.3165310829,5494.29495558323,151309.862962522,103573.495608091,134796.612462752
61213.3985557775,5188.53008393625,156120.355053474,107205.16224626,137549.892949751
58962.4073621426,4841.06306028682,162497.669055726,114794.978557075,139953.951420715
58209.724516434,4435.05656593867,173267.442833486,120447.270706266,146999.162715181
58551.5823486111,4463.11250952731,176117.281240376,122377.491921499,148477.464354752
59153.8389809912,4597.22019069635,178856.875978736,122463.907381548,148652.967970806
59472.6370840126,4655.90388237102,180963.036394916,121878.286429703,150128.592458314
59731.2030084131,4667.02956035629,181338.141049954,123798.658695712,152587.609686254
59640.0396036151,4745.39355864787,175093.362875948,120524.590379075,149498.58108956
58087.7542415889,4725.0106537758,165121.071955907,109938.15169473,142055.588818805
56345.5261782177,4617.46339907747,156398.577379782,102750.270240622,135202.51426591
60702.5458587806,5625.99314587376,145101.610642533,95115.4565388868,131601.144167573
61730.1747119572,5618.36702906142,107012.697927651,74152.5937820206,110399.721559618
62855.2054227561,5821.94978587201,112360.059984328,73636.2840829631,111402.246102067
63765.6308867929,5842.63071958183,115359.40867432,73791.7145968943,111495.947737035
65316.957868052,5953.37508745493,114146.87256329,70087.7903937853,109662.785003825
63331.8499385069,5165.24493885328,111751.023850785,64578.520361472,100445.706656288
61764.7909327338,4886.41378705973,108299.398769242,58946.4953652739,97666.2604179979
60372.9174824217,4653.36438871877,102679.362978594,55785.1096059081,95111.2849645079
59576.9986111254,4530.07791869413,100084.928464389,53261.658282529,92810.4216985483
59001.1626537157,4433.35460417338,97366.8882846143,51459.313375508,91278.2150806692
58784.5591948639,4592.39722746619,95106.5081674746,53598.5198993848,92094.0256725536
58201.0848087004,4661.18951132504,88280.0487762192,57457.8314017654,95373.9861258505
58805.7815973984,4832.46749925919,127217.55511398,87860.2799466661,126237.962669884
62671.3165310829,5494.29495558323,151309.862962522,103573.495608091,134796.612462752
61213.3985557775,5188.53008393625,156120.355053474,107205.16224626,137549.892949751
58962.4073621426,4841.06306028682,162497.669055726,114794.978557075,139953.951420715
58209.724516434,4435.05656593867,173267.442833486,120447.270706266,146999.162715181
58551.5823486111,4463.11250952731,176117.281240376,122377.491921499,148477.464354752
59153.8389809912,4597.22019069635,178856.875978736,122463.907381548,148652.967970806
59472.6370840126,4655.90388237102,180963.036394916,121878.286429703,150128.592458314
59731.2030084131,4667.02956035629,181338.141049954,123798.658695712,152587.609686254
59640.0396036151,4745.39355864787,175093.362875948,120524.590379075,149498.58108956
58087.7542415889,4725.0106537758,165121.071955907,109938.15169473,142055.588818805
56345.5261782177,4617.46339907747,156398.577379782,102750.270240622,135202.51426591
60702.5458587806,5625.99314587376,145101.610642533,95115.4565388868,131601.144167573
61730.1747119572,5618.36702906142,107012.697927651,74152.5937820206,110399.721559618
62855.2054227561,5821.94978587201,112360.059984328,73636.2840829631,111402.246102067
63765.6308867929,5842.63071958183,115359.40867432,73791.7145968943,111495.947737035
65316.957868052,5953.37508745493,114146.87256329,70087.7903937853,109662.785003825
63331.8499385069,5165.24493885328,111751.023850785,64578.520361472,100445.706656288
61764.7909327338,4886.41378705973,108299.398769242,58946.4953652739,97666.2604179979
60372.9174824217,4653.36438871877,102679.362978594,55785.1096059081,95111.2849645079
59576.9986111254,4530.07791869413,100084.928464389,53261.658282529,92810.4216985483
59001.1626537157,4433.35460417338,97366.8882846143,51459.313375508,91278.2150806692
58784.5591948639,4592.39722746619,95106.5081674746,53598.5198993848,92094.0256725536
58201.0848087004,4661.18951132504,88280.0487762192,57457.8314017654,95373.9861258505
58805.7815973984,4832.46749925919,127217.55511398,87860.2799466661,126237.962669884
62671.3165310829,5494.29495558323,151309.862962522,103573.495608091,134796.612462752
61213.3985557775,5188.53008393625,156120.355053474,107205.16224626,137549.892949751
58962.4073621426,4841.06306028682,162497.669055726,114794.978557075,139953.951420715
58209.724516434,4435.05656593867,173267.442833486,120447.270706266,146999.162715181
58551.5823486111,4463.11250952731,176117.281240376,122377.491921499,148477.464354752
59153.8389809912,4597.22019069635,178856.875978736,122463.907381548,148652.967970806
59472.6370840126,4655.90388237102,180963.036394916,121878.286429703,150128.592458314
59731.2030084131,4667.02956035629,181338.141049954,123798.658695712,152587.609686254
59640.0396036151,4745.39355864787,175093.362875948,120524.590379075,149498.58108956
58087.7542415889,4725.0106537758,165121.071955907,109938.15169473,142055.588818805
56345.5261782177,4617.46339907747,156398.577379782,102750.270240622,135202.51426591
60702.5458587806,5625.99314587376,145101.610642533,95115.4565388868,131601.144167573
61730.1747119572,5618.36702906142,107012.697927651,74152.5937820206,110399.721559618
62855.2054227561,5821.94978587201,112360.059984328,73636.2840829631,111402.246102067
63765.6308867929,5842.63071958183,115359.40867432,73791.7145968943,111495.947737035
65316.957868052,5953.37508745493,114146.87256329,70087.7903937853,109662.785003825
63331.8499385069,5165.24493885328,111751.023850785,64578.520361472,100445.706656288
61764.7909327338,4886.41378705973,108299.398769242,58946.4953652739,97666.2604179979
60372.9174824217,4653.36438871877,102679.362978594,55785.1096059081,95111.2849645079
59576.9986111254,4530.07791869413,100084.928464389,53261.658282529,92810.4216985483
59001.1626537157,4433.35460417338,97366.8882846143,51459.313375508,91278.2150806692
58784.5591948639,4592.39722746619,95106.5081674746,53598.5198993848,92094.0256725536
58201.0848087004,4661.18951132504,88280.0487762192,57457.8314017654,95373.9861258505
58805.7815973984,4832.46749925919,127217.55511398,87860.2799466661,126237.962669884
62671.3165310829,5494.29495558323,151309.862962522,103573.495608091,134796.612462752
61213.3985557775,5188.53008393625,156120.355053474,107205.16224626,137549.892949751
58962.4073621426,4841.06306028682,162497.669055726,114794.978557075,139953.951420715
58209.724516434,4435.05656593867,173267.442833486,120447.270706266,146999.162715181
58551.5823486111,4463.11250952731,176117.281240376,122377.491921499,148477.464354752
59153.8389809912,4597.22019069635,178856.875978736,122463.907381548,148652.967970806
59472.6370840126,4655.90388237102,180963.036394916,121878.286429703,150128.592458314
59731.2030084131,4667.02956035629,181338.141049954,123798.658695712,152587.609686254
59640.0396036151,4745.39355864787,175093.362875948,120524.590379075,149498.58108956
58087.7542415889,4725.0106537758,165121.071955907,109938.15169473,142055.588818805
56345.5261782177,4617.46339907747,156398.577379782,102750.270240622,135202.51426591
60702.5458587806,5625.99314587376,145101.610642533,95115.4565388868,131601.144167573
61730.1747119572,5618.36702906142,107012.697927651,74152.5937820206,110399.721559618
62855.2054227561,5821.94978587201,112360.059984328,73636.2840829631,111402.246102067
63765.6308867929,5842.63071958183,115359.40867432,73791.7145968943,111495.947737035
65316.957868052,5953.37508745493,114146.87256329,70087.7903937853,109662.785003825
63331.8499385069,5165.24493885328,111751.023850785,64578.520361472,100445.706656288
61764.7909327338,4886.41378705973,108299.398769242,58946.4953652739,97666.2604179979
60372.9174824217,4653.36438871877,102679.362978594,55785.1096059081,95111.2849645079
59576.9986111254,4530.07791869413,100084.928464389,53261.658282529,92810.4216985483
59001.1626537157,4433.35460417338,97366.8882846143,51459.313375508,91278.2150806692
58784.5591948639,4592.39722746619,95106.5081674746,53598.5198993848,92094.0256725536
58201.0848087004,4661.18951132504,88280.0487762192,57457.8314017654,95373.9861258505
58805.7815973984,4832.46749925919,127217.55511398,87860.2799466661,126237.962669884
62671.3165310829,5494.29495558323,151309.862962522,103573.495608091,134796.612462752
61213.3985557775,5188.53008393625,156120.355053474,107205.16224626,137549.892949751
58962.4073621426,4841.06306028682,162497.669055726,114794.978557075,139953.951420715
58209.724516434,4435.05656593867,173267.442833486,120447.270706266,146999.162715181
58551.5823486111,4463.11250952731,176117.281240376,122377.491921499,148477.464354752
59153.8389809912,4597.22019069635,178856.875978736,122463.907381548,148652.967970806
59472.6370840126,4655.90388237102,180963.036394916,121878.286429703,150128.592458314
59731.2030084131,4667.02956035629,181338.141049954,123798.658695712,152587.609686254
59640.0396036151,4745.39355864787,175093.362875948,120524.590379075,149498.58108956
58087.7542415889,4725.0106537758,165121.071955907,109938.15169473,142055.588818805
56345.5261782177,4617.46339907747,156398.577379782,102750.270240622,135202.51426591
60702.5458587806,5625.99314587376,145101.610642533,95115.4565388868,131601.144167573
61730.1747119572,5618.36702906142,107012.697927651,74152.5937820206,110399.721559618
62855.2054227561,5821.94978587201,112360.059984328,73636.2840829631,111402.246102067
63765.6308867929,5842.63071958183,115359.40867432,73791.7145968943,111495.947737035
65316.957868052,5953.37508745493,114146.87256329,70087.7903937853,109662.785003825
63331.8499385069,5165.24493885328,111751.023850785,64578.520361472,100445.706656288
61764.7909327338,4886.41378705973,108299.398769242,58946.4953652739,97666.2604179979
60372.9174824217,4653.36438871877,102679.362978594,55785.1096059081,95111.2849645079
59576.9986111254,4530.07791869413,100084.928464389,53261.658282529,92810.4216985483
59001.1626537157,4433.35460417338,97366.8882846143,51459.313375508,91278.2150806692
58784.5591948639,4592.39722746619,95106.5081674746,53598.5198993848,92094.0256725536
58201.0848087004,4661.18951132504,88280.0487762192,57457.8314017654,95373.9861258505
58805.7815973984,4832.46749925919,127217.55511398,87860.2799466661,126237.962669884
62671.3165310829,5494.29495558323,151309.862962522,103573.495608091,134796.612462752
61213.3985557775,5188.53008393625,156120.355053474,107205.16224626,137549.892949751
58962.4073621426,4841.06306028682,162497.669055726,114794.978557075,139953.951420715
58209.724516434,4435.05656593867,173267.442833486,120447.270706266,146999.162715181
58551.5823486111,4463.11250952731,176117.281240376,122377.491921499,148477.464354752
59153.8389809912,4597.22019069635,178856.875978736,122463.907381548,148652.967970806
59472.6370840126,4655.90388237102,180963.036394916,121878.286429703,150128.592458314
59731.2030084131,4667.02956035629,181338.141049954,123798.658695712,152587.609686254
59640.0396036151,4745.39355864787,175093.362875948,120524.590379075,149498.58108956
58087.7542415889,4725.0106537758,165121.071955907,109938.15169473,142055.588818805
56345.5261782177,4617.46339907747,156398.577379782,102750.270240622,135202.51426591
60702.5458587806,5625.99314587376,145101.610642533,95115.4565388868,131601.144167573
61730.1747119572,5618.36702906142,107012.697927651,74152.5937820206,110399.721559618
62855.2054227561,5821.94978587201,112360.059984328,73636.2840829631,111402.246102067
63765.6308867929,5842.63071958183,115359.40867432,73791.7145968943,111495.947737035
65316.957868052,5953.37508745493,114146.87256329,70087.7903937853,109662.785003825
63331.8499385069,5165.24493885328,111751.023850785,64578.520361472,100445.706656288
61764.7909327338,4886.41378705973,108299.398769242,58946.4953652739,97666.2604179979
60372.9174824217,4653.36438871877,102679.362978594,55785.1096059081,95111.2849645079
59576.9986111254,4530.07791869413,100084.928464389,53261.658282529,92810.4216985483
59001.1626537157,4433.35460417338,97366.8882846143,51459.313375508,91278.2150806692
58784.5591948639,4592.39722746619,95106.5081674746,53598.5198993848,92094.0256725536
58201.0848087004,4661.18951132504,88280.0487762192,57457.8314017654,95373.9861258505
58805.7815973984,4832.46749925919,127217.55511398,87860.2799466661,126237.962669884
62671.3165310829,5494.29495558323,151309.862962522,103573.495608091,134796.612462752
61213.3985557775,5188.53008393625,156120.355053474,107205.16224626,137549.892949751
58962.4073621426,4841.06306028682,162497.669055726,114794.978557075,139953.951420715
58209.724516434,4435.05656593867,173267.442833486,120447.270706266,146999.162715181
58551.5823486111,4463.11250952731,176117.281240376,122377.491921499,148477.464354752
59153.8389809912,4597.22019069635,178856.875978736,122463.907381548,148652.967970806
59472.6370840126,4655.90388237102,180963.036394916,121878.286429703,150128.592458314
59731.2030084131,4667.02956035629,181338.141049954,123798.658695712,152587.609686254
59640.0396036151,4745.39355864787,175093.362875948,120524.590379075,149498.58108956
58087.7542415889,4725.0106537758,165121.071955907,109938.15169473,142055.588818805
56345.5261782177,4617.46339907747,156398.577379782,102750.270240622,135202.51426591
60702.5458587806,5625.99314587376,145101.610642533,95115.4565388868,131601.144167573
61730.1747119572,5618.36702906142,107012.697927651,74152.5937820206,110399.721559618
62855.2054227561,5821.94978587201,112360.059984328,73636.2840829631,111402.246102067
63765.6308867929,5842.63071958183,115359.40867432,73791.7145968943,111495.947737035
65316.957868052,5953.37508745493,114146.87256329,70087.7903937853,109662.785003825
63331.8499385069,5165.24493885328,111751.023850785,64578.520361472,100445.706656288
61764.7909327338,4886.41378705973,108299.398769242,58946.4953652739,97666.2604179979
60372.9174824217,4653.36438871877,102679.362978594,55785.1096059081,95111.2849645079
59576.9986111254,4530.07791869413,100084.928464389,53261.658282529,92810.4216985483
59001.1626537157,4433.35460417338,97366.8882846143,51459.313375508,91278.2150806692
58784.5591948639,4592.39722746619,95106.5081674746,53598.5198993848,92094.0256725536
58201.0848087004,4661.18951132504,88280.0487762192,57457.8314017654,95373.9861258505
58805.7815973984,4832.46749925919,127217.55511398,87860.2799466661,126237.962669884
62671.3165310829,5494.29495558323,151309.862962522,103573.495608091,134796.612462752
61213.3985557775,5188.53008393625,156120.355053474,107205.16224626,137549.892949751
58962.4073621426,4841.06306028682,162497.669055726,114794.978557075,139953.951420715
58209.724516434,4435.05656593867,173267.442833486,120447.270706266,146999.162715181
58551.5823486111,4463.11250952731,176117.281240376,122377.491921499,148477.464354752
59153.8389809912,4597.22019069635,178856.875978736,122463.907381548,148652.967970806
59472.6370840126,4655.90388237102,180963.036394916,121878.286429703,150128.592458314
59731.2030084131,4667.02956035629,181338.141049954,123798.658695712,152587.609686254
59640.0396036151,4745.39355864787,175093.362875948,120524.590379075,149498.58108956
58087.7542415889,4725.0106537758,165121.071955907,109938.15169473,142055.588818805
56345.5261782177,4617.46339907747,156398.577379782,102750.270240622,135202.51426591
60702.5458587806,5625.99314587376,145101.610642533,95115.4565388868,131601.144167573
61730.1747119572,5618.36702906142,107012.697927651,74152.5937820206,110399.721559618
62855.2054227561,5821.94978587201,112360.059984328,73636.2840829631,111402.246102067
63765.6308867929,5842.63071958183,115359.40867432,73791.7145968943,111495.947737035
65316.957868052,5953.37508745493,114146.87256329,70087.7903937853,109662.785003825
63331.8499385069,5165.24493885328,111751.023850785,64578.520361472,100445.706656288
61764.7909327338,4886.41378705973,108299.398769242,58946.4953652739,97666.2604179979
60372.9174824217,4653.36438871877,102679.362978594,55785.1096059081,95111.2849645079
59576.9986111254,4530.07791869413,100084.928464389,53261.658282529,92810.4216985483
59001.1626537157,4433.35460417338,97366.8882846143,51459.313375508,91278.2150806692
58784.5591948639,4592.39722746619,95106.5081674746,53598.5198993848,92094.0256725536
58201.0848087004,4661.18951132504,88280.0487762192,57457.8314017654,95373.9861258505
58805.7815973984,4832.46749925919,127217.55511398,87860.2799466661,126237.962669884
62671.3165310829,5494.29495558323,151309.862962522,103573.495608091,134796.612462752
61213.3985557775,5188.53008393625,156120.355053474,107205.16224626,137549.892949751
58962.4073621426,4841.06306028682,162497.669055726,114794.978557075,139953.951420715
58209.724516434,4435.05656593867,173267.442833486,120447.270706266,146999.162715181
58551.5823486111,4463.11250952731,176117.281240376,122377.491921499,148477.464354752
59153.8389809912,4597.22019069635,178856.875978736,122463.907381548,148652.967970806
59472.6370840126,4655.90388237102,180963.036394916,121878.286429703,150128.592458314
59731.2030084131,4667.02956035629,181338.141049954,123798.658695712,152587.609686254
59640.0396036151,4745.39355864787,175093.362875948,120524.590379075,149498.58108956
58087.7542415889,4725.0106537758,165121.071955907,109938.15169473,142055.588818805
56345.5261782177,4617.46339907747,156398.577379782,102750.270240622,135202.51426591
60702.5458587806,5625.99314587376,145101.610642533,95115.4565388868,131601.144167573
61730.1747119572,5618.36702906142,107012.697927651,74152.5937820206,110399.721559618
62855.2054227561,5821.94978587201,112360.059984328,73636.2840829631,111402.246102067
63765.6308867929,5842.63071958183,115359.40867432,73791.7145968943,111495.947737035
65316.957868052,5953.37508745493,114146.87256329,70087.7903937853,109662.785003825
63331.8499385069,5165.24493885328,111751.023850785,64578.520361472,100445.706656288
61764.7909327338,4886.41378705973,108299.398769242,58946.4953652739,97666.2604179979
60372.9174824217,4653.36438871877,102679.362978594,55785.1096059081,95111.2849645079
59576.9986111254,4530.07791869413,100084.928464389,53261.658282529,92810.4216985483
59001.1626537157,4433.35460417338,97366.8882846143,51459.313375508,91278.2150806692
58784.5591948639,4592.39722746619,95106.5081674746,53598.5198993848,92094.0256725536
58201.0848087004,4661.18951132504,88280.0487762192,57457.8314017654,95373.9861258505
58805.7815973984,4832.46749925919,127217.55511398,87860.2799466661,126237.962669884
62671.3165310829,5494.29495558323,151309.862962522,103573.495608091,134796.612462752
61213.3985557775,5188.53008393625,156120.355053474,107205.16224626,137549.892949751
58962.4073621426,4841.06306028682,162497.669055726,114794.978557075,139953.951420715
58209.724516434,4435.05656593867,173267.442833486,120447.270706266,146999.162715181
58551.5823486111,4463.11250952731,176117.281240376,122377.491921499,148477.464354752
59153.8389809912,4597.22019069635,178856.875978736,122463.907381548,148652.967970806
59472.6370840126,4655.90388237102,180963.036394916,121878.286429703,150128.592458314
59731.2030084131,4667.02956035629,181338.141049954,123798.658695712,152587.609686254
59640.0396036151,4745.39355864787,175093.362875948,120524.590379075,149498.58108956
58087.7542415889,4725.0106537758,165121.071955907,109938.15169473,142055.588818805
56345.5261782177,4617.46339907747,156398.577379782,102750.270240622,135202.51426591
60702.5458587806,5625.99314587376,145101.610642533,95115.4565388868,131601.144167573
61730.1747119572,5618.36702906142,107012.697927651,74152.5937820206,110399.721559618
62855.2054227561,5821.94978587201,112360.059984328,73636.2840829631,111402.246102067
63765.6308867929,5842.63071958183,115359.40867432,73791.7145968943,111495.947737035
65316.957868052,5953.37508745493,114146.87256329,70087.7903937853,109662.785003825
63331.8499385069,5165.24493885328,111751.023850785,64578.520361472,100445.706656288
61764.7909327338,4886.41378705973,108299.398769242,58946.4953652739,97666.2604179979
60372.9174824217,4653.36438871877,102679.362978594,55785.1096059081,95111.2849645079
59576.9986111254,4530.07791869413,100084.928464389,53261.658282529,92810.4216985483
59001.1626537157,4433.35460417338,97366.8882846143,51459.313375508,91278.2150806692
58784.5591948639,4592.39722746619,95106.5081674746,53598.5198993848,92094.0256725536
58201.0848087004,4661.18951132504,88280.0487762192,57457.8314017654,95373.9861258505
58805.7815973984,4832.46749925919,127217.55511398,87860.2799466661,126237.962669884
62671.3165310829,5494.29495558323,151309.862962522,103573.495608091,134796.612462752
61213.3985557775,5188.53008393625,156120.355053474,107205.16224626,137549.892949751
58962.4073621426,4841.06306028682,162497.669055726,114794.978557075,139953.951420715
58209.724516434,4435.05656593867,173267.442833486,120447.270706266,146999.162715181
58551.5823486111,4463.11250952731,176117.281240376,122377.491921499,148477.464354752
59153.8389809912,4597.22019069635,178856.875978736,122463.907381548,148652.967970806
59472.6370840126,4655.90388237102,180963.036394916,121878.286429703,150128.592458314
59731.2030084131,4667.02956035629,181338.141049954,123798.658695712,152587.609686254
59640.0396036151,4745.39355864787,175093.362875948,120524.590379075,149498.58108956
58087.7542415889,4725.0106537758,165121.071955907,109938.15169473,142055.588818805
56345.5261782177,4617.46339907747,156398.577379782,102750.270240622,135202.51426591
60702.5458587806,5625.99314587376,145101.610642533,95115.4565388868,131601.144167573
61730.1747119572,5618.36702906142,107012.697927651,74152.5937820206,110399.721559618
62855.2054227561,5821.94978587201,112360.059984328,73636.2840829631,111402.246102067
63765.6308867929,5842.63071958183,115359.40867432,73791.7145968943,111495.947737035
65316.957868052,5953.37508745493,114146.87256329,70087.7903937853,109662.785003825
63331.8499385069,5165.24493885328,111751.023850785,64578.520361472,100445.706656288
61764.7909327338,4886.41378705973,108299.398769242,58946.4953652739,97666.2604179979
60372.9174824217,4653.36438871877,102679.362978594,55785.1096059081,95111.2849645079
59576.9986111254,4530.07791869413,100084.928464389,53261.658282529,92810.4216985483
59001.1626537157,4433.35460417338,97366.8882846143,51459.313375508,91278.2150806692
58784.5591948639,4592.39722746619,95106.5081674746,53598.5198993848,92094.0256725536
58201.0848087004,4661.18951132504,88280.0487762192,57457.8314017654,95373.9861258505
58805.7815973984,4832.46749925919,127217.55511398,87860.2799466661,126237.962669884
62671.3165310829,5494.29495558323,151309.862962522,103573.495608091,134796.612462752
61213.3985557775,5188.53008393625,156120.355053474,107205.16224626,137549.892949751
58962.4073621426,4841.06306028682,162497.669055726,114794.978557075,139953.951420715
58209.724516434,4435.05656593867,173267.442833486,120447.270706266,146999.162715181
58551.5823486111,4463.11250952731,176117.281240376,122377.491921499,148477.464354752
59153.8389809912,4597.22019069635,178856.875978736,122463.907381548,148652.967970806
59472.6370840126,4655.90388237102,180963.036394916,121878.286429703,150128.592458314
59731.2030084131,4667.02956035629,181338.141049954,123798.658695712,152587.609686254
59640.0396036151,4745.39355864787,175093.362875948,120524.590379075,149498.58108956
58087.7542415889,4725.0106537758,165121.071955907,109938.15169473,142055.588818805
56345.5261782177,4617.46339907747,156398.577379782,102750.270240622,135202.51426591
60702.5458587806,5625.99314587376,145101.610642533,95115.4565388868,131601.144167573
61730.1747119572,5618.36702906142,107012.697927651,74152.5937820206,110399.721559618
62855.2054227561,5821.94978587201,112360.059984328,73636.2840829631,111402.246102067
63765.6308867929,5842.63071958183,115359.40867432,73791.7145968943,111495.947737035
65316.957868052,5953.37508745493,114146.87256329,70087.7903937853,109662.785003825
63331.8499385069,5165.24493885328,111751.023850785,64578.520361472,100445.706656288
61764.7909327338,4886.41378705973,108299.398769242,58946.4953652739,97666.2604179979
60372.9174824217,4653.36438871877,102679.362978594,55785.1096059081,95111.2849645079
59576.9986111254,4530.07791869413,100084.928464389,53261.658282529,92810.4216985483
59001.1626537157,4433.35460417338,97366.8882846143,51459.313375508,91278.2150806692
58784.5591948639,4592.39722746619,95106.5081674746,53598.5198993848,92094.0256725536
58201.0848087004,4661.18951132504,88280.0487762192,57457.8314017654,95373.9861258505
58805.7815973984,4832.46749925919,127217.55511398,87860.2799466661,126237.962669884
62671.3165310829,5494.29495558323,151309.862962522,103573.495608091,134796.612462752
61213.3985557775,5188.53008393625,156120.355053474,107205.16224626,137549.892949751
58962.4073621426,4841.06306028682,162497.669055726,114794.978557075,139953.951420715
58209.724516434,4435.05656593867,173267.442833486,120447.270706266,146999.162715181
58551.5823486111,4463.11250952731,176117.281240376,122377.491921499,148477.464354752
59153.8389809912,4597.22019069635,178856.875978736,122463.907381548,148652.967970806
59472.6370840126,4655.90388237102,180963.036394916,121878.286429703,150128.592458314
59731.2030084131,4667.02956035629,181338.141049954,123798.658695712,152587.609686254
59640.0396036151,4745.39355864787,175093.362875948,120524.590379075,149498.58108956
58087.7542415889,4725.0106537758,165121.071955907,109938.15169473,142055.588818805
56345.5261782177,4617.46339907747,156398.577379782,102750.270240622,135202.51426591
60702.5458587806,5625.99314587376,145101.610642533,95115.4565388868,131601.144167573
61730.1747119572,5618.36702906142,107012.697927651,74152.5937820206,110399.721559618
62855.2054227561,5821.94978587201,112360.059984328,73636.2840829631,111402.246102067
63765.6308867929,5842.63071958183,115359.40867432,73791.7145968943,111495.947737035
65316.957868052,5953.37508745493,114146.87256329,70087.7903937853,109662.785003825
63331.8499385069,5165.24493885328,111751.023850785,64578.520361472,100445.706656288
61764.7909327338,4886.41378705973,108299.398769242,58946.4953652739,97666.2604179979
60372.9174824217,4653.36438871877,102679.362978594,55785.1096059081,95111.2849645079
59576.9986111254,4530.07791869413,100084.928464389,53261.658282529,92810.4216985483
59001.1626537157,4433.35460417338,97366.8882846143,51459.313375508,91278.2150806692
58784.5591948639,4592.39722746619,95106.5081674746,53598.5198993848,92094.0256725536
58201.0848087004,4661.18951132504,88280.0487762192,57457.8314017654,95373.9861258505
58805.7815973984,4832.46749925919,127217.55511398,87860.2799466661,126237.962669884
62671.3165310829,5494.29495558323,151309.862962522,103573.495608091,134796.612462752
61213.3985557775,5188.53008393625,156120.355053474,107205.16224626,137549.892949751
58962.4073621426,4841.06306028682,162497.669055726,114794.978557075,139953.951420715
58209.724516434,4435.05656593867,173267.442833486,120447.270706266,146999.162715181
58551.5823486111,4463.11250952731,176117.281240376,122377.491921499,148477.464354752
59153.8389809912,4597.22019069635,178856.875978736,122463.907381548,148652.967970806
59472.6370840126,4655.90388237102,180963.036394916,121878.286429703,150128.592458314
59731.2030084131,4667.02956035629,181338.141049954,123798.658695712,152587.609686254
59640.0396036151,4745.39355864787,175093.362875948,120524.590379075,149498.58108956
58087.7542415889,4725.0106537758,165121.071955907,109938.15169473,142055.588818805
56345.5261782177,4617.46339907747,156398.577379782,102750.270240622,135202.51426591
60702.5458587806,5625.99314587376,145101.610642533,95115.4565388868,131601.144167573
61730.1747119572,5618.36702906142,107012.697927651,74152.5937820206,110399.721559618
62855.2054227561,5821.94978587201,112360.059984328,73636.2840829631,111402.246102067
63765.6308867929,5842.63071958183,115359.40867432,73791.7145968943,111495.947737035
65316.957868052,5953.37508745493,114146.87256329,70087.7903937853,109662.785003825
63331.8499385069,5165.24493885328,111751.023850785,64578.520361472,100445.706656288
61764.7909327338,4886.41378705973,108299.398769242,58946.4953652739,97666.2604179979
60372.9174824217,4653.36438871877,102679.362978594,55785.1096059081,95111.2849645079
59576.9986111254,4530.07791869413,100084.928464389,53261.658282529,92810.4216985483
59001.1626537157,4433.35460417338,97366.8882846143,51459.313375508,91278.2150806692
58784.5591948639,4592.39722746619,95106.5081674746,53598.5198993848,92094.0256725536
58201.0848087004,4661.18951132504,88280.0487762192,57457.8314017654,95373.9861258505
58805.7815973984,4832.46749925919,127217.55511398,87860.2799466661,126237.962669884
62671.3165310829,5494.29495558323,151309.862962522,103573.495608091,134796.612462752
61213.3985557775,5188.53008393625,156120.355053474,107205.16224626,137549.892949751
58962.4073621426,4841.06306028682,162497.669055726,114794.978557075,139953.951420715
58209.724516434,4435.05656593867,173267.442833486,120447.270706266,146999.162715181
58551.5823486111,4463.11250952731,176117.281240376,122377.491921499,148477.464354752
59153.8389809912,4597.22019069635,178856.875978736,122463.907381548,148652.967970806
59472.6370840126,4655.90388237102,180963.036394916,121878.286429703,150128.592458314
59731.2030084131,4667.02956035629,181338.141049954,123798.658695712,152587.609686254
59640.0396036151,4745.39355864787,175093.362875948,120524.590379075,149498.58108956
58087.7542415889,4725.0106537758,165121.071955907,109938.15169473,142055.588818805
56345.5261782177,4617.46339907747,156398.577379782,102750.270240622,135202.51426591
60702.5458587806,5625.99314587376,145101.610642533,95115.4565388868,131601.144167573
61730.1747119572,5618.36702906142,107012.697927651,74152.5937820206,110399.721559618
62855.2054227561,5821.94978587201,112360.059984328,73636.2840829631,111402.246102067
63765.6308867929,5842.63071958183,115359.40867432,73791.7145968943,111495.947737035
65316.957868052,5953.37508745493,114146.87256329,70087.7903937853,109662.785003825
63331.8499385069,5165.24493885328,111751.023850785,64578.520361472,100445.706656288
61764.7909327338,4886.41378705973,108299.398769242,58946.4953652739,97666.2604179979
60372.9174824217,4653.36438871877,102679.362978594,55785.1096059081,95111.2849645079
59576.9986111254,4530.07791869413,100084.928464389,53261.658282529,92810.4216985483
59001.1626537157,4433.35460417338,97366.8882846143,51459.313375508,91278.2150806692
58784.5591948639,4592.39722746619,95106.5081674746,53598.5198993848,92094.0256725536
58201.0848087004,4661.18951132504,88280.0487762192,57457.8314017654,95373.9861258505
58805.7815973984,4832.46749925919,127217.55511398,87860.2799466661,126237.962669884
62671.3165310829,5494.29495558323,151309.862962522,103573.495608091,134796.612462752
61213.3985557775,5188.53008393625,156120.355053474,107205.16224626,137549.892949751
58962.4073621426,4841.06306028682,162497.669055726,114794.978557075,139953.951420715
58209.724516434,4435.05656593867,173267.442833486,120447.270706266,146999.162715181
58551.5823486111,4463.11250952731,176117.281240376,122377.491921499,148477.464354752
59153.8389809912,4597.22019069635,178856.875978736,122463.907381548,148652.967970806
59472.6370840126,4655.90388237102,180963.036394916,121878.286429703,150128.592458314
59731.2030084131,4667.02956035629,181338.141049954,123798.658695712,152587.609686254
59640.0396036151,4745.39355864787,175093.362875948,120524.590379075,149498.58108956
58087.7542415889,4725.0106537758,165121.071955907,109938.15169473,142055.588818805
56345.5261782177,4617.46339907747,156398.577379782,102750.270240622,135202.51426591
60702.5458587806,5625.99314587376,145101.610642533,95115.4565388868,131601.144167573
61730.1747119572,5618.36702906142,107012.697927651,74152.5937820206,110399.721559618
62855.2054227561,5821.94978587201,112360.059984328,73636.2840829631,111402.246102067
63765.6308867929,5842.63071958183,115359.40867432,73791.7145968943,111495.947737035
65316.957868052,5953.37508745493,114146.87256329,70087.7903937853,109662.785003825
63331.8499385069,5165.24493885328,111751.023850785,64578.520361472,100445.706656288
61764.7909327338,4886.41378705973,108299.398769242,58946.4953652739,97666.2604179979
60372.9174824217,4653.36438871877,102679.362978594,55785.1096059081,95111.2849645079
59576.9986111254,4530.07791869413,100084.928464389,53261.658282529,92810.4216985483
59001.1626537157,4433.35460417338,97366.8882846143,51459.313375508,91278.2150806692
58784.5591948639,4592.39722746619,95106.5081674746,53598.5198993848,92094.0256725536
58201.0848087004,4661.18951132504,88280.0487762192,57457.8314017654,95373.9861258505
58805.7815973984,4832.46749925919,127217.55511398,87860.2799466661,126237.962669884
62671.3165310829,5494.29495558323,151309.862962522,103573.495608091,134796.612462752
61213.3985557775,5188.53008393625,156120.355053474,107205.16224626,137549.892949751
58962.4073621426,4841.06306028682,162497.669055726,114794.978557075,139953.951420715
58209.724516434,4435.05656593867,173267.442833486,120447.270706266,146999.162715181
58551.5823486111,4463.11250952731,176117.281240376,122377.491921499,148477.464354752
59153.8389809912,4597.22019069635,178856.875978736,122463.907381548,148652.967970806
59472.6370840126,4655.90388237102,180963.036394916,121878.286429703,150128.592458314
59731.2030084131,4667.02956035629,181338.141049954,123798.658695712,152587.609686254
59640.0396036151,4745.39355864787,175093.362875948,120524.590379075,149498.58108956
58087.7542415889,4725.0106537758,165121.071955907,109938.15169473,142055.588818805
56345.5261782177,4617.46339907747,156398.577379782,102750.270240622,135202.51426591
60702.5458587806,5625.99314587376,145101.610642533,95115.4565388868,131601.144167573
61730.1747119572,5618.36702906142,107012.697927651,74152.5937820206,110399.721559618
62855.2054227561,5821.94978587201,112360.059984328,73636.2840829631,111402.246102067
63765.6308867929,5842.63071958183,115359.40867432,73791.7145968943,111495.947737035
65316.957868052,5953.37508745493,114146.87256329,70087.7903937853,109662.785003825
63331.8499385069,5165.24493885328,111751.023850785,64578.520361472,100445.706656288
61764.7909327338,4886.41378705973,108299.398769242,58946.4953652739,97666.2604179979
60372.9174824217,4653.36438871877,102679.362978594,55785.1096059081,95111.2849645079
59576.9986111254,4530.07791869413,100084.928464389,53261.658282529,92810.4216985483
59001.1626537157,4433.35460417338,97366.8882846143,51459.313375508,91278.2150806692
58784.5591948639,4592.39722746619,95106.5081674746,53598.5198993848,92094.0256725536
58201.0848087004,4661.18951132504,88280.0487762192,57457.8314017654,95373.9861258505
58805.7815973984,4832.46749925919,127217.55511398,87860.2799466661,126237.962669884
62671.3165310829,5494.29495558323,151309.862962522,103573.495608091,134796.612462752
61213.3985557775,5188.53008393625,156120.355053474,107205.16224626,137549.892949751
58962.4073621426,4841.06306028682,162497.669055726,114794.978557075,139953.951420715
58209.724516434,4435.05656593867,173267.442833486,120447.270706266,146999.162715181
58551.5823486111,4463.11250952731,176117.281240376,122377.491921499,148477.464354752
59153.8389809912,4597.22019069635,178856.875978736,122463.907381548,148652.967970806
59472.6370840126,4655.90388237102,180963.036394916,121878.286429703,150128.592458314
59731.2030084131,4667.02956035629,181338.141049954,123798.658695712,152587.609686254
59640.0396036151,4745.39355864787,175093.362875948,120524.590379075,149498.58108956
58087.7542415889,4725.0106537758,165121.071955907,109938.15169473,142055.588818805
56345.5261782177,4617.46339907747,156398.577379782,102750.270240622,135202.51426591
60702.5458587806,5625.99314587376,145101.610642533,95115.4565388868,131601.144167573
61730.1747119572,5618.36702906142,107012.697927651,74152.5937820206,110399.721559618
62855.2054227561,5821.94978587201,112360.059984328,73636.2840829631,111402.246102067
63765.6308867929,5842.63071958183,115359.40867432,73791.7145968943,111495.947737035
65316.957868052,5953.37508745493,114146.87256329,70087.7903937853,109662.785003825
63331.8499385069,5165.24493885328,111751.023850785,64578.520361472,100445.706656288
61764.7909327338,4886.41378705973,108299.398769242,58946.4953652739,97666.2604179979
60372.9174824217,4653.36438871877,102679.362978594,55785.1096059081,95111.2849645079
59576.9986111254,4530.07791869413,100084.928464389,53261.658282529,92810.4216985483
59001.1626537157,4433.35460417338,97366.8882846143,51459.313375508,91278.2150806692
58784.5591948639,4592.39722746619,95106.5081674746,53598.5198993848,92094.0256725536
58201.0848087004,4661.18951132504,88280.0487762192,57457.8314017654,95373.9861258505
58805.7815973984,4832.46749925919,127217.55511398,87860.2799466661,126237.962669884
62671.3165310829,5494.29495558323,151309.862962522,103573.495608091,134796.612462752
61213.3985557775,5188.53008393625,156120.355053474,107205.16224626,137549.892949751
58962.4073621426,4841.06306028682,162497.669055726,114794.978557075,139953.951420715
58209.724516434,4435.05656593867,173267.442833486,120447.270706266,146999.162715181
58551.5823486111,4463.11250952731,176117.281240376,122377.491921499,148477.464354752
59153.8389809912,4597.22019069635,178856.875978736,122463.907381548,148652.967970806
59472.6370840126,4655.90388237102,180963.036394916,121878.286429703,150128.592458314
59731.2030084131,4667.02956035629,181338.141049954,123798.658695712,152587.609686254
59640.0396036151,4745.39355864787,175093.362875948,120524.590379075,149498.58108956
58087.7542415889,4725.0106537758,165121.071955907,109938.15169473,142055.588818805
56345.5261782177,4617.46339907747,156398.577379782,102750.270240622,135202.51426591
60702.5458587806,5625.99314587376,145101.610642533,95115.4565388868,131601.144167573
61730.1747119572,5618.36702906142,107012.697927651,74152.5937820206,110399.721559618
62855.2054227561,5821.94978587201,112360.059984328,73636.2840829631,111402.246102067
63765.6308867929,5842.63071958183,115359.40867432,73791.7145968943,111495.947737035
65316.957868052,5953.37508745493,114146.87256329,70087.7903937853,109662.785003825
63331.8499385069,5165.24493885328,111751.023850785,64578.520361472,100445.706656288
61764.7909327338,4886.41378705973,108299.398769242,58946.4953652739,97666.2604179979
60372.9174824217,4653.36438871877,102679.362978594,55785.1096059081,95111.2849645079
59576.9986111254,4530.07791869413,100084.928464389,53261.658282529,92810.4216985483
59001.1626537157,4433.35460417338,97366.8882846143,51459.313375508,91278.2150806692
58784.5591948639,4592.39722746619,95106.5081674746,53598.5198993848,92094.0256725536
58201.0848087004,4661.18951132504,88280.0487762192,57457.8314017654,95373.9861258505
58805.7815973984,4832.46749925919,127217.55511398,87860.2799466661,126237.962669884
62671.3165310829,5494.29495558323,151309.862962522,103573.495608091,134796.612462752
61213.3985557775,5188.53008393625,156120.355053474,107205.16224626,137549.892949751
58962.4073621426,4841.06306028682,162497.669055726,114794.978557075,139953.951420715
58209.724516434,4435.05656593867,173267.442833486,120447.270706266,146999.162715181
58551.5823486111,4463.11250952731,176117.281240376,122377.491921499,148477.464354752
59153.8389809912,4597.22019069635,178856.875978736,122463.907381548,148652.967970806
59472.6370840126,4655.90388237102,180963.036394916,121878.286429703,150128.592458314
59731.2030084131,4667.02956035629,181338.141049954,123798.658695712,152587.609686254
59640.0396036151,4745.39355864787,175093.362875948,120524.590379075,149498.58108956
58087.7542415889,4725.0106537758,165121.071955907,109938.15169473,142055.588818805
56345.5261782177,4617.46339907747,156398.577379782,102750.270240622,135202.51426591
60702.5458587806,5625.99314587376,145101.610642533,95115.4565388868,131601.144167573
61730.1747119572,5618.36702906142,107012.697927651,74152.5937820206,110399.721559618
62855.2054227561,5821.94978587201,112360.059984328,73636.2840829631,111402.246102067
63765.6308867929,5842.63071958183,115359.40867432,73791.7145968943,111495.947737035
65316.957868052,5953.37508745493,114146.87256329,70087.7903937853,109662.785003825
63331.8499385069,5165.24493885328,111751.023850785,64578.520361472,100445.706656288
61764.7909327338,4886.41378705973,108299.398769242,58946.4953652739,97666.2604179979
60372.9174824217,4653.36438871877,102679.362978594,55785.1096059081,95111.2849645079
59576.9986111254,4530.07791869413,100084.928464389,53261.658282529,92810.4216985483
59001.1626537157,4433.35460417338,97366.8882846143,51459.313375508,91278.2150806692
58784.5591948639,4592.39722746619,95106.5081674746,53598.5198993848,92094.0256725536
58201.0848087004,4661.18951132504,88280.0487762192,57457.8314017654,95373.9861258505
58805.7815973984,4832.46749925919,127217.55511398,87860.2799466661,126237.962669884
62671.3165310829,5494.29495558323,151309.862962522,103573.495608091,134796.612462752
61213.3985557775,5188.53008393625,156120.355053474,107205.16224626,137549.892949751
58962.4073621426,4841.06306028682,162497.669055726,114794.978557075,139953.951420715
58209.724516434,4435.05656593867,173267.442833486,120447.270706266,146999.162715181
58551.5823486111,4463.11250952731,176117.281240376,122377.491921499,148477.464354752
59153.8389809912,4597.22019069635,178856.875978736,122463.907381548,148652.967970806
59472.6370840126,4655.90388237102,180963.036394916,121878.286429703,150128.592458314
59731.2030084131,4667.02956035629,181338.141049954,123798.658695712,152587.609686254
59640.0396036151,4745.39355864787,175093.362875948,120524.590379075,149498.58108956
58087.7542415889,4725.0106537758,165121.071955907,109938.15169473,142055.588818805
56345.5261782177,4617.46339907747,156398.577379782,102750.270240622,135202.51426591
60702.5458587806,5625.99314587376,145101.610642533,95115.4565388868,131601.144167573
61730.1747119572,5618.36702906142,107012.697927651,74152.5937820206,110399.721559618
62855.2054227561,5821.94978587201,112360.059984328,73636.2840829631,111402.246102067
63765.6308867929,5842.63071958183,115359.40867432,73791.7145968943,111495.947737035
65316.957868052,5953.37508745493,114146.87256329,70087.7903937853,109662.785003825
63331.8499385069,5165.24493885328,111751.023850785,64578.520361472,100445.706656288
61764.7909327338,4886.41378705973,108299.398769242,58946.4953652739,97666.2604179979
60372.9174824217,4653.36438871877,102679.362978594,55785.1096059081,95111.2849645079
59576.9986111254,4530.07791869413,100084.928464389,53261.658282529,92810.4216985483
59001.1626537157,4433.35460417338,97366.8882846143,51459.313375508,91278.2150806692
58784.5591948639,4592.39722746619,95106.5081674746,53598.5198993848,92094.0256725536
58201.0848087004,4661.18951132504,88280.0487762192,57457.8314017654,95373.9861258505
58805.7815973984,4832.46749925919,127217.55511398,87860.2799466661,126237.962669884
62671.3165310829,5494.29495558323,151309.862962522,103573.495608091,134796.612462752
61213.3985557775,5188.53008393625,156120.355053474,107205.16224626,137549.892949751
58962.4073621426,4841.06306028682,162497.669055726,114794.978557075,139953.951420715
58209.724516434,4435.05656593867,173267.442833486,120447.270706266,146999.162715181
58551.5823486111,4463.11250952731,176117.281240376,122377.491921499,148477.464354752
59153.8389809912,4597.22019069635,178856.875978736,122463.907381548,148652.967970806
59472.6370840126,4655.90388237102,180963.036394916,121878.286429703,150128.592458314
59731.2030084131,4667.02956035629,181338.141049954,123798.658695712,152587.609686254
59640.0396036151,4745.39355864787,175093.362875948,120524.590379075,149498.58108956
58087.7542415889,4725.0106537758,165121.071955907,109938.15169473,142055.588818805
56345.5261782177,4617.46339907747,156398.577379782,102750.270240622,135202.51426591
60702.5458587806,5625.99314587376,145101.610642533,95115.4565388868,131601.144167573
61730.1747119572,5618.36702906142,107012.697927651,74152.5937820206,110399.721559618
62855.2054227561,5821.94978587201,112360.059984328,73636.2840829631,111402.246102067
63765.6308867929,5842.63071958183,115359.40867432,73791.7145968943,111495.947737035
65316.957868052,5953.37508745493,114146.87256329,70087.7903937853,109662.785003825
63331.8499385069,5165.24493885328,111751.023850785,64578.520361472,100445.706656288
61764.7909327338,4886.41378705973,108299.398769242,58946.4953652739,97666.2604179979
60372.9174824217,4653.36438871877,102679.362978594,55785.1096059081,95111.2849645079
59576.9986111254,4530.07791869413,100084.928464389,53261.658282529,92810.4216985483
59001.1626537157,4433.35460417338,97366.8882846143,51459.313375508,91278.2150806692
58784.5591948639,4592.39722746619,95106.5081674746,53598.5198993848,92094.0256725536
58201.0848087004,4661.18951132504,88280.0487762192,57457.8314017654,95373.9861258505
58805.7815973984,4832.46749925919,127217.55511398,87860.2799466661,126237.962669884
62671.3165310829,5494.29495558323,151309.862962522,103573.495608091,134796.612462752
61213.3985557775,5188.53008393625,156120.355053474,107205.16224626,137549.892949751
58962.4073621426,4841.06306028682,162497.669055726,114794.978557075,139953.951420715
58209.724516434,4435.05656593867,173267.442833486,120447.270706266,146999.162715181
58551.5823486111,4463.11250952731,176117.281240376,122377.491921499,148477.464354752
59153.8389809912,4597.22019069635,178856.875978736,122463.907381548,148652.967970806
59472.6370840126,4655.90388237102,180963.036394916,121878.286429703,150128.592458314
59731.2030084131,4667.02956035629,181338.141049954,123798.658695712,152587.609686254
59640.0396036151,4745.39355864787,175093.362875948,120524.590379075,149498.58108956
58087.7542415889,4725.0106537758,165121.071955907,109938.15169473,142055.588818805
56345.5261782177,4617.46339907747,156398.577379782,102750.270240622,135202.51426591
60702.5458587806,5625.99314587376,145101.610642533,95115.4565388868,131601.144167573
61730.1747119572,5618.36702906142,107012.697927651,74152.5937820206,110399.721559618
62855.2054227561,5821.94978587201,112360.059984328,73636.2840829631,111402.246102067
63765.6308867929,5842.63071958183,115359.40867432,73791.7145968943,111495.947737035
65316.957868052,5953.37508745493,114146.87256329,70087.7903937853,109662.785003825
63331.8499385069,5165.24493885328,111751.023850785,64578.520361472,100445.706656288
61764.7909327338,4886.41378705973,108299.398769242,58946.4953652739,97666.2604179979
60372.9174824217,4653.36438871877,102679.362978594,55785.1096059081,95111.2849645079
59576.9986111254,4530.07791869413,100084.928464389,53261.658282529,92810.4216985483
59001.1626537157,4433.35460417338,97366.8882846143,51459.313375508,91278.2150806692
58784.5591948639,4592.39722746619,95106.5081674746,53598.5198993848,92094.0256725536
58201.0848087004,4661.18951132504,88280.0487762192,57457.8314017654,95373.9861258505
58805.7815973984,4832.46749925919,127217.55511398,87860.2799466661,126237.962669884
62671.3165310829,5494.29495558323,151309.862962522,103573.495608091,134796.612462752
61213.3985557775,5188.53008393625,156120.355053474,107205.16224626,137549.892949751
58962.4073621426,4841.06306028682,162497.669055726,114794.978557075,139953.951420715
58209.724516434,4435.05656593867,173267.442833486,120447.270706266,146999.162715181
58551.5823486111,4463.11250952731,176117.281240376,122377.491921499,148477.464354752
59153.8389809912,4597.22019069635,178856.875978736,122463.907381548,148652.967970806
59472.6370840126,4655.90388237102,180963.036394916,121878.286429703,150128.592458314
59731.2030084131,4667.02956035629,181338.141049954,123798.658695712,152587.609686254
59640.0396036151,4745.39355864787,175093.362875948,120524.590379075,149498.58108956
58087.7542415889,4725.0106537758,165121.071955907,109938.15169473,142055.588818805
56345.5261782177,4617.46339907747,156398.577379782,102750.270240622,135202.51426591
60702.5458587806,5625.99314587376,145101.610642533,95115.4565388868,131601.144167573
61730.1747119572,5618.36702906142,107012.697927651,74152.5937820206,110399.721559618
62855.2054227561,5821.94978587201,112360.059984328,73636.2840829631,111402.246102067
63765.6308867929,5842.63071958183,115359.40867432,73791.7145968943,111495.947737035
65316.957868052,5953.37508745493,114146.87256329,70087.7903937853,109662.785003825
63331.8499385069,5165.24493885328,111751.023850785,64578.520361472,100445.706656288
61764.7909327338,4886.41378705973,108299.398769242,58946.4953652739,97666.2604179979
60372.9174824217,4653.36438871877,102679.362978594,55785.1096059081,95111.2849645079
59576.9986111254,4530.07791869413,100084.928464389,53261.658282529,92810.4216985483
59001.1626537157,4433.35460417338,97366.8882846143,51459.313375508,91278.2150806692
58784.5591948639,4592.39722746619,95106.5081674746,53598.5198993848,92094.0256725536
58201.0848087004,4661.18951132504,88280.0487762192,57457.8314017654,95373.9861258505
58805.7815973984,4832.46749925919,127217.55511398,87860.2799466661,126237.962669884
62671.3165310829,5494.29495558323,151309.862962522,103573.495608091,134796.612462752
61213.3985557775,5188.53008393625,156120.355053474,107205.16224626,137549.892949751
58962.4073621426,4841.06306028682,162497.669055726,114794.978557075,139953.951420715
58209.724516434,4435.05656593867,173267.442833486,120447.270706266,146999.162715181
58551.5823486111,4463.11250952731,176117.281240376,122377.491921499,148477.464354752
59153.8389809912,4597.22019069635,178856.875978736,122463.907381548,148652.967970806
59472.6370840126,4655.90388237102,180963.036394916,121878.286429703,150128.592458314
59731.2030084131,4667.02956035629,181338.141049954,123798.658695712,152587.609686254
59640.0396036151,4745.39355864787,175093.362875948,120524.590379075,149498.58108956
58087.7542415889,4725.0106537758,165121.071955907,109938.15169473,142055.588818805
56345.5261782177,4617.46339907747,156398.577379782,102750.270240622,135202.51426591
60702.5458587806,5625.99314587376,145101.610642533,95115.4565388868,131601.144167573
61730.1747119572,5618.36702906142,107012.697927651,74152.5937820206,110399.721559618
62855.2054227561,5821.94978587201,112360.059984328,73636.2840829631,111402.246102067
63765.6308867929,5842.63071958183,115359.40867432,73791.7145968943,111495.947737035
65316.957868052,5953.37508745493,114146.87256329,70087.7903937853,109662.785003825
63331.8499385069,5165.24493885328,111751.023850785,64578.520361472,100445.706656288
61764.7909327338,4886.41378705973,108299.398769242,58946.4953652739,97666.2604179979
60372.9174824217,4653.36438871877,102679.362978594,55785.1096059081,95111.2849645079
59576.9986111254,4530.07791869413,100084.928464389,53261.658282529,92810.4216985483
59001.1626537157,4433.35460417338,97366.8882846143,51459.313375508,91278.2150806692
58784.5591948639,4592.39722746619,95106.5081674746,53598.5198993848,92094.0256725536
58201.0848087004,4661.18951132504,88280.0487762192,57457.8314017654,95373.9861258505
58805.7815973984,4832.46749925919,127217.55511398,87860.2799466661,126237.962669884
62671.3165310829,5494.29495558323,151309.862962522,103573.495608091,134796.612462752
61213.3985557775,5188.53008393625,156120.355053474,107205.16224626,137549.892949751
58962.4073621426,4841.06306028682,162497.669055726,114794.978557075,139953.951420715
58209.724516434,4435.05656593867,173267.442833486,120447.270706266,146999.162715181
58551.5823486111,4463.11250952731,176117.281240376,122377.491921499,148477.464354752
59153.8389809912,4597.22019069635,178856.875978736,122463.907381548,148652.967970806
59472.6370840126,4655.90388237102,180963.036394916,121878.286429703,150128.592458314
59731.2030084131,4667.02956035629,181338.141049954,123798.658695712,152587.609686254
59640.0396036151,4745.39355864787,175093.362875948,120524.590379075,149498.58108956
58087.7542415889,4725.0106537758,165121.071955907,109938.15169473,142055.588818805
56345.5261782177,4617.46339907747,156398.577379782,102750.270240622,135202.51426591
60702.5458587806,5625.99314587376,145101.610642533,95115.4565388868,131601.144167573
61730.1747119572,5618.36702906142,107012.697927651,74152.5937820206,110399.721559618
62855.2054227561,5821.94978587201,112360.059984328,73636.2840829631,111402.246102067
63765.6308867929,5842.63071958183,115359.40867432,73791.7145968943,111495.947737035
65316.957868052,5953.37508745493,114146.87256329,70087.7903937853,109662.785003825
63331.8499385069,5165.24493885328,111751.023850785,64578.520361472,100445.706656288
61764.7909327338,4886.41378705973,108299.398769242,58946.4953652739,97666.2604179979
60372.9174824217,4653.36438871877,102679.362978594,55785.1096059081,95111.2849645079
59576.9986111254,4530.07791869413,100084.928464389,53261.658282529,92810.4216985483
59001.1626537157,4433.35460417338,97366.8882846143,51459.313375508,91278.2150806692
58784.5591948639,4592.39722746619,95106.5081674746,53598.5198993848,92094.0256725536
58201.0848087004,4661.18951132504,88280.0487762192,57457.8314017654,95373.9861258505
58805.7815973984,4832.46749925919,127217.55511398,87860.2799466661,126237.962669884
62671.3165310829,5494.29495558323,151309.862962522,103573.495608091,134796.612462752
61213.3985557775,5188.53008393625,156120.355053474,107205.16224626,137549.892949751
58962.4073621426,4841.06306028682,162497.669055726,114794.978557075,139953.951420715
58209.724516434,4435.05656593867,173267.442833486,120447.270706266,146999.162715181
58551.5823486111,4463.11250952731,176117.281240376,122377.491921499,148477.464354752
59153.8389809912,4597.22019069635,178856.875978736,122463.907381548,148652.967970806
59472.6370840126,4655.90388237102,180963.036394916,121878.286429703,150128.592458314
59731.2030084131,4667.02956035629,181338.141049954,123798.658695712,152587.609686254
59640.0396036151,4745.39355864787,175093.362875948,120524.590379075,149498.58108956
58087.7542415889,4725.0106537758,165121.071955907,109938.15169473,142055.588818805
56345.5261782177,4617.46339907747,156398.577379782,102750.270240622,135202.51426591
60702.5458587806,5625.99314587376,145101.610642533,95115.4565388868,131601.144167573
61730.1747119572,5618.36702906142,107012.697927651,74152.5937820206,110399.721559618
62855.2054227561,5821.94978587201,112360.059984328,73636.2840829631,111402.246102067
63765.6308867929,5842.63071958183,115359.40867432,73791.7145968943,111495.947737035
65316.957868052,5953.37508745493,114146.87256329,70087.7903937853,109662.785003825
63331.8499385069,5165.24493885328,111751.023850785,64578.520361472,100445.706656288
61319.102745988,6998.81492385787,99727.1942848959,56477.0418314246,81817.391386011
59897.2336086915,6899.11439632403,95184.5280752595,53862.0315369647,79766.2139819943
58790.6844656234,6631.09385082312,92117.5883208427,51823.8770829975,78371.4061999681
57870.7148829641,6371.32565763502,89341.273447255,50441.532519324,77691.309510955
57535.6512555306,6094.95473783891,87178.1878773296,52478.7711294976,78980.5826613593
56182.242621206,5626.72812489886,81761.75368029,56512.0105574977,82693.6364774666
55593.7005647547,5086.31278046303,114619.683760649,86900.0884422246,107919.509490346
60088.5350552611,5742.00838954112,135434.755347533,102743.846522373,117551.418477595
59369.9152893346,5559.15410585861,141630.725002573,105363.203310269,118339.596688109
59771.5352730156,5414.66858930801,147576.413728325,111152.369187529,117169.775032731
60500.9271225938,5324.94139729732,153506.830693398,114334.255055043,117012.536974152
61008.9531528415,5508.73806173583,154962.90910948,114380.348317596,116326.427332166
61381.0095398521,5747.48097347886,156570.330232328,114938.647593817,115753.415533076
61222.5192923998,5835.04051485428,158512.301379796,113695.408571602,115169.295409618
61092.9666317948,5902.90364035065,158960.720818251,114084.126258007,115489.771152291
60415.9113440941,5899.59945072355,154192.772067424,110326.228873298,113584.322621869
58576.7696879407,5744.86051530771,145224.933177861,102654.92878994,110986.785032373
57050.0824689042,5672.48795787639,138326.890698416,98147.7111186282,108513.222607203
59579.0588386546,6598.53024039022,128273.798439489,92879.5536779578,109989.750954221
60600.3052039689,6904.86189345929,99088.5208688599,73652.51858477,100455.261865065
61279.1142058021,7082.39138865817,103649.575536953,72714.7230518893,100765.809043267
61819.9289302704,7047.24862542224,106083.744847761,71203.0743304117,99822.2621523318
63343.899503293,7638.46359346949,105531.996169437,67284.7926769641,93235.0448147434
62971.1547690588,7394.12640727704,103553.701194301,61725.931840812,85050.1932548731
61319.102745988,6998.81492385787,99727.1942848959,56477.0418314246,81817.391386011
59897.2336086915,6899.11439632403,95184.5280752595,53862.0315369647,79766.2139819943
58790.6844656234,6631.09385082312,92117.5883208427,51823.8770829975,78371.4061999681
57870.7148829641,6371.32565763502,89341.273447255,50441.532519324,77691.309510955
57535.6512555306,6094.95473783891,87178.1878773296,52478.7711294976,78980.5826613593
56182.242621206,5626.72812489886,81761.75368029,56512.0105574977,82693.6364774666
55593.7005647547,5086.31278046303,114619.683760649,86900.0884422246,107919.509490346
60088.5350552611,5742.00838954112,135434.755347533,102743.846522373,117551.418477595
59369.9152893346,5559.15410585861,141630.725002573,105363.203310269,118339.596688109
59771.5352730156,5414.66858930801,147576.413728325,111152.369187529,117169.775032731
60500.9271225938,5324.94139729732,153506.830693398,114334.255055043,117012.536974152
61008.9531528415,5508.73806173583,154962.90910948,114380.348317596,116326.427332166
61381.0095398521,5747.48097347886,156570.330232328,114938.647593817,115753.415533076
61222.5192923998,5835.04051485428,158512.301379796,113695.408571602,115169.295409618
61092.9666317948,5902.90364035065,158960.720818251,114084.126258007,115489.771152291
60415.9113440941,5899.59945072355,154192.772067424,110326.228873298,113584.322621869
58576.7696879407,5744.86051530771,145224.933177861,102654.92878994,110986.785032373
57050.0824689042,5672.48795787639,138326.890698416,98147.7111186282,108513.222607203
59579.0588386546,6598.53024039022,128273.798439489,92879.5536779578,109989.750954221
60600.3052039689,6904.86189345929,99088.5208688599,73652.51858477,100455.261865065
61279.1142058021,7082.39138865817,103649.575536953,72714.7230518893,100765.809043267
61819.9289302704,7047.24862542224,106083.744847761,71203.0743304117,99822.2621523318
63343.899503293,7638.46359346949,105531.996169437,67284.7926769641,93235.0448147434
62971.1547690588,7394.12640727704,103553.701194301,61725.931840812,85050.1932548731
61319.102745988,6998.81492385787,99727.1942848959,56477.0418314246,81817.391386011
59897.2336086915,6899.11439632403,95184.5280752595,53862.0315369647,79766.2139819943
58790.6844656234,6631.09385082312,92117.5883208427,51823.8770829975,78371.4061999681
57870.7148829641,6371.32565763502,89341.273447255,50441.532519324,77691.309510955
57535.6512555306,6094.95473783891,87178.1878773296,52478.7711294976,78980.5826613593
56182.242621206,5626.72812489886,81761.75368029,56512.0105574977,82693.6364774666
55593.7005647547,5086.31278046303,114619.683760649,86900.0884422246,107919.509490346
60088.5350552611,5742.00838954112,135434.755347533,102743.846522373,117551.418477595
59369.9152893346,5559.15410585861,141630.725002573,105363.203310269,118339.596688109
59771.5352730156,5414.66858930801,147576.413728325,111152.369187529,117169.775032731
60500.9271225938,5324.94139729732,153506.830693398,114334.255055043,117012.536974152
61008.9531528415,5508.73806173583,154962.90910948,114380.348317596,116326.427332166
61381.0095398521,5747.48097347886,156570.330232328,114938.647593817,115753.415533076
61222.5192923998,5835.04051485428,158512.301379796,113695.408571602,115169.295409618
61092.9666317948,5902.90364035065,158960.720818251,114084.126258007,115489.771152291
60415.9113440941,5899.59945072355,154192.772067424,110326.228873298,113584.322621869
58576.7696879407,5744.86051530771,145224.933177861,102654.92878994,110986.785032373
57050.0824689042,5672.48795787639,138326.890698416,98147.7111186282,108513.222607203
59579.0588386546,6598.53024039022,128273.798439489,92879.5536779578,109989.750954221
60600.3052039689,6904.86189345929,99088.5208688599,73652.51858477,100455.261865065
61279.1142058021,7082.39138865817,103649.575536953,72714.7230518893,100765.809043267
61819.9289302704,7047.24862542224,106083.744847761,71203.0743304117,99822.2621523318
63343.899503293,7638.46359346949,105531.996169437,67284.7926769641,93235.0448147434
62971.1547690588,7394.12640727704,103553.701194301,61725.931840812,85050.1932548731
61319.102745988,6998.81492385787,99727.1942848959,56477.0418314246,81817.391386011
59897.2336086915,6899.11439632403,95184.5280752595,53862.0315369647,79766.2139819943
58790.6844656234,6631.09385082312,92117.5883208427,51823.8770829975,78371.4061999681
57870.7148829641,6371.32565763502,89341.273447255,50441.532519324,77691.309510955
57535.6512555306,6094.95473783891,87178.1878773296,52478.7711294976,78980.5826613593
56182.242621206,5626.72812489886,81761.75368029,56512.0105574977,82693.6364774666
55593.7005647547,5086.31278046303,114619.683760649,86900.0884422246,107919.509490346
60088.5350552611,5742.00838954112,135434.755347533,102743.846522373,117551.418477595
59369.9152893346,5559.15410585861,141630.725002573,105363.203310269,118339.596688109
59771.5352730156,5414.66858930801,147576.413728325,111152.369187529,117169.775032731
60500.9271225938,5324.94139729732,153506.830693398,114334.255055043,117012.536974152
61008.9531528415,5508.73806173583,154962.90910948,114380.348317596,116326.427332166
61381.0095398521,5747.48097347886,156570.330232328,114938.647593817,115753.415533076
61222.5192923998,5835.04051485428,158512.301379796,113695.408571602,115169.295409618
61092.9666317948,5902.90364035065,158960.720818251,114084.126258007,115489.771152291
60415.9113440941,5899.59945072355,154192.772067424,110326.228873298,113584.322621869
58576.7696879407,5744.86051530771,145224.933177861,102654.92878994,110986.785032373
57050.0824689042,5672.48795787639,138326.890698416,98147.7111186282,108513.222607203
59579.0588386546,6598.53024039022,128273.798439489,92879.5536779578,109989.750954221
60600.3052039689,6904.86189345929,99088.5208688599,73652.51858477,100455.261865065
61279.1142058021,7082.39138865817,103649.575536953,72714.7230518893,100765.809043267
61819.9289302704,7047.24862542224,106083.744847761,71203.0743304117,99822.2621523318
63343.899503293,7638.46359346949,105531.996169437,67284.7926769641,93235.0448147434
62971.1547690588,7394.12640727704,103553.701194301,61725.931840812,85050.1932548731
61319.102745988,6998.81492385787,99727.1942848959,56477.0418314246,81817.391386011
59897.2336086915,6899.11439632403,95184.5280752595,53862.0315369647,79766.2139819943
58790.6844656234,6631.09385082312,92117.5883208427,51823.8770829975,78371.4061999681
57870.7148829641,6371.32565763502,89341.273447255,50441.532519324,77691.309510955
57535.6512555306,6094.95473783891,87178.1878773296,52478.7711294976,78980.5826613593
56182.242621206,5626.72812489886,81761.75368029,56512.0105574977,82693.6364774666
55593.7005647547,5086.31278046303,114619.683760649,86900.0884422246,107919.509490346
60088.5350552611,5742.00838954112,135434.755347533,102743.846522373,117551.418477595
59369.9152893346,5559.15410585861,141630.725002573,105363.203310269,118339.596688109
59771.5352730156,5414.66858930801,147576.413728325,111152.369187529,117169.775032731
60500.9271225938,5324.94139729732,153506.830693398,114334.255055043,117012.536974152
61008.9531528415,5508.73806173583,154962.90910948,114380.348317596,116326.427332166
61381.0095398521,5747.48097347886,156570.330232328,114938.647593817,115753.415533076
61222.5192923998,5835.04051485428,158512.301379796,113695.408571602,115169.295409618
61092.9666317948,5902.90364035065,158960.720818251,114084.126258007,115489.771152291
60415.9113440941,5899.59945072355,154192.772067424,110326.228873298,113584.322621869
58576.7696879407,5744.86051530771,145224.933177861,102654.92878994,110986.785032373
57050.0824689042,5672.48795787639,138326.890698416,98147.7111186282,108513.222607203
59579.0588386546,6598.53024039022,128273.798439489,92879.5536779578,109989.750954221
60600.3052039689,6904.86189345929,99088.5208688599,73652.51858477,100455.261865065
61279.1142058021,7082.39138865817,103649.575536953,72714.7230518893,100765.809043267
61819.9289302704,7047.24862542224,106083.744847761,71203.0743304117,99822.2621523318
63343.899503293,7638.46359346949,105531.996169437,67284.7926769641,93235.0448147434
62971.1547690588,7394.12640727704,103553.701194301,61725.931840812,85050.1932548731
61319.102745988,6998.81492385787,99727.1942848959,56477.0418314246,81817.391386011
59897.2336086915,6899.11439632403,95184.5280752595,53862.0315369647,79766.2139819943
58790.6844656234,6631.09385082312,92117.5883208427,51823.8770829975,78371.4061999681
57870.7148829641,6371.32565763502,89341.273447255,50441.532519324,77691.309510955
57535.6512555306,6094.95473783891,87178.1878773296,52478.7711294976,78980.5826613593
56182.242621206,5626.72812489886,81761.75368029,56512.0105574977,82693.6364774666
55593.7005647547,5086.31278046303,114619.683760649,86900.0884422246,107919.509490346
60088.5350552611,5742.00838954112,135434.755347533,102743.846522373,117551.418477595
59369.9152893346,5559.15410585861,141630.725002573,105363.203310269,118339.596688109
59771.5352730156,5414.66858930801,147576.413728325,111152.369187529,117169.775032731
60500.9271225938,5324.94139729732,153506.830693398,114334.255055043,117012.536974152
61008.9531528415,5508.73806173583,154962.90910948,114380.348317596,116326.427332166
61381.0095398521,5747.48097347886,156570.330232328,114938.647593817,115753.415533076
61222.5192923998,5835.04051485428,158512.301379796,113695.408571602,115169.295409618
61092.9666317948,5902.90364035065,158960.720818251,114084.126258007,115489.771152291
60415.9113440941,5899.59945072355,154192.772067424,110326.228873298,113584.322621869
58576.7696879407,5744.86051530771,145224.933177861,102654.92878994,110986.785032373
57050.0824689042,5672.48795787639,138326.890698416,98147.7111186282,108513.222607203
59579.0588386546,6598.53024039022,128273.798439489,92879.5536779578,109989.750954221
60600.3052039689,6904.86189345929,99088.5208688599,73652.51858477,100455.261865065
61279.1142058021,7082.39138865817,103649.575536953,72714.7230518893,100765.809043267
61819.9289302704,7047.24862542224,106083.744847761,71203.0743304117,99822.2621523318
63343.899503293,7638.46359346949,105531.996169437,67284.7926769641,93235.0448147434
62971.1547690588,7394.12640727704,103553.701194301,61725.931840812,85050.1932548731
61319.102745988,6998.81492385787,99727.1942848959,56477.0418314246,81817.391386011
59897.2336086915,6899.11439632403,95184.5280752595,53862.0315369647,79766.2139819943
58790.6844656234,6631.09385082312,92117.5883208427,51823.8770829975,78371.4061999681
57870.7148829641,6371.32565763502,89341.273447255,50441.532519324,77691.309510955
57535.6512555306,6094.95473783891,87178.1878773296,52478.7711294976,78980.5826613593
56182.242621206,5626.72812489886,81761.75368029,56512.0105574977,82693.6364774666
55593.7005647547,5086.31278046303,114619.683760649,86900.0884422246,107919.509490346
60088.5350552611,5742.00838954112,135434.755347533,102743.846522373,117551.418477595
59369.9152893346,5559.15410585861,141630.725002573,105363.203310269,118339.596688109
59771.5352730156,5414.66858930801,147576.413728325,111152.369187529,117169.775032731
60500.9271225938,5324.94139729732,153506.830693398,114334.255055043,117012.536974152
61008.9531528415,5508.73806173583,154962.90910948,114380.348317596,116326.427332166
61381.0095398521,5747.48097347886,156570.330232328,114938.647593817,115753.415533076
61222.5192923998,5835.04051485428,158512.301379796,113695.408571602,115169.295409618
61092.9666317948,5902.90364035065,158960.720818251,114084.126258007,115489.771152291
60415.9113440941,5899.59945072355,154192.772067424,110326.228873298,113584.322621869
58576.7696879407,5744.86051530771,145224.933177861,102654.92878994,110986.785032373
57050.0824689042,5672.48795787639,138326.890698416,98147.7111186282,108513.222607203
59579.0588386546,6598.53024039022,128273.798439489,92879.5536779578,109989.750954221
60600.3052039689,6904.86189345929,99088.5208688599,73652.51858477,100455.261865065
61279.1142058021,7082.39138865817,103649.575536953,72714.7230518893,100765.809043267
61819.9289302704,7047.24862542224,106083.744847761,71203.0743304117,99822.2621523318
63343.899503293,7638.46359346949,105531.996169437,67284.7926769641,93235.0448147434
62971.1547690588,7394.12640727704,103553.701194301,61725.931840812,85050.1932548731
61319.102745988,6998.81492385787,99727.1942848959,56477.0418314246,81817.391386011
59897.2336086915,6899.11439632403,95184.5280752595,53862.0315369647,79766.2139819943
58790.6844656234,6631.09385082312,92117.5883208427,51823.8770829975,78371.4061999681
57870.7148829641,6371.32565763502,89341.273447255,50441.532519324,77691.309510955
57535.6512555306,6094.95473783891,87178.1878773296,52478.7711294976,78980.5826613593
56182.242621206,5626.72812489886,81761.75368029,56512.0105574977,82693.6364774666
55593.7005647547,5086.31278046303,114619.683760649,86900.0884422246,107919.509490346
60088.5350552611,5742.00838954112,135434.755347533,102743.846522373,117551.418477595
59369.9152893346,5559.15410585861,141630.725002573,105363.203310269,118339.596688109
59771.5352730156,5414.66858930801,147576.413728325,111152.369187529,117169.775032731
60500.9271225938,5324.94139729732,153506.830693398,114334.255055043,117012.536974152
61008.9531528415,5508.73806173583,154962.90910948,114380.348317596,116326.427332166
61381.0095398521,5747.48097347886,156570.330232328,114938.647593817,115753.415533076
61222.5192923998,5835.04051485428,158512.301379796,113695.408571602,115169.295409618
61092.9666317948,5902.90364035065,158960.720818251,114084.126258007,115489.771152291
60415.9113440941,5899.59945072355,154192.772067424,110326.228873298,113584.322621869
58576.7696879407,5744.86051530771,145224.933177861,102654.92878994,110986.785032373
57050.0824689042,5672.48795787639,138326.890698416,98147.7111186282,108513.222607203
59579.0588386546,6598.53024039022,128273.798439489,92879.5536779578,109989.750954221
60600.3052039689,6904.86189345929,99088.5208688599,73652.51858477,100455.261865065
61279.1142058021,7082.39138865817,103649.575536953,72714.7230518893,100765.809043267
61819.9289302704,7047.24862542224,106083.744847761,71203.0743304117,99822.2621523318
63343.899503293,7638.46359346949,105531.996169437,67284.7926769641,93235.0448147434
62971.1547690588,7394.12640727704,103553.701194301,61725.931840812,85050.1932548731
61319.102745988,6998.81492385787,99727.1942848959,56477.0418314246,81817.391386011
59897.2336086915,6899.11439632403,95184.5280752595,53862.0315369647,79766.2139819943
58790.6844656234,6631.09385082312,92117.5883208427,51823.8770829975,78371.4061999681
57870.7148829641,6371.32565763502,89341.273447255,50441.532519324,77691.309510955
57535.6512555306,6094.95473783891,87178.1878773296,52478.7711294976,78980.5826613593
56182.242621206,5626.72812489886,81761.75368029,56512.0105574977,82693.6364774666
55593.7005647547,5086.31278046303,114619.683760649,86900.0884422246,107919.509490346
60088.5350552611,5742.00838954112,135434.755347533,102743.846522373,117551.418477595
59369.9152893346,5559.15410585861,141630.725002573,105363.203310269,118339.596688109
59771.5352730156,5414.66858930801,147576.413728325,111152.369187529,117169.775032731
60500.9271225938,5324.94139729732,153506.830693398,114334.255055043,117012.536974152
61008.9531528415,5508.73806173583,154962.90910948,114380.348317596,116326.427332166
61381.0095398521,5747.48097347886,156570.330232328,114938.647593817,115753.415533076
61222.5192923998,5835.04051485428,158512.301379796,113695.408571602,115169.295409618
61092.9666317948,5902.90364035065,158960.720818251,114084.126258007,115489.771152291
60415.9113440941,5899.59945072355,154192.772067424,110326.228873298,113584.322621869
58576.7696879407,5744.86051530771,145224.933177861,102654.92878994,110986.785032373
57050.0824689042,5672.48795787639,138326.890698416,98147.7111186282,108513.222607203
59579.0588386546,6598.53024039022,128273.798439489,92879.5536779578,109989.750954221
60600.3052039689,6904.86189345929,99088.5208688599,73652.51858477,100455.261865065
61279.1142058021,7082.39138865817,103649.575536953,72714.7230518893,100765.809043267
61819.9289302704,7047.24862542224,106083.744847761,71203.0743304117,99822.2621523318
63343.899503293,7638.46359346949,105531.996169437,67284.7926769641,93235.0448147434
62971.1547690588,7394.12640727704,103553.701194301,61725.931840812,85050.1932548731
61319.102745988,6998.81492385787,99727.1942848959,56477.0418314246,81817.391386011
59897.2336086915,6899.11439632403,95184.5280752595,53862.0315369647,79766.2139819943
58790.6844656234,6631.09385082312,92117.5883208427,51823.8770829975,78371.4061999681
57870.7148829641,6371.32565763502,89341.273447255,50441.532519324,77691.309510955
57535.6512555306,6094.95473783891,87178.1878773296,52478.7711294976,78980.5826613593
56182.242621206,5626.72812489886,81761.75368029,56512.0105574977,82693.6364774666
55593.7005647547,5086.31278046303,114619.683760649,86900.0884422246,107919.509490346
60088.5350552611,5742.00838954112,135434.755347533,102743.846522373,117551.418477595
59369.9152893346,5559.15410585861,141630.725002573,105363.203310269,118339.596688109
59771.5352730156,5414.66858930801,147576.413728325,111152.369187529,117169.775032731
60500.9271225938,5324.94139729732,153506.830693398,114334.255055043,117012.536974152
61008.9531528415,5508.73806173583,154962.90910948,114380.348317596,116326.427332166
61381.0095398521,5747.48097347886,156570.330232328,114938.647593817,115753.415533076
61222.5192923998,5835.04051485428,158512.301379796,113695.408571602,115169.295409618
61092.9666317948,5902.90364035065,158960.720818251,114084.126258007,115489.771152291
60415.9113440941,5899.59945072355,154192.772067424,110326.228873298,113584.322621869
58576.7696879407,5744.86051530771,145224.933177861,102654.92878994,110986.785032373
57050.0824689042,5672.48795787639,138326.890698416,98147.7111186282,108513.222607203
59579.0588386546,6598.53024039022,128273.798439489,92879.5536779578,109989.750954221
60600.3052039689,6904.86189345929,99088.5208688599,73652.51858477,100455.261865065
61279.1142058021,7082.39138865817,103649.575536953,72714.7230518893,100765.809043267
61819.9289302704,7047.24862542224,106083.744847761,71203.0743304117,99822.2621523318
63343.899503293,7638.46359346949,105531.996169437,67284.7926769641,93235.0448147434
62971.1547690588,7394.12640727704,103553.701194301,61725.931840812,85050.1932548731
61319.102745988,6998.81492385787,99727.1942848959,56477.0418314246,81817.391386011
59897.2336086915,6899.11439632403,95184.5280752595,53862.0315369647,79766.2139819943
58790.6844656234,6631.09385082312,92117.5883208427,51823.8770829975,78371.4061999681
57870.7148829641,6371.32565763502,89341.273447255,50441.532519324,77691.309510955
57535.6512555306,6094.95473783891,87178.1878773296,52478.7711294976,78980.5826613593
56182.242621206,5626.72812489886,81761.75368029,56512.0105574977,82693.6364774666
55593.7005647547,5086.31278046303,114619.683760649,86900.0884422246,107919.509490346
60088.5350552611,5742.00838954112,135434.755347533,102743.846522373,117551.418477595
59369.9152893346,5559.15410585861,141630.725002573,105363.203310269,118339.596688109
59771.5352730156,5414.66858930801,147576.413728325,111152.369187529,117169.775032731
60500.9271225938,5324.94139729732,153506.830693398,114334.255055043,117012.536974152
61008.9531528415,5508.73806173583,154962.90910948,114380.348317596,116326.427332166
61381.0095398521,5747.48097347886,156570.330232328,114938.647593817,115753.415533076
61222.5192923998,5835.04051485428,158512.301379796,113695.408571602,115169.295409618
61092.9666317948,5902.90364035065,158960.720818251,114084.126258007,115489.771152291
60415.9113440941,5899.59945072355,154192.772067424,110326.228873298,113584.322621869
58576.7696879407,5744.86051530771,145224.933177861,102654.92878994,110986.785032373
57050.0824689042,5672.48795787639,138326.890698416,98147.7111186282,108513.222607203
59579.0588386546,6598.53024039022,128273.798439489,92879.5536779578,109989.750954221
60600.3052039689,6904.86189345929,99088.5208688599,73652.51858477,100455.261865065
61279.1142058021,7082.39138865817,103649.575536953,72714.7230518893,100765.809043267
61819.9289302704,7047.24862542224,106083.744847761,71203.0743304117,99822.2621523318
63343.899503293,7638.46359346949,105531.996169437,67284.7926769641,93235.0448147434
62971.1547690588,7394.12640727704,103553.701194301,61725.931840812,85050.1932548731
61319.102745988,6998.81492385787,99727.1942848959,56477.0418314246,81817.391386011
59897.2336086915,6899.11439632403,95184.5280752595,53862.0315369647,79766.2139819943
58790.6844656234,6631.09385082312,92117.5883208427,51823.8770829975,78371.4061999681
57870.7148829641,6371.32565763502,89341.273447255,50441.532519324,77691.309510955
57535.6512555306,6094.95473783891,87178.1878773296,52478.7711294976,78980.5826613593
56182.242621206,5626.72812489886,81761.75368029,56512.0105574977,82693.6364774666
55593.7005647547,5086.31278046303,114619.683760649,86900.0884422246,107919.509490346
60088.5350552611,5742.00838954112,135434.755347533,102743.846522373,117551.418477595
59369.9152893346,5559.15410585861,141630.725002573,105363.203310269,118339.596688109
59771.5352730156,5414.66858930801,147576.413728325,111152.369187529,117169.775032731
60500.9271225938,5324.94139729732,153506.830693398,114334.255055043,117012.536974152
61008.9531528415,5508.73806173583,154962.90910948,114380.348317596,116326.427332166
61381.0095398521,5747.48097347886,156570.330232328,114938.647593817,115753.415533076
61222.5192923998,5835.04051485428,158512.301379796,113695.408571602,115169.295409618
61092.9666317948,5902.90364035065,158960.720818251,114084.126258007,115489.771152291
60415.9113440941,5899.59945072355,154192.772067424,110326.228873298,113584.322621869
58576.7696879407,5744.86051530771,145224.933177861,102654.92878994,110986.785032373
57050.0824689042,5672.48795787639,138326.890698416,98147.7111186282,108513.222607203
59579.0588386546,6598.53024039022,128273.798439489,92879.5536779578,109989.750954221
60600.3052039689,6904.86189345929,99088.5208688599,73652.51858477,100455.261865065
61279.1142058021,7082.39138865817,103649.575536953,72714.7230518893,100765.809043267
61819.9289302704,7047.24862542224,106083.744847761,71203.0743304117,99822.2621523318
63343.899503293,7638.46359346949,105531.996169437,67284.7926769641,93235.0448147434
62971.1547690588,7394.12640727704,103553.701194301,61725.931840812,85050.1932548731
61319.102745988,6998.81492385787,99727.1942848959,56477.0418314246,81817.391386011
59897.2336086915,6899.11439632403,95184.5280752595,53862.0315369647,79766.2139819943
58790.6844656234,6631.09385082312,92117.5883208427,51823.8770829975,78371.4061999681
57870.7148829641,6371.32565763502,89341.273447255,50441.532519324,77691.309510955
57535.6512555306,6094.95473783891,87178.1878773296,52478.7711294976,78980.5826613593
56182.242621206,5626.72812489886,81761.75368029,56512.0105574977,82693.6364774666
55593.7005647547,5086.31278046303,114619.683760649,86900.0884422246,107919.509490346
60088.5350552611,5742.00838954112,135434.755347533,102743.846522373,117551.418477595
59369.9152893346,5559.15410585861,141630.725002573,105363.203310269,118339.596688109
59771.5352730156,5414.66858930801,147576.413728325,111152.369187529,117169.775032731
60500.9271225938,5324.94139729732,153506.830693398,114334.255055043,117012.536974152
61008.9531528415,5508.73806173583,154962.90910948,114380.348317596,116326.427332166
61381.0095398521,5747.48097347886,156570.330232328,114938.647593817,115753.415533076
61222.5192923998,5835.04051485428,158512.301379796,113695.408571602,115169.295409618
61092.9666317948,5902.90364035065,158960.720818251,114084.126258007,115489.771152291
60415.9113440941,5899.59945072355,154192.772067424,110326.228873298,113584.322621869
58576.7696879407,5744.86051530771,145224.933177861,102654.92878994,110986.785032373
57050.0824689042,5672.48795787639,138326.890698416,98147.7111186282,108513.222607203
59579.0588386546,6598.53024039022,128273.798439489,92879.5536779578,109989.750954221
60600.3052039689,6904.86189345929,99088.5208688599,73652.51858477,100455.261865065
61279.1142058021,7082.39138865817,103649.575536953,72714.7230518893,100765.809043267
61819.9289302704,7047.24862542224,106083.744847761,71203.0743304117,99822.2621523318
63343.899503293,7638.46359346949,105531.996169437,67284.7926769641,93235.0448147434
62971.1547690588,7394.12640727704,103553.701194301,61725.931840812,85050.1932548731
61319.102745988,6998.81492385787,99727.1942848959,56477.0418314246,81817.391386011
59897.2336086915,6899.11439632403,95184.5280752595,53862.0315369647,79766.2139819943
58790.6844656234,6631.09385082312,92117.5883208427,51823.8770829975,78371.4061999681
57870.7148829641,6371.32565763502,89341.273447255,50441.532519324,77691.309510955
57535.6512555306,6094.95473783891,87178.1878773296,52478.7711294976,78980.5826613593
56182.242621206,5626.72812489886,81761.75368029,56512.0105574977,82693.6364774666
55593.7005647547,5086.31278046303,114619.683760649,86900.0884422246,107919.509490346
60088.5350552611,5742.00838954112,135434.755347533,102743.846522373,117551.418477595
59369.9152893346,5559.15410585861,141630.725002573,105363.203310269,118339.596688109
59771.5352730156,5414.66858930801,147576.413728325,111152.369187529,117169.775032731
60500.9271225938,5324.94139729732,153506.830693398,114334.255055043,117012.536974152
61008.9531528415,5508.73806173583,154962.90910948,114380.348317596,116326.427332166
61381.0095398521,5747.48097347886,156570.330232328,114938.647593817,115753.415533076
61222.5192923998,5835.04051485428,158512.301379796,113695.408571602,115169.295409618
61092.9666317948,5902.90364035065,158960.720818251,114084.126258007,115489.771152291
60415.9113440941,5899.59945072355,154192.772067424,110326.228873298,113584.322621869
58576.7696879407,5744.86051530771,145224.933177861,102654.92878994,110986.785032373
57050.0824689042,5672.48795787639,138326.890698416,98147.7111186282,108513.222607203
59579.0588386546,6598.53024039022,128273.798439489,92879.5536779578,109989.750954221
60600.3052039689,6904.86189345929,99088.5208688599,73652.51858477,100455.261865065
61279.1142058021,7082.39138865817,103649.575536953,72714.7230518893,100765.809043267
61819.9289302704,7047.24862542224,106083.744847761,71203.0743304117,99822.2621523318
63343.899503293,7638.46359346949,105531.996169437,67284.7926769641,93235.0448147434
62971.1547690588,7394.12640727704,103553.701194301,61725.931840812,85050.1932548731
61319.102745988,6998.81492385787,99727.1942848959,56477.0418314246,81817.391386011
59897.2336086915,6899.11439632403,95184.5280752595,53862.0315369647,79766.2139819943
58790.6844656234,6631.09385082312,92117.5883208427,51823.8770829975,78371.4061999681
57870.7148829641,6371.32565763502,89341.273447255,50441.532519324,77691.309510955
57535.6512555306,6094.95473783891,87178.1878773296,52478.7711294976,78980.5826613593
56182.242621206,5626.72812489886,81761.75368029,56512.0105574977,82693.6364774666
55593.7005647547,5086.31278046303,114619.683760649,86900.0884422246,107919.509490346
60088.5350552611,5742.00838954112,135434.755347533,102743.846522373,117551.418477595
59369.9152893346,5559.15410585861,141630.725002573,105363.203310269,118339.596688109
59771.5352730156,5414.66858930801,147576.413728325,111152.369187529,117169.775032731
60500.9271225938,5324.94139729732,153506.830693398,114334.255055043,117012.536974152
61008.9531528415,5508.73806173583,154962.90910948,114380.348317596,116326.427332166
61381.0095398521,5747.48097347886,156570.330232328,114938.647593817,115753.415533076
61222.5192923998,5835.04051485428,158512.301379796,113695.408571602,115169.295409618
61092.9666317948,5902.90364035065,158960.720818251,114084.126258007,115489.771152291
60415.9113440941,5899.59945072355,154192.772067424,110326.228873298,113584.322621869
58576.7696879407,5744.86051530771,145224.933177861,102654.92878994,110986.785032373
57050.0824689042,5672.48795787639,138326.890698416,98147.7111186282,108513.222607203
59579.0588386546,6598.53024039022,128273.798439489,92879.5536779578,109989.750954221
60600.3052039689,6904.86189345929,99088.5208688599,73652.51858477,100455.261865065
61279.1142058021,7082.39138865817,103649.575536953,72714.7230518893,100765.809043267
61819.9289302704,7047.24862542224,106083.744847761,71203.0743304117,99822.2621523318
63343.899503293,7638.46359346949,105531.996169437,67284.7926769641,93235.0448147434
62971.1547690588,7394.12640727704,103553.701194301,61725.931840812,85050.1932548731
61319.102745988,6998.81492385787,99727.1942848959,56477.0418314246,81817.391386011
59897.2336086915,6899.11439632403,95184.5280752595,53862.0315369647,79766.2139819943
58790.6844656234,6631.09385082312,92117.5883208427,51823.8770829975,78371.4061999681
57870.7148829641,6371.32565763502,89341.273447255,50441.532519324,77691.309510955
57535.6512555306,6094.95473783891,87178.1878773296,52478.7711294976,78980.5826613593
56182.242621206,5626.72812489886,81761.75368029,56512.0105574977,82693.6364774666
55593.7005647547,5086.31278046303,114619.683760649,86900.0884422246,107919.509490346
60088.5350552611,5742.00838954112,135434.755347533,102743.846522373,117551.418477595
59369.9152893346,5559.15410585861,141630.725002573,105363.203310269,118339.596688109
59771.5352730156,5414.66858930801,147576.413728325,111152.369187529,117169.775032731
60500.9271225938,5324.94139729732,153506.830693398,114334.255055043,117012.536974152
61008.9531528415,5508.73806173583,154962.90910948,114380.348317596,116326.427332166
61381.0095398521,5747.48097347886,156570.330232328,114938.647593817,115753.415533076
61222.5192923998,5835.04051485428,158512.301379796,113695.408571602,115169.295409618
61092.9666317948,5902.90364035065,158960.720818251,114084.126258007,115489.771152291
60415.9113440941,5899.59945072355,154192.772067424,110326.228873298,113584.322621869
58576.7696879407,5744.86051530771,145224.933177861,102654.92878994,110986.785032373
57050.0824689042,5672.48795787639,138326.890698416,98147.7111186282,108513.222607203
59579.0588386546,6598.53024039022,128273.798439489,92879.5536779578,109989.750954221
60600.3052039689,6904.86189345929,99088.5208688599,73652.51858477,100455.261865065
61279.1142058021,7082.39138865817,103649.575536953,72714.7230518893,100765.809043267
61819.9289302704,7047.24862542224,106083.744847761,71203.0743304117,99822.2621523318
63343.899503293,7638.46359346949,105531.996169437,67284.7926769641,93235.0448147434
62971.1547690588,7394.12640727704,103553.701194301,61725.931840812,85050.1932548731
61319.102745988,6998.81492385787,99727.1942848959,56477.0418314246,81817.391386011
59897.2336086915,6899.11439632403,95184.5280752595,53862.0315369647,79766.2139819943
58790.6844656234,6631.09385082312,92117.5883208427,51823.8770829975,78371.4061999681
57870.7148829641,6371.32565763502,89341.273447255,50441.532519324,77691.309510955
57535.6512555306,6094.95473783891,87178.1878773296,52478.7711294976,78980.5826613593
56182.242621206,5626.72812489886,81761.75368029,56512.0105574977,82693.6364774666
55593.7005647547,5086.31278046303,114619.683760649,86900.0884422246,107919.509490346
60088.5350552611,5742.00838954112,135434.755347533,102743.846522373,117551.418477595
59369.9152893346,5559.15410585861,141630.725002573,105363.203310269,118339.596688109
59771.5352730156,5414.66858930801,147576.413728325,111152.369187529,117169.775032731
60500.9271225938,5324.94139729732,153506.830693398,114334.255055043,117012.536974152
61008.9531528415,5508.73806173583,154962.90910948,114380.348317596,116326.427332166
61381.0095398521,5747.48097347886,156570.330232328,114938.647593817,115753.415533076
61222.5192923998,5835.04051485428,158512.301379796,113695.408571602,115169.295409618
61092.9666317948,5902.90364035065,158960.720818251,114084.126258007,115489.771152291
60415.9113440941,5899.59945072355,154192.772067424,110326.228873298,113584.322621869
58576.7696879407,5744.86051530771,145224.933177861,102654.92878994,110986.785032373
57050.0824689042,5672.48795787639,138326.890698416,98147.7111186282,108513.222607203
59579.0588386546,6598.53024039022,128273.798439489,92879.5536779578,109989.750954221
60600.3052039689,6904.86189345929,99088.5208688599,73652.51858477,100455.261865065
61279.1142058021,7082.39138865817,103649.575536953,72714.7230518893,100765.809043267
61819.9289302704,7047.24862542224,106083.744847761,71203.0743304117,99822.2621523318
63343.899503293,7638.46359346949,105531.996169437,67284.7926769641,93235.0448147434
62971.1547690588,7394.12640727704,103553.701194301,61725.931840812,85050.1932548731
61319.102745988,6998.81492385787,99727.1942848959,56477.0418314246,81817.391386011
59897.2336086915,6899.11439632403,95184.5280752595,53862.0315369647,79766.2139819943
58790.6844656234,6631.09385082312,92117.5883208427,51823.8770829975,78371.4061999681
57870.7148829641,6371.32565763502,89341.273447255,50441.532519324,77691.309510955
57535.6512555306,6094.95473783891,87178.1878773296,52478.7711294976,78980.5826613593
56182.242621206,5626.72812489886,81761.75368029,56512.0105574977,82693.6364774666
55593.7005647547,5086.31278046303,114619.683760649,86900.0884422246,107919.509490346
60088.5350552611,5742.00838954112,135434.755347533,102743.846522373,117551.418477595
59369.9152893346,5559.15410585861,141630.725002573,105363.203310269,118339.596688109
59771.5352730156,5414.66858930801,147576.413728325,111152.369187529,117169.775032731
60500.9271225938,5324.94139729732,153506.830693398,114334.255055043,117012.536974152
61008.9531528415,5508.73806173583,154962.90910948,114380.348317596,116326.427332166
61381.0095398521,5747.48097347886,156570.330232328,114938.647593817,115753.415533076
61222.5192923998,5835.04051485428,158512.301379796,113695.408571602,115169.295409618
61092.9666317948,5902.90364035065,158960.720818251,114084.126258007,115489.771152291
60415.9113440941,5899.59945072355,154192.772067424,110326.228873298,113584.322621869
58576.7696879407,5744.86051530771,145224.933177861,102654.92878994,110986.785032373
57050.0824689042,5672.48795787639,138326.890698416,98147.7111186282,108513.222607203
59579.0588386546,6598.53024039022,128273.798439489,92879.5536779578,109989.750954221
60600.3052039689,6904.86189345929,99088.5208688599,73652.51858477,100455.261865065
61279.1142058021,7082.39138865817,103649.575536953,72714.7230518893,100765.809043267
61819.9289302704,7047.24862542224,106083.744847761,71203.0743304117,99822.2621523318
63343.899503293,7638.46359346949,105531.996169437,67284.7926769641,93235.0448147434
62971.1547690588,7394.12640727704,103553.701194301,61725.931840812,85050.1932548731
61319.102745988,6998.81492385787,99727.1942848959,56477.0418314246,81817.391386011
59897.2336086915,6899.11439632403,95184.5280752595,53862.0315369647,79766.2139819943
58790.6844656234,6631.09385082312,92117.5883208427,51823.8770829975,78371.4061999681
57870.7148829641,6371.32565763502,89341.273447255,50441.532519324,77691.309510955
57535.6512555306,6094.95473783891,87178.1878773296,52478.7711294976,78980.5826613593
56182.242621206,5626.72812489886,81761.75368029,56512.0105574977,82693.6364774666
55593.7005647547,5086.31278046303,114619.683760649,86900.0884422246,107919.509490346
60088.5350552611,5742.00838954112,135434.755347533,102743.846522373,117551.418477595
59369.9152893346,5559.15410585861,141630.725002573,105363.203310269,118339.596688109
59771.5352730156,5414.66858930801,147576.413728325,111152.369187529,117169.775032731
60500.9271225938,5324.94139729732,153506.830693398,114334.255055043,117012.536974152
61008.9531528415,5508.73806173583,154962.90910948,114380.348317596,116326.427332166
61381.0095398521,5747.48097347886,156570.330232328,114938.647593817,115753.415533076
61222.5192923998,5835.04051485428,158512.301379796,113695.408571602,115169.295409618
61092.9666317948,5902.90364035065,158960.720818251,114084.126258007,115489.771152291
60415.9113440941,5899.59945072355,154192.772067424,110326.228873298,113584.322621869
58576.7696879407,5744.86051530771,145224.933177861,102654.92878994,110986.785032373
57050.0824689042,5672.48795787639,138326.890698416,98147.7111186282,108513.222607203
59579.0588386546,6598.53024039022,128273.798439489,92879.5536779578,109989.750954221
60600.3052039689,6904.86189345929,99088.5208688599,73652.51858477,100455.261865065
61279.1142058021,7082.39138865817,103649.575536953,72714.7230518893,100765.809043267
61819.9289302704,7047.24862542224,106083.744847761,71203.0743304117,99822.2621523318
63343.899503293,7638.46359346949,105531.996169437,67284.7926769641,93235.0448147434
62971.1547690588,7394.12640727704,103553.701194301,61725.931840812,85050.1932548731
61319.102745988,6998.81492385787,99727.1942848959,56477.0418314246,81817.391386011
59897.2336086915,6899.11439632403,95184.5280752595,53862.0315369647,79766.2139819943
58790.6844656234,6631.09385082312,92117.5883208427,51823.8770829975,78371.4061999681
57870.7148829641,6371.32565763502,89341.273447255,50441.532519324,77691.309510955
57535.6512555306,6094.95473783891,87178.1878773296,52478.7711294976,78980.5826613593
56182.242621206,5626.72812489886,81761.75368029,56512.0105574977,82693.6364774666
55593.7005647547,5086.31278046303,114619.683760649,86900.0884422246,107919.509490346
60088.5350552611,5742.00838954112,135434.755347533,102743.846522373,117551.418477595
59369.9152893346,5559.15410585861,141630.725002573,105363.203310269,118339.596688109
59771.5352730156,5414.66858930801,147576.413728325,111152.369187529,117169.775032731
60500.9271225938,5324.94139729732,153506.830693398,114334.255055043,117012.536974152
61008.9531528415,5508.73806173583,154962.90910948,114380.348317596,116326.427332166
61381.0095398521,5747.48097347886,156570.330232328,114938.647593817,115753.415533076
61222.5192923998,5835.04051485428,158512.301379796,113695.408571602,115169.295409618
61092.9666317948,5902.90364035065,158960.720818251,114084.126258007,115489.771152291
60415.9113440941,5899.59945072355,154192.772067424,110326.228873298,113584.322621869
58576.7696879407,5744.86051530771,145224.933177861,102654.92878994,110986.785032373
57050.0824689042,5672.48795787639,138326.890698416,98147.7111186282,108513.222607203
59579.0588386546,6598.53024039022,128273.798439489,92879.5536779578,109989.750954221
60600.3052039689,6904.86189345929,99088.5208688599,73652.51858477,100455.261865065
61279.1142058021,7082.39138865817,103649.575536953,72714.7230518893,100765.809043267
61819.9289302704,7047.24862542224,106083.744847761,71203.0743304117,99822.2621523318
63343.899503293,7638.46359346949,105531.996169437,67284.7926769641,93235.0448147434
62971.1547690588,7394.12640727704,103553.701194301,61725.931840812,85050.1932548731
61319.102745988,6998.81492385787,99727.1942848959,56477.0418314246,81817.391386011
59897.2336086915,6899.11439632403,95184.5280752595,53862.0315369647,79766.2139819943
58790.6844656234,6631.09385082312,92117.5883208427,51823.8770829975,78371.4061999681
57870.7148829641,6371.32565763502,89341.273447255,50441.532519324,77691.309510955
57535.6512555306,6094.95473783891,87178.1878773296,52478.7711294976,78980.5826613593
56182.242621206,5626.72812489886,81761.75368029,56512.0105574977,82693.6364774666
55593.7005647547,5086.31278046303,114619.683760649,86900.0884422246,107919.509490346
60088.5350552611,5742.00838954112,135434.755347533,102743.846522373,117551.418477595
59369.9152893346,5559.15410585861,141630.725002573,105363.203310269,118339.596688109
59771.5352730156,5414.66858930801,147576.413728325,111152.369187529,117169.775032731
60500.9271225938,5324.94139729732,153506.830693398,114334.255055043,117012.536974152
61008.9531528415,5508.73806173583,154962.90910948,114380.348317596,116326.427332166
61381.0095398521,5747.48097347886,156570.330232328,114938.647593817,115753.415533076
61222.5192923998,5835.04051485428,158512.301379796,113695.408571602,115169.295409618
61092.9666317948,5902.90364035065,158960.720818251,114084.126258007,115489.771152291
60415.9113440941,5899.59945072355,154192.772067424,110326.228873298,113584.322621869
58576.7696879407,5744.86051530771,145224.933177861,102654.92878994,110986.785032373
57050.0824689042,5672.48795787639,138326.890698416,98147.7111186282,108513.222607203
59579.0588386546,6598.53024039022,128273.798439489,92879.5536779578,109989.750954221
60600.3052039689,6904.86189345929,99088.5208688599,73652.51858477,100455.261865065
61279.1142058021,7082.39138865817,103649.575536953,72714.7230518893,100765.809043267
61819.9289302704,7047.24862542224,106083.744847761,71203.0743304117,99822.2621523318
63343.899503293,7638.46359346949,105531.996169437,67284.7926769641,93235.0448147434
62971.1547690588,7394.12640727704,103553.701194301,61725.931840812,85050.1932548731
61319.102745988,6998.81492385787,99727.1942848959,56477.0418314246,81817.391386011
59897.2336086915,6899.11439632403,95184.5280752595,53862.0315369647,79766.2139819943
58790.6844656234,6631.09385082312,92117.5883208427,51823.8770829975,78371.4061999681
57870.7148829641,6371.32565763502,89341.273447255,50441.532519324,77691.309510955
57535.6512555306,6094.95473783891,87178.1878773296,52478.7711294976,78980.5826613593
56182.242621206,5626.72812489886,81761.75368029,56512.0105574977,82693.6364774666
55593.7005647547,5086.31278046303,114619.683760649,86900.0884422246,107919.509490346
60088.5350552611,5742.00838954112,135434.755347533,102743.846522373,117551.418477595
59369.9152893346,5559.15410585861,141630.725002573,105363.203310269,118339.596688109
59771.5352730156,5414.66858930801,147576.413728325,111152.369187529,117169.775032731
60500.9271225938,5324.94139729732,153506.830693398,114334.255055043,117012.536974152
61008.9531528415,5508.73806173583,154962.90910948,114380.348317596,116326.427332166
61381.0095398521,5747.48097347886,156570.330232328,114938.647593817,115753.415533076
61222.5192923998,5835.04051485428,158512.301379796,113695.408571602,115169.295409618
61092.9666317948,5902.90364035065,158960.720818251,114084.126258007,115489.771152291
60415.9113440941,5899.59945072355,154192.772067424,110326.228873298,113584.322621869
58576.7696879407,5744.86051530771,145224.933177861,102654.92878994,110986.785032373
57050.0824689042,5672.48795787639,138326.890698416,98147.7111186282,108513.222607203
59579.0588386546,6598.53024039022,128273.798439489,92879.5536779578,109989.750954221
60600.3052039689,6904.86189345929,99088.5208688599,73652.51858477,100455.261865065
61279.1142058021,7082.39138865817,103649.575536953,72714.7230518893,100765.809043267
61819.9289302704,7047.24862542224,106083.744847761,71203.0743304117,99822.2621523318
63343.899503293,7638.46359346949,105531.996169437,67284.7926769641,93235.0448147434
62971.1547690588,7394.12640727704,103553.701194301,61725.931840812,85050.1932548731
61319.102745988,6998.81492385787,99727.1942848959,56477.0418314246,81817.391386011
59897.2336086915,6899.11439632403,95184.5280752595,53862.0315369647,79766.2139819943
58790.6844656234,6631.09385082312,92117.5883208427,51823.8770829975,78371.4061999681
57870.7148829641,6371.32565763502,89341.273447255,50441.532519324,77691.309510955
57535.6512555306,6094.95473783891,87178.1878773296,52478.7711294976,78980.5826613593
56182.242621206,5626.72812489886,81761.75368029,56512.0105574977,82693.6364774666
55593.7005647547,5086.31278046303,114619.683760649,86900.0884422246,107919.509490346
60088.5350552611,5742.00838954112,135434.755347533,102743.846522373,117551.418477595
59369.9152893346,5559.15410585861,141630.725002573,105363.203310269,118339.596688109
59771.5352730156,5414.66858930801,147576.413728325,111152.369187529,117169.775032731
60500.9271225938,5324.94139729732,153506.830693398,114334.255055043,117012.536974152
61008.9531528415,5508.73806173583,154962.90910948,114380.348317596,116326.427332166
61381.0095398521,5747.48097347886,156570.330232328,114938.647593817,115753.415533076
61222.5192923998,5835.04051485428,158512.301379796,113695.408571602,115169.295409618
61092.9666317948,5902.90364035065,158960.720818251,114084.126258007,115489.771152291
60415.9113440941,5899.59945072355,154192.772067424,110326.228873298,113584.322621869
58576.7696879407,5744.86051530771,145224.933177861,102654.92878994,110986.785032373
57050.0824689042,5672.48795787639,138326.890698416,98147.7111186282,108513.222607203
59579.0588386546,6598.53024039022,128273.798439489,92879.5536779578,109989.750954221
60600.3052039689,6904.86189345929,99088.5208688599,73652.51858477,100455.261865065
61279.1142058021,7082.39138865817,103649.575536953,72714.7230518893,100765.809043267
61819.9289302704,7047.24862542224,106083.744847761,71203.0743304117,99822.2621523318
63343.899503293,7638.46359346949,105531.996169437,67284.7926769641,93235.0448147434
62971.1547690588,7394.12640727704,103553.701194301,61725.931840812,85050.1932548731
61319.102745988,6998.81492385787,99727.1942848959,56477.0418314246,81817.391386011
59897.2336086915,6899.11439632403,95184.5280752595,53862.0315369647,79766.2139819943
58790.6844656234,6631.09385082312,92117.5883208427,51823.8770829975,78371.4061999681
57870.7148829641,6371.32565763502,89341.273447255,50441.532519324,77691.309510955
57535.6512555306,6094.95473783891,87178.1878773296,52478.7711294976,78980.5826613593
56182.242621206,5626.72812489886,81761.75368029,56512.0105574977,82693.6364774666
55593.7005647547,5086.31278046303,114619.683760649,86900.0884422246,107919.509490346
60088.5350552611,5742.00838954112,135434.755347533,102743.846522373,117551.418477595
59369.9152893346,5559.15410585861,141630.725002573,105363.203310269,118339.596688109
59771.5352730156,5414.66858930801,147576.413728325,111152.369187529,117169.775032731
60500.9271225938,5324.94139729732,153506.830693398,114334.255055043,117012.536974152
61008.9531528415,5508.73806173583,154962.90910948,114380.348317596,116326.427332166
61381.0095398521,5747.48097347886,156570.330232328,114938.647593817,115753.415533076
61222.5192923998,5835.04051485428,158512.301379796,113695.408571602,115169.295409618
61092.9666317948,5902.90364035065,158960.720818251,114084.126258007,115489.771152291
60415.9113440941,5899.59945072355,154192.772067424,110326.228873298,113584.322621869
58576.7696879407,5744.86051530771,145224.933177861,102654.92878994,110986.785032373
57050.0824689042,5672.48795787639,138326.890698416,98147.7111186282,108513.222607203
59579.0588386546,6598.53024039022,128273.798439489,92879.5536779578,109989.750954221
60600.3052039689,6904.86189345929,99088.5208688599,73652.51858477,100455.261865065
61279.1142058021,7082.39138865817,103649.575536953,72714.7230518893,100765.809043267
61819.9289302704,7047.24862542224,106083.744847761,71203.0743304117,99822.2621523318
63343.899503293,7638.46359346949,105531.996169437,67284.7926769641,93235.0448147434
62971.1547690588,7394.12640727704,103553.701194301,61725.931840812,85050.1932548731
61319.102745988,6998.81492385787,99727.1942848959,56477.0418314246,81817.391386011
59897.2336086915,6899.11439632403,95184.5280752595,53862.0315369647,79766.2139819943
58790.6844656234,6631.09385082312,92117.5883208427,51823.8770829975,78371.4061999681
57870.7148829641,6371.32565763502,89341.273447255,50441.532519324,77691.309510955
57535.6512555306,6094.95473783891,87178.1878773296,52478.7711294976,78980.5826613593
56182.242621206,5626.72812489886,81761.75368029,56512.0105574977,82693.6364774666
55593.7005647547,5086.31278046303,114619.683760649,86900.0884422246,107919.509490346
60088.5350552611,5742.00838954112,135434.755347533,102743.846522373,117551.418477595
59369.9152893346,5559.15410585861,141630.725002573,105363.203310269,118339.596688109
59771.5352730156,5414.66858930801,147576.413728325,111152.369187529,117169.775032731
60500.9271225938,5324.94139729732,153506.830693398,114334.255055043,117012.536974152
61008.9531528415,5508.73806173583,154962.90910948,114380.348317596,116326.427332166
61381.0095398521,5747.48097347886,156570.330232328,114938.647593817,115753.415533076
61222.5192923998,5835.04051485428,158512.301379796,113695.408571602,115169.295409618
61092.9666317948,5902.90364035065,158960.720818251,114084.126258007,115489.771152291
60415.9113440941,5899.59945072355,154192.772067424,110326.228873298,113584.322621869
58576.7696879407,5744.86051530771,145224.933177861,102654.92878994,110986.785032373
57050.0824689042,5672.48795787639,138326.890698416,98147.7111186282,108513.222607203
59579.0588386546,6598.53024039022,128273.798439489,92879.5536779578,109989.750954221
60600.3052039689,6904.86189345929,99088.5208688599,73652.51858477,100455.261865065
61279.1142058021,7082.39138865817,103649.575536953,72714.7230518893,100765.809043267
61819.9289302704,7047.24862542224,106083.744847761,71203.0743304117,99822.2621523318
63343.899503293,7638.46359346949,105531.996169437,67284.7926769641,93235.0448147434
62971.1547690588,7394.12640727704,103553.701194301,61725.931840812,85050.1932548731
61319.102745988,6998.81492385787,99727.1942848959,56477.0418314246,81817.391386011
59897.2336086915,6899.11439632403,95184.5280752595,53862.0315369647,79766.2139819943
58790.6844656234,6631.09385082312,92117.5883208427,51823.8770829975,78371.4061999681
57870.7148829641,6371.32565763502,89341.273447255,50441.532519324,77691.309510955
57535.6512555306,6094.95473783891,87178.1878773296,52478.7711294976,78980.5826613593
56182.242621206,5626.72812489886,81761.75368029,56512.0105574977,82693.6364774666
55593.7005647547,5086.31278046303,114619.683760649,86900.0884422246,107919.509490346
60088.5350552611,5742.00838954112,135434.755347533,102743.846522373,117551.418477595
59369.9152893346,5559.15410585861,141630.725002573,105363.203310269,118339.596688109
59771.5352730156,5414.66858930801,147576.413728325,111152.369187529,117169.775032731
60500.9271225938,5324.94139729732,153506.830693398,114334.255055043,117012.536974152
61008.9531528415,5508.73806173583,154962.90910948,114380.348317596,116326.427332166
61381.0095398521,5747.48097347886,156570.330232328,114938.647593817,115753.415533076
61222.5192923998,5835.04051485428,158512.301379796,113695.408571602,115169.295409618
61092.9666317948,5902.90364035065,158960.720818251,114084.126258007,115489.771152291
60415.9113440941,5899.59945072355,154192.772067424,110326.228873298,113584.322621869
58576.7696879407,5744.86051530771,145224.933177861,102654.92878994,110986.785032373
57050.0824689042,5672.48795787639,138326.890698416,98147.7111186282,108513.222607203
59579.0588386546,6598.53024039022,128273.798439489,92879.5536779578,109989.750954221
60600.3052039689,6904.86189345929,99088.5208688599,73652.51858477,100455.261865065
61279.1142058021,7082.39138865817,103649.575536953,72714.7230518893,100765.809043267
61819.9289302704,7047.24862542224,106083.744847761,71203.0743304117,99822.2621523318
63343.899503293,7638.46359346949,105531.996169437,67284.7926769641,93235.0448147434
62971.1547690588,7394.12640727704,103553.701194301,61725.931840812,85050.1932548731
61319.102745988,6998.81492385787,99727.1942848959,56477.0418314246,81817.391386011
59897.2336086915,6899.11439632403,95184.5280752595,53862.0315369647,79766.2139819943
58790.6844656234,6631.09385082312,92117.5883208427,51823.8770829975,78371.4061999681
57870.7148829641,6371.32565763502,89341.273447255,50441.532519324,77691.309510955
57535.6512555306,6094.95473783891,87178.1878773296,52478.7711294976,78980.5826613593
56182.242621206,5626.72812489886,81761.75368029,56512.0105574977,82693.6364774666
55593.7005647547,5086.31278046303,114619.683760649,86900.0884422246,107919.509490346
60088.5350552611,5742.00838954112,135434.755347533,102743.846522373,117551.418477595
59369.9152893346,5559.15410585861,141630.725002573,105363.203310269,118339.596688109
59771.5352730156,5414.66858930801,147576.413728325,111152.369187529,117169.775032731
60500.9271225938,5324.94139729732,153506.830693398,114334.255055043,117012.536974152
61008.9531528415,5508.73806173583,154962.90910948,114380.348317596,116326.427332166
61381.0095398521,5747.48097347886,156570.330232328,114938.647593817,115753.415533076
61222.5192923998,5835.04051485428,158512.301379796,113695.408571602,115169.295409618
61092.9666317948,5902.90364035065,158960.720818251,114084.126258007,115489.771152291
60415.9113440941,5899.59945072355,154192.772067424,110326.228873298,113584.322621869
58576.7696879407,5744.86051530771,145224.933177861,102654.92878994,110986.785032373
57050.0824689042,5672.48795787639,138326.890698416,98147.7111186282,108513.222607203
59579.0588386546,6598.53024039022,128273.798439489,92879.5536779578,109989.750954221
60600.3052039689,6904.86189345929,99088.5208688599,73652.51858477,100455.261865065
61279.1142058021,7082.39138865817,103649.575536953,72714.7230518893,100765.809043267
61819.9289302704,7047.24862542224,106083.744847761,71203.0743304117,99822.2621523318
63343.899503293,7638.46359346949,105531.996169437,67284.7926769641,93235.0448147434
62971.1547690588,7394.12640727704,103553.701194301,61725.931840812,85050.1932548731
61319.102745988,6998.81492385787,99727.1942848959,56477.0418314246,81817.391386011
59897.2336086915,6899.11439632403,95184.5280752595,53862.0315369647,79766.2139819943
58790.6844656234,6631.09385082312,92117.5883208427,51823.8770829975,78371.4061999681
57870.7148829641,6371.32565763502,89341.273447255,50441.532519324,77691.309510955
57535.6512555306,6094.95473783891,87178.1878773296,52478.7711294976,78980.5826613593
56182.242621206,5626.72812489886,81761.75368029,56512.0105574977,82693.6364774666
55593.7005647547,5086.31278046303,114619.683760649,86900.0884422246,107919.509490346
60088.5350552611,5742.00838954112,135434.755347533,102743.846522373,117551.418477595
59369.9152893346,5559.15410585861,141630.725002573,105363.203310269,118339.596688109
59771.5352730156,5414.66858930801,147576.413728325,111152.369187529,117169.775032731
60500.9271225938,5324.94139729732,153506.830693398,114334.255055043,117012.536974152
61008.9531528415,5508.73806173583,154962.90910948,114380.348317596,116326.427332166
61381.0095398521,5747.48097347886,156570.330232328,114938.647593817,115753.415533076
61222.5192923998,5835.04051485428,158512.301379796,113695.408571602,115169.295409618
61092.9666317948,5902.90364035065,158960.720818251,114084.126258007,115489.771152291
60415.9113440941,5899.59945072355,154192.772067424,110326.228873298,113584.322621869
58576.7696879407,5744.86051530771,145224.933177861,102654.92878994,110986.785032373
57050.0824689042,5672.48795787639,138326.890698416,98147.7111186282,108513.222607203
59579.0588386546,6598.53024039022,128273.798439489,92879.5536779578,109989.750954221
60600.3052039689,6904.86189345929,99088.5208688599,73652.51858477,100455.261865065
61279.1142058021,7082.39138865817,103649.575536953,72714.7230518893,100765.809043267
61819.9289302704,7047.24862542224,106083.744847761,71203.0743304117,99822.2621523318
63343.899503293,7638.46359346949,105531.996169437,67284.7926769641,93235.0448147434
62971.1547690588,7394.12640727704,103553.701194301,61725.931840812,85050.1932548731
61319.102745988,6998.81492385787,99727.1942848959,56477.0418314246,81817.391386011
59897.2336086915,6899.11439632403,95184.5280752595,53862.0315369647,79766.2139819943
58790.6844656234,6631.09385082312,92117.5883208427,51823.8770829975,78371.4061999681
57870.7148829641,6371.32565763502,89341.273447255,50441.532519324,77691.309510955
57535.6512555306,6094.95473783891,87178.1878773296,52478.7711294976,78980.5826613593
56182.242621206,5626.72812489886,81761.75368029,56512.0105574977,82693.6364774666
55593.7005647547,5086.31278046303,114619.683760649,86900.0884422246,107919.509490346
60088.5350552611,5742.00838954112,135434.755347533,102743.846522373,117551.418477595
59369.9152893346,5559.15410585861,141630.725002573,105363.203310269,118339.596688109
59771.5352730156,5414.66858930801,147576.413728325,111152.369187529,117169.775032731
60500.9271225938,5324.94139729732,153506.830693398,114334.255055043,117012.536974152
61008.9531528415,5508.73806173583,154962.90910948,114380.348317596,116326.427332166
61381.0095398521,5747.48097347886,156570.330232328,114938.647593817,115753.415533076
61222.5192923998,5835.04051485428,158512.301379796,113695.408571602,115169.295409618
61092.9666317948,5902.90364035065,158960.720818251,114084.126258007,115489.771152291
60415.9113440941,5899.59945072355,154192.772067424,110326.228873298,113584.322621869
58576.7696879407,5744.86051530771,145224.933177861,102654.92878994,110986.785032373
57050.0824689042,5672.48795787639,138326.890698416,98147.7111186282,108513.222607203
59579.0588386546,6598.53024039022,128273.798439489,92879.5536779578,109989.750954221
60600.3052039689,6904.86189345929,99088.5208688599,73652.51858477,100455.261865065
61279.1142058021,7082.39138865817,103649.575536953,72714.7230518893,100765.809043267
61819.9289302704,7047.24862542224,106083.744847761,71203.0743304117,99822.2621523318
63343.899503293,7638.46359346949,105531.996169437,67284.7926769641,93235.0448147434
62971.1547690588,7394.12640727704,103553.701194301,61725.931840812,85050.1932548731
61319.102745988,6998.81492385787,99727.1942848959,56477.0418314246,81817.391386011
59897.2336086915,6899.11439632403,95184.5280752595,53862.0315369647,79766.2139819943
58790.6844656234,6631.09385082312,92117.5883208427,51823.8770829975,78371.4061999681
57870.7148829641,6371.32565763502,89341.273447255,50441.532519324,77691.309510955
57535.6512555306,6094.95473783891,87178.1878773296,52478.7711294976,78980.5826613593
56182.242621206,5626.72812489886,81761.75368029,56512.0105574977,82693.6364774666
55593.7005647547,5086.31278046303,114619.683760649,86900.0884422246,107919.509490346
60088.5350552611,5742.00838954112,135434.755347533,102743.846522373,117551.418477595
59369.9152893346,5559.15410585861,141630.725002573,105363.203310269,118339.596688109
59771.5352730156,5414.66858930801,147576.413728325,111152.369187529,117169.775032731
60500.9271225938,5324.94139729732,153506.830693398,114334.255055043,117012.536974152
61008.9531528415,5508.73806173583,154962.90910948,114380.348317596,116326.427332166
61381.0095398521,5747.48097347886,156570.330232328,114938.647593817,115753.415533076
61222.5192923998,5835.04051485428,158512.301379796,113695.408571602,115169.295409618
61092.9666317948,5902.90364035065,158960.720818251,114084.126258007,115489.771152291
60415.9113440941,5899.59945072355,154192.772067424,110326.228873298,113584.322621869
58576.7696879407,5744.86051530771,145224.933177861,102654.92878994,110986.785032373
57050.0824689042,5672.48795787639,138326.890698416,98147.7111186282,108513.222607203
59579.0588386546,6598.53024039022,128273.798439489,92879.5536779578,109989.750954221
60600.3052039689,6904.86189345929,99088.5208688599,73652.51858477,100455.261865065
61279.1142058021,7082.39138865817,103649.575536953,72714.7230518893,100765.809043267
61819.9289302704,7047.24862542224,106083.744847761,71203.0743304117,99822.2621523318
63343.899503293,7638.46359346949,105531.996169437,67284.7926769641,93235.0448147434
62971.1547690588,7394.12640727704,103553.701194301,61725.931840812,85050.1932548731
61319.102745988,6998.81492385787,99727.1942848959,56477.0418314246,81817.391386011
59897.2336086915,6899.11439632403,95184.5280752595,53862.0315369647,79766.2139819943
58790.6844656234,6631.09385082312,92117.5883208427,51823.8770829975,78371.4061999681
57870.7148829641,6371.32565763502,89341.273447255,50441.532519324,77691.309510955
57535.6512555306,6094.95473783891,87178.1878773296,52478.7711294976,78980.5826613593
56182.242621206,5626.72812489886,81761.75368029,56512.0105574977,82693.6364774666
55593.7005647547,5086.31278046303,114619.683760649,86900.0884422246,107919.509490346
60088.5350552611,5742.00838954112,135434.755347533,102743.846522373,117551.418477595
59369.9152893346,5559.15410585861,141630.725002573,105363.203310269,118339.596688109
59771.5352730156,5414.66858930801,147576.413728325,111152.369187529,117169.775032731
60500.9271225938,5324.94139729732,153506.830693398,114334.255055043,117012.536974152
61008.9531528415,5508.73806173583,154962.90910948,114380.348317596,116326.427332166
61381.0095398521,5747.48097347886,156570.330232328,114938.647593817,115753.415533076
61222.5192923998,5835.04051485428,158512.301379796,113695.408571602,115169.295409618
61092.9666317948,5902.90364035065,158960.720818251,114084.126258007,115489.771152291
60415.9113440941,5899.59945072355,154192.772067424,110326.228873298,113584.322621869
58576.7696879407,5744.86051530771,145224.933177861,102654.92878994,110986.785032373
57050.0824689042,5672.48795787639,138326.890698416,98147.7111186282,108513.222607203
59579.0588386546,6598.53024039022,128273.798439489,92879.5536779578,109989.750954221
60600.3052039689,6904.86189345929,99088.5208688599,73652.51858477,100455.261865065
61279.1142058021,7082.39138865817,103649.575536953,72714.7230518893,100765.809043267
61819.9289302704,7047.24862542224,106083.744847761,71203.0743304117,99822.2621523318
63343.899503293,7638.46359346949,105531.996169437,67284.7926769641,93235.0448147434
62971.1547690588,7394.12640727704,103553.701194301,61725.931840812,85050.1932548731
59230.2202144263,7264.45764612313,91622.2702836543,53742.5295713782,82756.6681589662
58071.7280444409,7155.09498978035,86851.1051005824,51214.7022638919,80811.640042773
57152.3591551046,6927.70811116775,83774.4539647616,49306.337591426,79325.2675381739
56439.7727207754,6644.74501484573,81117.7039429508,48265.2803650556,78467.9815265502
56285.6279710373,6397.53654951775,80150.3262563626,51057.1314557675,79768.1082213479
55391.086248131,5803.4447037849,77640.9645642753,56476.8943044299,81582.2555497009
56097.8419588174,5264.21923409142,117347.464758844,91013.6453506285,108372.716013433
61070.5746107172,5949.52040384389,138727.818408094,107520.564577007,117114.643299003
60193.5740788344,5723.64375352351,146114.124851384,110853.329329876,117767.15519854
59173.699415164,5556.8696496196,154483.942831011,117039.508914692,116924.163870067
58709.8511513202,5529.38226838153,161385.032740116,120385.899662141,118239.1362997
58895.832629739,5676.38019752247,162913.025174429,120425.530919315,117750.905427401
59195.4767981543,5902.56616352295,165821.268628106,121581.086391532,117569.869065468
59039.2343802397,6024.65695411038,166626.087710435,120506.03907327,117788.248822662
59584.5938782255,6179.62798832137,167017.452395297,120539.503686193,118338.515507975
59281.1628719129,6193.43201009818,161162.733407509,116508.241392068,116711.76133376
57796.8292672663,6025.70647537681,151315.613629074,109664.9191001,113520.286736131
56479.4936937149,6049.93649020273,143698.814581701,99277.6085096508,110402.222812835
60387.5034579287,7174.29132186646,131261.231202186,93656.5422408701,111345.85262682
60100.4877711597,7211.92267371947,95613.2978981644,71685.5725272214,98853.3350504034
60727.0870720243,7367.57761741162,98914.2283096336,71218.9935495221,98723.1976342818
61234.246467715,7336.31693068259,100487.400965075,68785.904408315,97909.8657779047
62356.3992508742,7857.50220465818,99607.674201281,64690.0917888955,92889.4823863959
60666.2286819857,7634.1430579868,96831.0286367622,58672.5520989496,85753.77938224
59230.2202144263,7264.45764612313,91622.2702836543,53742.5295713782,82756.6681589662
58071.7280444409,7155.09498978035,86851.1051005824,51214.7022638919,80811.640042773
57152.3591551046,6927.70811116775,83774.4539647616,49306.337591426,79325.2675381739
56439.7727207754,6644.74501484573,81117.7039429508,48265.2803650556,78467.9815265502
56285.6279710373,6397.53654951775,80150.3262563626,51057.1314557675,79768.1082213479
55391.086248131,5803.4447037849,77640.9645642753,56476.8943044299,81582.2555497009
56097.8419588174,5264.21923409142,117347.464758844,91013.6453506285,108372.716013433
61070.5746107172,5949.52040384389,138727.818408094,107520.564577007,117114.643299003
60193.5740788344,5723.64375352351,146114.124851384,110853.329329876,117767.15519854
59173.699415164,5556.8696496196,154483.942831011,117039.508914692,116924.163870067
58709.8511513202,5529.38226838153,161385.032740116,120385.899662141,118239.1362997
58895.832629739,5676.38019752247,162913.025174429,120425.530919315,117750.905427401
59195.4767981543,5902.56616352295,165821.268628106,121581.086391532,117569.869065468
59039.2343802397,6024.65695411038,166626.087710435,120506.03907327,117788.248822662
59584.5938782255,6179.62798832137,167017.452395297,120539.503686193,118338.515507975
59281.1628719129,6193.43201009818,161162.733407509,116508.241392068,116711.76133376
57796.8292672663,6025.70647537681,151315.613629074,109664.9191001,113520.286736131
56479.4936937149,6049.93649020273,143698.814581701,99277.6085096508,110402.222812835
60387.5034579287,7174.29132186646,131261.231202186,93656.5422408701,111345.85262682
60100.4877711597,7211.92267371947,95613.2978981644,71685.5725272214,98853.3350504034
60727.0870720243,7367.57761741162,98914.2283096336,71218.9935495221,98723.1976342818
61234.246467715,7336.31693068259,100487.400965075,68785.904408315,97909.8657779047
62356.3992508742,7857.50220465818,99607.674201281,64690.0917888955,92889.4823863959
60666.2286819857,7634.1430579868,96831.0286367622,58672.5520989496,85753.77938224
59230.2202144263,7264.45764612313,91622.2702836543,53742.5295713782,82756.6681589662
58071.7280444409,7155.09498978035,86851.1051005824,51214.7022638919,80811.640042773
57152.3591551046,6927.70811116775,83774.4539647616,49306.337591426,79325.2675381739
56439.7727207754,6644.74501484573,81117.7039429508,48265.2803650556,78467.9815265502
56285.6279710373,6397.53654951775,80150.3262563626,51057.1314557675,79768.1082213479
55391.086248131,5803.4447037849,77640.9645642753,56476.8943044299,81582.2555497009
56097.8419588174,5264.21923409142,117347.464758844,91013.6453506285,108372.716013433
61070.5746107172,5949.52040384389,138727.818408094,107520.564577007,117114.643299003
60193.5740788344,5723.64375352351,146114.124851384,110853.329329876,117767.15519854
59173.699415164,5556.8696496196,154483.942831011,117039.508914692,116924.163870067
58709.8511513202,5529.38226838153,161385.032740116,120385.899662141,118239.1362997
58895.832629739,5676.38019752247,162913.025174429,120425.530919315,117750.905427401
59195.4767981543,5902.56616352295,165821.268628106,121581.086391532,117569.869065468
59039.2343802397,6024.65695411038,166626.087710435,120506.03907327,117788.248822662
59584.5938782255,6179.62798832137,167017.452395297,120539.503686193,118338.515507975
59281.1628719129,6193.43201009818,161162.733407509,116508.241392068,116711.76133376
57796.8292672663,6025.70647537681,151315.613629074,109664.9191001,113520.286736131
56479.4936937149,6049.93649020273,143698.814581701,99277.6085096508,110402.222812835
60387.5034579287,7174.29132186646,131261.231202186,93656.5422408701,111345.85262682
60100.4877711597,7211.92267371947,95613.2978981644,71685.5725272214,98853.3350504034
60727.0870720243,7367.57761741162,98914.2283096336,71218.9935495221,98723.1976342818
61234.246467715,7336.31693068259,100487.400965075,68785.904408315,97909.8657779047
62356.3992508742,7857.50220465818,99607.674201281,64690.0917888955,92889.4823863959
60666.2286819857,7634.1430579868,96831.0286367622,58672.5520989496,85753.77938224
59230.2202144263,7264.45764612313,91622.2702836543,53742.5295713782,82756.6681589662
58071.7280444409,7155.09498978035,86851.1051005824,51214.7022638919,80811.640042773
57152.3591551046,6927.70811116775,83774.4539647616,49306.337591426,79325.2675381739
56439.7727207754,6644.74501484573,81117.7039429508,48265.2803650556,78467.9815265502
56285.6279710373,6397.53654951775,80150.3262563626,51057.1314557675,79768.1082213479
55391.086248131,5803.4447037849,77640.9645642753,56476.8943044299,81582.2555497009
56097.8419588174,5264.21923409142,117347.464758844,91013.6453506285,108372.716013433
61070.5746107172,5949.52040384389,138727.818408094,107520.564577007,117114.643299003
60193.5740788344,5723.64375352351,146114.124851384,110853.329329876,117767.15519854
59173.699415164,5556.8696496196,154483.942831011,117039.508914692,116924.163870067
58709.8511513202,5529.38226838153,161385.032740116,120385.899662141,118239.1362997
58895.832629739,5676.38019752247,162913.025174429,120425.530919315,117750.905427401
59195.4767981543,5902.56616352295,165821.268628106,121581.086391532,117569.869065468
59039.2343802397,6024.65695411038,166626.087710435,120506.03907327,117788.248822662
59584.5938782255,6179.62798832137,167017.452395297,120539.503686193,118338.515507975
59281.1628719129,6193.43201009818,161162.733407509,116508.241392068,116711.76133376
57796.8292672663,6025.70647537681,151315.613629074,109664.9191001,113520.286736131
56479.4936937149,6049.93649020273,143698.814581701,99277.6085096508,110402.222812835
60387.5034579287,7174.29132186646,131261.231202186,93656.5422408701,111345.85262682
60100.4877711597,7211.92267371947,95613.2978981644,71685.5725272214,98853.3350504034
60727.0870720243,7367.57761741162,98914.2283096336,71218.9935495221,98723.1976342818
61234.246467715,7336.31693068259,100487.400965075,68785.904408315,97909.8657779047
62356.3992508742,7857.50220465818,99607.674201281,64690.0917888955,92889.4823863959
60666.2286819857,7634.1430579868,96831.0286367622,58672.5520989496,85753.77938224
59230.2202144263,7264.45764612313,91622.2702836543,53742.5295713782,82756.6681589662
58071.7280444409,7155.09498978035,86851.1051005824,51214.7022638919,80811.640042773
57152.3591551046,6927.70811116775,83774.4539647616,49306.337591426,79325.2675381739
56439.7727207754,6644.74501484573,81117.7039429508,48265.2803650556,78467.9815265502
56285.6279710373,6397.53654951775,80150.3262563626,51057.1314557675,79768.1082213479
55391.086248131,5803.4447037849,77640.9645642753,56476.8943044299,81582.2555497009
56097.8419588174,5264.21923409142,117347.464758844,91013.6453506285,108372.716013433
61070.5746107172,5949.52040384389,138727.818408094,107520.564577007,117114.643299003
60193.5740788344,5723.64375352351,146114.124851384,110853.329329876,117767.15519854
59173.699415164,5556.8696496196,154483.942831011,117039.508914692,116924.163870067
58709.8511513202,5529.38226838153,161385.032740116,120385.899662141,118239.1362997
58895.832629739,5676.38019752247,162913.025174429,120425.530919315,117750.905427401
59195.4767981543,5902.56616352295,165821.268628106,121581.086391532,117569.869065468
59039.2343802397,6024.65695411038,166626.087710435,120506.03907327,117788.248822662
59584.5938782255,6179.62798832137,167017.452395297,120539.503686193,118338.515507975
59281.1628719129,6193.43201009818,161162.733407509,116508.241392068,116711.76133376
57796.8292672663,6025.70647537681,151315.613629074,109664.9191001,113520.286736131
56479.4936937149,6049.93649020273,143698.814581701,99277.6085096508,110402.222812835
60387.5034579287,7174.29132186646,131261.231202186,93656.5422408701,111345.85262682
60100.4877711597,7211.92267371947,95613.2978981644,71685.5725272214,98853.3350504034
60727.0870720243,7367.57761741162,98914.2283096336,71218.9935495221,98723.1976342818
61234.246467715,7336.31693068259,100487.400965075,68785.904408315,97909.8657779047
62356.3992508742,7857.50220465818,99607.674201281,64690.0917888955,92889.4823863959
60666.2286819857,7634.1430579868,96831.0286367622,58672.5520989496,85753.77938224
59230.2202144263,7264.45764612313,91622.2702836543,53742.5295713782,82756.6681589662
58071.7280444409,7155.09498978035,86851.1051005824,51214.7022638919,80811.640042773
57152.3591551046,6927.70811116775,83774.4539647616,49306.337591426,79325.2675381739
56439.7727207754,6644.74501484573,81117.7039429508,48265.2803650556,78467.9815265502
56285.6279710373,6397.53654951775,80150.3262563626,51057.1314557675,79768.1082213479
55391.086248131,5803.4447037849,77640.9645642753,56476.8943044299,81582.2555497009
56097.8419588174,5264.21923409142,117347.464758844,91013.6453506285,108372.716013433
61070.5746107172,5949.52040384389,138727.818408094,107520.564577007,117114.643299003
60193.5740788344,5723.64375352351,146114.124851384,110853.329329876,117767.15519854
59173.699415164,5556.8696496196,154483.942831011,117039.508914692,116924.163870067
58709.8511513202,5529.38226838153,161385.032740116,120385.899662141,118239.1362997
58895.832629739,5676.38019752247,162913.025174429,120425.530919315,117750.905427401
59195.4767981543,5902.56616352295,165821.268628106,121581.086391532,117569.869065468
59039.2343802397,6024.65695411038,166626.087710435,120506.03907327,117788.248822662
59584.5938782255,6179.62798832137,167017.452395297,120539.503686193,118338.515507975
59281.1628719129,6193.43201009818,161162.733407509,116508.241392068,116711.76133376
57796.8292672663,6025.70647537681,151315.613629074,109664.9191001,113520.286736131
56479.4936937149,6049.93649020273,143698.814581701,99277.6085096508,110402.222812835
60387.5034579287,7174.29132186646,131261.231202186,93656.5422408701,111345.85262682
60100.4877711597,7211.92267371947,95613.2978981644,71685.5725272214,98853.3350504034
60727.0870720243,7367.57761741162,98914.2283096336,71218.9935495221,98723.1976342818
61234.246467715,7336.31693068259,100487.400965075,68785.904408315,97909.8657779047
62356.3992508742,7857.50220465818,99607.674201281,64690.0917888955,92889.4823863959
60666.2286819857,7634.1430579868,96831.0286367622,58672.5520989496,85753.77938224
59230.2202144263,7264.45764612313,91622.2702836543,53742.5295713782,82756.6681589662
58071.7280444409,7155.09498978035,86851.1051005824,51214.7022638919,80811.640042773
57152.3591551046,6927.70811116775,83774.4539647616,49306.337591426,79325.2675381739
56439.7727207754,6644.74501484573,81117.7039429508,48265.2803650556,78467.9815265502
56285.6279710373,6397.53654951775,80150.3262563626,51057.1314557675,79768.1082213479
55391.086248131,5803.4447037849,77640.9645642753,56476.8943044299,81582.2555497009
56097.8419588174,5264.21923409142,117347.464758844,91013.6453506285,108372.716013433
61070.5746107172,5949.52040384389,138727.818408094,107520.564577007,117114.643299003
60193.5740788344,5723.64375352351,146114.124851384,110853.329329876,117767.15519854
59173.699415164,5556.8696496196,154483.942831011,117039.508914692,116924.163870067
58709.8511513202,5529.38226838153,161385.032740116,120385.899662141,118239.1362997
58895.832629739,5676.38019752247,162913.025174429,120425.530919315,117750.905427401
59195.4767981543,5902.56616352295,165821.268628106,121581.086391532,117569.869065468
59039.2343802397,6024.65695411038,166626.087710435,120506.03907327,117788.248822662
59584.5938782255,6179.62798832137,167017.452395297,120539.503686193,118338.515507975
59281.1628719129,6193.43201009818,161162.733407509,116508.241392068,116711.76133376
57796.8292672663,6025.70647537681,151315.613629074,109664.9191001,113520.286736131
56479.4936937149,6049.93649020273,143698.814581701,99277.6085096508,110402.222812835
60387.5034579287,7174.29132186646,131261.231202186,93656.5422408701,111345.85262682
60100.4877711597,7211.92267371947,95613.2978981644,71685.5725272214,98853.3350504034
60727.0870720243,7367.57761741162,98914.2283096336,71218.9935495221,98723.1976342818
61234.246467715,7336.31693068259,100487.400965075,68785.904408315,97909.8657779047
62356.3992508742,7857.50220465818,99607.674201281,64690.0917888955,92889.4823863959
60666.2286819857,7634.1430579868,96831.0286367622,58672.5520989496,85753.77938224
59230.2202144263,7264.45764612313,91622.2702836543,53742.5295713782,82756.6681589662
58071.7280444409,7155.09498978035,86851.1051005824,51214.7022638919,80811.640042773
57152.3591551046,6927.70811116775,83774.4539647616,49306.337591426,79325.2675381739
56439.7727207754,6644.74501484573,81117.7039429508,48265.2803650556,78467.9815265502
56285.6279710373,6397.53654951775,80150.3262563626,51057.1314557675,79768.1082213479
55391.086248131,5803.4447037849,77640.9645642753,56476.8943044299,81582.2555497009
56097.8419588174,5264.21923409142,117347.464758844,91013.6453506285,108372.716013433
61070.5746107172,5949.52040384389,138727.818408094,107520.564577007,117114.643299003
60193.5740788344,5723.64375352351,146114.124851384,110853.329329876,117767.15519854
59173.699415164,5556.8696496196,154483.942831011,117039.508914692,116924.163870067
58709.8511513202,5529.38226838153,161385.032740116,120385.899662141,118239.1362997
58895.832629739,5676.38019752247,162913.025174429,120425.530919315,117750.905427401
59195.4767981543,5902.56616352295,165821.268628106,121581.086391532,117569.869065468
59039.2343802397,6024.65695411038,166626.087710435,120506.03907327,117788.248822662
59584.5938782255,6179.62798832137,167017.452395297,120539.503686193,118338.515507975
59281.1628719129,6193.43201009818,161162.733407509,116508.241392068,116711.76133376
57796.8292672663,6025.70647537681,151315.613629074,109664.9191001,113520.286736131
56479.4936937149,6049.93649020273,143698.814581701,99277.6085096508,110402.222812835
60387.5034579287,7174.29132186646,131261.231202186,93656.5422408701,111345.85262682
60100.4877711597,7211.92267371947,95613.2978981644,71685.5725272214,98853.3350504034
60727.0870720243,7367.57761741162,98914.2283096336,71218.9935495221,98723.1976342818
61234.246467715,7336.31693068259,100487.400965075,68785.904408315,97909.8657779047
62356.3992508742,7857.50220465818,99607.674201281,64690.0917888955,92889.4823863959
60666.2286819857,7634.1430579868,96831.0286367622,58672.5520989496,85753.77938224
59230.2202144263,7264.45764612313,91622.2702836543,53742.5295713782,82756.6681589662
58071.7280444409,7155.09498978035,86851.1051005824,51214.7022638919,80811.640042773
57152.3591551046,6927.70811116775,83774.4539647616,49306.337591426,79325.2675381739
56439.7727207754,6644.74501484573,81117.7039429508,48265.2803650556,78467.9815265502
56285.6279710373,6397.53654951775,80150.3262563626,51057.1314557675,79768.1082213479
55391.086248131,5803.4447037849,77640.9645642753,56476.8943044299,81582.2555497009
56097.8419588174,5264.21923409142,117347.464758844,91013.6453506285,108372.716013433
61070.5746107172,5949.52040384389,138727.818408094,107520.564577007,117114.643299003
60193.5740788344,5723.64375352351,146114.124851384,110853.329329876,117767.15519854
59173.699415164,5556.8696496196,154483.942831011,117039.508914692,116924.163870067
58709.8511513202,5529.38226838153,161385.032740116,120385.899662141,118239.1362997
58895.832629739,5676.38019752247,162913.025174429,120425.530919315,117750.905427401
59195.4767981543,5902.56616352295,165821.268628106,121581.086391532,117569.869065468
59039.2343802397,6024.65695411038,166626.087710435,120506.03907327,117788.248822662
59584.5938782255,6179.62798832137,167017.452395297,120539.503686193,118338.515507975
59281.1628719129,6193.43201009818,161162.733407509,116508.241392068,116711.76133376
57796.8292672663,6025.70647537681,151315.613629074,109664.9191001,113520.286736131
56479.4936937149,6049.93649020273,143698.814581701,99277.6085096508,110402.222812835
60387.5034579287,7174.29132186646,131261.231202186,93656.5422408701,111345.85262682
60100.4877711597,7211.92267371947,95613.2978981644,71685.5725272214,98853.3350504034
60727.0870720243,7367.57761741162,98914.2283096336,71218.9935495221,98723.1976342818
61234.246467715,7336.31693068259,100487.400965075,68785.904408315,97909.8657779047
62356.3992508742,7857.50220465818,99607.674201281,64690.0917888955,92889.4823863959
60666.2286819857,7634.1430579868,96831.0286367622,58672.5520989496,85753.77938224
59230.2202144263,7264.45764612313,91622.2702836543,53742.5295713782,82756.6681589662
58071.7280444409,7155.09498978035,86851.1051005824,51214.7022638919,80811.640042773
57152.3591551046,6927.70811116775,83774.4539647616,49306.337591426,79325.2675381739
56439.7727207754,6644.74501484573,81117.7039429508,48265.2803650556,78467.9815265502
56285.6279710373,6397.53654951775,80150.3262563626,51057.1314557675,79768.1082213479
55391.086248131,5803.4447037849,77640.9645642753,56476.8943044299,81582.2555497009
56097.8419588174,5264.21923409142,117347.464758844,91013.6453506285,108372.716013433
61070.5746107172,5949.52040384389,138727.818408094,107520.564577007,117114.643299003
60193.5740788344,5723.64375352351,146114.124851384,110853.329329876,117767.15519854
59173.699415164,5556.8696496196,154483.942831011,117039.508914692,116924.163870067
58709.8511513202,5529.38226838153,161385.032740116,120385.899662141,118239.1362997
58895.832629739,5676.38019752247,162913.025174429,120425.530919315,117750.905427401
59195.4767981543,5902.56616352295,165821.268628106,121581.086391532,117569.869065468
59039.2343802397,6024.65695411038,166626.087710435,120506.03907327,117788.248822662
59584.5938782255,6179.62798832137,167017.452395297,120539.503686193,118338.515507975
59281.1628719129,6193.43201009818,161162.733407509,116508.241392068,116711.76133376
57796.8292672663,6025.70647537681,151315.613629074,109664.9191001,113520.286736131
56479.4936937149,6049.93649020273,143698.814581701,99277.6085096508,110402.222812835
60387.5034579287,7174.29132186646,131261.231202186,93656.5422408701,111345.85262682
60100.4877711597,7211.92267371947,95613.2978981644,71685.5725272214,98853.3350504034
60727.0870720243,7367.57761741162,98914.2283096336,71218.9935495221,98723.1976342818
61234.246467715,7336.31693068259,100487.400965075,68785.904408315,97909.8657779047
62356.3992508742,7857.50220465818,99607.674201281,64690.0917888955,92889.4823863959
60666.2286819857,7634.1430579868,96831.0286367622,58672.5520989496,85753.77938224
59230.2202144263,7264.45764612313,91622.2702836543,53742.5295713782,82756.6681589662
58071.7280444409,7155.09498978035,86851.1051005824,51214.7022638919,80811.640042773
57152.3591551046,6927.70811116775,83774.4539647616,49306.337591426,79325.2675381739
56439.7727207754,6644.74501484573,81117.7039429508,48265.2803650556,78467.9815265502
56285.6279710373,6397.53654951775,80150.3262563626,51057.1314557675,79768.1082213479
55391.086248131,5803.4447037849,77640.9645642753,56476.8943044299,81582.2555497009
56097.8419588174,5264.21923409142,117347.464758844,91013.6453506285,108372.716013433
61070.5746107172,5949.52040384389,138727.818408094,107520.564577007,117114.643299003
60193.5740788344,5723.64375352351,146114.124851384,110853.329329876,117767.15519854
59173.699415164,5556.8696496196,154483.942831011,117039.508914692,116924.163870067
58709.8511513202,5529.38226838153,161385.032740116,120385.899662141,118239.1362997
58895.832629739,5676.38019752247,162913.025174429,120425.530919315,117750.905427401
59195.4767981543,5902.56616352295,165821.268628106,121581.086391532,117569.869065468
59039.2343802397,6024.65695411038,166626.087710435,120506.03907327,117788.248822662
59584.5938782255,6179.62798832137,167017.452395297,120539.503686193,118338.515507975
59281.1628719129,6193.43201009818,161162.733407509,116508.241392068,116711.76133376
57796.8292672663,6025.70647537681,151315.613629074,109664.9191001,113520.286736131
56479.4936937149,6049.93649020273,143698.814581701,99277.6085096508,110402.222812835
60387.5034579287,7174.29132186646,131261.231202186,93656.5422408701,111345.85262682
60100.4877711597,7211.92267371947,95613.2978981644,71685.5725272214,98853.3350504034
60727.0870720243,7367.57761741162,98914.2283096336,71218.9935495221,98723.1976342818
61234.246467715,7336.31693068259,100487.400965075,68785.904408315,97909.8657779047
62356.3992508742,7857.50220465818,99607.674201281,64690.0917888955,92889.4823863959
60666.2286819857,7634.1430579868,96831.0286367622,58672.5520989496,85753.77938224
59230.2202144263,7264.45764612313,91622.2702836543,53742.5295713782,82756.6681589662
58071.7280444409,7155.09498978035,86851.1051005824,51214.7022638919,80811.640042773
57152.3591551046,6927.70811116775,83774.4539647616,49306.337591426,79325.2675381739
56439.7727207754,6644.74501484573,81117.7039429508,48265.2803650556,78467.9815265502
56285.6279710373,6397.53654951775,80150.3262563626,51057.1314557675,79768.1082213479
55391.086248131,5803.4447037849,77640.9645642753,56476.8943044299,81582.2555497009
56097.8419588174,5264.21923409142,117347.464758844,91013.6453506285,108372.716013433
61070.5746107172,5949.52040384389,138727.818408094,107520.564577007,117114.643299003
60193.5740788344,5723.64375352351,146114.124851384,110853.329329876,117767.15519854
59173.699415164,5556.8696496196,154483.942831011,117039.508914692,116924.163870067
58709.8511513202,5529.38226838153,161385.032740116,120385.899662141,118239.1362997
58895.832629739,5676.38019752247,162913.025174429,120425.530919315,117750.905427401
59195.4767981543,5902.56616352295,165821.268628106,121581.086391532,117569.869065468
59039.2343802397,6024.65695411038,166626.087710435,120506.03907327,117788.248822662
59584.5938782255,6179.62798832137,167017.452395297,120539.503686193,118338.515507975
59281.1628719129,6193.43201009818,161162.733407509,116508.241392068,116711.76133376
57796.8292672663,6025.70647537681,151315.613629074,109664.9191001,113520.286736131
56479.4936937149,6049.93649020273,143698.814581701,99277.6085096508,110402.222812835
60387.5034579287,7174.29132186646,131261.231202186,93656.5422408701,111345.85262682
60100.4877711597,7211.92267371947,95613.2978981644,71685.5725272214,98853.3350504034
60727.0870720243,7367.57761741162,98914.2283096336,71218.9935495221,98723.1976342818
61234.246467715,7336.31693068259,100487.400965075,68785.904408315,97909.8657779047
62356.3992508742,7857.50220465818,99607.674201281,64690.0917888955,92889.4823863959
60666.2286819857,7634.1430579868,96831.0286367622,58672.5520989496,85753.77938224
59230.2202144263,7264.45764612313,91622.2702836543,53742.5295713782,82756.6681589662
58071.7280444409,7155.09498978035,86851.1051005824,51214.7022638919,80811.640042773
57152.3591551046,6927.70811116775,83774.4539647616,49306.337591426,79325.2675381739
56439.7727207754,6644.74501484573,81117.7039429508,48265.2803650556,78467.9815265502
56285.6279710373,6397.53654951775,80150.3262563626,51057.1314557675,79768.1082213479
55391.086248131,5803.4447037849,77640.9645642753,56476.8943044299,81582.2555497009
56097.8419588174,5264.21923409142,117347.464758844,91013.6453506285,108372.716013433
61070.5746107172,5949.52040384389,138727.818408094,107520.564577007,117114.643299003
60193.5740788344,5723.64375352351,146114.124851384,110853.329329876,117767.15519854
59173.699415164,5556.8696496196,154483.942831011,117039.508914692,116924.163870067
58709.8511513202,5529.38226838153,161385.032740116,120385.899662141,118239.1362997
58895.832629739,5676.38019752247,162913.025174429,120425.530919315,117750.905427401
59195.4767981543,5902.56616352295,165821.268628106,121581.086391532,117569.869065468
59039.2343802397,6024.65695411038,166626.087710435,120506.03907327,117788.248822662
59584.5938782255,6179.62798832137,167017.452395297,120539.503686193,118338.515507975
59281.1628719129,6193.43201009818,161162.733407509,116508.241392068,116711.76133376
57796.8292672663,6025.70647537681,151315.613629074,109664.9191001,113520.286736131
56479.4936937149,6049.93649020273,143698.814581701,99277.6085096508,110402.222812835
60387.5034579287,7174.29132186646,131261.231202186,93656.5422408701,111345.85262682
60100.4877711597,7211.92267371947,95613.2978981644,71685.5725272214,98853.3350504034
60727.0870720243,7367.57761741162,98914.2283096336,71218.9935495221,98723.1976342818
61234.246467715,7336.31693068259,100487.400965075,68785.904408315,97909.8657779047
62356.3992508742,7857.50220465818,99607.674201281,64690.0917888955,92889.4823863959
60666.2286819857,7634.1430579868,96831.0286367622,58672.5520989496,85753.77938224
59230.2202144263,7264.45764612313,91622.2702836543,53742.5295713782,82756.6681589662
58071.7280444409,7155.09498978035,86851.1051005824,51214.7022638919,80811.640042773
57152.3591551046,6927.70811116775,83774.4539647616,49306.337591426,79325.2675381739
56439.7727207754,6644.74501484573,81117.7039429508,48265.2803650556,78467.9815265502
56285.6279710373,6397.53654951775,80150.3262563626,51057.1314557675,79768.1082213479
55391.086248131,5803.4447037849,77640.9645642753,56476.8943044299,81582.2555497009
56097.8419588174,5264.21923409142,117347.464758844,91013.6453506285,108372.716013433
61070.5746107172,5949.52040384389,138727.818408094,107520.564577007,117114.643299003
60193.5740788344,5723.64375352351,146114.124851384,110853.329329876,117767.15519854
59173.699415164,5556.8696496196,154483.942831011,117039.508914692,116924.163870067
58709.8511513202,5529.38226838153,161385.032740116,120385.899662141,118239.1362997
58895.832629739,5676.38019752247,162913.025174429,120425.530919315,117750.905427401
59195.4767981543,5902.56616352295,165821.268628106,121581.086391532,117569.869065468
59039.2343802397,6024.65695411038,166626.087710435,120506.03907327,117788.248822662
59584.5938782255,6179.62798832137,167017.452395297,120539.503686193,118338.515507975
59281.1628719129,6193.43201009818,161162.733407509,116508.241392068,116711.76133376
57796.8292672663,6025.70647537681,151315.613629074,109664.9191001,113520.286736131
56479.4936937149,6049.93649020273,143698.814581701,99277.6085096508,110402.222812835
60387.5034579287,7174.29132186646,131261.231202186,93656.5422408701,111345.85262682
60100.4877711597,7211.92267371947,95613.2978981644,71685.5725272214,98853.3350504034
60727.0870720243,7367.57761741162,98914.2283096336,71218.9935495221,98723.1976342818
61234.246467715,7336.31693068259,100487.400965075,68785.904408315,97909.8657779047
62356.3992508742,7857.50220465818,99607.674201281,64690.0917888955,92889.4823863959
60666.2286819857,7634.1430579868,96831.0286367622,58672.5520989496,85753.77938224
59230.2202144263,7264.45764612313,91622.2702836543,53742.5295713782,82756.6681589662
58071.7280444409,7155.09498978035,86851.1051005824,51214.7022638919,80811.640042773
57152.3591551046,6927.70811116775,83774.4539647616,49306.337591426,79325.2675381739
56439.7727207754,6644.74501484573,81117.7039429508,48265.2803650556,78467.9815265502
56285.6279710373,6397.53654951775,80150.3262563626,51057.1314557675,79768.1082213479
55391.086248131,5803.4447037849,77640.9645642753,56476.8943044299,81582.2555497009
56097.8419588174,5264.21923409142,117347.464758844,91013.6453506285,108372.716013433
61070.5746107172,5949.52040384389,138727.818408094,107520.564577007,117114.643299003
60193.5740788344,5723.64375352351,146114.124851384,110853.329329876,117767.15519854
59173.699415164,5556.8696496196,154483.942831011,117039.508914692,116924.163870067
58709.8511513202,5529.38226838153,161385.032740116,120385.899662141,118239.1362997
58895.832629739,5676.38019752247,162913.025174429,120425.530919315,117750.905427401
59195.4767981543,5902.56616352295,165821.268628106,121581.086391532,117569.869065468
59039.2343802397,6024.65695411038,166626.087710435,120506.03907327,117788.248822662
59584.5938782255,6179.62798832137,167017.452395297,120539.503686193,118338.515507975
59281.1628719129,6193.43201009818,161162.733407509,116508.241392068,116711.76133376
57796.8292672663,6025.70647537681,151315.613629074,109664.9191001,113520.286736131
56479.4936937149,6049.93649020273,143698.814581701,99277.6085096508,110402.222812835
60387.5034579287,7174.29132186646,131261.231202186,93656.5422408701,111345.85262682
60100.4877711597,7211.92267371947,95613.2978981644,71685.5725272214,98853.3350504034
60727.0870720243,7367.57761741162,98914.2283096336,71218.9935495221,98723.1976342818
61234.246467715,7336.31693068259,100487.400965075,68785.904408315,97909.8657779047
62356.3992508742,7857.50220465818,99607.674201281,64690.0917888955,92889.4823863959
60666.2286819857,7634.1430579868,96831.0286367622,58672.5520989496,85753.77938224
59230.2202144263,7264.45764612313,91622.2702836543,53742.5295713782,82756.6681589662
58071.7280444409,7155.09498978035,86851.1051005824,51214.7022638919,80811.640042773
57152.3591551046,6927.70811116775,83774.4539647616,49306.337591426,79325.2675381739
56439.7727207754,6644.74501484573,81117.7039429508,48265.2803650556,78467.9815265502
56285.6279710373,6397.53654951775,80150.3262563626,51057.1314557675,79768.1082213479
55391.086248131,5803.4447037849,77640.9645642753,56476.8943044299,81582.2555497009
56097.8419588174,5264.21923409142,117347.464758844,91013.6453506285,108372.716013433
61070.5746107172,5949.52040384389,138727.818408094,107520.564577007,117114.643299003
60193.5740788344,5723.64375352351,146114.124851384,110853.329329876,117767.15519854
59173.699415164,5556.8696496196,154483.942831011,117039.508914692,116924.163870067
58709.8511513202,5529.38226838153,161385.032740116,120385.899662141,118239.1362997
58895.832629739,5676.38019752247,162913.025174429,120425.530919315,117750.905427401
59195.4767981543,5902.56616352295,165821.268628106,121581.086391532,117569.869065468
59039.2343802397,6024.65695411038,166626.087710435,120506.03907327,117788.248822662
59584.5938782255,6179.62798832137,167017.452395297,120539.503686193,118338.515507975
59281.1628719129,6193.43201009818,161162.733407509,116508.241392068,116711.76133376
57796.8292672663,6025.70647537681,151315.613629074,109664.9191001,113520.286736131
56479.4936937149,6049.93649020273,143698.814581701,99277.6085096508,110402.222812835
60387.5034579287,7174.29132186646,131261.231202186,93656.5422408701,111345.85262682
60100.4877711597,7211.92267371947,95613.2978981644,71685.5725272214,98853.3350504034
60727.0870720243,7367.57761741162,98914.2283096336,71218.9935495221,98723.1976342818
61234.246467715,7336.31693068259,100487.400965075,68785.904408315,97909.8657779047
62356.3992508742,7857.50220465818,99607.674201281,64690.0917888955,92889.4823863959
60666.2286819857,7634.1430579868,96831.0286367622,58672.5520989496,85753.77938224
59230.2202144263,7264.45764612313,91622.2702836543,53742.5295713782,82756.6681589662
58071.7280444409,7155.09498978035,86851.1051005824,51214.7022638919,80811.640042773
57152.3591551046,6927.70811116775,83774.4539647616,49306.337591426,79325.2675381739
56439.7727207754,6644.74501484573,81117.7039429508,48265.2803650556,78467.9815265502
56285.6279710373,6397.53654951775,80150.3262563626,51057.1314557675,79768.1082213479
55391.086248131,5803.4447037849,77640.9645642753,56476.8943044299,81582.2555497009
56097.8419588174,5264.21923409142,117347.464758844,91013.6453506285,108372.716013433
61070.5746107172,5949.52040384389,138727.818408094,107520.564577007,117114.643299003
60193.5740788344,5723.64375352351,146114.124851384,110853.329329876,117767.15519854
59173.699415164,5556.8696496196,154483.942831011,117039.508914692,116924.163870067
58709.8511513202,5529.38226838153,161385.032740116,120385.899662141,118239.1362997
58895.832629739,5676.38019752247,162913.025174429,120425.530919315,117750.905427401
59195.4767981543,5902.56616352295,165821.268628106,121581.086391532,117569.869065468
59039.2343802397,6024.65695411038,166626.087710435,120506.03907327,117788.248822662
59584.5938782255,6179.62798832137,167017.452395297,120539.503686193,118338.515507975
59281.1628719129,6193.43201009818,161162.733407509,116508.241392068,116711.76133376
57796.8292672663,6025.70647537681,151315.613629074,109664.9191001,113520.286736131
56479.4936937149,6049.93649020273,143698.814581701,99277.6085096508,110402.222812835
60387.5034579287,7174.29132186646,131261.231202186,93656.5422408701,111345.85262682
60100.4877711597,7211.92267371947,95613.2978981644,71685.5725272214,98853.3350504034
60727.0870720243,7367.57761741162,98914.2283096336,71218.9935495221,98723.1976342818
61234.246467715,7336.31693068259,100487.400965075,68785.904408315,97909.8657779047
62356.3992508742,7857.50220465818,99607.674201281,64690.0917888955,92889.4823863959
60666.2286819857,7634.1430579868,96831.0286367622,58672.5520989496,85753.77938224
59230.2202144263,7264.45764612313,91622.2702836543,53742.5295713782,82756.6681589662
58071.7280444409,7155.09498978035,86851.1051005824,51214.7022638919,80811.640042773
57152.3591551046,6927.70811116775,83774.4539647616,49306.337591426,79325.2675381739
56439.7727207754,6644.74501484573,81117.7039429508,48265.2803650556,78467.9815265502
56285.6279710373,6397.53654951775,80150.3262563626,51057.1314557675,79768.1082213479
55391.086248131,5803.4447037849,77640.9645642753,56476.8943044299,81582.2555497009
56097.8419588174,5264.21923409142,117347.464758844,91013.6453506285,108372.716013433
61070.5746107172,5949.52040384389,138727.818408094,107520.564577007,117114.643299003
60193.5740788344,5723.64375352351,146114.124851384,110853.329329876,117767.15519854
59173.699415164,5556.8696496196,154483.942831011,117039.508914692,116924.163870067
58709.8511513202,5529.38226838153,161385.032740116,120385.899662141,118239.1362997
58895.832629739,5676.38019752247,162913.025174429,120425.530919315,117750.905427401
59195.4767981543,5902.56616352295,165821.268628106,121581.086391532,117569.869065468
59039.2343802397,6024.65695411038,166626.087710435,120506.03907327,117788.248822662
59584.5938782255,6179.62798832137,167017.452395297,120539.503686193,118338.515507975
59281.1628719129,6193.43201009818,161162.733407509,116508.241392068,116711.76133376
57796.8292672663,6025.70647537681,151315.613629074,109664.9191001,113520.286736131
56479.4936937149,6049.93649020273,143698.814581701,99277.6085096508,110402.222812835
60387.5034579287,7174.29132186646,131261.231202186,93656.5422408701,111345.85262682
60100.4877711597,7211.92267371947,95613.2978981644,71685.5725272214,98853.3350504034
60727.0870720243,7367.57761741162,98914.2283096336,71218.9935495221,98723.1976342818
61234.246467715,7336.31693068259,100487.400965075,68785.904408315,97909.8657779047
62356.3992508742,7857.50220465818,99607.674201281,64690.0917888955,92889.4823863959
60666.2286819857,7634.1430579868,96831.0286367622,58672.5520989496,85753.77938224
59230.2202144263,7264.45764612313,91622.2702836543,53742.5295713782,82756.6681589662
58071.7280444409,7155.09498978035,86851.1051005824,51214.7022638919,80811.640042773
57152.3591551046,6927.70811116775,83774.4539647616,49306.337591426,79325.2675381739
56439.7727207754,6644.74501484573,81117.7039429508,48265.2803650556,78467.9815265502
56285.6279710373,6397.53654951775,80150.3262563626,51057.1314557675,79768.1082213479
55391.086248131,5803.4447037849,77640.9645642753,56476.8943044299,81582.2555497009
56097.8419588174,5264.21923409142,117347.464758844,91013.6453506285,108372.716013433
61070.5746107172,5949.52040384389,138727.818408094,107520.564577007,117114.643299003
60193.5740788344,5723.64375352351,146114.124851384,110853.329329876,117767.15519854
59173.699415164,5556.8696496196,154483.942831011,117039.508914692,116924.163870067
58709.8511513202,5529.38226838153,161385.032740116,120385.899662141,118239.1362997
58895.832629739,5676.38019752247,162913.025174429,120425.530919315,117750.905427401
59195.4767981543,5902.56616352295,165821.268628106,121581.086391532,117569.869065468
59039.2343802397,6024.65695411038,166626.087710435,120506.03907327,117788.248822662
59584.5938782255,6179.62798832137,167017.452395297,120539.503686193,118338.515507975
59281.1628719129,6193.43201009818,161162.733407509,116508.241392068,116711.76133376
57796.8292672663,6025.70647537681,151315.613629074,109664.9191001,113520.286736131
56479.4936937149,6049.93649020273,143698.814581701,99277.6085096508,110402.222812835
60387.5034579287,7174.29132186646,131261.231202186,93656.5422408701,111345.85262682
60100.4877711597,7211.92267371947,95613.2978981644,71685.5725272214,98853.3350504034
60727.0870720243,7367.57761741162,98914.2283096336,71218.9935495221,98723.1976342818
61234.246467715,7336.31693068259,100487.400965075,68785.904408315,97909.8657779047
62356.3992508742,7857.50220465818,99607.674201281,64690.0917888955,92889.4823863959
60666.2286819857,7634.1430579868,96831.0286367622,58672.5520989496,85753.77938224
59230.2202144263,7264.45764612313,91622.2702836543,53742.5295713782,82756.6681589662
58071.7280444409,7155.09498978035,86851.1051005824,51214.7022638919,80811.640042773
57152.3591551046,6927.70811116775,83774.4539647616,49306.337591426,79325.2675381739
56439.7727207754,6644.74501484573,81117.7039429508,48265.2803650556,78467.9815265502
56285.6279710373,6397.53654951775,80150.3262563626,51057.1314557675,79768.1082213479
55391.086248131,5803.4447037849,77640.9645642753,56476.8943044299,81582.2555497009
56097.8419588174,5264.21923409142,117347.464758844,91013.6453506285,108372.716013433
61070.5746107172,5949.52040384389,138727.818408094,107520.564577007,117114.643299003
60193.5740788344,5723.64375352351,146114.124851384,110853.329329876,117767.15519854
59173.699415164,5556.8696496196,154483.942831011,117039.508914692,116924.163870067
58709.8511513202,5529.38226838153,161385.032740116,120385.899662141,118239.1362997
58895.832629739,5676.38019752247,162913.025174429,120425.530919315,117750.905427401
59195.4767981543,5902.56616352295,165821.268628106,121581.086391532,117569.869065468
59039.2343802397,6024.65695411038,166626.087710435,120506.03907327,117788.248822662
59584.5938782255,6179.62798832137,167017.452395297,120539.503686193,118338.515507975
59281.1628719129,6193.43201009818,161162.733407509,116508.241392068,116711.76133376
57796.8292672663,6025.70647537681,151315.613629074,109664.9191001,113520.286736131
56479.4936937149,6049.93649020273,143698.814581701,99277.6085096508,110402.222812835
60387.5034579287,7174.29132186646,131261.231202186,93656.5422408701,111345.85262682
60100.4877711597,7211.92267371947,95613.2978981644,71685.5725272214,98853.3350504034
60727.0870720243,7367.57761741162,98914.2283096336,71218.9935495221,98723.1976342818
61234.246467715,7336.31693068259,100487.400965075,68785.904408315,97909.8657779047
62356.3992508742,7857.50220465818,99607.674201281,64690.0917888955,92889.4823863959
60666.2286819857,7634.1430579868,96831.0286367622,58672.5520989496,85753.77938224
59230.2202144263,7264.45764612313,91622.2702836543,53742.5295713782,82756.6681589662
58071.7280444409,7155.09498978035,86851.1051005824,51214.7022638919,80811.640042773
57152.3591551046,6927.70811116775,83774.4539647616,49306.337591426,79325.2675381739
56439.7727207754,6644.74501484573,81117.7039429508,48265.2803650556,78467.9815265502
56285.6279710373,6397.53654951775,80150.3262563626,51057.1314557675,79768.1082213479
55391.086248131,5803.4447037849,77640.9645642753,56476.8943044299,81582.2555497009
56097.8419588174,5264.21923409142,117347.464758844,91013.6453506285,108372.716013433
61070.5746107172,5949.52040384389,138727.818408094,107520.564577007,117114.643299003
60193.5740788344,5723.64375352351,146114.124851384,110853.329329876,117767.15519854
59173.699415164,5556.8696496196,154483.942831011,117039.508914692,116924.163870067
58709.8511513202,5529.38226838153,161385.032740116,120385.899662141,118239.1362997
58895.832629739,5676.38019752247,162913.025174429,120425.530919315,117750.905427401
59195.4767981543,5902.56616352295,165821.268628106,121581.086391532,117569.869065468
59039.2343802397,6024.65695411038,166626.087710435,120506.03907327,117788.248822662
59584.5938782255,6179.62798832137,167017.452395297,120539.503686193,118338.515507975
59281.1628719129,6193.43201009818,161162.733407509,116508.241392068,116711.76133376
57796.8292672663,6025.70647537681,151315.613629074,109664.9191001,113520.286736131
56479.4936937149,6049.93649020273,143698.814581701,99277.6085096508,110402.222812835
60387.5034579287,7174.29132186646,131261.231202186,93656.5422408701,111345.85262682
60100.4877711597,7211.92267371947,95613.2978981644,71685.5725272214,98853.3350504034
60727.0870720243,7367.57761741162,98914.2283096336,71218.9935495221,98723.1976342818
61234.246467715,7336.31693068259,100487.400965075,68785.904408315,97909.8657779047
62356.3992508742,7857.50220465818,99607.674201281,64690.0917888955,92889.4823863959
60666.2286819857,7634.1430579868,96831.0286367622,58672.5520989496,85753.77938224
59230.2202144263,7264.45764612313,91622.2702836543,53742.5295713782,82756.6681589662
58071.7280444409,7155.09498978035,86851.1051005824,51214.7022638919,80811.640042773
57152.3591551046,6927.70811116775,83774.4539647616,49306.337591426,79325.2675381739
56439.7727207754,6644.74501484573,81117.7039429508,48265.2803650556,78467.9815265502
56285.6279710373,6397.53654951775,80150.3262563626,51057.1314557675,79768.1082213479
55391.086248131,5803.4447037849,77640.9645642753,56476.8943044299,81582.2555497009
56097.8419588174,5264.21923409142,117347.464758844,91013.6453506285,108372.716013433
61070.5746107172,5949.52040384389,138727.818408094,107520.564577007,117114.643299003
60193.5740788344,5723.64375352351,146114.124851384,110853.329329876,117767.15519854
59173.699415164,5556.8696496196,154483.942831011,117039.508914692,116924.163870067
58709.8511513202,5529.38226838153,161385.032740116,120385.899662141,118239.1362997
58895.832629739,5676.38019752247,162913.025174429,120425.530919315,117750.905427401
59195.4767981543,5902.56616352295,165821.268628106,121581.086391532,117569.869065468
59039.2343802397,6024.65695411038,166626.087710435,120506.03907327,117788.248822662
59584.5938782255,6179.62798832137,167017.452395297,120539.503686193,118338.515507975
59281.1628719129,6193.43201009818,161162.733407509,116508.241392068,116711.76133376
57796.8292672663,6025.70647537681,151315.613629074,109664.9191001,113520.286736131
56479.4936937149,6049.93649020273,143698.814581701,99277.6085096508,110402.222812835
60387.5034579287,7174.29132186646,131261.231202186,93656.5422408701,111345.85262682
60100.4877711597,7211.92267371947,95613.2978981644,71685.5725272214,98853.3350504034
60727.0870720243,7367.57761741162,98914.2283096336,71218.9935495221,98723.1976342818
61234.246467715,7336.31693068259,100487.400965075,68785.904408315,97909.8657779047
62356.3992508742,7857.50220465818,99607.674201281,64690.0917888955,92889.4823863959
60666.2286819857,7634.1430579868,96831.0286367622,58672.5520989496,85753.77938224
59230.2202144263,7264.45764612313,91622.2702836543,53742.5295713782,82756.6681589662
58071.7280444409,7155.09498978035,86851.1051005824,51214.7022638919,80811.640042773
57152.3591551046,6927.70811116775,83774.4539647616,49306.337591426,79325.2675381739
56439.7727207754,6644.74501484573,81117.7039429508,48265.2803650556,78467.9815265502
56285.6279710373,6397.53654951775,80150.3262563626,51057.1314557675,79768.1082213479
55391.086248131,5803.4447037849,77640.9645642753,56476.8943044299,81582.2555497009
56097.8419588174,5264.21923409142,117347.464758844,91013.6453506285,108372.716013433
61070.5746107172,5949.52040384389,138727.818408094,107520.564577007,117114.643299003
60193.5740788344,5723.64375352351,146114.124851384,110853.329329876,117767.15519854
59173.699415164,5556.8696496196,154483.942831011,117039.508914692,116924.163870067
58709.8511513202,5529.38226838153,161385.032740116,120385.899662141,118239.1362997
58895.832629739,5676.38019752247,162913.025174429,120425.530919315,117750.905427401
59195.4767981543,5902.56616352295,165821.268628106,121581.086391532,117569.869065468
59039.2343802397,6024.65695411038,166626.087710435,120506.03907327,117788.248822662
59584.5938782255,6179.62798832137,167017.452395297,120539.503686193,118338.515507975
59281.1628719129,6193.43201009818,161162.733407509,116508.241392068,116711.76133376
57796.8292672663,6025.70647537681,151315.613629074,109664.9191001,113520.286736131
56479.4936937149,6049.93649020273,143698.814581701,99277.6085096508,110402.222812835
60387.5034579287,7174.29132186646,131261.231202186,93656.5422408701,111345.85262682
60100.4877711597,7211.92267371947,95613.2978981644,71685.5725272214,98853.3350504034
60727.0870720243,7367.57761741162,98914.2283096336,71218.9935495221,98723.1976342818
61234.246467715,7336.31693068259,100487.400965075,68785.904408315,97909.8657779047
62356.3992508742,7857.50220465818,99607.674201281,64690.0917888955,92889.4823863959
60666.2286819857,7634.1430579868,96831.0286367622,58672.5520989496,85753.77938224
59230.2202144263,7264.45764612313,91622.2702836543,53742.5295713782,82756.6681589662
58071.7280444409,7155.09498978035,86851.1051005824,51214.7022638919,80811.640042773
57152.3591551046,6927.70811116775,83774.4539647616,49306.337591426,79325.2675381739
56439.7727207754,6644.74501484573,81117.7039429508,48265.2803650556,78467.9815265502
56285.6279710373,6397.53654951775,80150.3262563626,51057.1314557675,79768.1082213479
55391.086248131,5803.4447037849,77640.9645642753,56476.8943044299,81582.2555497009
56097.8419588174,5264.21923409142,117347.464758844,91013.6453506285,108372.716013433
61070.5746107172,5949.52040384389,138727.818408094,107520.564577007,117114.643299003
60193.5740788344,5723.64375352351,146114.124851384,110853.329329876,117767.15519854
59173.699415164,5556.8696496196,154483.942831011,117039.508914692,116924.163870067
58709.8511513202,5529.38226838153,161385.032740116,120385.899662141,118239.1362997
58895.832629739,5676.38019752247,162913.025174429,120425.530919315,117750.905427401
59195.4767981543,5902.56616352295,165821.268628106,121581.086391532,117569.869065468
59039.2343802397,6024.65695411038,166626.087710435,120506.03907327,117788.248822662
59584.5938782255,6179.62798832137,167017.452395297,120539.503686193,118338.515507975
59281.1628719129,6193.43201009818,161162.733407509,116508.241392068,116711.76133376
57796.8292672663,6025.70647537681,151315.613629074,109664.9191001,113520.286736131
56479.4936937149,6049.93649020273,143698.814581701,99277.6085096508,110402.222812835
60387.5034579287,7174.29132186646,131261.231202186,93656.5422408701,111345.85262682
60100.4877711597,7211.92267371947,95613.2978981644,71685.5725272214,98853.3350504034
60727.0870720243,7367.57761741162,98914.2283096336,71218.9935495221,98723.1976342818
61234.246467715,7336.31693068259,100487.400965075,68785.904408315,97909.8657779047
62356.3992508742,7857.50220465818,99607.674201281,64690.0917888955,92889.4823863959
60666.2286819857,7634.1430579868,96831.0286367622,58672.5520989496,85753.77938224
59230.2202144263,7264.45764612313,91622.2702836543,53742.5295713782,82756.6681589662
58071.7280444409,7155.09498978035,86851.1051005824,51214.7022638919,80811.640042773
57152.3591551046,6927.70811116775,83774.4539647616,49306.337591426,79325.2675381739
56439.7727207754,6644.74501484573,81117.7039429508,48265.2803650556,78467.9815265502
56285.6279710373,6397.53654951775,80150.3262563626,51057.1314557675,79768.1082213479
55391.086248131,5803.4447037849,77640.9645642753,56476.8943044299,81582.2555497009
56097.8419588174,5264.21923409142,117347.464758844,91013.6453506285,108372.716013433
61070.5746107172,5949.52040384389,138727.818408094,107520.564577007,117114.643299003
60193.5740788344,5723.64375352351,146114.124851384,110853.329329876,117767.15519854
59173.699415164,5556.8696496196,154483.942831011,117039.508914692,116924.163870067
58709.8511513202,5529.38226838153,161385.032740116,120385.899662141,118239.1362997
58895.832629739,5676.38019752247,162913.025174429,120425.530919315,117750.905427401
59195.4767981543,5902.56616352295,165821.268628106,121581.086391532,117569.869065468
59039.2343802397,6024.65695411038,166626.087710435,120506.03907327,117788.248822662
59584.5938782255,6179.62798832137,167017.452395297,120539.503686193,118338.515507975
59281.1628719129,6193.43201009818,161162.733407509,116508.241392068,116711.76133376
57796.8292672663,6025.70647537681,151315.613629074,109664.9191001,113520.286736131
56479.4936937149,6049.93649020273,143698.814581701,99277.6085096508,110402.222812835
60387.5034579287,7174.29132186646,131261.231202186,93656.5422408701,111345.85262682
60100.4877711597,7211.92267371947,95613.2978981644,71685.5725272214,98853.3350504034
60727.0870720243,7367.57761741162,98914.2283096336,71218.9935495221,98723.1976342818
61234.246467715,7336.31693068259,100487.400965075,68785.904408315,97909.8657779047
62356.3992508742,7857.50220465818,99607.674201281,64690.0917888955,92889.4823863959
60666.2286819857,7634.1430579868,96831.0286367622,58672.5520989496,85753.77938224
59230.2202144263,7264.45764612313,91622.2702836543,53742.5295713782,82756.6681589662
58071.7280444409,7155.09498978035,86851.1051005824,51214.7022638919,80811.640042773
57152.3591551046,6927.70811116775,83774.4539647616,49306.337591426,79325.2675381739
56439.7727207754,6644.74501484573,81117.7039429508,48265.2803650556,78467.9815265502
56285.6279710373,6397.53654951775,80150.3262563626,51057.1314557675,79768.1082213479
55391.086248131,5803.4447037849,77640.9645642753,56476.8943044299,81582.2555497009
56097.8419588174,5264.21923409142,117347.464758844,91013.6453506285,108372.716013433
61070.5746107172,5949.52040384389,138727.818408094,107520.564577007,117114.643299003
60193.5740788344,5723.64375352351,146114.124851384,110853.329329876,117767.15519854
59173.699415164,5556.8696496196,154483.942831011,117039.508914692,116924.163870067
58709.8511513202,5529.38226838153,161385.032740116,120385.899662141,118239.1362997
58895.832629739,5676.38019752247,162913.025174429,120425.530919315,117750.905427401
59195.4767981543,5902.56616352295,165821.268628106,121581.086391532,117569.869065468
59039.2343802397,6024.65695411038,166626.087710435,120506.03907327,117788.248822662
59584.5938782255,6179.62798832137,167017.452395297,120539.503686193,118338.515507975
59281.1628719129,6193.43201009818,161162.733407509,116508.241392068,116711.76133376
57796.8292672663,6025.70647537681,151315.613629074,109664.9191001,113520.286736131
56479.4936937149,6049.93649020273,143698.814581701,99277.6085096508,110402.222812835
60387.5034579287,7174.29132186646,131261.231202186,93656.5422408701,111345.85262682
60100.4877711597,7211.92267371947,95613.2978981644,71685.5725272214,98853.3350504034
60727.0870720243,7367.57761741162,98914.2283096336,71218.9935495221,98723.1976342818
61234.246467715,7336.31693068259,100487.400965075,68785.904408315,97909.8657779047
62356.3992508742,7857.50220465818,99607.674201281,64690.0917888955,92889.4823863959
60666.2286819857,7634.1430579868,96831.0286367622,58672.5520989496,85753.77938224
59230.2202144263,7264.45764612313,91622.2702836543,53742.5295713782,82756.6681589662
58071.7280444409,7155.09498978035,86851.1051005824,51214.7022638919,80811.640042773
57152.3591551046,6927.70811116775,83774.4539647616,49306.337591426,79325.2675381739
56439.7727207754,6644.74501484573,81117.7039429508,48265.2803650556,78467.9815265502
56285.6279710373,6397.53654951775,80150.3262563626,51057.1314557675,79768.1082213479
55391.086248131,5803.4447037849,77640.9645642753,56476.8943044299,81582.2555497009
56097.8419588174,5264.21923409142,117347.464758844,91013.6453506285,108372.716013433
61070.5746107172,5949.52040384389,138727.818408094,107520.564577007,117114.643299003
60193.5740788344,5723.64375352351,146114.124851384,110853.329329876,117767.15519854
59173.699415164,5556.8696496196,154483.942831011,117039.508914692,116924.163870067
58709.8511513202,5529.38226838153,161385.032740116,120385.899662141,118239.1362997
58895.832629739,5676.38019752247,162913.025174429,120425.530919315,117750.905427401
59195.4767981543,5902.56616352295,165821.268628106,121581.086391532,117569.869065468
59039.2343802397,6024.65695411038,166626.087710435,120506.03907327,117788.248822662
59584.5938782255,6179.62798832137,167017.452395297,120539.503686193,118338.515507975
59281.1628719129,6193.43201009818,161162.733407509,116508.241392068,116711.76133376
57796.8292672663,6025.70647537681,151315.613629074,109664.9191001,113520.286736131
56479.4936937149,6049.93649020273,143698.814581701,99277.6085096508,110402.222812835
60387.5034579287,7174.29132186646,131261.231202186,93656.5422408701,111345.85262682
60100.4877711597,7211.92267371947,95613.2978981644,71685.5725272214,98853.3350504034
60727.0870720243,7367.57761741162,98914.2283096336,71218.9935495221,98723.1976342818
61234.246467715,7336.31693068259,100487.400965075,68785.904408315,97909.8657779047
62356.3992508742,7857.50220465818,99607.674201281,64690.0917888955,92889.4823863959
60666.2286819857,7634.1430579868,96831.0286367622,58672.5520989496,85753.77938224
59230.2202144263,7264.45764612313,91622.2702836543,53742.5295713782,82756.6681589662
58071.7280444409,7155.09498978035,86851.1051005824,51214.7022638919,80811.640042773
57152.3591551046,6927.70811116775,83774.4539647616,49306.337591426,79325.2675381739
56439.7727207754,6644.74501484573,81117.7039429508,48265.2803650556,78467.9815265502
56285.6279710373,6397.53654951775,80150.3262563626,51057.1314557675,79768.1082213479
55391.086248131,5803.4447037849,77640.9645642753,56476.8943044299,81582.2555497009
56097.8419588174,5264.21923409142,117347.464758844,91013.6453506285,108372.716013433
61070.5746107172,5949.52040384389,138727.818408094,107520.564577007,117114.643299003
60193.5740788344,5723.64375352351,146114.124851384,110853.329329876,117767.15519854
59173.699415164,5556.8696496196,154483.942831011,117039.508914692,116924.163870067
58709.8511513202,5529.38226838153,161385.032740116,120385.899662141,118239.1362997
58895.832629739,5676.38019752247,162913.025174429,120425.530919315,117750.905427401
59195.4767981543,5902.56616352295,165821.268628106,121581.086391532,117569.869065468
59039.2343802397,6024.65695411038,166626.087710435,120506.03907327,117788.248822662
59584.5938782255,6179.62798832137,167017.452395297,120539.503686193,118338.515507975
59281.1628719129,6193.43201009818,161162.733407509,116508.241392068,116711.76133376
57796.8292672663,6025.70647537681,151315.613629074,109664.9191001,113520.286736131
56479.4936937149,6049.93649020273,143698.814581701,99277.6085096508,110402.222812835
60387.5034579287,7174.29132186646,131261.231202186,93656.5422408701,111345.85262682
60100.4877711597,7211.92267371947,95613.2978981644,71685.5725272214,98853.3350504034
60727.0870720243,7367.57761741162,98914.2283096336,71218.9935495221,98723.1976342818
61234.246467715,7336.31693068259,100487.400965075,68785.904408315,97909.8657779047
62356.3992508742,7857.50220465818,99607.674201281,64690.0917888955,92889.4823863959
60666.2286819857,7634.1430579868,96831.0286367622,58672.5520989496,85753.77938224
59230.2202144263,7264.45764612313,91622.2702836543,53742.5295713782,82756.6681589662
58071.7280444409,7155.09498978035,86851.1051005824,51214.7022638919,80811.640042773
57152.3591551046,6927.70811116775,83774.4539647616,49306.337591426,79325.2675381739
56439.7727207754,6644.74501484573,81117.7039429508,48265.2803650556,78467.9815265502
56285.6279710373,6397.53654951775,80150.3262563626,51057.1314557675,79768.1082213479
55391.086248131,5803.4447037849,77640.9645642753,56476.8943044299,81582.2555497009
56097.8419588174,5264.21923409142,117347.464758844,91013.6453506285,108372.716013433
61070.5746107172,5949.52040384389,138727.818408094,107520.564577007,117114.643299003
60193.5740788344,5723.64375352351,146114.124851384,110853.329329876,117767.15519854
59173.699415164,5556.8696496196,154483.942831011,117039.508914692,116924.163870067
58709.8511513202,5529.38226838153,161385.032740116,120385.899662141,118239.1362997
58895.832629739,5676.38019752247,162913.025174429,120425.530919315,117750.905427401
59195.4767981543,5902.56616352295,165821.268628106,121581.086391532,117569.869065468
59039.2343802397,6024.65695411038,166626.087710435,120506.03907327,117788.248822662
59584.5938782255,6179.62798832137,167017.452395297,120539.503686193,118338.515507975
59281.1628719129,6193.43201009818,161162.733407509,116508.241392068,116711.76133376
57796.8292672663,6025.70647537681,151315.613629074,109664.9191001,113520.286736131
56479.4936937149,6049.93649020273,143698.814581701,99277.6085096508,110402.222812835
60387.5034579287,7174.29132186646,131261.231202186,93656.5422408701,111345.85262682
60100.4877711597,7211.92267371947,95613.2978981644,71685.5725272214,98853.3350504034
60727.0870720243,7367.57761741162,98914.2283096336,71218.9935495221,98723.1976342818
61234.246467715,7336.31693068259,100487.400965075,68785.904408315,97909.8657779047
62356.3992508742,7857.50220465818,99607.674201281,64690.0917888955,92889.4823863959
60666.2286819857,7634.1430579868,96831.0286367622,58672.5520989496,85753.77938224
59230.2202144263,7264.45764612313,91622.2702836543,53742.5295713782,82756.6681589662
58071.7280444409,7155.09498978035,86851.1051005824,51214.7022638919,80811.640042773
57152.3591551046,6927.70811116775,83774.4539647616,49306.337591426,79325.2675381739
56439.7727207754,6644.74501484573,81117.7039429508,48265.2803650556,78467.9815265502
56285.6279710373,6397.53654951775,80150.3262563626,51057.1314557675,79768.1082213479
55391.086248131,5803.4447037849,77640.9645642753,56476.8943044299,81582.2555497009
56097.8419588174,5264.21923409142,117347.464758844,91013.6453506285,108372.716013433
61070.5746107172,5949.52040384389,138727.818408094,107520.564577007,117114.643299003
60193.5740788344,5723.64375352351,146114.124851384,110853.329329876,117767.15519854
59173.699415164,5556.8696496196,154483.942831011,117039.508914692,116924.163870067
58709.8511513202,5529.38226838153,161385.032740116,120385.899662141,118239.1362997
58895.832629739,5676.38019752247,162913.025174429,120425.530919315,117750.905427401
59195.4767981543,5902.56616352295,165821.268628106,121581.086391532,117569.869065468
59039.2343802397,6024.65695411038,166626.087710435,120506.03907327,117788.248822662
59584.5938782255,6179.62798832137,167017.452395297,120539.503686193,118338.515507975
59281.1628719129,6193.43201009818,161162.733407509,116508.241392068,116711.76133376
57796.8292672663,6025.70647537681,151315.613629074,109664.9191001,113520.286736131
56479.4936937149,6049.93649020273,143698.814581701,99277.6085096508,110402.222812835
60387.5034579287,7174.29132186646,131261.231202186,93656.5422408701,111345.85262682
60100.4877711597,7211.92267371947,95613.2978981644,71685.5725272214,98853.3350504034
60727.0870720243,7367.57761741162,98914.2283096336,71218.9935495221,98723.1976342818
61234.246467715,7336.31693068259,100487.400965075,68785.904408315,97909.8657779047
62356.3992508742,7857.50220465818,99607.674201281,64690.0917888955,92889.4823863959
60666.2286819857,7634.1430579868,96831.0286367622,58672.5520989496,85753.77938224
59230.2202144263,7264.45764612313,91622.2702836543,53742.5295713782,82756.6681589662
58071.7280444409,7155.09498978035,86851.1051005824,51214.7022638919,80811.640042773
57152.3591551046,6927.70811116775,83774.4539647616,49306.337591426,79325.2675381739
56439.7727207754,6644.74501484573,81117.7039429508,48265.2803650556,78467.9815265502
56285.6279710373,6397.53654951775,80150.3262563626,51057.1314557675,79768.1082213479
55391.086248131,5803.4447037849,77640.9645642753,56476.8943044299,81582.2555497009
56097.8419588174,5264.21923409142,117347.464758844,91013.6453506285,108372.716013433
61070.5746107172,5949.52040384389,138727.818408094,107520.564577007,117114.643299003
60193.5740788344,5723.64375352351,146114.124851384,110853.329329876,117767.15519854
59173.699415164,5556.8696496196,154483.942831011,117039.508914692,116924.163870067
58709.8511513202,5529.38226838153,161385.032740116,120385.899662141,118239.1362997
58895.832629739,5676.38019752247,162913.025174429,120425.530919315,117750.905427401
59195.4767981543,5902.56616352295,165821.268628106,121581.086391532,117569.869065468
59039.2343802397,6024.65695411038,166626.087710435,120506.03907327,117788.248822662
59584.5938782255,6179.62798832137,167017.452395297,120539.503686193,118338.515507975
59281.1628719129,6193.43201009818,161162.733407509,116508.241392068,116711.76133376
57796.8292672663,6025.70647537681,151315.613629074,109664.9191001,113520.286736131
56479.4936937149,6049.93649020273,143698.814581701,99277.6085096508,110402.222812835
60387.5034579287,7174.29132186646,131261.231202186,93656.5422408701,111345.85262682
60100.4877711597,7211.92267371947,95613.2978981644,71685.5725272214,98853.3350504034
60727.0870720243,7367.57761741162,98914.2283096336,71218.9935495221,98723.1976342818
61234.246467715,7336.31693068259,100487.400965075,68785.904408315,97909.8657779047
62356.3992508742,7857.50220465818,99607.674201281,64690.0917888955,92889.4823863959
60666.2286819857,7634.1430579868,96831.0286367622,58672.5520989496,85753.77938224
60551.3061582989,6195.21040970028,85099.7308390596,55701.232353342,83762.7707263492
59131.8393038308,5969.33556974131,81111.4481459383,53031.4719704006,81248.7034268823
58155.4750953662,5817.17114290363,78330.0928077414,51258.3658708325,79889.4777652392
57283.0731542334,5697.66940604337,76162.6691155049,50124.2003618887,79159.7556780942
57269.9843061845,5693.48413852955,75451.4232087194,52516.5291887624,79814.8794511443
56322.3595470568,5634.03844954966,73831.338949967,57237.294626804,82105.2420842626
56620.4979024621,5509.43144875849,117151.338031549,91670.756149182,115260.589723805
61260.3044107356,6489.49084442678,139264.692711151,107592.576829242,128098.505631551
61282.9787353505,6173.72662661319,146162.328991051,111507.732339822,129867.14922864
60773.0767089583,5904.59341684532,153388.636752492,118981.67951761,128932.497958882
60719.7199653224,5435.04764945614,160963.417722111,123607.088511494,133003.85910607
60923.1980139051,5525.19386894789,162672.260007486,124273.156701969,132939.643813555
60999.6441633429,5685.11347869013,164318.953721777,125639.344417903,133245.598884547
60469.7129275176,5758.59630208176,164938.719568199,124759.286452216,134122.989543201
60725.1723080577,5799.33006343175,165022.972628321,125142.819669826,134724.856076257
60446.7383618682,5855.61461564466,159168.133529165,121139.777547205,132461.301000852
58826.7467149849,5782.93156077241,149364.582682752,113273.253375951,127813.05823269
58310.4107334749,5871.41080839154,142345.48979379,105043.013942738,123517.090409465
62701.1184415612,6794.31415817699,132325.103993983,100985.227928205,125838.454495636
61384.6823036221,6753.81680758843,93575.7079473116,76065.4593118261,102384.390207749
61761.4821167845,6926.65966629836,94909.022827624,74757.1454017689,102196.400195115
62281.9034268188,6907.30659558084,95120.0558553845,72361.2744203976,101967.289357543
63575.407347592,7170.23630924489,91981.7564005132,67537.1583237379,93844.5594521223
62442.9602692181,6529.11411041576,88605.9606280561,61385.4419173511,86719.0857815139
60551.3061582989,6195.21040970028,85099.7308390596,55701.232353342,83762.7707263492
59131.8393038308,5969.33556974131,81111.4481459383,53031.4719704006,81248.7034268823
58155.4750953662,5817.17114290363,78330.0928077414,51258.3658708325,79889.4777652392
57283.0731542334,5697.66940604337,76162.6691155049,50124.2003618887,79159.7556780942
57269.9843061845,5693.48413852955,75451.4232087194,52516.5291887624,79814.8794511443
56322.3595470568,5634.03844954966,73831.338949967,57237.294626804,82105.2420842626
56620.4979024621,5509.43144875849,117151.338031549,91670.756149182,115260.589723805
61260.3044107356,6489.49084442678,139264.692711151,107592.576829242,128098.505631551
61282.9787353505,6173.72662661319,146162.328991051,111507.732339822,129867.14922864
60773.0767089583,5904.59341684532,153388.636752492,118981.67951761,128932.497958882
60719.7199653224,5435.04764945614,160963.417722111,123607.088511494,133003.85910607
60923.1980139051,5525.19386894789,162672.260007486,124273.156701969,132939.643813555
60999.6441633429,5685.11347869013,164318.953721777,125639.344417903,133245.598884547
60469.7129275176,5758.59630208176,164938.719568199,124759.286452216,134122.989543201
60725.1723080577,5799.33006343175,165022.972628321,125142.819669826,134724.856076257
60446.7383618682,5855.61461564466,159168.133529165,121139.777547205,132461.301000852
58826.7467149849,5782.93156077241,149364.582682752,113273.253375951,127813.05823269
58310.4107334749,5871.41080839154,142345.48979379,105043.013942738,123517.090409465
62701.1184415612,6794.31415817699,132325.103993983,100985.227928205,125838.454495636
61384.6823036221,6753.81680758843,93575.7079473116,76065.4593118261,102384.390207749
61761.4821167845,6926.65966629836,94909.022827624,74757.1454017689,102196.400195115
62281.9034268188,6907.30659558084,95120.0558553845,72361.2744203976,101967.289357543
63575.407347592,7170.23630924489,91981.7564005132,67537.1583237379,93844.5594521223
62442.9602692181,6529.11411041576,88605.9606280561,61385.4419173511,86719.0857815139
60551.3061582989,6195.21040970028,85099.7308390596,55701.232353342,83762.7707263492
59131.8393038308,5969.33556974131,81111.4481459383,53031.4719704006,81248.7034268823
58155.4750953662,5817.17114290363,78330.0928077414,51258.3658708325,79889.4777652392
57283.0731542334,5697.66940604337,76162.6691155049,50124.2003618887,79159.7556780942
57269.9843061845,5693.48413852955,75451.4232087194,52516.5291887624,79814.8794511443
56322.3595470568,5634.03844954966,73831.338949967,57237.294626804,82105.2420842626
56620.4979024621,5509.43144875849,117151.338031549,91670.756149182,115260.589723805
61260.3044107356,6489.49084442678,139264.692711151,107592.576829242,128098.505631551
61282.9787353505,6173.72662661319,146162.328991051,111507.732339822,129867.14922864
60773.0767089583,5904.59341684532,153388.636752492,118981.67951761,128932.497958882
60719.7199653224,5435.04764945614,160963.417722111,123607.088511494,133003.85910607
60923.1980139051,5525.19386894789,162672.260007486,124273.156701969,132939.643813555
60999.6441633429,5685.11347869013,164318.953721777,125639.344417903,133245.598884547
60469.7129275176,5758.59630208176,164938.719568199,124759.286452216,134122.989543201
60725.1723080577,5799.33006343175,165022.972628321,125142.819669826,134724.856076257
60446.7383618682,5855.61461564466,159168.133529165,121139.777547205,132461.301000852
58826.7467149849,5782.93156077241,149364.582682752,113273.253375951,127813.05823269
58310.4107334749,5871.41080839154,142345.48979379,105043.013942738,123517.090409465
62701.1184415612,6794.31415817699,132325.103993983,100985.227928205,125838.454495636
61384.6823036221,6753.81680758843,93575.7079473116,76065.4593118261,102384.390207749
61761.4821167845,6926.65966629836,94909.022827624,74757.1454017689,102196.400195115
62281.9034268188,6907.30659558084,95120.0558553845,72361.2744203976,101967.289357543
63575.407347592,7170.23630924489,91981.7564005132,67537.1583237379,93844.5594521223
62442.9602692181,6529.11411041576,88605.9606280561,61385.4419173511,86719.0857815139
60551.3061582989,6195.21040970028,85099.7308390596,55701.232353342,83762.7707263492
59131.8393038308,5969.33556974131,81111.4481459383,53031.4719704006,81248.7034268823
58155.4750953662,5817.17114290363,78330.0928077414,51258.3658708325,79889.4777652392
57283.0731542334,5697.66940604337,76162.6691155049,50124.2003618887,79159.7556780942
57269.9843061845,5693.48413852955,75451.4232087194,52516.5291887624,79814.8794511443
56322.3595470568,5634.03844954966,73831.338949967,57237.294626804,82105.2420842626
56620.4979024621,5509.43144875849,117151.338031549,91670.756149182,115260.589723805
61260.3044107356,6489.49084442678,139264.692711151,107592.576829242,128098.505631551
61282.9787353505,6173.72662661319,146162.328991051,111507.732339822,129867.14922864
60773.0767089583,5904.59341684532,153388.636752492,118981.67951761,128932.497958882
60719.7199653224,5435.04764945614,160963.417722111,123607.088511494,133003.85910607
60923.1980139051,5525.19386894789,162672.260007486,124273.156701969,132939.643813555
60999.6441633429,5685.11347869013,164318.953721777,125639.344417903,133245.598884547
60469.7129275176,5758.59630208176,164938.719568199,124759.286452216,134122.989543201
60725.1723080577,5799.33006343175,165022.972628321,125142.819669826,134724.856076257
60446.7383618682,5855.61461564466,159168.133529165,121139.777547205,132461.301000852
58826.7467149849,5782.93156077241,149364.582682752,113273.253375951,127813.05823269
58310.4107334749,5871.41080839154,142345.48979379,105043.013942738,123517.090409465
62701.1184415612,6794.31415817699,132325.103993983,100985.227928205,125838.454495636
61384.6823036221,6753.81680758843,93575.7079473116,76065.4593118261,102384.390207749
61761.4821167845,6926.65966629836,94909.022827624,74757.1454017689,102196.400195115
62281.9034268188,6907.30659558084,95120.0558553845,72361.2744203976,101967.289357543
63575.407347592,7170.23630924489,91981.7564005132,67537.1583237379,93844.5594521223
62442.9602692181,6529.11411041576,88605.9606280561,61385.4419173511,86719.0857815139
60551.3061582989,6195.21040970028,85099.7308390596,55701.232353342,83762.7707263492
59131.8393038308,5969.33556974131,81111.4481459383,53031.4719704006,81248.7034268823
58155.4750953662,5817.17114290363,78330.0928077414,51258.3658708325,79889.4777652392
57283.0731542334,5697.66940604337,76162.6691155049,50124.2003618887,79159.7556780942
57269.9843061845,5693.48413852955,75451.4232087194,52516.5291887624,79814.8794511443
56322.3595470568,5634.03844954966,73831.338949967,57237.294626804,82105.2420842626
56620.4979024621,5509.43144875849,117151.338031549,91670.756149182,115260.589723805
61260.3044107356,6489.49084442678,139264.692711151,107592.576829242,128098.505631551
61282.9787353505,6173.72662661319,146162.328991051,111507.732339822,129867.14922864
60773.0767089583,5904.59341684532,153388.636752492,118981.67951761,128932.497958882
60719.7199653224,5435.04764945614,160963.417722111,123607.088511494,133003.85910607
60923.1980139051,5525.19386894789,162672.260007486,124273.156701969,132939.643813555
60999.6441633429,5685.11347869013,164318.953721777,125639.344417903,133245.598884547
60469.7129275176,5758.59630208176,164938.719568199,124759.286452216,134122.989543201
60725.1723080577,5799.33006343175,165022.972628321,125142.819669826,134724.856076257
60446.7383618682,5855.61461564466,159168.133529165,121139.777547205,132461.301000852
58826.7467149849,5782.93156077241,149364.582682752,113273.253375951,127813.05823269
58310.4107334749,5871.41080839154,142345.48979379,105043.013942738,123517.090409465
62701.1184415612,6794.31415817699,132325.103993983,100985.227928205,125838.454495636
61384.6823036221,6753.81680758843,93575.7079473116,76065.4593118261,102384.390207749
61761.4821167845,6926.65966629836,94909.022827624,74757.1454017689,102196.400195115
62281.9034268188,6907.30659558084,95120.0558553845,72361.2744203976,101967.289357543
63575.407347592,7170.23630924489,91981.7564005132,67537.1583237379,93844.5594521223
62442.9602692181,6529.11411041576,88605.9606280561,61385.4419173511,86719.0857815139
60551.3061582989,6195.21040970028,85099.7308390596,55701.232353342,83762.7707263492
59131.8393038308,5969.33556974131,81111.4481459383,53031.4719704006,81248.7034268823
58155.4750953662,5817.17114290363,78330.0928077414,51258.3658708325,79889.4777652392
57283.0731542334,5697.66940604337,76162.6691155049,50124.2003618887,79159.7556780942
57269.9843061845,5693.48413852955,75451.4232087194,52516.5291887624,79814.8794511443
56322.3595470568,5634.03844954966,73831.338949967,57237.294626804,82105.2420842626
56620.4979024621,5509.43144875849,117151.338031549,91670.756149182,115260.589723805
61260.3044107356,6489.49084442678,139264.692711151,107592.576829242,128098.505631551
61282.9787353505,6173.72662661319,146162.328991051,111507.732339822,129867.14922864
60773.0767089583,5904.59341684532,153388.636752492,118981.67951761,128932.497958882
60719.7199653224,5435.04764945614,160963.417722111,123607.088511494,133003.85910607
60923.1980139051,5525.19386894789,162672.260007486,124273.156701969,132939.643813555
60999.6441633429,5685.11347869013,164318.953721777,125639.344417903,133245.598884547
60469.7129275176,5758.59630208176,164938.719568199,124759.286452216,134122.989543201
60725.1723080577,5799.33006343175,165022.972628321,125142.819669826,134724.856076257
60446.7383618682,5855.61461564466,159168.133529165,121139.777547205,132461.301000852
58826.7467149849,5782.93156077241,149364.582682752,113273.253375951,127813.05823269
58310.4107334749,5871.41080839154,142345.48979379,105043.013942738,123517.090409465
62701.1184415612,6794.31415817699,132325.103993983,100985.227928205,125838.454495636
61384.6823036221,6753.81680758843,93575.7079473116,76065.4593118261,102384.390207749
61761.4821167845,6926.65966629836,94909.022827624,74757.1454017689,102196.400195115
62281.9034268188,6907.30659558084,95120.0558553845,72361.2744203976,101967.289357543
63575.407347592,7170.23630924489,91981.7564005132,67537.1583237379,93844.5594521223
62442.9602692181,6529.11411041576,88605.9606280561,61385.4419173511,86719.0857815139
60551.3061582989,6195.21040970028,85099.7308390596,55701.232353342,83762.7707263492
59131.8393038308,5969.33556974131,81111.4481459383,53031.4719704006,81248.7034268823
58155.4750953662,5817.17114290363,78330.0928077414,51258.3658708325,79889.4777652392
57283.0731542334,5697.66940604337,76162.6691155049,50124.2003618887,79159.7556780942
57269.9843061845,5693.48413852955,75451.4232087194,52516.5291887624,79814.8794511443
56322.3595470568,5634.03844954966,73831.338949967,57237.294626804,82105.2420842626
56620.4979024621,5509.43144875849,117151.338031549,91670.756149182,115260.589723805
61260.3044107356,6489.49084442678,139264.692711151,107592.576829242,128098.505631551
61282.9787353505,6173.72662661319,146162.328991051,111507.732339822,129867.14922864
60773.0767089583,5904.59341684532,153388.636752492,118981.67951761,128932.497958882
60719.7199653224,5435.04764945614,160963.417722111,123607.088511494,133003.85910607
60923.1980139051,5525.19386894789,162672.260007486,124273.156701969,132939.643813555
60999.6441633429,5685.11347869013,164318.953721777,125639.344417903,133245.598884547
60469.7129275176,5758.59630208176,164938.719568199,124759.286452216,134122.989543201
60725.1723080577,5799.33006343175,165022.972628321,125142.819669826,134724.856076257
60446.7383618682,5855.61461564466,159168.133529165,121139.777547205,132461.301000852
58826.7467149849,5782.93156077241,149364.582682752,113273.253375951,127813.05823269
58310.4107334749,5871.41080839154,142345.48979379,105043.013942738,123517.090409465
62701.1184415612,6794.31415817699,132325.103993983,100985.227928205,125838.454495636
61384.6823036221,6753.81680758843,93575.7079473116,76065.4593118261,102384.390207749
61761.4821167845,6926.65966629836,94909.022827624,74757.1454017689,102196.400195115
62281.9034268188,6907.30659558084,95120.0558553845,72361.2744203976,101967.289357543
63575.407347592,7170.23630924489,91981.7564005132,67537.1583237379,93844.5594521223
62442.9602692181,6529.11411041576,88605.9606280561,61385.4419173511,86719.0857815139
60551.3061582989,6195.21040970028,85099.7308390596,55701.232353342,83762.7707263492
59131.8393038308,5969.33556974131,81111.4481459383,53031.4719704006,81248.7034268823
58155.4750953662,5817.17114290363,78330.0928077414,51258.3658708325,79889.4777652392
57283.0731542334,5697.66940604337,76162.6691155049,50124.2003618887,79159.7556780942
57269.9843061845,5693.48413852955,75451.4232087194,52516.5291887624,79814.8794511443
56322.3595470568,5634.03844954966,73831.338949967,57237.294626804,82105.2420842626
56620.4979024621,5509.43144875849,117151.338031549,91670.756149182,115260.589723805
61260.3044107356,6489.49084442678,139264.692711151,107592.576829242,128098.505631551
61282.9787353505,6173.72662661319,146162.328991051,111507.732339822,129867.14922864
60773.0767089583,5904.59341684532,153388.636752492,118981.67951761,128932.497958882
60719.7199653224,5435.04764945614,160963.417722111,123607.088511494,133003.85910607
60923.1980139051,5525.19386894789,162672.260007486,124273.156701969,132939.643813555
60999.6441633429,5685.11347869013,164318.953721777,125639.344417903,133245.598884547
60469.7129275176,5758.59630208176,164938.719568199,124759.286452216,134122.989543201
60725.1723080577,5799.33006343175,165022.972628321,125142.819669826,134724.856076257
60446.7383618682,5855.61461564466,159168.133529165,121139.777547205,132461.301000852
58826.7467149849,5782.93156077241,149364.582682752,113273.253375951,127813.05823269
58310.4107334749,5871.41080839154,142345.48979379,105043.013942738,123517.090409465
62701.1184415612,6794.31415817699,132325.103993983,100985.227928205,125838.454495636
61384.6823036221,6753.81680758843,93575.7079473116,76065.4593118261,102384.390207749
61761.4821167845,6926.65966629836,94909.022827624,74757.1454017689,102196.400195115
62281.9034268188,6907.30659558084,95120.0558553845,72361.2744203976,101967.289357543
63575.407347592,7170.23630924489,91981.7564005132,67537.1583237379,93844.5594521223
62442.9602692181,6529.11411041576,88605.9606280561,61385.4419173511,86719.0857815139
60551.3061582989,6195.21040970028,85099.7308390596,55701.232353342,83762.7707263492
59131.8393038308,5969.33556974131,81111.4481459383,53031.4719704006,81248.7034268823
58155.4750953662,5817.17114290363,78330.0928077414,51258.3658708325,79889.4777652392
57283.0731542334,5697.66940604337,76162.6691155049,50124.2003618887,79159.7556780942
57269.9843061845,5693.48413852955,75451.4232087194,52516.5291887624,79814.8794511443
56322.3595470568,5634.03844954966,73831.338949967,57237.294626804,82105.2420842626
56620.4979024621,5509.43144875849,117151.338031549,91670.756149182,115260.589723805
61260.3044107356,6489.49084442678,139264.692711151,107592.576829242,128098.505631551
61282.9787353505,6173.72662661319,146162.328991051,111507.732339822,129867.14922864
60773.0767089583,5904.59341684532,153388.636752492,118981.67951761,128932.497958882
60719.7199653224,5435.04764945614,160963.417722111,123607.088511494,133003.85910607
60923.1980139051,5525.19386894789,162672.260007486,124273.156701969,132939.643813555
60999.6441633429,5685.11347869013,164318.953721777,125639.344417903,133245.598884547
60469.7129275176,5758.59630208176,164938.719568199,124759.286452216,134122.989543201
60725.1723080577,5799.33006343175,165022.972628321,125142.819669826,134724.856076257
60446.7383618682,5855.61461564466,159168.133529165,121139.777547205,132461.301000852
58826.7467149849,5782.93156077241,149364.582682752,113273.253375951,127813.05823269
58310.4107334749,5871.41080839154,142345.48979379,105043.013942738,123517.090409465
62701.1184415612,6794.31415817699,132325.103993983,100985.227928205,125838.454495636
61384.6823036221,6753.81680758843,93575.7079473116,76065.4593118261,102384.390207749
61761.4821167845,6926.65966629836,94909.022827624,74757.1454017689,102196.400195115
62281.9034268188,6907.30659558084,95120.0558553845,72361.2744203976,101967.289357543
63575.407347592,7170.23630924489,91981.7564005132,67537.1583237379,93844.5594521223
62442.9602692181,6529.11411041576,88605.9606280561,61385.4419173511,86719.0857815139
60551.3061582989,6195.21040970028,85099.7308390596,55701.232353342,83762.7707263492
59131.8393038308,5969.33556974131,81111.4481459383,53031.4719704006,81248.7034268823
58155.4750953662,5817.17114290363,78330.0928077414,51258.3658708325,79889.4777652392
57283.0731542334,5697.66940604337,76162.6691155049,50124.2003618887,79159.7556780942
57269.9843061845,5693.48413852955,75451.4232087194,52516.5291887624,79814.8794511443
56322.3595470568,5634.03844954966,73831.338949967,57237.294626804,82105.2420842626
56620.4979024621,5509.43144875849,117151.338031549,91670.756149182,115260.589723805
61260.3044107356,6489.49084442678,139264.692711151,107592.576829242,128098.505631551
61282.9787353505,6173.72662661319,146162.328991051,111507.732339822,129867.14922864
60773.0767089583,5904.59341684532,153388.636752492,118981.67951761,128932.497958882
60719.7199653224,5435.04764945614,160963.417722111,123607.088511494,133003.85910607
60923.1980139051,5525.19386894789,162672.260007486,124273.156701969,132939.643813555
60999.6441633429,5685.11347869013,164318.953721777,125639.344417903,133245.598884547
60469.7129275176,5758.59630208176,164938.719568199,124759.286452216,134122.989543201
60725.1723080577,5799.33006343175,165022.972628321,125142.819669826,134724.856076257
60446.7383618682,5855.61461564466,159168.133529165,121139.777547205,132461.301000852
58826.7467149849,5782.93156077241,149364.582682752,113273.253375951,127813.05823269
58310.4107334749,5871.41080839154,142345.48979379,105043.013942738,123517.090409465
62701.1184415612,6794.31415817699,132325.103993983,100985.227928205,125838.454495636
61384.6823036221,6753.81680758843,93575.7079473116,76065.4593118261,102384.390207749
61761.4821167845,6926.65966629836,94909.022827624,74757.1454017689,102196.400195115
62281.9034268188,6907.30659558084,95120.0558553845,72361.2744203976,101967.289357543
63575.407347592,7170.23630924489,91981.7564005132,67537.1583237379,93844.5594521223
62442.9602692181,6529.11411041576,88605.9606280561,61385.4419173511,86719.0857815139
60551.3061582989,6195.21040970028,85099.7308390596,55701.232353342,83762.7707263492
59131.8393038308,5969.33556974131,81111.4481459383,53031.4719704006,81248.7034268823
58155.4750953662,5817.17114290363,78330.0928077414,51258.3658708325,79889.4777652392
57283.0731542334,5697.66940604337,76162.6691155049,50124.2003618887,79159.7556780942
57269.9843061845,5693.48413852955,75451.4232087194,52516.5291887624,79814.8794511443
56322.3595470568,5634.03844954966,73831.338949967,57237.294626804,82105.2420842626
56620.4979024621,5509.43144875849,117151.338031549,91670.756149182,115260.589723805
61260.3044107356,6489.49084442678,139264.692711151,107592.576829242,128098.505631551
61282.9787353505,6173.72662661319,146162.328991051,111507.732339822,129867.14922864
60773.0767089583,5904.59341684532,153388.636752492,118981.67951761,128932.497958882
60719.7199653224,5435.04764945614,160963.417722111,123607.088511494,133003.85910607
60923.1980139051,5525.19386894789,162672.260007486,124273.156701969,132939.643813555
60999.6441633429,5685.11347869013,164318.953721777,125639.344417903,133245.598884547
60469.7129275176,5758.59630208176,164938.719568199,124759.286452216,134122.989543201
60725.1723080577,5799.33006343175,165022.972628321,125142.819669826,134724.856076257
60446.7383618682,5855.61461564466,159168.133529165,121139.777547205,132461.301000852
58826.7467149849,5782.93156077241,149364.582682752,113273.253375951,127813.05823269
58310.4107334749,5871.41080839154,142345.48979379,105043.013942738,123517.090409465
62701.1184415612,6794.31415817699,132325.103993983,100985.227928205,125838.454495636
61384.6823036221,6753.81680758843,93575.7079473116,76065.4593118261,102384.390207749
61761.4821167845,6926.65966629836,94909.022827624,74757.1454017689,102196.400195115
62281.9034268188,6907.30659558084,95120.0558553845,72361.2744203976,101967.289357543
63575.407347592,7170.23630924489,91981.7564005132,67537.1583237379,93844.5594521223
62442.9602692181,6529.11411041576,88605.9606280561,61385.4419173511,86719.0857815139
60551.3061582989,6195.21040970028,85099.7308390596,55701.232353342,83762.7707263492
59131.8393038308,5969.33556974131,81111.4481459383,53031.4719704006,81248.7034268823
58155.4750953662,5817.17114290363,78330.0928077414,51258.3658708325,79889.4777652392
57283.0731542334,5697.66940604337,76162.6691155049,50124.2003618887,79159.7556780942
57269.9843061845,5693.48413852955,75451.4232087194,52516.5291887624,79814.8794511443
56322.3595470568,5634.03844954966,73831.338949967,57237.294626804,82105.2420842626
56620.4979024621,5509.43144875849,117151.338031549,91670.756149182,115260.589723805
61260.3044107356,6489.49084442678,139264.692711151,107592.576829242,128098.505631551
61282.9787353505,6173.72662661319,146162.328991051,111507.732339822,129867.14922864
60773.0767089583,5904.59341684532,153388.636752492,118981.67951761,128932.497958882
60719.7199653224,5435.04764945614,160963.417722111,123607.088511494,133003.85910607
60923.1980139051,5525.19386894789,162672.260007486,124273.156701969,132939.643813555
60999.6441633429,5685.11347869013,164318.953721777,125639.344417903,133245.598884547
60469.7129275176,5758.59630208176,164938.719568199,124759.286452216,134122.989543201
60725.1723080577,5799.33006343175,165022.972628321,125142.819669826,134724.856076257
60446.7383618682,5855.61461564466,159168.133529165,121139.777547205,132461.301000852
58826.7467149849,5782.93156077241,149364.582682752,113273.253375951,127813.05823269
58310.4107334749,5871.41080839154,142345.48979379,105043.013942738,123517.090409465
62701.1184415612,6794.31415817699,132325.103993983,100985.227928205,125838.454495636
61384.6823036221,6753.81680758843,93575.7079473116,76065.4593118261,102384.390207749
61761.4821167845,6926.65966629836,94909.022827624,74757.1454017689,102196.400195115
62281.9034268188,6907.30659558084,95120.0558553845,72361.2744203976,101967.289357543
63575.407347592,7170.23630924489,91981.7564005132,67537.1583237379,93844.5594521223
62442.9602692181,6529.11411041576,88605.9606280561,61385.4419173511,86719.0857815139
60551.3061582989,6195.21040970028,85099.7308390596,55701.232353342,83762.7707263492
59131.8393038308,5969.33556974131,81111.4481459383,53031.4719704006,81248.7034268823
58155.4750953662,5817.17114290363,78330.0928077414,51258.3658708325,79889.4777652392
57283.0731542334,5697.66940604337,76162.6691155049,50124.2003618887,79159.7556780942
57269.9843061845,5693.48413852955,75451.4232087194,52516.5291887624,79814.8794511443
56322.3595470568,5634.03844954966,73831.338949967,57237.294626804,82105.2420842626
56620.4979024621,5509.43144875849,117151.338031549,91670.756149182,115260.589723805
61260.3044107356,6489.49084442678,139264.692711151,107592.576829242,128098.505631551
61282.9787353505,6173.72662661319,146162.328991051,111507.732339822,129867.14922864
60773.0767089583,5904.59341684532,153388.636752492,118981.67951761,128932.497958882
60719.7199653224,5435.04764945614,160963.417722111,123607.088511494,133003.85910607
60923.1980139051,5525.19386894789,162672.260007486,124273.156701969,132939.643813555
60999.6441633429,5685.11347869013,164318.953721777,125639.344417903,133245.598884547
60469.7129275176,5758.59630208176,164938.719568199,124759.286452216,134122.989543201
60725.1723080577,5799.33006343175,165022.972628321,125142.819669826,134724.856076257
60446.7383618682,5855.61461564466,159168.133529165,121139.777547205,132461.301000852
58826.7467149849,5782.93156077241,149364.582682752,113273.253375951,127813.05823269
58310.4107334749,5871.41080839154,142345.48979379,105043.013942738,123517.090409465
62701.1184415612,6794.31415817699,132325.103993983,100985.227928205,125838.454495636
61384.6823036221,6753.81680758843,93575.7079473116,76065.4593118261,102384.390207749
61761.4821167845,6926.65966629836,94909.022827624,74757.1454017689,102196.400195115
62281.9034268188,6907.30659558084,95120.0558553845,72361.2744203976,101967.289357543
63575.407347592,7170.23630924489,91981.7564005132,67537.1583237379,93844.5594521223
62442.9602692181,6529.11411041576,88605.9606280561,61385.4419173511,86719.0857815139
60551.3061582989,6195.21040970028,85099.7308390596,55701.232353342,83762.7707263492
59131.8393038308,5969.33556974131,81111.4481459383,53031.4719704006,81248.7034268823
58155.4750953662,5817.17114290363,78330.0928077414,51258.3658708325,79889.4777652392
57283.0731542334,5697.66940604337,76162.6691155049,50124.2003618887,79159.7556780942
57269.9843061845,5693.48413852955,75451.4232087194,52516.5291887624,79814.8794511443
56322.3595470568,5634.03844954966,73831.338949967,57237.294626804,82105.2420842626
56620.4979024621,5509.43144875849,117151.338031549,91670.756149182,115260.589723805
61260.3044107356,6489.49084442678,139264.692711151,107592.576829242,128098.505631551
61282.9787353505,6173.72662661319,146162.328991051,111507.732339822,129867.14922864
60773.0767089583,5904.59341684532,153388.636752492,118981.67951761,128932.497958882
60719.7199653224,5435.04764945614,160963.417722111,123607.088511494,133003.85910607
60923.1980139051,5525.19386894789,162672.260007486,124273.156701969,132939.643813555
60999.6441633429,5685.11347869013,164318.953721777,125639.344417903,133245.598884547
60469.7129275176,5758.59630208176,164938.719568199,124759.286452216,134122.989543201
60725.1723080577,5799.33006343175,165022.972628321,125142.819669826,134724.856076257
60446.7383618682,5855.61461564466,159168.133529165,121139.777547205,132461.301000852
58826.7467149849,5782.93156077241,149364.582682752,113273.253375951,127813.05823269
58310.4107334749,5871.41080839154,142345.48979379,105043.013942738,123517.090409465
62701.1184415612,6794.31415817699,132325.103993983,100985.227928205,125838.454495636
61384.6823036221,6753.81680758843,93575.7079473116,76065.4593118261,102384.390207749
61761.4821167845,6926.65966629836,94909.022827624,74757.1454017689,102196.400195115
62281.9034268188,6907.30659558084,95120.0558553845,72361.2744203976,101967.289357543
63575.407347592,7170.23630924489,91981.7564005132,67537.1583237379,93844.5594521223
62442.9602692181,6529.11411041576,88605.9606280561,61385.4419173511,86719.0857815139
60551.3061582989,6195.21040970028,85099.7308390596,55701.232353342,83762.7707263492
59131.8393038308,5969.33556974131,81111.4481459383,53031.4719704006,81248.7034268823
58155.4750953662,5817.17114290363,78330.0928077414,51258.3658708325,79889.4777652392
57283.0731542334,5697.66940604337,76162.6691155049,50124.2003618887,79159.7556780942
57269.9843061845,5693.48413852955,75451.4232087194,52516.5291887624,79814.8794511443
56322.3595470568,5634.03844954966,73831.338949967,57237.294626804,82105.2420842626
56620.4979024621,5509.43144875849,117151.338031549,91670.756149182,115260.589723805
61260.3044107356,6489.49084442678,139264.692711151,107592.576829242,128098.505631551
61282.9787353505,6173.72662661319,146162.328991051,111507.732339822,129867.14922864
60773.0767089583,5904.59341684532,153388.636752492,118981.67951761,128932.497958882
60719.7199653224,5435.04764945614,160963.417722111,123607.088511494,133003.85910607
60923.1980139051,5525.19386894789,162672.260007486,124273.156701969,132939.643813555
60999.6441633429,5685.11347869013,164318.953721777,125639.344417903,133245.598884547
60469.7129275176,5758.59630208176,164938.719568199,124759.286452216,134122.989543201
60725.1723080577,5799.33006343175,165022.972628321,125142.819669826,134724.856076257
60446.7383618682,5855.61461564466,159168.133529165,121139.777547205,132461.301000852
58826.7467149849,5782.93156077241,149364.582682752,113273.253375951,127813.05823269
58310.4107334749,5871.41080839154,142345.48979379,105043.013942738,123517.090409465
62701.1184415612,6794.31415817699,132325.103993983,100985.227928205,125838.454495636
61384.6823036221,6753.81680758843,93575.7079473116,76065.4593118261,102384.390207749
61761.4821167845,6926.65966629836,94909.022827624,74757.1454017689,102196.400195115
62281.9034268188,6907.30659558084,95120.0558553845,72361.2744203976,101967.289357543
63575.407347592,7170.23630924489,91981.7564005132,67537.1583237379,93844.5594521223
62442.9602692181,6529.11411041576,88605.9606280561,61385.4419173511,86719.0857815139
60551.3061582989,6195.21040970028,85099.7308390596,55701.232353342,83762.7707263492
59131.8393038308,5969.33556974131,81111.4481459383,53031.4719704006,81248.7034268823
58155.4750953662,5817.17114290363,78330.0928077414,51258.3658708325,79889.4777652392
57283.0731542334,5697.66940604337,76162.6691155049,50124.2003618887,79159.7556780942
57269.9843061845,5693.48413852955,75451.4232087194,52516.5291887624,79814.8794511443
56322.3595470568,5634.03844954966,73831.338949967,57237.294626804,82105.2420842626
56620.4979024621,5509.43144875849,117151.338031549,91670.756149182,115260.589723805
61260.3044107356,6489.49084442678,139264.692711151,107592.576829242,128098.505631551
61282.9787353505,6173.72662661319,146162.328991051,111507.732339822,129867.14922864
60773.0767089583,5904.59341684532,153388.636752492,118981.67951761,128932.497958882
60719.7199653224,5435.04764945614,160963.417722111,123607.088511494,133003.85910607
60923.1980139051,5525.19386894789,162672.260007486,124273.156701969,132939.643813555
60999.6441633429,5685.11347869013,164318.953721777,125639.344417903,133245.598884547
60469.7129275176,5758.59630208176,164938.719568199,124759.286452216,134122.989543201
60725.1723080577,5799.33006343175,165022.972628321,125142.819669826,134724.856076257
60446.7383618682,5855.61461564466,159168.133529165,121139.777547205,132461.301000852
58826.7467149849,5782.93156077241,149364.582682752,113273.253375951,127813.05823269
58310.4107334749,5871.41080839154,142345.48979379,105043.013942738,123517.090409465
62701.1184415612,6794.31415817699,132325.103993983,100985.227928205,125838.454495636
61384.6823036221,6753.81680758843,93575.7079473116,76065.4593118261,102384.390207749
61761.4821167845,6926.65966629836,94909.022827624,74757.1454017689,102196.400195115
62281.9034268188,6907.30659558084,95120.0558553845,72361.2744203976,101967.289357543
63575.407347592,7170.23630924489,91981.7564005132,67537.1583237379,93844.5594521223
62442.9602692181,6529.11411041576,88605.9606280561,61385.4419173511,86719.0857815139
60551.3061582989,6195.21040970028,85099.7308390596,55701.232353342,83762.7707263492
59131.8393038308,5969.33556974131,81111.4481459383,53031.4719704006,81248.7034268823
58155.4750953662,5817.17114290363,78330.0928077414,51258.3658708325,79889.4777652392
57283.0731542334,5697.66940604337,76162.6691155049,50124.2003618887,79159.7556780942
57269.9843061845,5693.48413852955,75451.4232087194,52516.5291887624,79814.8794511443
56322.3595470568,5634.03844954966,73831.338949967,57237.294626804,82105.2420842626
56620.4979024621,5509.43144875849,117151.338031549,91670.756149182,115260.589723805
61260.3044107356,6489.49084442678,139264.692711151,107592.576829242,128098.505631551
61282.9787353505,6173.72662661319,146162.328991051,111507.732339822,129867.14922864
60773.0767089583,5904.59341684532,153388.636752492,118981.67951761,128932.497958882
60719.7199653224,5435.04764945614,160963.417722111,123607.088511494,133003.85910607
60923.1980139051,5525.19386894789,162672.260007486,124273.156701969,132939.643813555
60999.6441633429,5685.11347869013,164318.953721777,125639.344417903,133245.598884547
60469.7129275176,5758.59630208176,164938.719568199,124759.286452216,134122.989543201
60725.1723080577,5799.33006343175,165022.972628321,125142.819669826,134724.856076257
60446.7383618682,5855.61461564466,159168.133529165,121139.777547205,132461.301000852
58826.7467149849,5782.93156077241,149364.582682752,113273.253375951,127813.05823269
58310.4107334749,5871.41080839154,142345.48979379,105043.013942738,123517.090409465
62701.1184415612,6794.31415817699,132325.103993983,100985.227928205,125838.454495636
61384.6823036221,6753.81680758843,93575.7079473116,76065.4593118261,102384.390207749
61761.4821167845,6926.65966629836,94909.022827624,74757.1454017689,102196.400195115
62281.9034268188,6907.30659558084,95120.0558553845,72361.2744203976,101967.289357543
63575.407347592,7170.23630924489,91981.7564005132,67537.1583237379,93844.5594521223
62442.9602692181,6529.11411041576,88605.9606280561,61385.4419173511,86719.0857815139
60551.3061582989,6195.21040970028,85099.7308390596,55701.232353342,83762.7707263492
59131.8393038308,5969.33556974131,81111.4481459383,53031.4719704006,81248.7034268823
58155.4750953662,5817.17114290363,78330.0928077414,51258.3658708325,79889.4777652392
57283.0731542334,5697.66940604337,76162.6691155049,50124.2003618887,79159.7556780942
57269.9843061845,5693.48413852955,75451.4232087194,52516.5291887624,79814.8794511443
56322.3595470568,5634.03844954966,73831.338949967,57237.294626804,82105.2420842626
56620.4979024621,5509.43144875849,117151.338031549,91670.756149182,115260.589723805
61260.3044107356,6489.49084442678,139264.692711151,107592.576829242,128098.505631551
61282.9787353505,6173.72662661319,146162.328991051,111507.732339822,129867.14922864
60773.0767089583,5904.59341684532,153388.636752492,118981.67951761,128932.497958882
60719.7199653224,5435.04764945614,160963.417722111,123607.088511494,133003.85910607
60923.1980139051,5525.19386894789,162672.260007486,124273.156701969,132939.643813555
60999.6441633429,5685.11347869013,164318.953721777,125639.344417903,133245.598884547
60469.7129275176,5758.59630208176,164938.719568199,124759.286452216,134122.989543201
60725.1723080577,5799.33006343175,165022.972628321,125142.819669826,134724.856076257
60446.7383618682,5855.61461564466,159168.133529165,121139.777547205,132461.301000852
58826.7467149849,5782.93156077241,149364.582682752,113273.253375951,127813.05823269
58310.4107334749,5871.41080839154,142345.48979379,105043.013942738,123517.090409465
62701.1184415612,6794.31415817699,132325.103993983,100985.227928205,125838.454495636
61384.6823036221,6753.81680758843,93575.7079473116,76065.4593118261,102384.390207749
61761.4821167845,6926.65966629836,94909.022827624,74757.1454017689,102196.400195115
62281.9034268188,6907.30659558084,95120.0558553845,72361.2744203976,101967.289357543
63575.407347592,7170.23630924489,91981.7564005132,67537.1583237379,93844.5594521223
62442.9602692181,6529.11411041576,88605.9606280561,61385.4419173511,86719.0857815139
60551.3061582989,6195.21040970028,85099.7308390596,55701.232353342,83762.7707263492
59131.8393038308,5969.33556974131,81111.4481459383,53031.4719704006,81248.7034268823
58155.4750953662,5817.17114290363,78330.0928077414,51258.3658708325,79889.4777652392
57283.0731542334,5697.66940604337,76162.6691155049,50124.2003618887,79159.7556780942
57269.9843061845,5693.48413852955,75451.4232087194,52516.5291887624,79814.8794511443
56322.3595470568,5634.03844954966,73831.338949967,57237.294626804,82105.2420842626
56620.4979024621,5509.43144875849,117151.338031549,91670.756149182,115260.589723805
61260.3044107356,6489.49084442678,139264.692711151,107592.576829242,128098.505631551
61282.9787353505,6173.72662661319,146162.328991051,111507.732339822,129867.14922864
60773.0767089583,5904.59341684532,153388.636752492,118981.67951761,128932.497958882
60719.7199653224,5435.04764945614,160963.417722111,123607.088511494,133003.85910607
60923.1980139051,5525.19386894789,162672.260007486,124273.156701969,132939.643813555
60999.6441633429,5685.11347869013,164318.953721777,125639.344417903,133245.598884547
60469.7129275176,5758.59630208176,164938.719568199,124759.286452216,134122.989543201
60725.1723080577,5799.33006343175,165022.972628321,125142.819669826,134724.856076257
60446.7383618682,5855.61461564466,159168.133529165,121139.777547205,132461.301000852
58826.7467149849,5782.93156077241,149364.582682752,113273.253375951,127813.05823269
58310.4107334749,5871.41080839154,142345.48979379,105043.013942738,123517.090409465
62701.1184415612,6794.31415817699,132325.103993983,100985.227928205,125838.454495636
61384.6823036221,6753.81680758843,93575.7079473116,76065.4593118261,102384.390207749
61761.4821167845,6926.65966629836,94909.022827624,74757.1454017689,102196.400195115
62281.9034268188,6907.30659558084,95120.0558553845,72361.2744203976,101967.289357543
63575.407347592,7170.23630924489,91981.7564005132,67537.1583237379,93844.5594521223
62442.9602692181,6529.11411041576,88605.9606280561,61385.4419173511,86719.0857815139
60551.3061582989,6195.21040970028,85099.7308390596,55701.232353342,83762.7707263492
59131.8393038308,5969.33556974131,81111.4481459383,53031.4719704006,81248.7034268823
58155.4750953662,5817.17114290363,78330.0928077414,51258.3658708325,79889.4777652392
57283.0731542334,5697.66940604337,76162.6691155049,50124.2003618887,79159.7556780942
57269.9843061845,5693.48413852955,75451.4232087194,52516.5291887624,79814.8794511443
56322.3595470568,5634.03844954966,73831.338949967,57237.294626804,82105.2420842626
56620.4979024621,5509.43144875849,117151.338031549,91670.756149182,115260.589723805
61260.3044107356,6489.49084442678,139264.692711151,107592.576829242,128098.505631551
61282.9787353505,6173.72662661319,146162.328991051,111507.732339822,129867.14922864
60773.0767089583,5904.59341684532,153388.636752492,118981.67951761,128932.497958882
60719.7199653224,5435.04764945614,160963.417722111,123607.088511494,133003.85910607
60923.1980139051,5525.19386894789,162672.260007486,124273.156701969,132939.643813555
60999.6441633429,5685.11347869013,164318.953721777,125639.344417903,133245.598884547
60469.7129275176,5758.59630208176,164938.719568199,124759.286452216,134122.989543201
60725.1723080577,5799.33006343175,165022.972628321,125142.819669826,134724.856076257
60446.7383618682,5855.61461564466,159168.133529165,121139.777547205,132461.301000852
58826.7467149849,5782.93156077241,149364.582682752,113273.253375951,127813.05823269
58310.4107334749,5871.41080839154,142345.48979379,105043.013942738,123517.090409465
62701.1184415612,6794.31415817699,132325.103993983,100985.227928205,125838.454495636
61384.6823036221,6753.81680758843,93575.7079473116,76065.4593118261,102384.390207749
61761.4821167845,6926.65966629836,94909.022827624,74757.1454017689,102196.400195115
62281.9034268188,6907.30659558084,95120.0558553845,72361.2744203976,101967.289357543
63575.407347592,7170.23630924489,91981.7564005132,67537.1583237379,93844.5594521223
62442.9602692181,6529.11411041576,88605.9606280561,61385.4419173511,86719.0857815139
60551.3061582989,6195.21040970028,85099.7308390596,55701.232353342,83762.7707263492
59131.8393038308,5969.33556974131,81111.4481459383,53031.4719704006,81248.7034268823
58155.4750953662,5817.17114290363,78330.0928077414,51258.3658708325,79889.4777652392
57283.0731542334,5697.66940604337,76162.6691155049,50124.2003618887,79159.7556780942
57269.9843061845,5693.48413852955,75451.4232087194,52516.5291887624,79814.8794511443
56322.3595470568,5634.03844954966,73831.338949967,57237.294626804,82105.2420842626
56620.4979024621,5509.43144875849,117151.338031549,91670.756149182,115260.589723805
61260.3044107356,6489.49084442678,139264.692711151,107592.576829242,128098.505631551
61282.9787353505,6173.72662661319,146162.328991051,111507.732339822,129867.14922864
60773.0767089583,5904.59341684532,153388.636752492,118981.67951761,128932.497958882
60719.7199653224,5435.04764945614,160963.417722111,123607.088511494,133003.85910607
60923.1980139051,5525.19386894789,162672.260007486,124273.156701969,132939.643813555
60999.6441633429,5685.11347869013,164318.953721777,125639.344417903,133245.598884547
60469.7129275176,5758.59630208176,164938.719568199,124759.286452216,134122.989543201
60725.1723080577,5799.33006343175,165022.972628321,125142.819669826,134724.856076257
60446.7383618682,5855.61461564466,159168.133529165,121139.777547205,132461.301000852
58826.7467149849,5782.93156077241,149364.582682752,113273.253375951,127813.05823269
58310.4107334749,5871.41080839154,142345.48979379,105043.013942738,123517.090409465
62701.1184415612,6794.31415817699,132325.103993983,100985.227928205,125838.454495636
61384.6823036221,6753.81680758843,93575.7079473116,76065.4593118261,102384.390207749
61761.4821167845,6926.65966629836,94909.022827624,74757.1454017689,102196.400195115
62281.9034268188,6907.30659558084,95120.0558553845,72361.2744203976,101967.289357543
63575.407347592,7170.23630924489,91981.7564005132,67537.1583237379,93844.5594521223
62442.9602692181,6529.11411041576,88605.9606280561,61385.4419173511,86719.0857815139
60551.3061582989,6195.21040970028,85099.7308390596,55701.232353342,83762.7707263492
59131.8393038308,5969.33556974131,81111.4481459383,53031.4719704006,81248.7034268823
58155.4750953662,5817.17114290363,78330.0928077414,51258.3658708325,79889.4777652392
57283.0731542334,5697.66940604337,76162.6691155049,50124.2003618887,79159.7556780942
57269.9843061845,5693.48413852955,75451.4232087194,52516.5291887624,79814.8794511443
56322.3595470568,5634.03844954966,73831.338949967,57237.294626804,82105.2420842626
56620.4979024621,5509.43144875849,117151.338031549,91670.756149182,115260.589723805
61260.3044107356,6489.49084442678,139264.692711151,107592.576829242,128098.505631551
61282.9787353505,6173.72662661319,146162.328991051,111507.732339822,129867.14922864
60773.0767089583,5904.59341684532,153388.636752492,118981.67951761,128932.497958882
60719.7199653224,5435.04764945614,160963.417722111,123607.088511494,133003.85910607
60923.1980139051,5525.19386894789,162672.260007486,124273.156701969,132939.643813555
60999.6441633429,5685.11347869013,164318.953721777,125639.344417903,133245.598884547
60469.7129275176,5758.59630208176,164938.719568199,124759.286452216,134122.989543201
60725.1723080577,5799.33006343175,165022.972628321,125142.819669826,134724.856076257
60446.7383618682,5855.61461564466,159168.133529165,121139.777547205,132461.301000852
58826.7467149849,5782.93156077241,149364.582682752,113273.253375951,127813.05823269
58310.4107334749,5871.41080839154,142345.48979379,105043.013942738,123517.090409465
62701.1184415612,6794.31415817699,132325.103993983,100985.227928205,125838.454495636
61384.6823036221,6753.81680758843,93575.7079473116,76065.4593118261,102384.390207749
61761.4821167845,6926.65966629836,94909.022827624,74757.1454017689,102196.400195115
62281.9034268188,6907.30659558084,95120.0558553845,72361.2744203976,101967.289357543
63575.407347592,7170.23630924489,91981.7564005132,67537.1583237379,93844.5594521223
62442.9602692181,6529.11411041576,88605.9606280561,61385.4419173511,86719.0857815139
60551.3061582989,6195.21040970028,85099.7308390596,55701.232353342,83762.7707263492
59131.8393038308,5969.33556974131,81111.4481459383,53031.4719704006,81248.7034268823
58155.4750953662,5817.17114290363,78330.0928077414,51258.3658708325,79889.4777652392
57283.0731542334,5697.66940604337,76162.6691155049,50124.2003618887,79159.7556780942
57269.9843061845,5693.48413852955,75451.4232087194,52516.5291887624,79814.8794511443
56322.3595470568,5634.03844954966,73831.338949967,57237.294626804,82105.2420842626
56620.4979024621,5509.43144875849,117151.338031549,91670.756149182,115260.589723805
61260.3044107356,6489.49084442678,139264.692711151,107592.576829242,128098.505631551
61282.9787353505,6173.72662661319,146162.328991051,111507.732339822,129867.14922864
60773.0767089583,5904.59341684532,153388.636752492,118981.67951761,128932.497958882
60719.7199653224,5435.04764945614,160963.417722111,123607.088511494,133003.85910607
60923.1980139051,5525.19386894789,162672.260007486,124273.156701969,132939.643813555
60999.6441633429,5685.11347869013,164318.953721777,125639.344417903,133245.598884547
60469.7129275176,5758.59630208176,164938.719568199,124759.286452216,134122.989543201
60725.1723080577,5799.33006343175,165022.972628321,125142.819669826,134724.856076257
60446.7383618682,5855.61461564466,159168.133529165,121139.777547205,132461.301000852
58826.7467149849,5782.93156077241,149364.582682752,113273.253375951,127813.05823269
58310.4107334749,5871.41080839154,142345.48979379,105043.013942738,123517.090409465
62701.1184415612,6794.31415817699,132325.103993983,100985.227928205,125838.454495636
61384.6823036221,6753.81680758843,93575.7079473116,76065.4593118261,102384.390207749
61761.4821167845,6926.65966629836,94909.022827624,74757.1454017689,102196.400195115
62281.9034268188,6907.30659558084,95120.0558553845,72361.2744203976,101967.289357543
63575.407347592,7170.23630924489,91981.7564005132,67537.1583237379,93844.5594521223
62442.9602692181,6529.11411041576,88605.9606280561,61385.4419173511,86719.0857815139
60551.3061582989,6195.21040970028,85099.7308390596,55701.232353342,83762.7707263492
59131.8393038308,5969.33556974131,81111.4481459383,53031.4719704006,81248.7034268823
58155.4750953662,5817.17114290363,78330.0928077414,51258.3658708325,79889.4777652392
57283.0731542334,5697.66940604337,76162.6691155049,50124.2003618887,79159.7556780942
57269.9843061845,5693.48413852955,75451.4232087194,52516.5291887624,79814.8794511443
56322.3595470568,5634.03844954966,73831.338949967,57237.294626804,82105.2420842626
56620.4979024621,5509.43144875849,117151.338031549,91670.756149182,115260.589723805
61260.3044107356,6489.49084442678,139264.692711151,107592.576829242,128098.505631551
61282.9787353505,6173.72662661319,146162.328991051,111507.732339822,129867.14922864
60773.0767089583,5904.59341684532,153388.636752492,118981.67951761,128932.497958882
60719.7199653224,5435.04764945614,160963.417722111,123607.088511494,133003.85910607
60923.1980139051,5525.19386894789,162672.260007486,124273.156701969,132939.643813555
60999.6441633429,5685.11347869013,164318.953721777,125639.344417903,133245.598884547
60469.7129275176,5758.59630208176,164938.719568199,124759.286452216,134122.989543201
60725.1723080577,5799.33006343175,165022.972628321,125142.819669826,134724.856076257
60446.7383618682,5855.61461564466,159168.133529165,121139.777547205,132461.301000852
58826.7467149849,5782.93156077241,149364.582682752,113273.253375951,127813.05823269
58310.4107334749,5871.41080839154,142345.48979379,105043.013942738,123517.090409465
62701.1184415612,6794.31415817699,132325.103993983,100985.227928205,125838.454495636
61384.6823036221,6753.81680758843,93575.7079473116,76065.4593118261,102384.390207749
61761.4821167845,6926.65966629836,94909.022827624,74757.1454017689,102196.400195115
62281.9034268188,6907.30659558084,95120.0558553845,72361.2744203976,101967.289357543
63575.407347592,7170.23630924489,91981.7564005132,67537.1583237379,93844.5594521223
62442.9602692181,6529.11411041576,88605.9606280561,61385.4419173511,86719.0857815139
60551.3061582989,6195.21040970028,85099.7308390596,55701.232353342,83762.7707263492
59131.8393038308,5969.33556974131,81111.4481459383,53031.4719704006,81248.7034268823
58155.4750953662,5817.17114290363,78330.0928077414,51258.3658708325,79889.4777652392
57283.0731542334,5697.66940604337,76162.6691155049,50124.2003618887,79159.7556780942
57269.9843061845,5693.48413852955,75451.4232087194,52516.5291887624,79814.8794511443
56322.3595470568,5634.03844954966,73831.338949967,57237.294626804,82105.2420842626
56620.4979024621,5509.43144875849,117151.338031549,91670.756149182,115260.589723805
61260.3044107356,6489.49084442678,139264.692711151,107592.576829242,128098.505631551
61282.9787353505,6173.72662661319,146162.328991051,111507.732339822,129867.14922864
60773.0767089583,5904.59341684532,153388.636752492,118981.67951761,128932.497958882
60719.7199653224,5435.04764945614,160963.417722111,123607.088511494,133003.85910607
60923.1980139051,5525.19386894789,162672.260007486,124273.156701969,132939.643813555
60999.6441633429,5685.11347869013,164318.953721777,125639.344417903,133245.598884547
60469.7129275176,5758.59630208176,164938.719568199,124759.286452216,134122.989543201
60725.1723080577,5799.33006343175,165022.972628321,125142.819669826,134724.856076257
60446.7383618682,5855.61461564466,159168.133529165,121139.777547205,132461.301000852
58826.7467149849,5782.93156077241,149364.582682752,113273.253375951,127813.05823269
58310.4107334749,5871.41080839154,142345.48979379,105043.013942738,123517.090409465
62701.1184415612,6794.31415817699,132325.103993983,100985.227928205,125838.454495636
61384.6823036221,6753.81680758843,93575.7079473116,76065.4593118261,102384.390207749
61761.4821167845,6926.65966629836,94909.022827624,74757.1454017689,102196.400195115
62281.9034268188,6907.30659558084,95120.0558553845,72361.2744203976,101967.289357543
63575.407347592,7170.23630924489,91981.7564005132,67537.1583237379,93844.5594521223
62442.9602692181,6529.11411041576,88605.9606280561,61385.4419173511,86719.0857815139
60551.3061582989,6195.21040970028,85099.7308390596,55701.232353342,83762.7707263492
59131.8393038308,5969.33556974131,81111.4481459383,53031.4719704006,81248.7034268823
58155.4750953662,5817.17114290363,78330.0928077414,51258.3658708325,79889.4777652392
57283.0731542334,5697.66940604337,76162.6691155049,50124.2003618887,79159.7556780942
57269.9843061845,5693.48413852955,75451.4232087194,52516.5291887624,79814.8794511443
56322.3595470568,5634.03844954966,73831.338949967,57237.294626804,82105.2420842626
56620.4979024621,5509.43144875849,117151.338031549,91670.756149182,115260.589723805
61260.3044107356,6489.49084442678,139264.692711151,107592.576829242,128098.505631551
61282.9787353505,6173.72662661319,146162.328991051,111507.732339822,129867.14922864
60773.0767089583,5904.59341684532,153388.636752492,118981.67951761,128932.497958882
60719.7199653224,5435.04764945614,160963.417722111,123607.088511494,133003.85910607
60923.1980139051,5525.19386894789,162672.260007486,124273.156701969,132939.643813555
60999.6441633429,5685.11347869013,164318.953721777,125639.344417903,133245.598884547
60469.7129275176,5758.59630208176,164938.719568199,124759.286452216,134122.989543201
60725.1723080577,5799.33006343175,165022.972628321,125142.819669826,134724.856076257
60446.7383618682,5855.61461564466,159168.133529165,121139.777547205,132461.301000852
58826.7467149849,5782.93156077241,149364.582682752,113273.253375951,127813.05823269
58310.4107334749,5871.41080839154,142345.48979379,105043.013942738,123517.090409465
62701.1184415612,6794.31415817699,132325.103993983,100985.227928205,125838.454495636
61384.6823036221,6753.81680758843,93575.7079473116,76065.4593118261,102384.390207749
61761.4821167845,6926.65966629836,94909.022827624,74757.1454017689,102196.400195115
62281.9034268188,6907.30659558084,95120.0558553845,72361.2744203976,101967.289357543
63575.407347592,7170.23630924489,91981.7564005132,67537.1583237379,93844.5594521223
62442.9602692181,6529.11411041576,88605.9606280561,61385.4419173511,86719.0857815139
60551.3061582989,6195.21040970028,85099.7308390596,55701.232353342,83762.7707263492
59131.8393038308,5969.33556974131,81111.4481459383,53031.4719704006,81248.7034268823
58155.4750953662,5817.17114290363,78330.0928077414,51258.3658708325,79889.4777652392
57283.0731542334,5697.66940604337,76162.6691155049,50124.2003618887,79159.7556780942
57269.9843061845,5693.48413852955,75451.4232087194,52516.5291887624,79814.8794511443
56322.3595470568,5634.03844954966,73831.338949967,57237.294626804,82105.2420842626
56620.4979024621,5509.43144875849,117151.338031549,91670.756149182,115260.589723805
61260.3044107356,6489.49084442678,139264.692711151,107592.576829242,128098.505631551
61282.9787353505,6173.72662661319,146162.328991051,111507.732339822,129867.14922864
60773.0767089583,5904.59341684532,153388.636752492,118981.67951761,128932.497958882
60719.7199653224,5435.04764945614,160963.417722111,123607.088511494,133003.85910607
60923.1980139051,5525.19386894789,162672.260007486,124273.156701969,132939.643813555
60999.6441633429,5685.11347869013,164318.953721777,125639.344417903,133245.598884547
60469.7129275176,5758.59630208176,164938.719568199,124759.286452216,134122.989543201
60725.1723080577,5799.33006343175,165022.972628321,125142.819669826,134724.856076257
60446.7383618682,5855.61461564466,159168.133529165,121139.777547205,132461.301000852
58826.7467149849,5782.93156077241,149364.582682752,113273.253375951,127813.05823269
58310.4107334749,5871.41080839154,142345.48979379,105043.013942738,123517.090409465
62701.1184415612,6794.31415817699,132325.103993983,100985.227928205,125838.454495636
61384.6823036221,6753.81680758843,93575.7079473116,76065.4593118261,102384.390207749
61761.4821167845,6926.65966629836,94909.022827624,74757.1454017689,102196.400195115
62281.9034268188,6907.30659558084,95120.0558553845,72361.2744203976,101967.289357543
63575.407347592,7170.23630924489,91981.7564005132,67537.1583237379,93844.5594521223
62442.9602692181,6529.11411041576,88605.9606280561,61385.4419173511,86719.0857815139
60551.3061582989,6195.21040970028,85099.7308390596,55701.232353342,83762.7707263492
59131.8393038308,5969.33556974131,81111.4481459383,53031.4719704006,81248.7034268823
58155.4750953662,5817.17114290363,78330.0928077414,51258.3658708325,79889.4777652392
57283.0731542334,5697.66940604337,76162.6691155049,50124.2003618887,79159.7556780942
57269.9843061845,5693.48413852955,75451.4232087194,52516.5291887624,79814.8794511443
56322.3595470568,5634.03844954966,73831.338949967,57237.294626804,82105.2420842626
56620.4979024621,5509.43144875849,117151.338031549,91670.756149182,115260.589723805
61260.3044107356,6489.49084442678,139264.692711151,107592.576829242,128098.505631551
61282.9787353505,6173.72662661319,146162.328991051,111507.732339822,129867.14922864
60773.0767089583,5904.59341684532,153388.636752492,118981.67951761,128932.497958882
60719.7199653224,5435.04764945614,160963.417722111,123607.088511494,133003.85910607
60923.1980139051,5525.19386894789,162672.260007486,124273.156701969,132939.643813555
60999.6441633429,5685.11347869013,164318.953721777,125639.344417903,133245.598884547
60469.7129275176,5758.59630208176,164938.719568199,124759.286452216,134122.989543201
60725.1723080577,5799.33006343175,165022.972628321,125142.819669826,134724.856076257
60446.7383618682,5855.61461564466,159168.133529165,121139.777547205,132461.301000852
58826.7467149849,5782.93156077241,149364.582682752,113273.253375951,127813.05823269
58310.4107334749,5871.41080839154,142345.48979379,105043.013942738,123517.090409465
62701.1184415612,6794.31415817699,132325.103993983,100985.227928205,125838.454495636
61384.6823036221,6753.81680758843,93575.7079473116,76065.4593118261,102384.390207749
61761.4821167845,6926.65966629836,94909.022827624,74757.1454017689,102196.400195115
62281.9034268188,6907.30659558084,95120.0558553845,72361.2744203976,101967.289357543
63575.407347592,7170.23630924489,91981.7564005132,67537.1583237379,93844.5594521223
62442.9602692181,6529.11411041576,88605.9606280561,61385.4419173511,86719.0857815139
60551.3061582989,6195.21040970028,85099.7308390596,55701.232353342,83762.7707263492
59131.8393038308,5969.33556974131,81111.4481459383,53031.4719704006,81248.7034268823
58155.4750953662,5817.17114290363,78330.0928077414,51258.3658708325,79889.4777652392
57283.0731542334,5697.66940604337,76162.6691155049,50124.2003618887,79159.7556780942
57269.9843061845,5693.48413852955,75451.4232087194,52516.5291887624,79814.8794511443
56322.3595470568,5634.03844954966,73831.338949967,57237.294626804,82105.2420842626
56620.4979024621,5509.43144875849,117151.338031549,91670.756149182,115260.589723805
61260.3044107356,6489.49084442678,139264.692711151,107592.576829242,128098.505631551
61282.9787353505,6173.72662661319,146162.328991051,111507.732339822,129867.14922864
60773.0767089583,5904.59341684532,153388.636752492,118981.67951761,128932.497958882
60719.7199653224,5435.04764945614,160963.417722111,123607.088511494,133003.85910607
60923.1980139051,5525.19386894789,162672.260007486,124273.156701969,132939.643813555
60999.6441633429,5685.11347869013,164318.953721777,125639.344417903,133245.598884547
60469.7129275176,5758.59630208176,164938.719568199,124759.286452216,134122.989543201
60725.1723080577,5799.33006343175,165022.972628321,125142.819669826,134724.856076257
60446.7383618682,5855.61461564466,159168.133529165,121139.777547205,132461.301000852
58826.7467149849,5782.93156077241,149364.582682752,113273.253375951,127813.05823269
58310.4107334749,5871.41080839154,142345.48979379,105043.013942738,123517.090409465
62701.1184415612,6794.31415817699,132325.103993983,100985.227928205,125838.454495636
61384.6823036221,6753.81680758843,93575.7079473116,76065.4593118261,102384.390207749
61761.4821167845,6926.65966629836,94909.022827624,74757.1454017689,102196.400195115
62281.9034268188,6907.30659558084,95120.0558553845,72361.2744203976,101967.289357543
63575.407347592,7170.23630924489,91981.7564005132,67537.1583237379,93844.5594521223
62442.9602692181,6529.11411041576,88605.9606280561,61385.4419173511,86719.0857815139
60551.3061582989,6195.21040970028,85099.7308390596,55701.232353342,83762.7707263492
59131.8393038308,5969.33556974131,81111.4481459383,53031.4719704006,81248.7034268823
58155.4750953662,5817.17114290363,78330.0928077414,51258.3658708325,79889.4777652392
57283.0731542334,5697.66940604337,76162.6691155049,50124.2003618887,79159.7556780942
57269.9843061845,5693.48413852955,75451.4232087194,52516.5291887624,79814.8794511443
56322.3595470568,5634.03844954966,73831.338949967,57237.294626804,82105.2420842626
56620.4979024621,5509.43144875849,117151.338031549,91670.756149182,115260.589723805
61260.3044107356,6489.49084442678,139264.692711151,107592.576829242,128098.505631551
61282.9787353505,6173.72662661319,146162.328991051,111507.732339822,129867.14922864
60773.0767089583,5904.59341684532,153388.636752492,118981.67951761,128932.497958882
60719.7199653224,5435.04764945614,160963.417722111,123607.088511494,133003.85910607
60923.1980139051,5525.19386894789,162672.260007486,124273.156701969,132939.643813555
60999.6441633429,5685.11347869013,164318.953721777,125639.344417903,133245.598884547
60469.7129275176,5758.59630208176,164938.719568199,124759.286452216,134122.989543201
60725.1723080577,5799.33006343175,165022.972628321,125142.819669826,134724.856076257
60446.7383618682,5855.61461564466,159168.133529165,121139.777547205,132461.301000852
58826.7467149849,5782.93156077241,149364.582682752,113273.253375951,127813.05823269
58310.4107334749,5871.41080839154,142345.48979379,105043.013942738,123517.090409465
62701.1184415612,6794.31415817699,132325.103993983,100985.227928205,125838.454495636
61384.6823036221,6753.81680758843,93575.7079473116,76065.4593118261,102384.390207749
61761.4821167845,6926.65966629836,94909.022827624,74757.1454017689,102196.400195115
62281.9034268188,6907.30659558084,95120.0558553845,72361.2744203976,101967.289357543
63575.407347592,7170.23630924489,91981.7564005132,67537.1583237379,93844.5594521223
62442.9602692181,6529.11411041576,88605.9606280561,61385.4419173511,86719.0857815139
55040.0809307888,5098.43947702166,56135.1083539071,55042.7475697928,77821.0545688231
54168.644223968,4896.69733817842,53905.5773405087,52981.9358139121,76055.813729179
53282.1110416606,4758.34029248869,52530.794139215,51448.6796069148,74831.8491838062
52736.3548042649,4654.92280626715,51270.2786906993,50386.0415584855,74085.7958255405
52730.6003743925,4750.73918038213,52617.4725069536,52003.1211765838,75242.1090032336
52617.5110864041,4779.68095940595,54566.8059249222,55485.841797765,77456.1688254266
54109.4973176775,4738.00955571431,88330.3184042464,79441.1805947809,111250.591628287
59025.3178492551,5732.43294417601,107795.627281677,94591.0620624582,124496.545864111
58353.1914528116,5481.78607646497,111848.781949137,98055.3786692709,126886.930312606
57530.6409031219,5246.92469035527,113467.887047784,103276.885986316,126606.770688692
58388.8597980533,5007.46570609284,125871.670066921,107567.947936138,136353.254352564
58519.0217550341,5077.57107890122,127371.186087209,107870.656726288,136482.845083781
58497.2247666104,5217.72163373807,128853.530833523,109083.64266914,136787.961994183
58158.8379651827,5257.22159633506,129565.387948261,108833.322967301,137678.573932988
58024.9760265484,5272.64496662965,129505.863407347,108901.220615538,138314.556329538
57774.1245372393,5327.78323725672,125997.258490009,106224.788193204,136096.563787399
55933.7174894486,5271.92186250593,119724.63542429,100582.329680449,129963.717921493
56899.7285096101,5368.60260937009,115674.462604928,94930.7449396692,124747.050875426
59261.2023697316,6100.0999773185,109253.093136303,93474.2006128059,127260.064505122
56501.5441361976,5829.49371778945,74672.2541962883,72862.812410417,97318.6868640916
56690.6393849433,5943.62253925402,71992.8237302052,70679.8116425871,96300.3992282221
56887.8723985062,5873.39127355261,69364.3090488776,68893.8085815857,95529.5620137978
58055.8886853139,6010.12630791309,64416.1947171733,64808.897819521,87452.9283909937
56419.6766820892,5328.76029230776,59368.4688938136,59302.4577237178,80645.7921691282
55040.0809307888,5098.43947702166,56135.1083539071,55042.7475697928,77821.0545688231
54168.644223968,4896.69733817842,53905.5773405087,52981.9358139121,76055.813729179
53282.1110416606,4758.34029248869,52530.794139215,51448.6796069148,74831.8491838062
52736.3548042649,4654.92280626715,51270.2786906993,50386.0415584855,74085.7958255405
52730.6003743925,4750.73918038213,52617.4725069536,52003.1211765838,75242.1090032336
52617.5110864041,4779.68095940595,54566.8059249222,55485.841797765,77456.1688254266
54109.4973176775,4738.00955571431,88330.3184042464,79441.1805947809,111250.591628287
59025.3178492551,5732.43294417601,107795.627281677,94591.0620624582,124496.545864111
58353.1914528116,5481.78607646497,111848.781949137,98055.3786692709,126886.930312606
57530.6409031219,5246.92469035527,113467.887047784,103276.885986316,126606.770688692
58388.8597980533,5007.46570609284,125871.670066921,107567.947936138,136353.254352564
58519.0217550341,5077.57107890122,127371.186087209,107870.656726288,136482.845083781
58497.2247666104,5217.72163373807,128853.530833523,109083.64266914,136787.961994183
58158.8379651827,5257.22159633506,129565.387948261,108833.322967301,137678.573932988
58024.9760265484,5272.64496662965,129505.863407347,108901.220615538,138314.556329538
57774.1245372393,5327.78323725672,125997.258490009,106224.788193204,136096.563787399
55933.7174894486,5271.92186250593,119724.63542429,100582.329680449,129963.717921493
56899.7285096101,5368.60260937009,115674.462604928,94930.7449396692,124747.050875426
59261.2023697316,6100.0999773185,109253.093136303,93474.2006128059,127260.064505122
56501.5441361976,5829.49371778945,74672.2541962883,72862.812410417,97318.6868640916
56690.6393849433,5943.62253925402,71992.8237302052,70679.8116425871,96300.3992282221
56887.8723985062,5873.39127355261,69364.3090488776,68893.8085815857,95529.5620137978
58055.8886853139,6010.12630791309,64416.1947171733,64808.897819521,87452.9283909937
56419.6766820892,5328.76029230776,59368.4688938136,59302.4577237178,80645.7921691282
55040.0809307888,5098.43947702166,56135.1083539071,55042.7475697928,77821.0545688231
54168.644223968,4896.69733817842,53905.5773405087,52981.9358139121,76055.813729179
53282.1110416606,4758.34029248869,52530.794139215,51448.6796069148,74831.8491838062
52736.3548042649,4654.92280626715,51270.2786906993,50386.0415584855,74085.7958255405
52730.6003743925,4750.73918038213,52617.4725069536,52003.1211765838,75242.1090032336
52617.5110864041,4779.68095940595,54566.8059249222,55485.841797765,77456.1688254266
54109.4973176775,4738.00955571431,88330.3184042464,79441.1805947809,111250.591628287
59025.3178492551,5732.43294417601,107795.627281677,94591.0620624582,124496.545864111
58353.1914528116,5481.78607646497,111848.781949137,98055.3786692709,126886.930312606
57530.6409031219,5246.92469035527,113467.887047784,103276.885986316,126606.770688692
58388.8597980533,5007.46570609284,125871.670066921,107567.947936138,136353.254352564
58519.0217550341,5077.57107890122,127371.186087209,107870.656726288,136482.845083781
58497.2247666104,5217.72163373807,128853.530833523,109083.64266914,136787.961994183
58158.8379651827,5257.22159633506,129565.387948261,108833.322967301,137678.573932988
58024.9760265484,5272.64496662965,129505.863407347,108901.220615538,138314.556329538
57774.1245372393,5327.78323725672,125997.258490009,106224.788193204,136096.563787399
55933.7174894486,5271.92186250593,119724.63542429,100582.329680449,129963.717921493
56899.7285096101,5368.60260937009,115674.462604928,94930.7449396692,124747.050875426
59261.2023697316,6100.0999773185,109253.093136303,93474.2006128059,127260.064505122
56501.5441361976,5829.49371778945,74672.2541962883,72862.812410417,97318.6868640916
56690.6393849433,5943.62253925402,71992.8237302052,70679.8116425871,96300.3992282221
56887.8723985062,5873.39127355261,69364.3090488776,68893.8085815857,95529.5620137978
58055.8886853139,6010.12630791309,64416.1947171733,64808.897819521,87452.9283909937
56419.6766820892,5328.76029230776,59368.4688938136,59302.4577237178,80645.7921691282
55040.0809307888,5098.43947702166,56135.1083539071,55042.7475697928,77821.0545688231
54168.644223968,4896.69733817842,53905.5773405087,52981.9358139121,76055.813729179
53282.1110416606,4758.34029248869,52530.794139215,51448.6796069148,74831.8491838062
52736.3548042649,4654.92280626715,51270.2786906993,50386.0415584855,74085.7958255405
52730.6003743925,4750.73918038213,52617.4725069536,52003.1211765838,75242.1090032336
52617.5110864041,4779.68095940595,54566.8059249222,55485.841797765,77456.1688254266
54109.4973176775,4738.00955571431,88330.3184042464,79441.1805947809,111250.591628287
59025.3178492551,5732.43294417601,107795.627281677,94591.0620624582,124496.545864111
58353.1914528116,5481.78607646497,111848.781949137,98055.3786692709,126886.930312606
57530.6409031219,5246.92469035527,113467.887047784,103276.885986316,126606.770688692
58388.8597980533,5007.46570609284,125871.670066921,107567.947936138,136353.254352564
58519.0217550341,5077.57107890122,127371.186087209,107870.656726288,136482.845083781
58497.2247666104,5217.72163373807,128853.530833523,109083.64266914,136787.961994183
58158.8379651827,5257.22159633506,129565.387948261,108833.322967301,137678.573932988
58024.9760265484,5272.64496662965,129505.863407347,108901.220615538,138314.556329538
57774.1245372393,5327.78323725672,125997.258490009,106224.788193204,136096.563787399
55933.7174894486,5271.92186250593,119724.63542429,100582.329680449,129963.717921493
56899.7285096101,5368.60260937009,115674.462604928,94930.7449396692,124747.050875426
59261.2023697316,6100.0999773185,109253.093136303,93474.2006128059,127260.064505122
56501.5441361976,5829.49371778945,74672.2541962883,72862.812410417,97318.6868640916
56690.6393849433,5943.62253925402,71992.8237302052,70679.8116425871,96300.3992282221
56887.8723985062,5873.39127355261,69364.3090488776,68893.8085815857,95529.5620137978
58055.8886853139,6010.12630791309,64416.1947171733,64808.897819521,87452.9283909937
56419.6766820892,5328.76029230776,59368.4688938136,59302.4577237178,80645.7921691282
55040.0809307888,5098.43947702166,56135.1083539071,55042.7475697928,77821.0545688231
54168.644223968,4896.69733817842,53905.5773405087,52981.9358139121,76055.813729179
53282.1110416606,4758.34029248869,52530.794139215,51448.6796069148,74831.8491838062
52736.3548042649,4654.92280626715,51270.2786906993,50386.0415584855,74085.7958255405
52730.6003743925,4750.73918038213,52617.4725069536,52003.1211765838,75242.1090032336
52617.5110864041,4779.68095940595,54566.8059249222,55485.841797765,77456.1688254266
54109.4973176775,4738.00955571431,88330.3184042464,79441.1805947809,111250.591628287
59025.3178492551,5732.43294417601,107795.627281677,94591.0620624582,124496.545864111
58353.1914528116,5481.78607646497,111848.781949137,98055.3786692709,126886.930312606
57530.6409031219,5246.92469035527,113467.887047784,103276.885986316,126606.770688692
58388.8597980533,5007.46570609284,125871.670066921,107567.947936138,136353.254352564
58519.0217550341,5077.57107890122,127371.186087209,107870.656726288,136482.845083781
58497.2247666104,5217.72163373807,128853.530833523,109083.64266914,136787.961994183
58158.8379651827,5257.22159633506,129565.387948261,108833.322967301,137678.573932988
58024.9760265484,5272.64496662965,129505.863407347,108901.220615538,138314.556329538
57774.1245372393,5327.78323725672,125997.258490009,106224.788193204,136096.563787399
55933.7174894486,5271.92186250593,119724.63542429,100582.329680449,129963.717921493
56899.7285096101,5368.60260937009,115674.462604928,94930.7449396692,124747.050875426
59261.2023697316,6100.0999773185,109253.093136303,93474.2006128059,127260.064505122
56501.5441361976,5829.49371778945,74672.2541962883,72862.812410417,97318.6868640916
56690.6393849433,5943.62253925402,71992.8237302052,70679.8116425871,96300.3992282221
56887.8723985062,5873.39127355261,69364.3090488776,68893.8085815857,95529.5620137978
58055.8886853139,6010.12630791309,64416.1947171733,64808.897819521,87452.9283909937
56419.6766820892,5328.76029230776,59368.4688938136,59302.4577237178,80645.7921691282
55040.0809307888,5098.43947702166,56135.1083539071,55042.7475697928,77821.0545688231
54168.644223968,4896.69733817842,53905.5773405087,52981.9358139121,76055.813729179
53282.1110416606,4758.34029248869,52530.794139215,51448.6796069148,74831.8491838062
52736.3548042649,4654.92280626715,51270.2786906993,50386.0415584855,74085.7958255405
52730.6003743925,4750.73918038213,52617.4725069536,52003.1211765838,75242.1090032336
52617.5110864041,4779.68095940595,54566.8059249222,55485.841797765,77456.1688254266
54109.4973176775,4738.00955571431,88330.3184042464,79441.1805947809,111250.591628287
59025.3178492551,5732.43294417601,107795.627281677,94591.0620624582,124496.545864111
58353.1914528116,5481.78607646497,111848.781949137,98055.3786692709,126886.930312606
57530.6409031219,5246.92469035527,113467.887047784,103276.885986316,126606.770688692
58388.8597980533,5007.46570609284,125871.670066921,107567.947936138,136353.254352564
58519.0217550341,5077.57107890122,127371.186087209,107870.656726288,136482.845083781
58497.2247666104,5217.72163373807,128853.530833523,109083.64266914,136787.961994183
58158.8379651827,5257.22159633506,129565.387948261,108833.322967301,137678.573932988
58024.9760265484,5272.64496662965,129505.863407347,108901.220615538,138314.556329538
57774.1245372393,5327.78323725672,125997.258490009,106224.788193204,136096.563787399
55933.7174894486,5271.92186250593,119724.63542429,100582.329680449,129963.717921493
56899.7285096101,5368.60260937009,115674.462604928,94930.7449396692,124747.050875426
59261.2023697316,6100.0999773185,109253.093136303,93474.2006128059,127260.064505122
56501.5441361976,5829.49371778945,74672.2541962883,72862.812410417,97318.6868640916
56690.6393849433,5943.62253925402,71992.8237302052,70679.8116425871,96300.3992282221
56887.8723985062,5873.39127355261,69364.3090488776,68893.8085815857,95529.5620137978
58055.8886853139,6010.12630791309,64416.1947171733,64808.897819521,87452.9283909937
56419.6766820892,5328.76029230776,59368.4688938136,59302.4577237178,80645.7921691282
55040.0809307888,5098.43947702166,56135.1083539071,55042.7475697928,77821.0545688231
54168.644223968,4896.69733817842,53905.5773405087,52981.9358139121,76055.813729179
53282.1110416606,4758.34029248869,52530.794139215,51448.6796069148,74831.8491838062
52736.3548042649,4654.92280626715,51270.2786906993,50386.0415584855,74085.7958255405
52730.6003743925,4750.73918038213,52617.4725069536,52003.1211765838,75242.1090032336
52617.5110864041,4779.68095940595,54566.8059249222,55485.841797765,77456.1688254266
54109.4973176775,4738.00955571431,88330.3184042464,79441.1805947809,111250.591628287
59025.3178492551,5732.43294417601,107795.627281677,94591.0620624582,124496.545864111
58353.1914528116,5481.78607646497,111848.781949137,98055.3786692709,126886.930312606
57530.6409031219,5246.92469035527,113467.887047784,103276.885986316,126606.770688692
58388.8597980533,5007.46570609284,125871.670066921,107567.947936138,136353.254352564
58519.0217550341,5077.57107890122,127371.186087209,107870.656726288,136482.845083781
58497.2247666104,5217.72163373807,128853.530833523,109083.64266914,136787.961994183
58158.8379651827,5257.22159633506,129565.387948261,108833.322967301,137678.573932988
58024.9760265484,5272.64496662965,129505.863407347,108901.220615538,138314.556329538
57774.1245372393,5327.78323725672,125997.258490009,106224.788193204,136096.563787399
55933.7174894486,5271.92186250593,119724.63542429,100582.329680449,129963.717921493
56899.7285096101,5368.60260937009,115674.462604928,94930.7449396692,124747.050875426
59261.2023697316,6100.0999773185,109253.093136303,93474.2006128059,127260.064505122
56501.5441361976,5829.49371778945,74672.2541962883,72862.812410417,97318.6868640916
56690.6393849433,5943.62253925402,71992.8237302052,70679.8116425871,96300.3992282221
56887.8723985062,5873.39127355261,69364.3090488776,68893.8085815857,95529.5620137978
58055.8886853139,6010.12630791309,64416.1947171733,64808.897819521,87452.9283909937
56419.6766820892,5328.76029230776,59368.4688938136,59302.4577237178,80645.7921691282
55040.0809307888,5098.43947702166,56135.1083539071,55042.7475697928,77821.0545688231
54168.644223968,4896.69733817842,53905.5773405087,52981.9358139121,76055.813729179
53282.1110416606,4758.34029248869,52530.794139215,51448.6796069148,74831.8491838062
52736.3548042649,4654.92280626715,51270.2786906993,50386.0415584855,74085.7958255405
52730.6003743925,4750.73918038213,52617.4725069536,52003.1211765838,75242.1090032336
52617.5110864041,4779.68095940595,54566.8059249222,55485.841797765,77456.1688254266
54109.4973176775,4738.00955571431,88330.3184042464,79441.1805947809,111250.591628287
59025.3178492551,5732.43294417601,107795.627281677,94591.0620624582,124496.545864111
58353.1914528116,5481.78607646497,111848.781949137,98055.3786692709,126886.930312606
57530.6409031219,5246.92469035527,113467.887047784,103276.885986316,126606.770688692
58388.8597980533,5007.46570609284,125871.670066921,107567.947936138,136353.254352564
58519.0217550341,5077.57107890122,127371.186087209,107870.656726288,136482.845083781
58497.2247666104,5217.72163373807,128853.530833523,109083.64266914,136787.961994183
58158.8379651827,5257.22159633506,129565.387948261,108833.322967301,137678.573932988
58024.9760265484,5272.64496662965,129505.863407347,108901.220615538,138314.556329538
57774.1245372393,5327.78323725672,125997.258490009,106224.788193204,136096.563787399
55933.7174894486,5271.92186250593,119724.63542429,100582.329680449,129963.717921493
56899.7285096101,5368.60260937009,115674.462604928,94930.7449396692,124747.050875426
59261.2023697316,6100.0999773185,109253.093136303,93474.2006128059,127260.064505122
56501.5441361976,5829.49371778945,74672.2541962883,72862.812410417,97318.6868640916
56690.6393849433,5943.62253925402,71992.8237302052,70679.8116425871,96300.3992282221
56887.8723985062,5873.39127355261,69364.3090488776,68893.8085815857,95529.5620137978
58055.8886853139,6010.12630791309,64416.1947171733,64808.897819521,87452.9283909937
56419.6766820892,5328.76029230776,59368.4688938136,59302.4577237178,80645.7921691282
55040.0809307888,5098.43947702166,56135.1083539071,55042.7475697928,77821.0545688231
54168.644223968,4896.69733817842,53905.5773405087,52981.9358139121,76055.813729179
53282.1110416606,4758.34029248869,52530.794139215,51448.6796069148,74831.8491838062
52736.3548042649,4654.92280626715,51270.2786906993,50386.0415584855,74085.7958255405
52730.6003743925,4750.73918038213,52617.4725069536,52003.1211765838,75242.1090032336
52617.5110864041,4779.68095940595,54566.8059249222,55485.841797765,77456.1688254266
54109.4973176775,4738.00955571431,88330.3184042464,79441.1805947809,111250.591628287
59025.3178492551,5732.43294417601,107795.627281677,94591.0620624582,124496.545864111
58353.1914528116,5481.78607646497,111848.781949137,98055.3786692709,126886.930312606
57530.6409031219,5246.92469035527,113467.887047784,103276.885986316,126606.770688692
58388.8597980533,5007.46570609284,125871.670066921,107567.947936138,136353.254352564
58519.0217550341,5077.57107890122,127371.186087209,107870.656726288,136482.845083781
58497.2247666104,5217.72163373807,128853.530833523,109083.64266914,136787.961994183
58158.8379651827,5257.22159633506,129565.387948261,108833.322967301,137678.573932988
58024.9760265484,5272.64496662965,129505.863407347,108901.220615538,138314.556329538
57774.1245372393,5327.78323725672,125997.258490009,106224.788193204,136096.563787399
55933.7174894486,5271.92186250593,119724.63542429,100582.329680449,129963.717921493
56899.7285096101,5368.60260937009,115674.462604928,94930.7449396692,124747.050875426
59261.2023697316,6100.0999773185,109253.093136303,93474.2006128059,127260.064505122
56501.5441361976,5829.49371778945,74672.2541962883,72862.812410417,97318.6868640916
56690.6393849433,5943.62253925402,71992.8237302052,70679.8116425871,96300.3992282221
56887.8723985062,5873.39127355261,69364.3090488776,68893.8085815857,95529.5620137978
58055.8886853139,6010.12630791309,64416.1947171733,64808.897819521,87452.9283909937
56419.6766820892,5328.76029230776,59368.4688938136,59302.4577237178,80645.7921691282
55040.0809307888,5098.43947702166,56135.1083539071,55042.7475697928,77821.0545688231
54168.644223968,4896.69733817842,53905.5773405087,52981.9358139121,76055.813729179
53282.1110416606,4758.34029248869,52530.794139215,51448.6796069148,74831.8491838062
52736.3548042649,4654.92280626715,51270.2786906993,50386.0415584855,74085.7958255405
52730.6003743925,4750.73918038213,52617.4725069536,52003.1211765838,75242.1090032336
52617.5110864041,4779.68095940595,54566.8059249222,55485.841797765,77456.1688254266
54109.4973176775,4738.00955571431,88330.3184042464,79441.1805947809,111250.591628287
59025.3178492551,5732.43294417601,107795.627281677,94591.0620624582,124496.545864111
58353.1914528116,5481.78607646497,111848.781949137,98055.3786692709,126886.930312606
57530.6409031219,5246.92469035527,113467.887047784,103276.885986316,126606.770688692
58388.8597980533,5007.46570609284,125871.670066921,107567.947936138,136353.254352564
58519.0217550341,5077.57107890122,127371.186087209,107870.656726288,136482.845083781
58497.2247666104,5217.72163373807,128853.530833523,109083.64266914,136787.961994183
58158.8379651827,5257.22159633506,129565.387948261,108833.322967301,137678.573932988
58024.9760265484,5272.64496662965,129505.863407347,108901.220615538,138314.556329538
57774.1245372393,5327.78323725672,125997.258490009,106224.788193204,136096.563787399
55933.7174894486,5271.92186250593,119724.63542429,100582.329680449,129963.717921493
56899.7285096101,5368.60260937009,115674.462604928,94930.7449396692,124747.050875426
59261.2023697316,6100.0999773185,109253.093136303,93474.2006128059,127260.064505122
56501.5441361976,5829.49371778945,74672.2541962883,72862.812410417,97318.6868640916
56690.6393849433,5943.62253925402,71992.8237302052,70679.8116425871,96300.3992282221
56887.8723985062,5873.39127355261,69364.3090488776,68893.8085815857,95529.5620137978
58055.8886853139,6010.12630791309,64416.1947171733,64808.897819521,87452.9283909937
56419.6766820892,5328.76029230776,59368.4688938136,59302.4577237178,80645.7921691282
55040.0809307888,5098.43947702166,56135.1083539071,55042.7475697928,77821.0545688231
54168.644223968,4896.69733817842,53905.5773405087,52981.9358139121,76055.813729179
53282.1110416606,4758.34029248869,52530.794139215,51448.6796069148,74831.8491838062
52736.3548042649,4654.92280626715,51270.2786906993,50386.0415584855,74085.7958255405
52730.6003743925,4750.73918038213,52617.4725069536,52003.1211765838,75242.1090032336
52617.5110864041,4779.68095940595,54566.8059249222,55485.841797765,77456.1688254266
54109.4973176775,4738.00955571431,88330.3184042464,79441.1805947809,111250.591628287
59025.3178492551,5732.43294417601,107795.627281677,94591.0620624582,124496.545864111
58353.1914528116,5481.78607646497,111848.781949137,98055.3786692709,126886.930312606
57530.6409031219,5246.92469035527,113467.887047784,103276.885986316,126606.770688692
58388.8597980533,5007.46570609284,125871.670066921,107567.947936138,136353.254352564
58519.0217550341,5077.57107890122,127371.186087209,107870.656726288,136482.845083781
58497.2247666104,5217.72163373807,128853.530833523,109083.64266914,136787.961994183
58158.8379651827,5257.22159633506,129565.387948261,108833.322967301,137678.573932988
58024.9760265484,5272.64496662965,129505.863407347,108901.220615538,138314.556329538
57774.1245372393,5327.78323725672,125997.258490009,106224.788193204,136096.563787399
55933.7174894486,5271.92186250593,119724.63542429,100582.329680449,129963.717921493
56899.7285096101,5368.60260937009,115674.462604928,94930.7449396692,124747.050875426
59261.2023697316,6100.0999773185,109253.093136303,93474.2006128059,127260.064505122
56501.5441361976,5829.49371778945,74672.2541962883,72862.812410417,97318.6868640916
56690.6393849433,5943.62253925402,71992.8237302052,70679.8116425871,96300.3992282221
56887.8723985062,5873.39127355261,69364.3090488776,68893.8085815857,95529.5620137978
58055.8886853139,6010.12630791309,64416.1947171733,64808.897819521,87452.9283909937
56419.6766820892,5328.76029230776,59368.4688938136,59302.4577237178,80645.7921691282
55040.0809307888,5098.43947702166,56135.1083539071,55042.7475697928,77821.0545688231
54168.644223968,4896.69733817842,53905.5773405087,52981.9358139121,76055.813729179
53282.1110416606,4758.34029248869,52530.794139215,51448.6796069148,74831.8491838062
52736.3548042649,4654.92280626715,51270.2786906993,50386.0415584855,74085.7958255405
52730.6003743925,4750.73918038213,52617.4725069536,52003.1211765838,75242.1090032336
52617.5110864041,4779.68095940595,54566.8059249222,55485.841797765,77456.1688254266
54109.4973176775,4738.00955571431,88330.3184042464,79441.1805947809,111250.591628287
59025.3178492551,5732.43294417601,107795.627281677,94591.0620624582,124496.545864111
58353.1914528116,5481.78607646497,111848.781949137,98055.3786692709,126886.930312606
57530.6409031219,5246.92469035527,113467.887047784,103276.885986316,126606.770688692
58388.8597980533,5007.46570609284,125871.670066921,107567.947936138,136353.254352564
58519.0217550341,5077.57107890122,127371.186087209,107870.656726288,136482.845083781
58497.2247666104,5217.72163373807,128853.530833523,109083.64266914,136787.961994183
58158.8379651827,5257.22159633506,129565.387948261,108833.322967301,137678.573932988
58024.9760265484,5272.64496662965,129505.863407347,108901.220615538,138314.556329538
57774.1245372393,5327.78323725672,125997.258490009,106224.788193204,136096.563787399
55933.7174894486,5271.92186250593,119724.63542429,100582.329680449,129963.717921493
56899.7285096101,5368.60260937009,115674.462604928,94930.7449396692,124747.050875426
59261.2023697316,6100.0999773185,109253.093136303,93474.2006128059,127260.064505122
56501.5441361976,5829.49371778945,74672.2541962883,72862.812410417,97318.6868640916
56690.6393849433,5943.62253925402,71992.8237302052,70679.8116425871,96300.3992282221
56887.8723985062,5873.39127355261,69364.3090488776,68893.8085815857,95529.5620137978
58055.8886853139,6010.12630791309,64416.1947171733,64808.897819521,87452.9283909937
56419.6766820892,5328.76029230776,59368.4688938136,59302.4577237178,80645.7921691282
55040.0809307888,5098.43947702166,56135.1083539071,55042.7475697928,77821.0545688231
54168.644223968,4896.69733817842,53905.5773405087,52981.9358139121,76055.813729179
53282.1110416606,4758.34029248869,52530.794139215,51448.6796069148,74831.8491838062
52736.3548042649,4654.92280626715,51270.2786906993,50386.0415584855,74085.7958255405
52730.6003743925,4750.73918038213,52617.4725069536,52003.1211765838,75242.1090032336
52617.5110864041,4779.68095940595,54566.8059249222,55485.841797765,77456.1688254266
54109.4973176775,4738.00955571431,88330.3184042464,79441.1805947809,111250.591628287
59025.3178492551,5732.43294417601,107795.627281677,94591.0620624582,124496.545864111
58353.1914528116,5481.78607646497,111848.781949137,98055.3786692709,126886.930312606
57530.6409031219,5246.92469035527,113467.887047784,103276.885986316,126606.770688692
58388.8597980533,5007.46570609284,125871.670066921,107567.947936138,136353.254352564
58519.0217550341,5077.57107890122,127371.186087209,107870.656726288,136482.845083781
58497.2247666104,5217.72163373807,128853.530833523,109083.64266914,136787.961994183
58158.8379651827,5257.22159633506,129565.387948261,108833.322967301,137678.573932988
58024.9760265484,5272.64496662965,129505.863407347,108901.220615538,138314.556329538
57774.1245372393,5327.78323725672,125997.258490009,106224.788193204,136096.563787399
55933.7174894486,5271.92186250593,119724.63542429,100582.329680449,129963.717921493
56899.7285096101,5368.60260937009,115674.462604928,94930.7449396692,124747.050875426
59261.2023697316,6100.0999773185,109253.093136303,93474.2006128059,127260.064505122
56501.5441361976,5829.49371778945,74672.2541962883,72862.812410417,97318.6868640916
56690.6393849433,5943.62253925402,71992.8237302052,70679.8116425871,96300.3992282221
56887.8723985062,5873.39127355261,69364.3090488776,68893.8085815857,95529.5620137978
58055.8886853139,6010.12630791309,64416.1947171733,64808.897819521,87452.9283909937
56419.6766820892,5328.76029230776,59368.4688938136,59302.4577237178,80645.7921691282
55040.0809307888,5098.43947702166,56135.1083539071,55042.7475697928,77821.0545688231
54168.644223968,4896.69733817842,53905.5773405087,52981.9358139121,76055.813729179
53282.1110416606,4758.34029248869,52530.794139215,51448.6796069148,74831.8491838062
52736.3548042649,4654.92280626715,51270.2786906993,50386.0415584855,74085.7958255405
52730.6003743925,4750.73918038213,52617.4725069536,52003.1211765838,75242.1090032336
52617.5110864041,4779.68095940595,54566.8059249222,55485.841797765,77456.1688254266
54109.4973176775,4738.00955571431,88330.3184042464,79441.1805947809,111250.591628287
59025.3178492551,5732.43294417601,107795.627281677,94591.0620624582,124496.545864111
58353.1914528116,5481.78607646497,111848.781949137,98055.3786692709,126886.930312606
57530.6409031219,5246.92469035527,113467.887047784,103276.885986316,126606.770688692
58388.8597980533,5007.46570609284,125871.670066921,107567.947936138,136353.254352564
58519.0217550341,5077.57107890122,127371.186087209,107870.656726288,136482.845083781
58497.2247666104,5217.72163373807,128853.530833523,109083.64266914,136787.961994183
58158.8379651827,5257.22159633506,129565.387948261,108833.322967301,137678.573932988
58024.9760265484,5272.64496662965,129505.863407347,108901.220615538,138314.556329538
57774.1245372393,5327.78323725672,125997.258490009,106224.788193204,136096.563787399
55933.7174894486,5271.92186250593,119724.63542429,100582.329680449,129963.717921493
56899.7285096101,5368.60260937009,115674.462604928,94930.7449396692,124747.050875426
59261.2023697316,6100.0999773185,109253.093136303,93474.2006128059,127260.064505122
56501.5441361976,5829.49371778945,74672.2541962883,72862.812410417,97318.6868640916
56690.6393849433,5943.62253925402,71992.8237302052,70679.8116425871,96300.3992282221
56887.8723985062,5873.39127355261,69364.3090488776,68893.8085815857,95529.5620137978
58055.8886853139,6010.12630791309,64416.1947171733,64808.897819521,87452.9283909937
56419.6766820892,5328.76029230776,59368.4688938136,59302.4577237178,80645.7921691282
55040.0809307888,5098.43947702166,56135.1083539071,55042.7475697928,77821.0545688231
54168.644223968,4896.69733817842,53905.5773405087,52981.9358139121,76055.813729179
53282.1110416606,4758.34029248869,52530.794139215,51448.6796069148,74831.8491838062
52736.3548042649,4654.92280626715,51270.2786906993,50386.0415584855,74085.7958255405
52730.6003743925,4750.73918038213,52617.4725069536,52003.1211765838,75242.1090032336
52617.5110864041,4779.68095940595,54566.8059249222,55485.841797765,77456.1688254266
54109.4973176775,4738.00955571431,88330.3184042464,79441.1805947809,111250.591628287
59025.3178492551,5732.43294417601,107795.627281677,94591.0620624582,124496.545864111
58353.1914528116,5481.78607646497,111848.781949137,98055.3786692709,126886.930312606
57530.6409031219,5246.92469035527,113467.887047784,103276.885986316,126606.770688692
58388.8597980533,5007.46570609284,125871.670066921,107567.947936138,136353.254352564
58519.0217550341,5077.57107890122,127371.186087209,107870.656726288,136482.845083781
58497.2247666104,5217.72163373807,128853.530833523,109083.64266914,136787.961994183
58158.8379651827,5257.22159633506,129565.387948261,108833.322967301,137678.573932988
58024.9760265484,5272.64496662965,129505.863407347,108901.220615538,138314.556329538
57774.1245372393,5327.78323725672,125997.258490009,106224.788193204,136096.563787399
55933.7174894486,5271.92186250593,119724.63542429,100582.329680449,129963.717921493
56899.7285096101,5368.60260937009,115674.462604928,94930.7449396692,124747.050875426
59261.2023697316,6100.0999773185,109253.093136303,93474.2006128059,127260.064505122
56501.5441361976,5829.49371778945,74672.2541962883,72862.812410417,97318.6868640916
56690.6393849433,5943.62253925402,71992.8237302052,70679.8116425871,96300.3992282221
56887.8723985062,5873.39127355261,69364.3090488776,68893.8085815857,95529.5620137978
58055.8886853139,6010.12630791309,64416.1947171733,64808.897819521,87452.9283909937
56419.6766820892,5328.76029230776,59368.4688938136,59302.4577237178,80645.7921691282
55040.0809307888,5098.43947702166,56135.1083539071,55042.7475697928,77821.0545688231
54168.644223968,4896.69733817842,53905.5773405087,52981.9358139121,76055.813729179
53282.1110416606,4758.34029248869,52530.794139215,51448.6796069148,74831.8491838062
52736.3548042649,4654.92280626715,51270.2786906993,50386.0415584855,74085.7958255405
52730.6003743925,4750.73918038213,52617.4725069536,52003.1211765838,75242.1090032336
52617.5110864041,4779.68095940595,54566.8059249222,55485.841797765,77456.1688254266
54109.4973176775,4738.00955571431,88330.3184042464,79441.1805947809,111250.591628287
59025.3178492551,5732.43294417601,107795.627281677,94591.0620624582,124496.545864111
58353.1914528116,5481.78607646497,111848.781949137,98055.3786692709,126886.930312606
57530.6409031219,5246.92469035527,113467.887047784,103276.885986316,126606.770688692
58388.8597980533,5007.46570609284,125871.670066921,107567.947936138,136353.254352564
58519.0217550341,5077.57107890122,127371.186087209,107870.656726288,136482.845083781
58497.2247666104,5217.72163373807,128853.530833523,109083.64266914,136787.961994183
58158.8379651827,5257.22159633506,129565.387948261,108833.322967301,137678.573932988
58024.9760265484,5272.64496662965,129505.863407347,108901.220615538,138314.556329538
57774.1245372393,5327.78323725672,125997.258490009,106224.788193204,136096.563787399
55933.7174894486,5271.92186250593,119724.63542429,100582.329680449,129963.717921493
56899.7285096101,5368.60260937009,115674.462604928,94930.7449396692,124747.050875426
59261.2023697316,6100.0999773185,109253.093136303,93474.2006128059,127260.064505122
56501.5441361976,5829.49371778945,74672.2541962883,72862.812410417,97318.6868640916
56690.6393849433,5943.62253925402,71992.8237302052,70679.8116425871,96300.3992282221
56887.8723985062,5873.39127355261,69364.3090488776,68893.8085815857,95529.5620137978
58055.8886853139,6010.12630791309,64416.1947171733,64808.897819521,87452.9283909937
56419.6766820892,5328.76029230776,59368.4688938136,59302.4577237178,80645.7921691282
55040.0809307888,5098.43947702166,56135.1083539071,55042.7475697928,77821.0545688231
54168.644223968,4896.69733817842,53905.5773405087,52981.9358139121,76055.813729179
53282.1110416606,4758.34029248869,52530.794139215,51448.6796069148,74831.8491838062
52736.3548042649,4654.92280626715,51270.2786906993,50386.0415584855,74085.7958255405
52730.6003743925,4750.73918038213,52617.4725069536,52003.1211765838,75242.1090032336
52617.5110864041,4779.68095940595,54566.8059249222,55485.841797765,77456.1688254266
54109.4973176775,4738.00955571431,88330.3184042464,79441.1805947809,111250.591628287
59025.3178492551,5732.43294417601,107795.627281677,94591.0620624582,124496.545864111
58353.1914528116,5481.78607646497,111848.781949137,98055.3786692709,126886.930312606
57530.6409031219,5246.92469035527,113467.887047784,103276.885986316,126606.770688692
58388.8597980533,5007.46570609284,125871.670066921,107567.947936138,136353.254352564
58519.0217550341,5077.57107890122,127371.186087209,107870.656726288,136482.845083781
58497.2247666104,5217.72163373807,128853.530833523,109083.64266914,136787.961994183
58158.8379651827,5257.22159633506,129565.387948261,108833.322967301,137678.573932988
58024.9760265484,5272.64496662965,129505.863407347,108901.220615538,138314.556329538
57774.1245372393,5327.78323725672,125997.258490009,106224.788193204,136096.563787399
55933.7174894486,5271.92186250593,119724.63542429,100582.329680449,129963.717921493
56899.7285096101,5368.60260937009,115674.462604928,94930.7449396692,124747.050875426
59261.2023697316,6100.0999773185,109253.093136303,93474.2006128059,127260.064505122
56501.5441361976,5829.49371778945,74672.2541962883,72862.812410417,97318.6868640916
56690.6393849433,5943.62253925402,71992.8237302052,70679.8116425871,96300.3992282221
56887.8723985062,5873.39127355261,69364.3090488776,68893.8085815857,95529.5620137978
58055.8886853139,6010.12630791309,64416.1947171733,64808.897819521,87452.9283909937
56419.6766820892,5328.76029230776,59368.4688938136,59302.4577237178,80645.7921691282
55040.0809307888,5098.43947702166,56135.1083539071,55042.7475697928,77821.0545688231
54168.644223968,4896.69733817842,53905.5773405087,52981.9358139121,76055.813729179
53282.1110416606,4758.34029248869,52530.794139215,51448.6796069148,74831.8491838062
52736.3548042649,4654.92280626715,51270.2786906993,50386.0415584855,74085.7958255405
52730.6003743925,4750.73918038213,52617.4725069536,52003.1211765838,75242.1090032336
52617.5110864041,4779.68095940595,54566.8059249222,55485.841797765,77456.1688254266
54109.4973176775,4738.00955571431,88330.3184042464,79441.1805947809,111250.591628287
59025.3178492551,5732.43294417601,107795.627281677,94591.0620624582,124496.545864111
58353.1914528116,5481.78607646497,111848.781949137,98055.3786692709,126886.930312606
57530.6409031219,5246.92469035527,113467.887047784,103276.885986316,126606.770688692
58388.8597980533,5007.46570609284,125871.670066921,107567.947936138,136353.254352564
58519.0217550341,5077.57107890122,127371.186087209,107870.656726288,136482.845083781
58497.2247666104,5217.72163373807,128853.530833523,109083.64266914,136787.961994183
58158.8379651827,5257.22159633506,129565.387948261,108833.322967301,137678.573932988
58024.9760265484,5272.64496662965,129505.863407347,108901.220615538,138314.556329538
57774.1245372393,5327.78323725672,125997.258490009,106224.788193204,136096.563787399
55933.7174894486,5271.92186250593,119724.63542429,100582.329680449,129963.717921493
56899.7285096101,5368.60260937009,115674.462604928,94930.7449396692,124747.050875426
59261.2023697316,6100.0999773185,109253.093136303,93474.2006128059,127260.064505122
56501.5441361976,5829.49371778945,74672.2541962883,72862.812410417,97318.6868640916
56690.6393849433,5943.62253925402,71992.8237302052,70679.8116425871,96300.3992282221
56887.8723985062,5873.39127355261,69364.3090488776,68893.8085815857,95529.5620137978
58055.8886853139,6010.12630791309,64416.1947171733,64808.897819521,87452.9283909937
56419.6766820892,5328.76029230776,59368.4688938136,59302.4577237178,80645.7921691282
55040.0809307888,5098.43947702166,56135.1083539071,55042.7475697928,77821.0545688231
54168.644223968,4896.69733817842,53905.5773405087,52981.9358139121,76055.813729179
53282.1110416606,4758.34029248869,52530.794139215,51448.6796069148,74831.8491838062
52736.3548042649,4654.92280626715,51270.2786906993,50386.0415584855,74085.7958255405
52730.6003743925,4750.73918038213,52617.4725069536,52003.1211765838,75242.1090032336
52617.5110864041,4779.68095940595,54566.8059249222,55485.841797765,77456.1688254266
54109.4973176775,4738.00955571431,88330.3184042464,79441.1805947809,111250.591628287
59025.3178492551,5732.43294417601,107795.627281677,94591.0620624582,124496.545864111
58353.1914528116,5481.78607646497,111848.781949137,98055.3786692709,126886.930312606
57530.6409031219,5246.92469035527,113467.887047784,103276.885986316,126606.770688692
58388.8597980533,5007.46570609284,125871.670066921,107567.947936138,136353.254352564
58519.0217550341,5077.57107890122,127371.186087209,107870.656726288,136482.845083781
58497.2247666104,5217.72163373807,128853.530833523,109083.64266914,136787.961994183
58158.8379651827,5257.22159633506,129565.387948261,108833.322967301,137678.573932988
58024.9760265484,5272.64496662965,129505.863407347,108901.220615538,138314.556329538
57774.1245372393,5327.78323725672,125997.258490009,106224.788193204,136096.563787399
55933.7174894486,5271.92186250593,119724.63542429,100582.329680449,129963.717921493
56899.7285096101,5368.60260937009,115674.462604928,94930.7449396692,124747.050875426
59261.2023697316,6100.0999773185,109253.093136303,93474.2006128059,127260.064505122
56501.5441361976,5829.49371778945,74672.2541962883,72862.812410417,97318.6868640916
56690.6393849433,5943.62253925402,71992.8237302052,70679.8116425871,96300.3992282221
56887.8723985062,5873.39127355261,69364.3090488776,68893.8085815857,95529.5620137978
58055.8886853139,6010.12630791309,64416.1947171733,64808.897819521,87452.9283909937
56419.6766820892,5328.76029230776,59368.4688938136,59302.4577237178,80645.7921691282
55040.0809307888,5098.43947702166,56135.1083539071,55042.7475697928,77821.0545688231
54168.644223968,4896.69733817842,53905.5773405087,52981.9358139121,76055.813729179
53282.1110416606,4758.34029248869,52530.794139215,51448.6796069148,74831.8491838062
52736.3548042649,4654.92280626715,51270.2786906993,50386.0415584855,74085.7958255405
52730.6003743925,4750.73918038213,52617.4725069536,52003.1211765838,75242.1090032336
52617.5110864041,4779.68095940595,54566.8059249222,55485.841797765,77456.1688254266
54109.4973176775,4738.00955571431,88330.3184042464,79441.1805947809,111250.591628287
59025.3178492551,5732.43294417601,107795.627281677,94591.0620624582,124496.545864111
58353.1914528116,5481.78607646497,111848.781949137,98055.3786692709,126886.930312606
57530.6409031219,5246.92469035527,113467.887047784,103276.885986316,126606.770688692
58388.8597980533,5007.46570609284,125871.670066921,107567.947936138,136353.254352564
58519.0217550341,5077.57107890122,127371.186087209,107870.656726288,136482.845083781
58497.2247666104,5217.72163373807,128853.530833523,109083.64266914,136787.961994183
58158.8379651827,5257.22159633506,129565.387948261,108833.322967301,137678.573932988
58024.9760265484,5272.64496662965,129505.863407347,108901.220615538,138314.556329538
57774.1245372393,5327.78323725672,125997.258490009,106224.788193204,136096.563787399
55933.7174894486,5271.92186250593,119724.63542429,100582.329680449,129963.717921493
56899.7285096101,5368.60260937009,115674.462604928,94930.7449396692,124747.050875426
59261.2023697316,6100.0999773185,109253.093136303,93474.2006128059,127260.064505122
56501.5441361976,5829.49371778945,74672.2541962883,72862.812410417,97318.6868640916
56690.6393849433,5943.62253925402,71992.8237302052,70679.8116425871,96300.3992282221
56887.8723985062,5873.39127355261,69364.3090488776,68893.8085815857,95529.5620137978
58055.8886853139,6010.12630791309,64416.1947171733,64808.897819521,87452.9283909937
56419.6766820892,5328.76029230776,59368.4688938136,59302.4577237178,80645.7921691282
55040.0809307888,5098.43947702166,56135.1083539071,55042.7475697928,77821.0545688231
54168.644223968,4896.69733817842,53905.5773405087,52981.9358139121,76055.813729179
53282.1110416606,4758.34029248869,52530.794139215,51448.6796069148,74831.8491838062
52736.3548042649,4654.92280626715,51270.2786906993,50386.0415584855,74085.7958255405
52730.6003743925,4750.73918038213,52617.4725069536,52003.1211765838,75242.1090032336
52617.5110864041,4779.68095940595,54566.8059249222,55485.841797765,77456.1688254266
54109.4973176775,4738.00955571431,88330.3184042464,79441.1805947809,111250.591628287
59025.3178492551,5732.43294417601,107795.627281677,94591.0620624582,124496.545864111
58353.1914528116,5481.78607646497,111848.781949137,98055.3786692709,126886.930312606
57530.6409031219,5246.92469035527,113467.887047784,103276.885986316,126606.770688692
58388.8597980533,5007.46570609284,125871.670066921,107567.947936138,136353.254352564
58519.0217550341,5077.57107890122,127371.186087209,107870.656726288,136482.845083781
58497.2247666104,5217.72163373807,128853.530833523,109083.64266914,136787.961994183
58158.8379651827,5257.22159633506,129565.387948261,108833.322967301,137678.573932988
58024.9760265484,5272.64496662965,129505.863407347,108901.220615538,138314.556329538
57774.1245372393,5327.78323725672,125997.258490009,106224.788193204,136096.563787399
55933.7174894486,5271.92186250593,119724.63542429,100582.329680449,129963.717921493
56899.7285096101,5368.60260937009,115674.462604928,94930.7449396692,124747.050875426
59261.2023697316,6100.0999773185,109253.093136303,93474.2006128059,127260.064505122
56501.5441361976,5829.49371778945,74672.2541962883,72862.812410417,97318.6868640916
56690.6393849433,5943.62253925402,71992.8237302052,70679.8116425871,96300.3992282221
56887.8723985062,5873.39127355261,69364.3090488776,68893.8085815857,95529.5620137978
58055.8886853139,6010.12630791309,64416.1947171733,64808.897819521,87452.9283909937
56419.6766820892,5328.76029230776,59368.4688938136,59302.4577237178,80645.7921691282
55040.0809307888,5098.43947702166,56135.1083539071,55042.7475697928,77821.0545688231
54168.644223968,4896.69733817842,53905.5773405087,52981.9358139121,76055.813729179
53282.1110416606,4758.34029248869,52530.794139215,51448.6796069148,74831.8491838062
52736.3548042649,4654.92280626715,51270.2786906993,50386.0415584855,74085.7958255405
52730.6003743925,4750.73918038213,52617.4725069536,52003.1211765838,75242.1090032336
52617.5110864041,4779.68095940595,54566.8059249222,55485.841797765,77456.1688254266
54109.4973176775,4738.00955571431,88330.3184042464,79441.1805947809,111250.591628287
59025.3178492551,5732.43294417601,107795.627281677,94591.0620624582,124496.545864111
58353.1914528116,5481.78607646497,111848.781949137,98055.3786692709,126886.930312606
57530.6409031219,5246.92469035527,113467.887047784,103276.885986316,126606.770688692
58388.8597980533,5007.46570609284,125871.670066921,107567.947936138,136353.254352564
58519.0217550341,5077.57107890122,127371.186087209,107870.656726288,136482.845083781
58497.2247666104,5217.72163373807,128853.530833523,109083.64266914,136787.961994183
58158.8379651827,5257.22159633506,129565.387948261,108833.322967301,137678.573932988
58024.9760265484,5272.64496662965,129505.863407347,108901.220615538,138314.556329538
57774.1245372393,5327.78323725672,125997.258490009,106224.788193204,136096.563787399
55933.7174894486,5271.92186250593,119724.63542429,100582.329680449,129963.717921493
56899.7285096101,5368.60260937009,115674.462604928,94930.7449396692,124747.050875426
59261.2023697316,6100.0999773185,109253.093136303,93474.2006128059,127260.064505122
56501.5441361976,5829.49371778945,74672.2541962883,72862.812410417,97318.6868640916
56690.6393849433,5943.62253925402,71992.8237302052,70679.8116425871,96300.3992282221
56887.8723985062,5873.39127355261,69364.3090488776,68893.8085815857,95529.5620137978
58055.8886853139,6010.12630791309,64416.1947171733,64808.897819521,87452.9283909937
56419.6766820892,5328.76029230776,59368.4688938136,59302.4577237178,80645.7921691282
55040.0809307888,5098.43947702166,56135.1083539071,55042.7475697928,77821.0545688231
54168.644223968,4896.69733817842,53905.5773405087,52981.9358139121,76055.813729179
53282.1110416606,4758.34029248869,52530.794139215,51448.6796069148,74831.8491838062
52736.3548042649,4654.92280626715,51270.2786906993,50386.0415584855,74085.7958255405
52730.6003743925,4750.73918038213,52617.4725069536,52003.1211765838,75242.1090032336
52617.5110864041,4779.68095940595,54566.8059249222,55485.841797765,77456.1688254266
54109.4973176775,4738.00955571431,88330.3184042464,79441.1805947809,111250.591628287
59025.3178492551,5732.43294417601,107795.627281677,94591.0620624582,124496.545864111
58353.1914528116,5481.78607646497,111848.781949137,98055.3786692709,126886.930312606
57530.6409031219,5246.92469035527,113467.887047784,103276.885986316,126606.770688692
58388.8597980533,5007.46570609284,125871.670066921,107567.947936138,136353.254352564
58519.0217550341,5077.57107890122,127371.186087209,107870.656726288,136482.845083781
58497.2247666104,5217.72163373807,128853.530833523,109083.64266914,136787.961994183
58158.8379651827,5257.22159633506,129565.387948261,108833.322967301,137678.573932988
58024.9760265484,5272.64496662965,129505.863407347,108901.220615538,138314.556329538
57774.1245372393,5327.78323725672,125997.258490009,106224.788193204,136096.563787399
55933.7174894486,5271.92186250593,119724.63542429,100582.329680449,129963.717921493
56899.7285096101,5368.60260937009,115674.462604928,94930.7449396692,124747.050875426
59261.2023697316,6100.0999773185,109253.093136303,93474.2006128059,127260.064505122
56501.5441361976,5829.49371778945,74672.2541962883,72862.812410417,97318.6868640916
56690.6393849433,5943.62253925402,71992.8237302052,70679.8116425871,96300.3992282221
56887.8723985062,5873.39127355261,69364.3090488776,68893.8085815857,95529.5620137978
58055.8886853139,6010.12630791309,64416.1947171733,64808.897819521,87452.9283909937
56419.6766820892,5328.76029230776,59368.4688938136,59302.4577237178,80645.7921691282
55040.0809307888,5098.43947702166,56135.1083539071,55042.7475697928,77821.0545688231
54168.644223968,4896.69733817842,53905.5773405087,52981.9358139121,76055.813729179
53282.1110416606,4758.34029248869,52530.794139215,51448.6796069148,74831.8491838062
52736.3548042649,4654.92280626715,51270.2786906993,50386.0415584855,74085.7958255405
52730.6003743925,4750.73918038213,52617.4725069536,52003.1211765838,75242.1090032336
52617.5110864041,4779.68095940595,54566.8059249222,55485.841797765,77456.1688254266
54109.4973176775,4738.00955571431,88330.3184042464,79441.1805947809,111250.591628287
59025.3178492551,5732.43294417601,107795.627281677,94591.0620624582,124496.545864111
58353.1914528116,5481.78607646497,111848.781949137,98055.3786692709,126886.930312606
57530.6409031219,5246.92469035527,113467.887047784,103276.885986316,126606.770688692
58388.8597980533,5007.46570609284,125871.670066921,107567.947936138,136353.254352564
58519.0217550341,5077.57107890122,127371.186087209,107870.656726288,136482.845083781
58497.2247666104,5217.72163373807,128853.530833523,109083.64266914,136787.961994183
58158.8379651827,5257.22159633506,129565.387948261,108833.322967301,137678.573932988
58024.9760265484,5272.64496662965,129505.863407347,108901.220615538,138314.556329538
57774.1245372393,5327.78323725672,125997.258490009,106224.788193204,136096.563787399
55933.7174894486,5271.92186250593,119724.63542429,100582.329680449,129963.717921493
56899.7285096101,5368.60260937009,115674.462604928,94930.7449396692,124747.050875426
59261.2023697316,6100.0999773185,109253.093136303,93474.2006128059,127260.064505122
56501.5441361976,5829.49371778945,74672.2541962883,72862.812410417,97318.6868640916
56690.6393849433,5943.62253925402,71992.8237302052,70679.8116425871,96300.3992282221
56887.8723985062,5873.39127355261,69364.3090488776,68893.8085815857,95529.5620137978
58055.8886853139,6010.12630791309,64416.1947171733,64808.897819521,87452.9283909937
56419.6766820892,5328.76029230776,59368.4688938136,59302.4577237178,80645.7921691282
55040.0809307888,5098.43947702166,56135.1083539071,55042.7475697928,77821.0545688231
54168.644223968,4896.69733817842,53905.5773405087,52981.9358139121,76055.813729179
53282.1110416606,4758.34029248869,52530.794139215,51448.6796069148,74831.8491838062
52736.3548042649,4654.92280626715,51270.2786906993,50386.0415584855,74085.7958255405
52730.6003743925,4750.73918038213,52617.4725069536,52003.1211765838,75242.1090032336
52617.5110864041,4779.68095940595,54566.8059249222,55485.841797765,77456.1688254266
54109.4973176775,4738.00955571431,88330.3184042464,79441.1805947809,111250.591628287
59025.3178492551,5732.43294417601,107795.627281677,94591.0620624582,124496.545864111
58353.1914528116,5481.78607646497,111848.781949137,98055.3786692709,126886.930312606
57530.6409031219,5246.92469035527,113467.887047784,103276.885986316,126606.770688692
58388.8597980533,5007.46570609284,125871.670066921,107567.947936138,136353.254352564
58519.0217550341,5077.57107890122,127371.186087209,107870.656726288,136482.845083781
58497.2247666104,5217.72163373807,128853.530833523,109083.64266914,136787.961994183
58158.8379651827,5257.22159633506,129565.387948261,108833.322967301,137678.573932988
58024.9760265484,5272.64496662965,129505.863407347,108901.220615538,138314.556329538
57774.1245372393,5327.78323725672,125997.258490009,106224.788193204,136096.563787399
55933.7174894486,5271.92186250593,119724.63542429,100582.329680449,129963.717921493
56899.7285096101,5368.60260937009,115674.462604928,94930.7449396692,124747.050875426
59261.2023697316,6100.0999773185,109253.093136303,93474.2006128059,127260.064505122
56501.5441361976,5829.49371778945,74672.2541962883,72862.812410417,97318.6868640916
56690.6393849433,5943.62253925402,71992.8237302052,70679.8116425871,96300.3992282221
56887.8723985062,5873.39127355261,69364.3090488776,68893.8085815857,95529.5620137978
58055.8886853139,6010.12630791309,64416.1947171733,64808.897819521,87452.9283909937
56419.6766820892,5328.76029230776,59368.4688938136,59302.4577237178,80645.7921691282
55040.0809307888,5098.43947702166,56135.1083539071,55042.7475697928,77821.0545688231
54168.644223968,4896.69733817842,53905.5773405087,52981.9358139121,76055.813729179
53282.1110416606,4758.34029248869,52530.794139215,51448.6796069148,74831.8491838062
52736.3548042649,4654.92280626715,51270.2786906993,50386.0415584855,74085.7958255405
52730.6003743925,4750.73918038213,52617.4725069536,52003.1211765838,75242.1090032336
52617.5110864041,4779.68095940595,54566.8059249222,55485.841797765,77456.1688254266
54109.4973176775,4738.00955571431,88330.3184042464,79441.1805947809,111250.591628287
59025.3178492551,5732.43294417601,107795.627281677,94591.0620624582,124496.545864111
58353.1914528116,5481.78607646497,111848.781949137,98055.3786692709,126886.930312606
57530.6409031219,5246.92469035527,113467.887047784,103276.885986316,126606.770688692
58388.8597980533,5007.46570609284,125871.670066921,107567.947936138,136353.254352564
58519.0217550341,5077.57107890122,127371.186087209,107870.656726288,136482.845083781
58497.2247666104,5217.72163373807,128853.530833523,109083.64266914,136787.961994183
58158.8379651827,5257.22159633506,129565.387948261,108833.322967301,137678.573932988
58024.9760265484,5272.64496662965,129505.863407347,108901.220615538,138314.556329538
57774.1245372393,5327.78323725672,125997.258490009,106224.788193204,136096.563787399
55933.7174894486,5271.92186250593,119724.63542429,100582.329680449,129963.717921493
56899.7285096101,5368.60260937009,115674.462604928,94930.7449396692,124747.050875426
59261.2023697316,6100.0999773185,109253.093136303,93474.2006128059,127260.064505122
56501.5441361976,5829.49371778945,74672.2541962883,72862.812410417,97318.6868640916
56690.6393849433,5943.62253925402,71992.8237302052,70679.8116425871,96300.3992282221
56887.8723985062,5873.39127355261,69364.3090488776,68893.8085815857,95529.5620137978
58055.8886853139,6010.12630791309,64416.1947171733,64808.897819521,87452.9283909937
56419.6766820892,5328.76029230776,59368.4688938136,59302.4577237178,80645.7921691282
55040.0809307888,5098.43947702166,56135.1083539071,55042.7475697928,77821.0545688231
54168.644223968,4896.69733817842,53905.5773405087,52981.9358139121,76055.813729179
53282.1110416606,4758.34029248869,52530.794139215,51448.6796069148,74831.8491838062
52736.3548042649,4654.92280626715,51270.2786906993,50386.0415584855,74085.7958255405
52730.6003743925,4750.73918038213,52617.4725069536,52003.1211765838,75242.1090032336
52617.5110864041,4779.68095940595,54566.8059249222,55485.841797765,77456.1688254266
54109.4973176775,4738.00955571431,88330.3184042464,79441.1805947809,111250.591628287
59025.3178492551,5732.43294417601,107795.627281677,94591.0620624582,124496.545864111
58353.1914528116,5481.78607646497,111848.781949137,98055.3786692709,126886.930312606
57530.6409031219,5246.92469035527,113467.887047784,103276.885986316,126606.770688692
58388.8597980533,5007.46570609284,125871.670066921,107567.947936138,136353.254352564
58519.0217550341,5077.57107890122,127371.186087209,107870.656726288,136482.845083781
58497.2247666104,5217.72163373807,128853.530833523,109083.64266914,136787.961994183
58158.8379651827,5257.22159633506,129565.387948261,108833.322967301,137678.573932988
58024.9760265484,5272.64496662965,129505.863407347,108901.220615538,138314.556329538
57774.1245372393,5327.78323725672,125997.258490009,106224.788193204,136096.563787399
55933.7174894486,5271.92186250593,119724.63542429,100582.329680449,129963.717921493
56899.7285096101,5368.60260937009,115674.462604928,94930.7449396692,124747.050875426
59261.2023697316,6100.0999773185,109253.093136303,93474.2006128059,127260.064505122
56501.5441361976,5829.49371778945,74672.2541962883,72862.812410417,97318.6868640916
56690.6393849433,5943.62253925402,71992.8237302052,70679.8116425871,96300.3992282221
56887.8723985062,5873.39127355261,69364.3090488776,68893.8085815857,95529.5620137978
58055.8886853139,6010.12630791309,64416.1947171733,64808.897819521,87452.9283909937
56419.6766820892,5328.76029230776,59368.4688938136,59302.4577237178,80645.7921691282
55040.0809307888,5098.43947702166,56135.1083539071,55042.7475697928,77821.0545688231
54168.644223968,4896.69733817842,53905.5773405087,52981.9358139121,76055.813729179
53282.1110416606,4758.34029248869,52530.794139215,51448.6796069148,74831.8491838062
52736.3548042649,4654.92280626715,51270.2786906993,50386.0415584855,74085.7958255405
52730.6003743925,4750.73918038213,52617.4725069536,52003.1211765838,75242.1090032336
52617.5110864041,4779.68095940595,54566.8059249222,55485.841797765,77456.1688254266
54109.4973176775,4738.00955571431,88330.3184042464,79441.1805947809,111250.591628287
59025.3178492551,5732.43294417601,107795.627281677,94591.0620624582,124496.545864111
58353.1914528116,5481.78607646497,111848.781949137,98055.3786692709,126886.930312606
57530.6409031219,5246.92469035527,113467.887047784,103276.885986316,126606.770688692
58388.8597980533,5007.46570609284,125871.670066921,107567.947936138,136353.254352564
58519.0217550341,5077.57107890122,127371.186087209,107870.656726288,136482.845083781
58497.2247666104,5217.72163373807,128853.530833523,109083.64266914,136787.961994183
58158.8379651827,5257.22159633506,129565.387948261,108833.322967301,137678.573932988
58024.9760265484,5272.64496662965,129505.863407347,108901.220615538,138314.556329538
57774.1245372393,5327.78323725672,125997.258490009,106224.788193204,136096.563787399
55933.7174894486,5271.92186250593,119724.63542429,100582.329680449,129963.717921493
56899.7285096101,5368.60260937009,115674.462604928,94930.7449396692,124747.050875426
59261.2023697316,6100.0999773185,109253.093136303,93474.2006128059,127260.064505122
56501.5441361976,5829.49371778945,74672.2541962883,72862.812410417,97318.6868640916
56690.6393849433,5943.62253925402,71992.8237302052,70679.8116425871,96300.3992282221
56887.8723985062,5873.39127355261,69364.3090488776,68893.8085815857,95529.5620137978
58055.8886853139,6010.12630791309,64416.1947171733,64808.897819521,87452.9283909937
56419.6766820892,5328.76029230776,59368.4688938136,59302.4577237178,80645.7921691282
55040.0809307888,5098.43947702166,56135.1083539071,55042.7475697928,77821.0545688231
54168.644223968,4896.69733817842,53905.5773405087,52981.9358139121,76055.813729179
53282.1110416606,4758.34029248869,52530.794139215,51448.6796069148,74831.8491838062
52736.3548042649,4654.92280626715,51270.2786906993,50386.0415584855,74085.7958255405
52730.6003743925,4750.73918038213,52617.4725069536,52003.1211765838,75242.1090032336
52617.5110864041,4779.68095940595,54566.8059249222,55485.841797765,77456.1688254266
54109.4973176775,4738.00955571431,88330.3184042464,79441.1805947809,111250.591628287
59025.3178492551,5732.43294417601,107795.627281677,94591.0620624582,124496.545864111
58353.1914528116,5481.78607646497,111848.781949137,98055.3786692709,126886.930312606
57530.6409031219,5246.92469035527,113467.887047784,103276.885986316,126606.770688692
58388.8597980533,5007.46570609284,125871.670066921,107567.947936138,136353.254352564
58519.0217550341,5077.57107890122,127371.186087209,107870.656726288,136482.845083781
58497.2247666104,5217.72163373807,128853.530833523,109083.64266914,136787.961994183
58158.8379651827,5257.22159633506,129565.387948261,108833.322967301,137678.573932988
58024.9760265484,5272.64496662965,129505.863407347,108901.220615538,138314.556329538
57774.1245372393,5327.78323725672,125997.258490009,106224.788193204,136096.563787399
55933.7174894486,5271.92186250593,119724.63542429,100582.329680449,129963.717921493
56899.7285096101,5368.60260937009,115674.462604928,94930.7449396692,124747.050875426
59261.2023697316,6100.0999773185,109253.093136303,93474.2006128059,127260.064505122
56501.5441361976,5829.49371778945,74672.2541962883,72862.812410417,97318.6868640916
56690.6393849433,5943.62253925402,71992.8237302052,70679.8116425871,96300.3992282221
56887.8723985062,5873.39127355261,69364.3090488776,68893.8085815857,95529.5620137978
58055.8886853139,6010.12630791309,64416.1947171733,64808.897819521,87452.9283909937
56419.6766820892,5328.76029230776,59368.4688938136,59302.4577237178,80645.7921691282
55040.0809307888,5098.43947702166,56135.1083539071,55042.7475697928,77821.0545688231
54168.644223968,4896.69733817842,53905.5773405087,52981.9358139121,76055.813729179
53282.1110416606,4758.34029248869,52530.794139215,51448.6796069148,74831.8491838062
52736.3548042649,4654.92280626715,51270.2786906993,50386.0415584855,74085.7958255405
52730.6003743925,4750.73918038213,52617.4725069536,52003.1211765838,75242.1090032336
52617.5110864041,4779.68095940595,54566.8059249222,55485.841797765,77456.1688254266
54109.4973176775,4738.00955571431,88330.3184042464,79441.1805947809,111250.591628287
59025.3178492551,5732.43294417601,107795.627281677,94591.0620624582,124496.545864111
58353.1914528116,5481.78607646497,111848.781949137,98055.3786692709,126886.930312606
57530.6409031219,5246.92469035527,113467.887047784,103276.885986316,126606.770688692
58388.8597980533,5007.46570609284,125871.670066921,107567.947936138,136353.254352564
58519.0217550341,5077.57107890122,127371.186087209,107870.656726288,136482.845083781
58497.2247666104,5217.72163373807,128853.530833523,109083.64266914,136787.961994183
58158.8379651827,5257.22159633506,129565.387948261,108833.322967301,137678.573932988
58024.9760265484,5272.64496662965,129505.863407347,108901.220615538,138314.556329538
57774.1245372393,5327.78323725672,125997.258490009,106224.788193204,136096.563787399
55933.7174894486,5271.92186250593,119724.63542429,100582.329680449,129963.717921493
56899.7285096101,5368.60260937009,115674.462604928,94930.7449396692,124747.050875426
59261.2023697316,6100.0999773185,109253.093136303,93474.2006128059,127260.064505122
56501.5441361976,5829.49371778945,74672.2541962883,72862.812410417,97318.6868640916
56690.6393849433,5943.62253925402,71992.8237302052,70679.8116425871,96300.3992282221
56887.8723985062,5873.39127355261,69364.3090488776,68893.8085815857,95529.5620137978
58055.8886853139,6010.12630791309,64416.1947171733,64808.897819521,87452.9283909937
56419.6766820892,5328.76029230776,59368.4688938136,59302.4577237178,80645.7921691282
55040.0809307888,5098.43947702166,56135.1083539071,55042.7475697928,77821.0545688231
54168.644223968,4896.69733817842,53905.5773405087,52981.9358139121,76055.813729179
53282.1110416606,4758.34029248869,52530.794139215,51448.6796069148,74831.8491838062
52736.3548042649,4654.92280626715,51270.2786906993,50386.0415584855,74085.7958255405
52730.6003743925,4750.73918038213,52617.4725069536,52003.1211765838,75242.1090032336
52617.5110864041,4779.68095940595,54566.8059249222,55485.841797765,77456.1688254266
54109.4973176775,4738.00955571431,88330.3184042464,79441.1805947809,111250.591628287
59025.3178492551,5732.43294417601,107795.627281677,94591.0620624582,124496.545864111
58353.1914528116,5481.78607646497,111848.781949137,98055.3786692709,126886.930312606
57530.6409031219,5246.92469035527,113467.887047784,103276.885986316,126606.770688692
58388.8597980533,5007.46570609284,125871.670066921,107567.947936138,136353.254352564
58519.0217550341,5077.57107890122,127371.186087209,107870.656726288,136482.845083781
58497.2247666104,5217.72163373807,128853.530833523,109083.64266914,136787.961994183
58158.8379651827,5257.22159633506,129565.387948261,108833.322967301,137678.573932988
58024.9760265484,5272.64496662965,129505.863407347,108901.220615538,138314.556329538
57774.1245372393,5327.78323725672,125997.258490009,106224.788193204,136096.563787399
55933.7174894486,5271.92186250593,119724.63542429,100582.329680449,129963.717921493
56899.7285096101,5368.60260937009,115674.462604928,94930.7449396692,124747.050875426
59261.2023697316,6100.0999773185,109253.093136303,93474.2006128059,127260.064505122
56501.5441361976,5829.49371778945,74672.2541962883,72862.812410417,97318.6868640916
56690.6393849433,5943.62253925402,71992.8237302052,70679.8116425871,96300.3992282221
56887.8723985062,5873.39127355261,69364.3090488776,68893.8085815857,95529.5620137978
58055.8886853139,6010.12630791309,64416.1947171733,64808.897819521,87452.9283909937
56419.6766820892,5328.76029230776,59368.4688938136,59302.4577237178,80645.7921691282
46139.5189078452,4894.31135441218,52261.9529487896,47571.0917695356,76807.2315424401
45570.832988003,4792.7581137521,50394.5220054992,45947.4199205636,75606.3135612539
44894.9865156353,4652.45056378943,48935.1533026343,44544.785081433,74455.4812543053
44543.8239286676,4570.0953823506,47834.5178527857,44044.3439128363,74047.4058104396
45394.5789030605,4743.24817826906,49776.5726660726,46629.5548746093,75797.5160071597
46270.5319561388,5038.25815694343,53871.4726274365,52142.8069050788,78884.4737002526
47832.7075709121,4791.32365608172,94750.1164434843,88894.5960377586,130210.654722008
51988.2545883136,5441.94851559867,116540.695690456,105840.510233554,143972.013884663
51358.2566287374,4963.01911216546,121435.314533884,110772.706569124,152701.408902718
50340.2402845538,4883.85153038786,124072.097462753,117997.595473538,156097.87876047
51390.7286355592,4698.13837793022,127383.181423646,122524.169253296,165362.34091758
51846.8527685289,4702.82032796629,128034.622848646,122558.858450681,164968.785986429
52292.1007414124,4839.12565741231,128666.422303038,123440.081551152,164434.245556988
51759.3323591621,4900.69634927245,128976.343989243,122577.401627796,165873.690545662
51345.8785496792,4956.7955486544,128002.012987178,122602.039340574,166820.133797408
51392.8622741254,5112.93219103019,122546.759729231,118130.954276858,162600.878717414
49993.038386089,5191.68452244631,115033.52175939,109324.896282011,152652.879110851
50540.2147677442,5249.89415980708,111557.573967991,102783.341232665,142809.149471303
52218.5526023938,5554.83884408065,106808.348228415,97616.1779081998,139942.814847128
49723.7765507936,5553.81627023935,70265.4203964892,68846.4555563285,97316.874844297
49952.7802389121,5625.69665442226,66236.0870982192,66546.5530093126,95144.938514391
49296.4497156927,5471.81930237937,62857.8064762562,62877.3145378403,93810.1998988967
49316.9252752545,5762.70810778452,60480.5014710969,57549.0117376859,88402.8349612448
47261.873112955,5282.0083670164,56399.9827390702,51346.5000570141,79512.5359037668
46139.5189078452,4894.31135441218,52261.9529487896,47571.0917695356,76807.2315424401
45570.832988003,4792.7581137521,50394.5220054992,45947.4199205636,75606.3135612539
44894.9865156353,4652.45056378943,48935.1533026343,44544.785081433,74455.4812543053
44543.8239286676,4570.0953823506,47834.5178527857,44044.3439128363,74047.4058104396
45394.5789030605,4743.24817826906,49776.5726660726,46629.5548746093,75797.5160071597
46270.5319561388,5038.25815694343,53871.4726274365,52142.8069050788,78884.4737002526
47832.7075709121,4791.32365608172,94750.1164434843,88894.5960377586,130210.654722008
51988.2545883136,5441.94851559867,116540.695690456,105840.510233554,143972.013884663
51358.2566287374,4963.01911216546,121435.314533884,110772.706569124,152701.408902718
50340.2402845538,4883.85153038786,124072.097462753,117997.595473538,156097.87876047
51390.7286355592,4698.13837793022,127383.181423646,122524.169253296,165362.34091758
51846.8527685289,4702.82032796629,128034.622848646,122558.858450681,164968.785986429
52292.1007414124,4839.12565741231,128666.422303038,123440.081551152,164434.245556988
51759.3323591621,4900.69634927245,128976.343989243,122577.401627796,165873.690545662
51345.8785496792,4956.7955486544,128002.012987178,122602.039340574,166820.133797408
51392.8622741254,5112.93219103019,122546.759729231,118130.954276858,162600.878717414
49993.038386089,5191.68452244631,115033.52175939,109324.896282011,152652.879110851
50540.2147677442,5249.89415980708,111557.573967991,102783.341232665,142809.149471303
52218.5526023938,5554.83884408065,106808.348228415,97616.1779081998,139942.814847128
49723.7765507936,5553.81627023935,70265.4203964892,68846.4555563285,97316.874844297
49952.7802389121,5625.69665442226,66236.0870982192,66546.5530093126,95144.938514391
49296.4497156927,5471.81930237937,62857.8064762562,62877.3145378403,93810.1998988967
49316.9252752545,5762.70810778452,60480.5014710969,57549.0117376859,88402.8349612448
47261.873112955,5282.0083670164,56399.9827390702,51346.5000570141,79512.5359037668
46139.5189078452,4894.31135441218,52261.9529487896,47571.0917695356,76807.2315424401
45570.832988003,4792.7581137521,50394.5220054992,45947.4199205636,75606.3135612539
44894.9865156353,4652.45056378943,48935.1533026343,44544.785081433,74455.4812543053
44543.8239286676,4570.0953823506,47834.5178527857,44044.3439128363,74047.4058104396
45394.5789030605,4743.24817826906,49776.5726660726,46629.5548746093,75797.5160071597
46270.5319561388,5038.25815694343,53871.4726274365,52142.8069050788,78884.4737002526
47832.7075709121,4791.32365608172,94750.1164434843,88894.5960377586,130210.654722008
51988.2545883136,5441.94851559867,116540.695690456,105840.510233554,143972.013884663
51358.2566287374,4963.01911216546,121435.314533884,110772.706569124,152701.408902718
50340.2402845538,4883.85153038786,124072.097462753,117997.595473538,156097.87876047
51390.7286355592,4698.13837793022,127383.181423646,122524.169253296,165362.34091758
51846.8527685289,4702.82032796629,128034.622848646,122558.858450681,164968.785986429
52292.1007414124,4839.12565741231,128666.422303038,123440.081551152,164434.245556988
51759.3323591621,4900.69634927245,128976.343989243,122577.401627796,165873.690545662
51345.8785496792,4956.7955486544,128002.012987178,122602.039340574,166820.133797408
51392.8622741254,5112.93219103019,122546.759729231,118130.954276858,162600.878717414
49993.038386089,5191.68452244631,115033.52175939,109324.896282011,152652.879110851
50540.2147677442,5249.89415980708,111557.573967991,102783.341232665,142809.149471303
52218.5526023938,5554.83884408065,106808.348228415,97616.1779081998,139942.814847128
49723.7765507936,5553.81627023935,70265.4203964892,68846.4555563285,97316.874844297
49952.7802389121,5625.69665442226,66236.0870982192,66546.5530093126,95144.938514391
49296.4497156927,5471.81930237937,62857.8064762562,62877.3145378403,93810.1998988967
49316.9252752545,5762.70810778452,60480.5014710969,57549.0117376859,88402.8349612448
47261.873112955,5282.0083670164,56399.9827390702,51346.5000570141,79512.5359037668
46139.5189078452,4894.31135441218,52261.9529487896,47571.0917695356,76807.2315424401
45570.832988003,4792.7581137521,50394.5220054992,45947.4199205636,75606.3135612539
44894.9865156353,4652.45056378943,48935.1533026343,44544.785081433,74455.4812543053
44543.8239286676,4570.0953823506,47834.5178527857,44044.3439128363,74047.4058104396
45394.5789030605,4743.24817826906,49776.5726660726,46629.5548746093,75797.5160071597
46270.5319561388,5038.25815694343,53871.4726274365,52142.8069050788,78884.4737002526
47832.7075709121,4791.32365608172,94750.1164434843,88894.5960377586,130210.654722008
51988.2545883136,5441.94851559867,116540.695690456,105840.510233554,143972.013884663
51358.2566287374,4963.01911216546,121435.314533884,110772.706569124,152701.408902718
50340.2402845538,4883.85153038786,124072.097462753,117997.595473538,156097.87876047
51390.7286355592,4698.13837793022,127383.181423646,122524.169253296,165362.34091758
51846.8527685289,4702.82032796629,128034.622848646,122558.858450681,164968.785986429
52292.1007414124,4839.12565741231,128666.422303038,123440.081551152,164434.245556988
51759.3323591621,4900.69634927245,128976.343989243,122577.401627796,165873.690545662
51345.8785496792,4956.7955486544,128002.012987178,122602.039340574,166820.133797408
51392.8622741254,5112.93219103019,122546.759729231,118130.954276858,162600.878717414
49993.038386089,5191.68452244631,115033.52175939,109324.896282011,152652.879110851
50540.2147677442,5249.89415980708,111557.573967991,102783.341232665,142809.149471303
52218.5526023938,5554.83884408065,106808.348228415,97616.1779081998,139942.814847128
49723.7765507936,5553.81627023935,70265.4203964892,68846.4555563285,97316.874844297
49952.7802389121,5625.69665442226,66236.0870982192,66546.5530093126,95144.938514391
49296.4497156927,5471.81930237937,62857.8064762562,62877.3145378403,93810.1998988967
49316.9252752545,5762.70810778452,60480.5014710969,57549.0117376859,88402.8349612448
47261.873112955,5282.0083670164,56399.9827390702,51346.5000570141,79512.5359037668
46139.5189078452,4894.31135441218,52261.9529487896,47571.0917695356,76807.2315424401
45570.832988003,4792.7581137521,50394.5220054992,45947.4199205636,75606.3135612539
44894.9865156353,4652.45056378943,48935.1533026343,44544.785081433,74455.4812543053
44543.8239286676,4570.0953823506,47834.5178527857,44044.3439128363,74047.4058104396
45394.5789030605,4743.24817826906,49776.5726660726,46629.5548746093,75797.5160071597
46270.5319561388,5038.25815694343,53871.4726274365,52142.8069050788,78884.4737002526
47832.7075709121,4791.32365608172,94750.1164434843,88894.5960377586,130210.654722008
51988.2545883136,5441.94851559867,116540.695690456,105840.510233554,143972.013884663
51358.2566287374,4963.01911216546,121435.314533884,110772.706569124,152701.408902718
50340.2402845538,4883.85153038786,124072.097462753,117997.595473538,156097.87876047
51390.7286355592,4698.13837793022,127383.181423646,122524.169253296,165362.34091758
51846.8527685289,4702.82032796629,128034.622848646,122558.858450681,164968.785986429
52292.1007414124,4839.12565741231,128666.422303038,123440.081551152,164434.245556988
51759.3323591621,4900.69634927245,128976.343989243,122577.401627796,165873.690545662
51345.8785496792,4956.7955486544,128002.012987178,122602.039340574,166820.133797408
51392.8622741254,5112.93219103019,122546.759729231,118130.954276858,162600.878717414
49993.038386089,5191.68452244631,115033.52175939,109324.896282011,152652.879110851
50540.2147677442,5249.89415980708,111557.573967991,102783.341232665,142809.149471303
52218.5526023938,5554.83884408065,106808.348228415,97616.1779081998,139942.814847128
49723.7765507936,5553.81627023935,70265.4203964892,68846.4555563285,97316.874844297
49952.7802389121,5625.69665442226,66236.0870982192,66546.5530093126,95144.938514391
49296.4497156927,5471.81930237937,62857.8064762562,62877.3145378403,93810.1998988967
49316.9252752545,5762.70810778452,60480.5014710969,57549.0117376859,88402.8349612448
47261.873112955,5282.0083670164,56399.9827390702,51346.5000570141,79512.5359037668
46139.5189078452,4894.31135441218,52261.9529487896,47571.0917695356,76807.2315424401
45570.832988003,4792.7581137521,50394.5220054992,45947.4199205636,75606.3135612539
44894.9865156353,4652.45056378943,48935.1533026343,44544.785081433,74455.4812543053
44543.8239286676,4570.0953823506,47834.5178527857,44044.3439128363,74047.4058104396
45394.5789030605,4743.24817826906,49776.5726660726,46629.5548746093,75797.5160071597
46270.5319561388,5038.25815694343,53871.4726274365,52142.8069050788,78884.4737002526
47832.7075709121,4791.32365608172,94750.1164434843,88894.5960377586,130210.654722008
51988.2545883136,5441.94851559867,116540.695690456,105840.510233554,143972.013884663
51358.2566287374,4963.01911216546,121435.314533884,110772.706569124,152701.408902718
50340.2402845538,4883.85153038786,124072.097462753,117997.595473538,156097.87876047
51390.7286355592,4698.13837793022,127383.181423646,122524.169253296,165362.34091758
51846.8527685289,4702.82032796629,128034.622848646,122558.858450681,164968.785986429
52292.1007414124,4839.12565741231,128666.422303038,123440.081551152,164434.245556988
51759.3323591621,4900.69634927245,128976.343989243,122577.401627796,165873.690545662
51345.8785496792,4956.7955486544,128002.012987178,122602.039340574,166820.133797408
51392.8622741254,5112.93219103019,122546.759729231,118130.954276858,162600.878717414
49993.038386089,5191.68452244631,115033.52175939,109324.896282011,152652.879110851
50540.2147677442,5249.89415980708,111557.573967991,102783.341232665,142809.149471303
52218.5526023938,5554.83884408065,106808.348228415,97616.1779081998,139942.814847128
49723.7765507936,5553.81627023935,70265.4203964892,68846.4555563285,97316.874844297
49952.7802389121,5625.69665442226,66236.0870982192,66546.5530093126,95144.938514391
49296.4497156927,5471.81930237937,62857.8064762562,62877.3145378403,93810.1998988967
49316.9252752545,5762.70810778452,60480.5014710969,57549.0117376859,88402.8349612448
47261.873112955,5282.0083670164,56399.9827390702,51346.5000570141,79512.5359037668
46139.5189078452,4894.31135441218,52261.9529487896,47571.0917695356,76807.2315424401
45570.832988003,4792.7581137521,50394.5220054992,45947.4199205636,75606.3135612539
44894.9865156353,4652.45056378943,48935.1533026343,44544.785081433,74455.4812543053
44543.8239286676,4570.0953823506,47834.5178527857,44044.3439128363,74047.4058104396
45394.5789030605,4743.24817826906,49776.5726660726,46629.5548746093,75797.5160071597
46270.5319561388,5038.25815694343,53871.4726274365,52142.8069050788,78884.4737002526
47832.7075709121,4791.32365608172,94750.1164434843,88894.5960377586,130210.654722008
51988.2545883136,5441.94851559867,116540.695690456,105840.510233554,143972.013884663
51358.2566287374,4963.01911216546,121435.314533884,110772.706569124,152701.408902718
50340.2402845538,4883.85153038786,124072.097462753,117997.595473538,156097.87876047
51390.7286355592,4698.13837793022,127383.181423646,122524.169253296,165362.34091758
51846.8527685289,4702.82032796629,128034.622848646,122558.858450681,164968.785986429
52292.1007414124,4839.12565741231,128666.422303038,123440.081551152,164434.245556988
51759.3323591621,4900.69634927245,128976.343989243,122577.401627796,165873.690545662
51345.8785496792,4956.7955486544,128002.012987178,122602.039340574,166820.133797408
51392.8622741254,5112.93219103019,122546.759729231,118130.954276858,162600.878717414
49993.038386089,5191.68452244631,115033.52175939,109324.896282011,152652.879110851
50540.2147677442,5249.89415980708,111557.573967991,102783.341232665,142809.149471303
52218.5526023938,5554.83884408065,106808.348228415,97616.1779081998,139942.814847128
49723.7765507936,5553.81627023935,70265.4203964892,68846.4555563285,97316.874844297
49952.7802389121,5625.69665442226,66236.0870982192,66546.5530093126,95144.938514391
49296.4497156927,5471.81930237937,62857.8064762562,62877.3145378403,93810.1998988967
49316.9252752545,5762.70810778452,60480.5014710969,57549.0117376859,88402.8349612448
47261.873112955,5282.0083670164,56399.9827390702,51346.5000570141,79512.5359037668
46139.5189078452,4894.31135441218,52261.9529487896,47571.0917695356,76807.2315424401
45570.832988003,4792.7581137521,50394.5220054992,45947.4199205636,75606.3135612539
44894.9865156353,4652.45056378943,48935.1533026343,44544.785081433,74455.4812543053
44543.8239286676,4570.0953823506,47834.5178527857,44044.3439128363,74047.4058104396
45394.5789030605,4743.24817826906,49776.5726660726,46629.5548746093,75797.5160071597
46270.5319561388,5038.25815694343,53871.4726274365,52142.8069050788,78884.4737002526
47832.7075709121,4791.32365608172,94750.1164434843,88894.5960377586,130210.654722008
51988.2545883136,5441.94851559867,116540.695690456,105840.510233554,143972.013884663
51358.2566287374,4963.01911216546,121435.314533884,110772.706569124,152701.408902718
50340.2402845538,4883.85153038786,124072.097462753,117997.595473538,156097.87876047
51390.7286355592,4698.13837793022,127383.181423646,122524.169253296,165362.34091758
51846.8527685289,4702.82032796629,128034.622848646,122558.858450681,164968.785986429
52292.1007414124,4839.12565741231,128666.422303038,123440.081551152,164434.245556988
51759.3323591621,4900.69634927245,128976.343989243,122577.401627796,165873.690545662
51345.8785496792,4956.7955486544,128002.012987178,122602.039340574,166820.133797408
51392.8622741254,5112.93219103019,122546.759729231,118130.954276858,162600.878717414
49993.038386089,5191.68452244631,115033.52175939,109324.896282011,152652.879110851
50540.2147677442,5249.89415980708,111557.573967991,102783.341232665,142809.149471303
52218.5526023938,5554.83884408065,106808.348228415,97616.1779081998,139942.814847128
49723.7765507936,5553.81627023935,70265.4203964892,68846.4555563285,97316.874844297
49952.7802389121,5625.69665442226,66236.0870982192,66546.5530093126,95144.938514391
49296.4497156927,5471.81930237937,62857.8064762562,62877.3145378403,93810.1998988967
49316.9252752545,5762.70810778452,60480.5014710969,57549.0117376859,88402.8349612448
47261.873112955,5282.0083670164,56399.9827390702,51346.5000570141,79512.5359037668
46139.5189078452,4894.31135441218,52261.9529487896,47571.0917695356,76807.2315424401
45570.832988003,4792.7581137521,50394.5220054992,45947.4199205636,75606.3135612539
44894.9865156353,4652.45056378943,48935.1533026343,44544.785081433,74455.4812543053
44543.8239286676,4570.0953823506,47834.5178527857,44044.3439128363,74047.4058104396
45394.5789030605,4743.24817826906,49776.5726660726,46629.5548746093,75797.5160071597
46270.5319561388,5038.25815694343,53871.4726274365,52142.8069050788,78884.4737002526
47832.7075709121,4791.32365608172,94750.1164434843,88894.5960377586,130210.654722008
51988.2545883136,5441.94851559867,116540.695690456,105840.510233554,143972.013884663
51358.2566287374,4963.01911216546,121435.314533884,110772.706569124,152701.408902718
50340.2402845538,4883.85153038786,124072.097462753,117997.595473538,156097.87876047
51390.7286355592,4698.13837793022,127383.181423646,122524.169253296,165362.34091758
51846.8527685289,4702.82032796629,128034.622848646,122558.858450681,164968.785986429
52292.1007414124,4839.12565741231,128666.422303038,123440.081551152,164434.245556988
51759.3323591621,4900.69634927245,128976.343989243,122577.401627796,165873.690545662
51345.8785496792,4956.7955486544,128002.012987178,122602.039340574,166820.133797408
51392.8622741254,5112.93219103019,122546.759729231,118130.954276858,162600.878717414
49993.038386089,5191.68452244631,115033.52175939,109324.896282011,152652.879110851
50540.2147677442,5249.89415980708,111557.573967991,102783.341232665,142809.149471303
52218.5526023938,5554.83884408065,106808.348228415,97616.1779081998,139942.814847128
49723.7765507936,5553.81627023935,70265.4203964892,68846.4555563285,97316.874844297
49952.7802389121,5625.69665442226,66236.0870982192,66546.5530093126,95144.938514391
49296.4497156927,5471.81930237937,62857.8064762562,62877.3145378403,93810.1998988967
49316.9252752545,5762.70810778452,60480.5014710969,57549.0117376859,88402.8349612448
47261.873112955,5282.0083670164,56399.9827390702,51346.5000570141,79512.5359037668
46139.5189078452,4894.31135441218,52261.9529487896,47571.0917695356,76807.2315424401
45570.832988003,4792.7581137521,50394.5220054992,45947.4199205636,75606.3135612539
44894.9865156353,4652.45056378943,48935.1533026343,44544.785081433,74455.4812543053
44543.8239286676,4570.0953823506,47834.5178527857,44044.3439128363,74047.4058104396
45394.5789030605,4743.24817826906,49776.5726660726,46629.5548746093,75797.5160071597
46270.5319561388,5038.25815694343,53871.4726274365,52142.8069050788,78884.4737002526
47832.7075709121,4791.32365608172,94750.1164434843,88894.5960377586,130210.654722008
51988.2545883136,5441.94851559867,116540.695690456,105840.510233554,143972.013884663
51358.2566287374,4963.01911216546,121435.314533884,110772.706569124,152701.408902718
50340.2402845538,4883.85153038786,124072.097462753,117997.595473538,156097.87876047
51390.7286355592,4698.13837793022,127383.181423646,122524.169253296,165362.34091758
51846.8527685289,4702.82032796629,128034.622848646,122558.858450681,164968.785986429
52292.1007414124,4839.12565741231,128666.422303038,123440.081551152,164434.245556988
51759.3323591621,4900.69634927245,128976.343989243,122577.401627796,165873.690545662
51345.8785496792,4956.7955486544,128002.012987178,122602.039340574,166820.133797408
51392.8622741254,5112.93219103019,122546.759729231,118130.954276858,162600.878717414
49993.038386089,5191.68452244631,115033.52175939,109324.896282011,152652.879110851
50540.2147677442,5249.89415980708,111557.573967991,102783.341232665,142809.149471303
52218.5526023938,5554.83884408065,106808.348228415,97616.1779081998,139942.814847128
49723.7765507936,5553.81627023935,70265.4203964892,68846.4555563285,97316.874844297
49952.7802389121,5625.69665442226,66236.0870982192,66546.5530093126,95144.938514391
49296.4497156927,5471.81930237937,62857.8064762562,62877.3145378403,93810.1998988967
49316.9252752545,5762.70810778452,60480.5014710969,57549.0117376859,88402.8349612448
47261.873112955,5282.0083670164,56399.9827390702,51346.5000570141,79512.5359037668
46139.5189078452,4894.31135441218,52261.9529487896,47571.0917695356,76807.2315424401
45570.832988003,4792.7581137521,50394.5220054992,45947.4199205636,75606.3135612539
44894.9865156353,4652.45056378943,48935.1533026343,44544.785081433,74455.4812543053
44543.8239286676,4570.0953823506,47834.5178527857,44044.3439128363,74047.4058104396
45394.5789030605,4743.24817826906,49776.5726660726,46629.5548746093,75797.5160071597
46270.5319561388,5038.25815694343,53871.4726274365,52142.8069050788,78884.4737002526
47832.7075709121,4791.32365608172,94750.1164434843,88894.5960377586,130210.654722008
51988.2545883136,5441.94851559867,116540.695690456,105840.510233554,143972.013884663
51358.2566287374,4963.01911216546,121435.314533884,110772.706569124,152701.408902718
50340.2402845538,4883.85153038786,124072.097462753,117997.595473538,156097.87876047
51390.7286355592,4698.13837793022,127383.181423646,122524.169253296,165362.34091758
51846.8527685289,4702.82032796629,128034.622848646,122558.858450681,164968.785986429
52292.1007414124,4839.12565741231,128666.422303038,123440.081551152,164434.245556988
51759.3323591621,4900.69634927245,128976.343989243,122577.401627796,165873.690545662
51345.8785496792,4956.7955486544,128002.012987178,122602.039340574,166820.133797408
51392.8622741254,5112.93219103019,122546.759729231,118130.954276858,162600.878717414
49993.038386089,5191.68452244631,115033.52175939,109324.896282011,152652.879110851
50540.2147677442,5249.89415980708,111557.573967991,102783.341232665,142809.149471303
52218.5526023938,5554.83884408065,106808.348228415,97616.1779081998,139942.814847128
49723.7765507936,5553.81627023935,70265.4203964892,68846.4555563285,97316.874844297
49952.7802389121,5625.69665442226,66236.0870982192,66546.5530093126,95144.938514391
49296.4497156927,5471.81930237937,62857.8064762562,62877.3145378403,93810.1998988967
49316.9252752545,5762.70810778452,60480.5014710969,57549.0117376859,88402.8349612448
47261.873112955,5282.0083670164,56399.9827390702,51346.5000570141,79512.5359037668
46139.5189078452,4894.31135441218,52261.9529487896,47571.0917695356,76807.2315424401
45570.832988003,4792.7581137521,50394.5220054992,45947.4199205636,75606.3135612539
44894.9865156353,4652.45056378943,48935.1533026343,44544.785081433,74455.4812543053
44543.8239286676,4570.0953823506,47834.5178527857,44044.3439128363,74047.4058104396
45394.5789030605,4743.24817826906,49776.5726660726,46629.5548746093,75797.5160071597
46270.5319561388,5038.25815694343,53871.4726274365,52142.8069050788,78884.4737002526
47832.7075709121,4791.32365608172,94750.1164434843,88894.5960377586,130210.654722008
51988.2545883136,5441.94851559867,116540.695690456,105840.510233554,143972.013884663
51358.2566287374,4963.01911216546,121435.314533884,110772.706569124,152701.408902718
50340.2402845538,4883.85153038786,124072.097462753,117997.595473538,156097.87876047
51390.7286355592,4698.13837793022,127383.181423646,122524.169253296,165362.34091758
51846.8527685289,4702.82032796629,128034.622848646,122558.858450681,164968.785986429
52292.1007414124,4839.12565741231,128666.422303038,123440.081551152,164434.245556988
51759.3323591621,4900.69634927245,128976.343989243,122577.401627796,165873.690545662
51345.8785496792,4956.7955486544,128002.012987178,122602.039340574,166820.133797408
51392.8622741254,5112.93219103019,122546.759729231,118130.954276858,162600.878717414
49993.038386089,5191.68452244631,115033.52175939,109324.896282011,152652.879110851
50540.2147677442,5249.89415980708,111557.573967991,102783.341232665,142809.149471303
52218.5526023938,5554.83884408065,106808.348228415,97616.1779081998,139942.814847128
49723.7765507936,5553.81627023935,70265.4203964892,68846.4555563285,97316.874844297
49952.7802389121,5625.69665442226,66236.0870982192,66546.5530093126,95144.938514391
49296.4497156927,5471.81930237937,62857.8064762562,62877.3145378403,93810.1998988967
49316.9252752545,5762.70810778452,60480.5014710969,57549.0117376859,88402.8349612448
47261.873112955,5282.0083670164,56399.9827390702,51346.5000570141,79512.5359037668
46139.5189078452,4894.31135441218,52261.9529487896,47571.0917695356,76807.2315424401
45570.832988003,4792.7581137521,50394.5220054992,45947.4199205636,75606.3135612539
44894.9865156353,4652.45056378943,48935.1533026343,44544.785081433,74455.4812543053
44543.8239286676,4570.0953823506,47834.5178527857,44044.3439128363,74047.4058104396
45394.5789030605,4743.24817826906,49776.5726660726,46629.5548746093,75797.5160071597
46270.5319561388,5038.25815694343,53871.4726274365,52142.8069050788,78884.4737002526
47832.7075709121,4791.32365608172,94750.1164434843,88894.5960377586,130210.654722008
51988.2545883136,5441.94851559867,116540.695690456,105840.510233554,143972.013884663
51358.2566287374,4963.01911216546,121435.314533884,110772.706569124,152701.408902718
50340.2402845538,4883.85153038786,124072.097462753,117997.595473538,156097.87876047
51390.7286355592,4698.13837793022,127383.181423646,122524.169253296,165362.34091758
51846.8527685289,4702.82032796629,128034.622848646,122558.858450681,164968.785986429
52292.1007414124,4839.12565741231,128666.422303038,123440.081551152,164434.245556988
51759.3323591621,4900.69634927245,128976.343989243,122577.401627796,165873.690545662
51345.8785496792,4956.7955486544,128002.012987178,122602.039340574,166820.133797408
51392.8622741254,5112.93219103019,122546.759729231,118130.954276858,162600.878717414
49993.038386089,5191.68452244631,115033.52175939,109324.896282011,152652.879110851
50540.2147677442,5249.89415980708,111557.573967991,102783.341232665,142809.149471303
52218.5526023938,5554.83884408065,106808.348228415,97616.1779081998,139942.814847128
49723.7765507936,5553.81627023935,70265.4203964892,68846.4555563285,97316.874844297
49952.7802389121,5625.69665442226,66236.0870982192,66546.5530093126,95144.938514391
49296.4497156927,5471.81930237937,62857.8064762562,62877.3145378403,93810.1998988967
49316.9252752545,5762.70810778452,60480.5014710969,57549.0117376859,88402.8349612448
47261.873112955,5282.0083670164,56399.9827390702,51346.5000570141,79512.5359037668
46139.5189078452,4894.31135441218,52261.9529487896,47571.0917695356,76807.2315424401
45570.832988003,4792.7581137521,50394.5220054992,45947.4199205636,75606.3135612539
44894.9865156353,4652.45056378943,48935.1533026343,44544.785081433,74455.4812543053
44543.8239286676,4570.0953823506,47834.5178527857,44044.3439128363,74047.4058104396
45394.5789030605,4743.24817826906,49776.5726660726,46629.5548746093,75797.5160071597
46270.5319561388,5038.25815694343,53871.4726274365,52142.8069050788,78884.4737002526
47832.7075709121,4791.32365608172,94750.1164434843,88894.5960377586,130210.654722008
51988.2545883136,5441.94851559867,116540.695690456,105840.510233554,143972.013884663
51358.2566287374,4963.01911216546,121435.314533884,110772.706569124,152701.408902718
50340.2402845538,4883.85153038786,124072.097462753,117997.595473538,156097.87876047
51390.7286355592,4698.13837793022,127383.181423646,122524.169253296,165362.34091758
51846.8527685289,4702.82032796629,128034.622848646,122558.858450681,164968.785986429
52292.1007414124,4839.12565741231,128666.422303038,123440.081551152,164434.245556988
51759.3323591621,4900.69634927245,128976.343989243,122577.401627796,165873.690545662
51345.8785496792,4956.7955486544,128002.012987178,122602.039340574,166820.133797408
51392.8622741254,5112.93219103019,122546.759729231,118130.954276858,162600.878717414
49993.038386089,5191.68452244631,115033.52175939,109324.896282011,152652.879110851
50540.2147677442,5249.89415980708,111557.573967991,102783.341232665,142809.149471303
52218.5526023938,5554.83884408065,106808.348228415,97616.1779081998,139942.814847128
49723.7765507936,5553.81627023935,70265.4203964892,68846.4555563285,97316.874844297
49952.7802389121,5625.69665442226,66236.0870982192,66546.5530093126,95144.938514391
49296.4497156927,5471.81930237937,62857.8064762562,62877.3145378403,93810.1998988967
49316.9252752545,5762.70810778452,60480.5014710969,57549.0117376859,88402.8349612448
47261.873112955,5282.0083670164,56399.9827390702,51346.5000570141,79512.5359037668
46139.5189078452,4894.31135441218,52261.9529487896,47571.0917695356,76807.2315424401
45570.832988003,4792.7581137521,50394.5220054992,45947.4199205636,75606.3135612539
44894.9865156353,4652.45056378943,48935.1533026343,44544.785081433,74455.4812543053
44543.8239286676,4570.0953823506,47834.5178527857,44044.3439128363,74047.4058104396
45394.5789030605,4743.24817826906,49776.5726660726,46629.5548746093,75797.5160071597
46270.5319561388,5038.25815694343,53871.4726274365,52142.8069050788,78884.4737002526
47832.7075709121,4791.32365608172,94750.1164434843,88894.5960377586,130210.654722008
51988.2545883136,5441.94851559867,116540.695690456,105840.510233554,143972.013884663
51358.2566287374,4963.01911216546,121435.314533884,110772.706569124,152701.408902718
50340.2402845538,4883.85153038786,124072.097462753,117997.595473538,156097.87876047
51390.7286355592,4698.13837793022,127383.181423646,122524.169253296,165362.34091758
51846.8527685289,4702.82032796629,128034.622848646,122558.858450681,164968.785986429
52292.1007414124,4839.12565741231,128666.422303038,123440.081551152,164434.245556988
51759.3323591621,4900.69634927245,128976.343989243,122577.401627796,165873.690545662
51345.8785496792,4956.7955486544,128002.012987178,122602.039340574,166820.133797408
51392.8622741254,5112.93219103019,122546.759729231,118130.954276858,162600.878717414
49993.038386089,5191.68452244631,115033.52175939,109324.896282011,152652.879110851
50540.2147677442,5249.89415980708,111557.573967991,102783.341232665,142809.149471303
52218.5526023938,5554.83884408065,106808.348228415,97616.1779081998,139942.814847128
49723.7765507936,5553.81627023935,70265.4203964892,68846.4555563285,97316.874844297
49952.7802389121,5625.69665442226,66236.0870982192,66546.5530093126,95144.938514391
49296.4497156927,5471.81930237937,62857.8064762562,62877.3145378403,93810.1998988967
49316.9252752545,5762.70810778452,60480.5014710969,57549.0117376859,88402.8349612448
47261.873112955,5282.0083670164,56399.9827390702,51346.5000570141,79512.5359037668
46139.5189078452,4894.31135441218,52261.9529487896,47571.0917695356,76807.2315424401
45570.832988003,4792.7581137521,50394.5220054992,45947.4199205636,75606.3135612539
44894.9865156353,4652.45056378943,48935.1533026343,44544.785081433,74455.4812543053
44543.8239286676,4570.0953823506,47834.5178527857,44044.3439128363,74047.4058104396
45394.5789030605,4743.24817826906,49776.5726660726,46629.5548746093,75797.5160071597
46270.5319561388,5038.25815694343,53871.4726274365,52142.8069050788,78884.4737002526
47832.7075709121,4791.32365608172,94750.1164434843,88894.5960377586,130210.654722008
51988.2545883136,5441.94851559867,116540.695690456,105840.510233554,143972.013884663
51358.2566287374,4963.01911216546,121435.314533884,110772.706569124,152701.408902718
50340.2402845538,4883.85153038786,124072.097462753,117997.595473538,156097.87876047
51390.7286355592,4698.13837793022,127383.181423646,122524.169253296,165362.34091758
51846.8527685289,4702.82032796629,128034.622848646,122558.858450681,164968.785986429
52292.1007414124,4839.12565741231,128666.422303038,123440.081551152,164434.245556988
51759.3323591621,4900.69634927245,128976.343989243,122577.401627796,165873.690545662
51345.8785496792,4956.7955486544,128002.012987178,122602.039340574,166820.133797408
51392.8622741254,5112.93219103019,122546.759729231,118130.954276858,162600.878717414
49993.038386089,5191.68452244631,115033.52175939,109324.896282011,152652.879110851
50540.2147677442,5249.89415980708,111557.573967991,102783.341232665,142809.149471303
52218.5526023938,5554.83884408065,106808.348228415,97616.1779081998,139942.814847128
49723.7765507936,5553.81627023935,70265.4203964892,68846.4555563285,97316.874844297
49952.7802389121,5625.69665442226,66236.0870982192,66546.5530093126,95144.938514391
49296.4497156927,5471.81930237937,62857.8064762562,62877.3145378403,93810.1998988967
49316.9252752545,5762.70810778452,60480.5014710969,57549.0117376859,88402.8349612448
47261.873112955,5282.0083670164,56399.9827390702,51346.5000570141,79512.5359037668
46139.5189078452,4894.31135441218,52261.9529487896,47571.0917695356,76807.2315424401
45570.832988003,4792.7581137521,50394.5220054992,45947.4199205636,75606.3135612539
44894.9865156353,4652.45056378943,48935.1533026343,44544.785081433,74455.4812543053
44543.8239286676,4570.0953823506,47834.5178527857,44044.3439128363,74047.4058104396
45394.5789030605,4743.24817826906,49776.5726660726,46629.5548746093,75797.5160071597
46270.5319561388,5038.25815694343,53871.4726274365,52142.8069050788,78884.4737002526
47832.7075709121,4791.32365608172,94750.1164434843,88894.5960377586,130210.654722008
51988.2545883136,5441.94851559867,116540.695690456,105840.510233554,143972.013884663
51358.2566287374,4963.01911216546,121435.314533884,110772.706569124,152701.408902718
50340.2402845538,4883.85153038786,124072.097462753,117997.595473538,156097.87876047
51390.7286355592,4698.13837793022,127383.181423646,122524.169253296,165362.34091758
51846.8527685289,4702.82032796629,128034.622848646,122558.858450681,164968.785986429
52292.1007414124,4839.12565741231,128666.422303038,123440.081551152,164434.245556988
51759.3323591621,4900.69634927245,128976.343989243,122577.401627796,165873.690545662
51345.8785496792,4956.7955486544,128002.012987178,122602.039340574,166820.133797408
51392.8622741254,5112.93219103019,122546.759729231,118130.954276858,162600.878717414
49993.038386089,5191.68452244631,115033.52175939,109324.896282011,152652.879110851
50540.2147677442,5249.89415980708,111557.573967991,102783.341232665,142809.149471303
52218.5526023938,5554.83884408065,106808.348228415,97616.1779081998,139942.814847128
49723.7765507936,5553.81627023935,70265.4203964892,68846.4555563285,97316.874844297
49952.7802389121,5625.69665442226,66236.0870982192,66546.5530093126,95144.938514391
49296.4497156927,5471.81930237937,62857.8064762562,62877.3145378403,93810.1998988967
49316.9252752545,5762.70810778452,60480.5014710969,57549.0117376859,88402.8349612448
47261.873112955,5282.0083670164,56399.9827390702,51346.5000570141,79512.5359037668
46139.5189078452,4894.31135441218,52261.9529487896,47571.0917695356,76807.2315424401
45570.832988003,4792.7581137521,50394.5220054992,45947.4199205636,75606.3135612539
44894.9865156353,4652.45056378943,48935.1533026343,44544.785081433,74455.4812543053
44543.8239286676,4570.0953823506,47834.5178527857,44044.3439128363,74047.4058104396
45394.5789030605,4743.24817826906,49776.5726660726,46629.5548746093,75797.5160071597
46270.5319561388,5038.25815694343,53871.4726274365,52142.8069050788,78884.4737002526
47832.7075709121,4791.32365608172,94750.1164434843,88894.5960377586,130210.654722008
51988.2545883136,5441.94851559867,116540.695690456,105840.510233554,143972.013884663
51358.2566287374,4963.01911216546,121435.314533884,110772.706569124,152701.408902718
50340.2402845538,4883.85153038786,124072.097462753,117997.595473538,156097.87876047
51390.7286355592,4698.13837793022,127383.181423646,122524.169253296,165362.34091758
51846.8527685289,4702.82032796629,128034.622848646,122558.858450681,164968.785986429
52292.1007414124,4839.12565741231,128666.422303038,123440.081551152,164434.245556988
51759.3323591621,4900.69634927245,128976.343989243,122577.401627796,165873.690545662
51345.8785496792,4956.7955486544,128002.012987178,122602.039340574,166820.133797408
51392.8622741254,5112.93219103019,122546.759729231,118130.954276858,162600.878717414
49993.038386089,5191.68452244631,115033.52175939,109324.896282011,152652.879110851
50540.2147677442,5249.89415980708,111557.573967991,102783.341232665,142809.149471303
52218.5526023938,5554.83884408065,106808.348228415,97616.1779081998,139942.814847128
49723.7765507936,5553.81627023935,70265.4203964892,68846.4555563285,97316.874844297
49952.7802389121,5625.69665442226,66236.0870982192,66546.5530093126,95144.938514391
49296.4497156927,5471.81930237937,62857.8064762562,62877.3145378403,93810.1998988967
49316.9252752545,5762.70810778452,60480.5014710969,57549.0117376859,88402.8349612448
47261.873112955,5282.0083670164,56399.9827390702,51346.5000570141,79512.5359037668
46139.5189078452,4894.31135441218,52261.9529487896,47571.0917695356,76807.2315424401
45570.832988003,4792.7581137521,50394.5220054992,45947.4199205636,75606.3135612539
44894.9865156353,4652.45056378943,48935.1533026343,44544.785081433,74455.4812543053
44543.8239286676,4570.0953823506,47834.5178527857,44044.3439128363,74047.4058104396
45394.5789030605,4743.24817826906,49776.5726660726,46629.5548746093,75797.5160071597
46270.5319561388,5038.25815694343,53871.4726274365,52142.8069050788,78884.4737002526
47832.7075709121,4791.32365608172,94750.1164434843,88894.5960377586,130210.654722008
51988.2545883136,5441.94851559867,116540.695690456,105840.510233554,143972.013884663
51358.2566287374,4963.01911216546,121435.314533884,110772.706569124,152701.408902718
50340.2402845538,4883.85153038786,124072.097462753,117997.595473538,156097.87876047
51390.7286355592,4698.13837793022,127383.181423646,122524.169253296,165362.34091758
51846.8527685289,4702.82032796629,128034.622848646,122558.858450681,164968.785986429
52292.1007414124,4839.12565741231,128666.422303038,123440.081551152,164434.245556988
51759.3323591621,4900.69634927245,128976.343989243,122577.401627796,165873.690545662
51345.8785496792,4956.7955486544,128002.012987178,122602.039340574,166820.133797408
51392.8622741254,5112.93219103019,122546.759729231,118130.954276858,162600.878717414
49993.038386089,5191.68452244631,115033.52175939,109324.896282011,152652.879110851
50540.2147677442,5249.89415980708,111557.573967991,102783.341232665,142809.149471303
52218.5526023938,5554.83884408065,106808.348228415,97616.1779081998,139942.814847128
49723.7765507936,5553.81627023935,70265.4203964892,68846.4555563285,97316.874844297
49952.7802389121,5625.69665442226,66236.0870982192,66546.5530093126,95144.938514391
49296.4497156927,5471.81930237937,62857.8064762562,62877.3145378403,93810.1998988967
49316.9252752545,5762.70810778452,60480.5014710969,57549.0117376859,88402.8349612448
47261.873112955,5282.0083670164,56399.9827390702,51346.5000570141,79512.5359037668
46139.5189078452,4894.31135441218,52261.9529487896,47571.0917695356,76807.2315424401
45570.832988003,4792.7581137521,50394.5220054992,45947.4199205636,75606.3135612539
44894.9865156353,4652.45056378943,48935.1533026343,44544.785081433,74455.4812543053
44543.8239286676,4570.0953823506,47834.5178527857,44044.3439128363,74047.4058104396
45394.5789030605,4743.24817826906,49776.5726660726,46629.5548746093,75797.5160071597
46270.5319561388,5038.25815694343,53871.4726274365,52142.8069050788,78884.4737002526
47832.7075709121,4791.32365608172,94750.1164434843,88894.5960377586,130210.654722008
51988.2545883136,5441.94851559867,116540.695690456,105840.510233554,143972.013884663
51358.2566287374,4963.01911216546,121435.314533884,110772.706569124,152701.408902718
50340.2402845538,4883.85153038786,124072.097462753,117997.595473538,156097.87876047
51390.7286355592,4698.13837793022,127383.181423646,122524.169253296,165362.34091758
51846.8527685289,4702.82032796629,128034.622848646,122558.858450681,164968.785986429
52292.1007414124,4839.12565741231,128666.422303038,123440.081551152,164434.245556988
51759.3323591621,4900.69634927245,128976.343989243,122577.401627796,165873.690545662
51345.8785496792,4956.7955486544,128002.012987178,122602.039340574,166820.133797408
51392.8622741254,5112.93219103019,122546.759729231,118130.954276858,162600.878717414
49993.038386089,5191.68452244631,115033.52175939,109324.896282011,152652.879110851
50540.2147677442,5249.89415980708,111557.573967991,102783.341232665,142809.149471303
52218.5526023938,5554.83884408065,106808.348228415,97616.1779081998,139942.814847128
49723.7765507936,5553.81627023935,70265.4203964892,68846.4555563285,97316.874844297
49952.7802389121,5625.69665442226,66236.0870982192,66546.5530093126,95144.938514391
49296.4497156927,5471.81930237937,62857.8064762562,62877.3145378403,93810.1998988967
49316.9252752545,5762.70810778452,60480.5014710969,57549.0117376859,88402.8349612448
47261.873112955,5282.0083670164,56399.9827390702,51346.5000570141,79512.5359037668
46139.5189078452,4894.31135441218,52261.9529487896,47571.0917695356,76807.2315424401
45570.832988003,4792.7581137521,50394.5220054992,45947.4199205636,75606.3135612539
44894.9865156353,4652.45056378943,48935.1533026343,44544.785081433,74455.4812543053
44543.8239286676,4570.0953823506,47834.5178527857,44044.3439128363,74047.4058104396
45394.5789030605,4743.24817826906,49776.5726660726,46629.5548746093,75797.5160071597
46270.5319561388,5038.25815694343,53871.4726274365,52142.8069050788,78884.4737002526
47832.7075709121,4791.32365608172,94750.1164434843,88894.5960377586,130210.654722008
51988.2545883136,5441.94851559867,116540.695690456,105840.510233554,143972.013884663
51358.2566287374,4963.01911216546,121435.314533884,110772.706569124,152701.408902718
50340.2402845538,4883.85153038786,124072.097462753,117997.595473538,156097.87876047
51390.7286355592,4698.13837793022,127383.181423646,122524.169253296,165362.34091758
51846.8527685289,4702.82032796629,128034.622848646,122558.858450681,164968.785986429
52292.1007414124,4839.12565741231,128666.422303038,123440.081551152,164434.245556988
51759.3323591621,4900.69634927245,128976.343989243,122577.401627796,165873.690545662
51345.8785496792,4956.7955486544,128002.012987178,122602.039340574,166820.133797408
51392.8622741254,5112.93219103019,122546.759729231,118130.954276858,162600.878717414
49993.038386089,5191.68452244631,115033.52175939,109324.896282011,152652.879110851
50540.2147677442,5249.89415980708,111557.573967991,102783.341232665,142809.149471303
52218.5526023938,5554.83884408065,106808.348228415,97616.1779081998,139942.814847128
49723.7765507936,5553.81627023935,70265.4203964892,68846.4555563285,97316.874844297
49952.7802389121,5625.69665442226,66236.0870982192,66546.5530093126,95144.938514391
49296.4497156927,5471.81930237937,62857.8064762562,62877.3145378403,93810.1998988967
49316.9252752545,5762.70810778452,60480.5014710969,57549.0117376859,88402.8349612448
47261.873112955,5282.0083670164,56399.9827390702,51346.5000570141,79512.5359037668
46139.5189078452,4894.31135441218,52261.9529487896,47571.0917695356,76807.2315424401
45570.832988003,4792.7581137521,50394.5220054992,45947.4199205636,75606.3135612539
44894.9865156353,4652.45056378943,48935.1533026343,44544.785081433,74455.4812543053
44543.8239286676,4570.0953823506,47834.5178527857,44044.3439128363,74047.4058104396
45394.5789030605,4743.24817826906,49776.5726660726,46629.5548746093,75797.5160071597
46270.5319561388,5038.25815694343,53871.4726274365,52142.8069050788,78884.4737002526
47832.7075709121,4791.32365608172,94750.1164434843,88894.5960377586,130210.654722008
51988.2545883136,5441.94851559867,116540.695690456,105840.510233554,143972.013884663
51358.2566287374,4963.01911216546,121435.314533884,110772.706569124,152701.408902718
50340.2402845538,4883.85153038786,124072.097462753,117997.595473538,156097.87876047
51390.7286355592,4698.13837793022,127383.181423646,122524.169253296,165362.34091758
51846.8527685289,4702.82032796629,128034.622848646,122558.858450681,164968.785986429
52292.1007414124,4839.12565741231,128666.422303038,123440.081551152,164434.245556988
51759.3323591621,4900.69634927245,128976.343989243,122577.401627796,165873.690545662
51345.8785496792,4956.7955486544,128002.012987178,122602.039340574,166820.133797408
51392.8622741254,5112.93219103019,122546.759729231,118130.954276858,162600.878717414
49993.038386089,5191.68452244631,115033.52175939,109324.896282011,152652.879110851
50540.2147677442,5249.89415980708,111557.573967991,102783.341232665,142809.149471303
52218.5526023938,5554.83884408065,106808.348228415,97616.1779081998,139942.814847128
49723.7765507936,5553.81627023935,70265.4203964892,68846.4555563285,97316.874844297
49952.7802389121,5625.69665442226,66236.0870982192,66546.5530093126,95144.938514391
49296.4497156927,5471.81930237937,62857.8064762562,62877.3145378403,93810.1998988967
49316.9252752545,5762.70810778452,60480.5014710969,57549.0117376859,88402.8349612448
47261.873112955,5282.0083670164,56399.9827390702,51346.5000570141,79512.5359037668
46139.5189078452,4894.31135441218,52261.9529487896,47571.0917695356,76807.2315424401
45570.832988003,4792.7581137521,50394.5220054992,45947.4199205636,75606.3135612539
44894.9865156353,4652.45056378943,48935.1533026343,44544.785081433,74455.4812543053
44543.8239286676,4570.0953823506,47834.5178527857,44044.3439128363,74047.4058104396
45394.5789030605,4743.24817826906,49776.5726660726,46629.5548746093,75797.5160071597
46270.5319561388,5038.25815694343,53871.4726274365,52142.8069050788,78884.4737002526
47832.7075709121,4791.32365608172,94750.1164434843,88894.5960377586,130210.654722008
51988.2545883136,5441.94851559867,116540.695690456,105840.510233554,143972.013884663
51358.2566287374,4963.01911216546,121435.314533884,110772.706569124,152701.408902718
50340.2402845538,4883.85153038786,124072.097462753,117997.595473538,156097.87876047
51390.7286355592,4698.13837793022,127383.181423646,122524.169253296,165362.34091758
51846.8527685289,4702.82032796629,128034.622848646,122558.858450681,164968.785986429
52292.1007414124,4839.12565741231,128666.422303038,123440.081551152,164434.245556988
51759.3323591621,4900.69634927245,128976.343989243,122577.401627796,165873.690545662
51345.8785496792,4956.7955486544,128002.012987178,122602.039340574,166820.133797408
51392.8622741254,5112.93219103019,122546.759729231,118130.954276858,162600.878717414
49993.038386089,5191.68452244631,115033.52175939,109324.896282011,152652.879110851
50540.2147677442,5249.89415980708,111557.573967991,102783.341232665,142809.149471303
52218.5526023938,5554.83884408065,106808.348228415,97616.1779081998,139942.814847128
49723.7765507936,5553.81627023935,70265.4203964892,68846.4555563285,97316.874844297
49952.7802389121,5625.69665442226,66236.0870982192,66546.5530093126,95144.938514391
49296.4497156927,5471.81930237937,62857.8064762562,62877.3145378403,93810.1998988967
49316.9252752545,5762.70810778452,60480.5014710969,57549.0117376859,88402.8349612448
47261.873112955,5282.0083670164,56399.9827390702,51346.5000570141,79512.5359037668
46139.5189078452,4894.31135441218,52261.9529487896,47571.0917695356,76807.2315424401
45570.832988003,4792.7581137521,50394.5220054992,45947.4199205636,75606.3135612539
44894.9865156353,4652.45056378943,48935.1533026343,44544.785081433,74455.4812543053
44543.8239286676,4570.0953823506,47834.5178527857,44044.3439128363,74047.4058104396
45394.5789030605,4743.24817826906,49776.5726660726,46629.5548746093,75797.5160071597
46270.5319561388,5038.25815694343,53871.4726274365,52142.8069050788,78884.4737002526
47832.7075709121,4791.32365608172,94750.1164434843,88894.5960377586,130210.654722008
51988.2545883136,5441.94851559867,116540.695690456,105840.510233554,143972.013884663
51358.2566287374,4963.01911216546,121435.314533884,110772.706569124,152701.408902718
50340.2402845538,4883.85153038786,124072.097462753,117997.595473538,156097.87876047
51390.7286355592,4698.13837793022,127383.181423646,122524.169253296,165362.34091758
51846.8527685289,4702.82032796629,128034.622848646,122558.858450681,164968.785986429
52292.1007414124,4839.12565741231,128666.422303038,123440.081551152,164434.245556988
51759.3323591621,4900.69634927245,128976.343989243,122577.401627796,165873.690545662
51345.8785496792,4956.7955486544,128002.012987178,122602.039340574,166820.133797408
51392.8622741254,5112.93219103019,122546.759729231,118130.954276858,162600.878717414
49993.038386089,5191.68452244631,115033.52175939,109324.896282011,152652.879110851
50540.2147677442,5249.89415980708,111557.573967991,102783.341232665,142809.149471303
52218.5526023938,5554.83884408065,106808.348228415,97616.1779081998,139942.814847128
49723.7765507936,5553.81627023935,70265.4203964892,68846.4555563285,97316.874844297
49952.7802389121,5625.69665442226,66236.0870982192,66546.5530093126,95144.938514391
49296.4497156927,5471.81930237937,62857.8064762562,62877.3145378403,93810.1998988967
49316.9252752545,5762.70810778452,60480.5014710969,57549.0117376859,88402.8349612448
47261.873112955,5282.0083670164,56399.9827390702,51346.5000570141,79512.5359037668
46139.5189078452,4894.31135441218,52261.9529487896,47571.0917695356,76807.2315424401
45570.832988003,4792.7581137521,50394.5220054992,45947.4199205636,75606.3135612539
44894.9865156353,4652.45056378943,48935.1533026343,44544.785081433,74455.4812543053
44543.8239286676,4570.0953823506,47834.5178527857,44044.3439128363,74047.4058104396
45394.5789030605,4743.24817826906,49776.5726660726,46629.5548746093,75797.5160071597
46270.5319561388,5038.25815694343,53871.4726274365,52142.8069050788,78884.4737002526
47832.7075709121,4791.32365608172,94750.1164434843,88894.5960377586,130210.654722008
51988.2545883136,5441.94851559867,116540.695690456,105840.510233554,143972.013884663
51358.2566287374,4963.01911216546,121435.314533884,110772.706569124,152701.408902718
50340.2402845538,4883.85153038786,124072.097462753,117997.595473538,156097.87876047
51390.7286355592,4698.13837793022,127383.181423646,122524.169253296,165362.34091758
51846.8527685289,4702.82032796629,128034.622848646,122558.858450681,164968.785986429
52292.1007414124,4839.12565741231,128666.422303038,123440.081551152,164434.245556988
51759.3323591621,4900.69634927245,128976.343989243,122577.401627796,165873.690545662
51345.8785496792,4956.7955486544,128002.012987178,122602.039340574,166820.133797408
51392.8622741254,5112.93219103019,122546.759729231,118130.954276858,162600.878717414
49993.038386089,5191.68452244631,115033.52175939,109324.896282011,152652.879110851
50540.2147677442,5249.89415980708,111557.573967991,102783.341232665,142809.149471303
52218.5526023938,5554.83884408065,106808.348228415,97616.1779081998,139942.814847128
49723.7765507936,5553.81627023935,70265.4203964892,68846.4555563285,97316.874844297
49952.7802389121,5625.69665442226,66236.0870982192,66546.5530093126,95144.938514391
49296.4497156927,5471.81930237937,62857.8064762562,62877.3145378403,93810.1998988967
49316.9252752545,5762.70810778452,60480.5014710969,57549.0117376859,88402.8349612448
47261.873112955,5282.0083670164,56399.9827390702,51346.5000570141,79512.5359037668
46139.5189078452,4894.31135441218,52261.9529487896,47571.0917695356,76807.2315424401
45570.832988003,4792.7581137521,50394.5220054992,45947.4199205636,75606.3135612539
44894.9865156353,4652.45056378943,48935.1533026343,44544.785081433,74455.4812543053
44543.8239286676,4570.0953823506,47834.5178527857,44044.3439128363,74047.4058104396
45394.5789030605,4743.24817826906,49776.5726660726,46629.5548746093,75797.5160071597
46270.5319561388,5038.25815694343,53871.4726274365,52142.8069050788,78884.4737002526
47832.7075709121,4791.32365608172,94750.1164434843,88894.5960377586,130210.654722008
51988.2545883136,5441.94851559867,116540.695690456,105840.510233554,143972.013884663
51358.2566287374,4963.01911216546,121435.314533884,110772.706569124,152701.408902718
50340.2402845538,4883.85153038786,124072.097462753,117997.595473538,156097.87876047
51390.7286355592,4698.13837793022,127383.181423646,122524.169253296,165362.34091758
51846.8527685289,4702.82032796629,128034.622848646,122558.858450681,164968.785986429
52292.1007414124,4839.12565741231,128666.422303038,123440.081551152,164434.245556988
51759.3323591621,4900.69634927245,128976.343989243,122577.401627796,165873.690545662
51345.8785496792,4956.7955486544,128002.012987178,122602.039340574,166820.133797408
51392.8622741254,5112.93219103019,122546.759729231,118130.954276858,162600.878717414
49993.038386089,5191.68452244631,115033.52175939,109324.896282011,152652.879110851
50540.2147677442,5249.89415980708,111557.573967991,102783.341232665,142809.149471303
52218.5526023938,5554.83884408065,106808.348228415,97616.1779081998,139942.814847128
49723.7765507936,5553.81627023935,70265.4203964892,68846.4555563285,97316.874844297
49952.7802389121,5625.69665442226,66236.0870982192,66546.5530093126,95144.938514391
49296.4497156927,5471.81930237937,62857.8064762562,62877.3145378403,93810.1998988967
49316.9252752545,5762.70810778452,60480.5014710969,57549.0117376859,88402.8349612448
47261.873112955,5282.0083670164,56399.9827390702,51346.5000570141,79512.5359037668
46139.5189078452,4894.31135441218,52261.9529487896,47571.0917695356,76807.2315424401
45570.832988003,4792.7581137521,50394.5220054992,45947.4199205636,75606.3135612539
44894.9865156353,4652.45056378943,48935.1533026343,44544.785081433,74455.4812543053
44543.8239286676,4570.0953823506,47834.5178527857,44044.3439128363,74047.4058104396
45394.5789030605,4743.24817826906,49776.5726660726,46629.5548746093,75797.5160071597
46270.5319561388,5038.25815694343,53871.4726274365,52142.8069050788,78884.4737002526
47832.7075709121,4791.32365608172,94750.1164434843,88894.5960377586,130210.654722008
51988.2545883136,5441.94851559867,116540.695690456,105840.510233554,143972.013884663
51358.2566287374,4963.01911216546,121435.314533884,110772.706569124,152701.408902718
50340.2402845538,4883.85153038786,124072.097462753,117997.595473538,156097.87876047
51390.7286355592,4698.13837793022,127383.181423646,122524.169253296,165362.34091758
51846.8527685289,4702.82032796629,128034.622848646,122558.858450681,164968.785986429
52292.1007414124,4839.12565741231,128666.422303038,123440.081551152,164434.245556988
51759.3323591621,4900.69634927245,128976.343989243,122577.401627796,165873.690545662
51345.8785496792,4956.7955486544,128002.012987178,122602.039340574,166820.133797408
51392.8622741254,5112.93219103019,122546.759729231,118130.954276858,162600.878717414
49993.038386089,5191.68452244631,115033.52175939,109324.896282011,152652.879110851
50540.2147677442,5249.89415980708,111557.573967991,102783.341232665,142809.149471303
52218.5526023938,5554.83884408065,106808.348228415,97616.1779081998,139942.814847128
49723.7765507936,5553.81627023935,70265.4203964892,68846.4555563285,97316.874844297
49952.7802389121,5625.69665442226,66236.0870982192,66546.5530093126,95144.938514391
49296.4497156927,5471.81930237937,62857.8064762562,62877.3145378403,93810.1998988967
49316.9252752545,5762.70810778452,60480.5014710969,57549.0117376859,88402.8349612448
47261.873112955,5282.0083670164,56399.9827390702,51346.5000570141,79512.5359037668
46139.5189078452,4894.31135441218,52261.9529487896,47571.0917695356,76807.2315424401
45570.832988003,4792.7581137521,50394.5220054992,45947.4199205636,75606.3135612539
44894.9865156353,4652.45056378943,48935.1533026343,44544.785081433,74455.4812543053
44543.8239286676,4570.0953823506,47834.5178527857,44044.3439128363,74047.4058104396
45394.5789030605,4743.24817826906,49776.5726660726,46629.5548746093,75797.5160071597
46270.5319561388,5038.25815694343,53871.4726274365,52142.8069050788,78884.4737002526
47832.7075709121,4791.32365608172,94750.1164434843,88894.5960377586,130210.654722008
51988.2545883136,5441.94851559867,116540.695690456,105840.510233554,143972.013884663
51358.2566287374,4963.01911216546,121435.314533884,110772.706569124,152701.408902718
50340.2402845538,4883.85153038786,124072.097462753,117997.595473538,156097.87876047
51390.7286355592,4698.13837793022,127383.181423646,122524.169253296,165362.34091758
51846.8527685289,4702.82032796629,128034.622848646,122558.858450681,164968.785986429
52292.1007414124,4839.12565741231,128666.422303038,123440.081551152,164434.245556988
51759.3323591621,4900.69634927245,128976.343989243,122577.401627796,165873.690545662
51345.8785496792,4956.7955486544,128002.012987178,122602.039340574,166820.133797408
51392.8622741254,5112.93219103019,122546.759729231,118130.954276858,162600.878717414
49993.038386089,5191.68452244631,115033.52175939,109324.896282011,152652.879110851
50540.2147677442,5249.89415980708,111557.573967991,102783.341232665,142809.149471303
52218.5526023938,5554.83884408065,106808.348228415,97616.1779081998,139942.814847128
49723.7765507936,5553.81627023935,70265.4203964892,68846.4555563285,97316.874844297
49952.7802389121,5625.69665442226,66236.0870982192,66546.5530093126,95144.938514391
49296.4497156927,5471.81930237937,62857.8064762562,62877.3145378403,93810.1998988967
49316.9252752545,5762.70810778452,60480.5014710969,57549.0117376859,88402.8349612448
47261.873112955,5282.0083670164,56399.9827390702,51346.5000570141,79512.5359037668
46139.5189078452,4894.31135441218,52261.9529487896,47571.0917695356,76807.2315424401
45570.832988003,4792.7581137521,50394.5220054992,45947.4199205636,75606.3135612539
44894.9865156353,4652.45056378943,48935.1533026343,44544.785081433,74455.4812543053
44543.8239286676,4570.0953823506,47834.5178527857,44044.3439128363,74047.4058104396
45394.5789030605,4743.24817826906,49776.5726660726,46629.5548746093,75797.5160071597
46270.5319561388,5038.25815694343,53871.4726274365,52142.8069050788,78884.4737002526
47832.7075709121,4791.32365608172,94750.1164434843,88894.5960377586,130210.654722008
51988.2545883136,5441.94851559867,116540.695690456,105840.510233554,143972.013884663
51358.2566287374,4963.01911216546,121435.314533884,110772.706569124,152701.408902718
50340.2402845538,4883.85153038786,124072.097462753,117997.595473538,156097.87876047
51390.7286355592,4698.13837793022,127383.181423646,122524.169253296,165362.34091758
51846.8527685289,4702.82032796629,128034.622848646,122558.858450681,164968.785986429
52292.1007414124,4839.12565741231,128666.422303038,123440.081551152,164434.245556988
51759.3323591621,4900.69634927245,128976.343989243,122577.401627796,165873.690545662
51345.8785496792,4956.7955486544,128002.012987178,122602.039340574,166820.133797408
51392.8622741254,5112.93219103019,122546.759729231,118130.954276858,162600.878717414
49993.038386089,5191.68452244631,115033.52175939,109324.896282011,152652.879110851
50540.2147677442,5249.89415980708,111557.573967991,102783.341232665,142809.149471303
52218.5526023938,5554.83884408065,106808.348228415,97616.1779081998,139942.814847128
49723.7765507936,5553.81627023935,70265.4203964892,68846.4555563285,97316.874844297
49952.7802389121,5625.69665442226,66236.0870982192,66546.5530093126,95144.938514391
49296.4497156927,5471.81930237937,62857.8064762562,62877.3145378403,93810.1998988967
49316.9252752545,5762.70810778452,60480.5014710969,57549.0117376859,88402.8349612448
47261.873112955,5282.0083670164,56399.9827390702,51346.5000570141,79512.5359037668
46139.5189078452,4894.31135441218,52261.9529487896,47571.0917695356,76807.2315424401
45570.832988003,4792.7581137521,50394.5220054992,45947.4199205636,75606.3135612539
44894.9865156353,4652.45056378943,48935.1533026343,44544.785081433,74455.4812543053
44543.8239286676,4570.0953823506,47834.5178527857,44044.3439128363,74047.4058104396
45394.5789030605,4743.24817826906,49776.5726660726,46629.5548746093,75797.5160071597
46270.5319561388,5038.25815694343,53871.4726274365,52142.8069050788,78884.4737002526
47832.7075709121,4791.32365608172,94750.1164434843,88894.5960377586,130210.654722008
51988.2545883136,5441.94851559867,116540.695690456,105840.510233554,143972.013884663
51358.2566287374,4963.01911216546,121435.314533884,110772.706569124,152701.408902718
50340.2402845538,4883.85153038786,124072.097462753,117997.595473538,156097.87876047
51390.7286355592,4698.13837793022,127383.181423646,122524.169253296,165362.34091758
51846.8527685289,4702.82032796629,128034.622848646,122558.858450681,164968.785986429
52292.1007414124,4839.12565741231,128666.422303038,123440.081551152,164434.245556988
51759.3323591621,4900.69634927245,128976.343989243,122577.401627796,165873.690545662
51345.8785496792,4956.7955486544,128002.012987178,122602.039340574,166820.133797408
51392.8622741254,5112.93219103019,122546.759729231,118130.954276858,162600.878717414
49993.038386089,5191.68452244631,115033.52175939,109324.896282011,152652.879110851
50540.2147677442,5249.89415980708,111557.573967991,102783.341232665,142809.149471303
52218.5526023938,5554.83884408065,106808.348228415,97616.1779081998,139942.814847128
49723.7765507936,5553.81627023935,70265.4203964892,68846.4555563285,97316.874844297
49952.7802389121,5625.69665442226,66236.0870982192,66546.5530093126,95144.938514391
49296.4497156927,5471.81930237937,62857.8064762562,62877.3145378403,93810.1998988967
49316.9252752545,5762.70810778452,60480.5014710969,57549.0117376859,88402.8349612448
47261.873112955,5282.0083670164,56399.9827390702,51346.5000570141,79512.5359037668
44916.0729644537,4956.0802649224,47242.0409016489,45098.0007055048,72773.8423892315
44282.8682619599,4813.82525118985,44227.3810551784,42497.9345016592,72067.5224424509
43621.6333962427,4669.1492043692,42475.0478650757,41220.175766249,70901.64332633
43346.2320567864,4585.50421199565,41490.3394512227,40937.1644326299,70478.2537836329
44223.1811999192,4739.98508163189,44794.7146426171,44894.5802414392,72868.7677283693
45242.413324508,4989.48647224091,52874.7293762968,52223.7533113133,77434.2848121849
49188.2007650324,4887.60357666076,104754.873661123,99670.1938041366,138482.386209861
53896.768421158,5620.71817681444,126731.772261142,120828.90433372,154308.235682
53433.4612290974,5213.20510844648,134072.088147487,126321.164933946,165641.925327434
52668.7558326578,5079.02610102754,140097.615238667,134388.278969921,172832.336436433
53219.7804725691,4856.58766477295,142505.376385831,136082.694439248,178695.709058285
53619.6533555554,4864.60083158028,142476.536429038,135623.019715297,177676.209433478
53802.5886945121,4970.28207635613,141424.971401018,135943.161412224,176604.246288135
53119.0429744739,5024.99655240633,136239.88503442,133298.161838233,176415.154751862
52174.7343387838,5077.70145251786,133302.390749066,132643.333945785,177263.332806808
51613.7607403187,5221.8682732125,125446.105717374,127112.058599926,172050.435283325
50808.4411244011,5334.0574748352,118711.258687688,117562.983882658,161957.305871864
52183.5345358665,5451.42031299655,116936.174415539,108471.677755479,150394.4342787
53325.4028041041,5720.12863921576,117332.502983421,102314.629665666,143952.217530498
49763.0196505561,5763.38116861852,73147.5195875274,67517.0862055776,99160.3091426142
49416.3772428689,5809.97193758668,68214.3229809885,65405.8827877904,94866.475656769
48740.2758680895,5656.16799387406,62362.7780571278,62570.9772176183,92694.9624082344
48607.8855317295,5907.97434802591,58124.5439417526,55801.2755715319,88302.3257475112
46453.5267181291,5381.9672359569,53454.5945046712,49764.707093981,75544.7277420033
44916.0729644537,4956.0802649224,47242.0409016489,45098.0007055048,72773.8423892315
44282.8682619599,4813.82525118985,44227.3810551784,42497.9345016592,72067.5224424509
43621.6333962427,4669.1492043692,42475.0478650757,41220.175766249,70901.64332633
43346.2320567864,4585.50421199565,41490.3394512227,40937.1644326299,70478.2537836329
44223.1811999192,4739.98508163189,44794.7146426171,44894.5802414392,72868.7677283693
45242.413324508,4989.48647224091,52874.7293762968,52223.7533113133,77434.2848121849
49188.2007650324,4887.60357666076,104754.873661123,99670.1938041366,138482.386209861
53896.768421158,5620.71817681444,126731.772261142,120828.90433372,154308.235682
53433.4612290974,5213.20510844648,134072.088147487,126321.164933946,165641.925327434
52668.7558326578,5079.02610102754,140097.615238667,134388.278969921,172832.336436433
53219.7804725691,4856.58766477295,142505.376385831,136082.694439248,178695.709058285
53619.6533555554,4864.60083158028,142476.536429038,135623.019715297,177676.209433478
53802.5886945121,4970.28207635613,141424.971401018,135943.161412224,176604.246288135
53119.0429744739,5024.99655240633,136239.88503442,133298.161838233,176415.154751862
52174.7343387838,5077.70145251786,133302.390749066,132643.333945785,177263.332806808
51613.7607403187,5221.8682732125,125446.105717374,127112.058599926,172050.435283325
50808.4411244011,5334.0574748352,118711.258687688,117562.983882658,161957.305871864
52183.5345358665,5451.42031299655,116936.174415539,108471.677755479,150394.4342787
53325.4028041041,5720.12863921576,117332.502983421,102314.629665666,143952.217530498
49763.0196505561,5763.38116861852,73147.5195875274,67517.0862055776,99160.3091426142
49416.3772428689,5809.97193758668,68214.3229809885,65405.8827877904,94866.475656769
48740.2758680895,5656.16799387406,62362.7780571278,62570.9772176183,92694.9624082344
48607.8855317295,5907.97434802591,58124.5439417526,55801.2755715319,88302.3257475112
46453.5267181291,5381.9672359569,53454.5945046712,49764.707093981,75544.7277420033
44916.0729644537,4956.0802649224,47242.0409016489,45098.0007055048,72773.8423892315
44282.8682619599,4813.82525118985,44227.3810551784,42497.9345016592,72067.5224424509
43621.6333962427,4669.1492043692,42475.0478650757,41220.175766249,70901.64332633
43346.2320567864,4585.50421199565,41490.3394512227,40937.1644326299,70478.2537836329
44223.1811999192,4739.98508163189,44794.7146426171,44894.5802414392,72868.7677283693
45242.413324508,4989.48647224091,52874.7293762968,52223.7533113133,77434.2848121849
49188.2007650324,4887.60357666076,104754.873661123,99670.1938041366,138482.386209861
53896.768421158,5620.71817681444,126731.772261142,120828.90433372,154308.235682
53433.4612290974,5213.20510844648,134072.088147487,126321.164933946,165641.925327434
52668.7558326578,5079.02610102754,140097.615238667,134388.278969921,172832.336436433
53219.7804725691,4856.58766477295,142505.376385831,136082.694439248,178695.709058285
53619.6533555554,4864.60083158028,142476.536429038,135623.019715297,177676.209433478
53802.5886945121,4970.28207635613,141424.971401018,135943.161412224,176604.246288135
53119.0429744739,5024.99655240633,136239.88503442,133298.161838233,176415.154751862
52174.7343387838,5077.70145251786,133302.390749066,132643.333945785,177263.332806808
51613.7607403187,5221.8682732125,125446.105717374,127112.058599926,172050.435283325
50808.4411244011,5334.0574748352,118711.258687688,117562.983882658,161957.305871864
52183.5345358665,5451.42031299655,116936.174415539,108471.677755479,150394.4342787
53325.4028041041,5720.12863921576,117332.502983421,102314.629665666,143952.217530498
49763.0196505561,5763.38116861852,73147.5195875274,67517.0862055776,99160.3091426142
49416.3772428689,5809.97193758668,68214.3229809885,65405.8827877904,94866.475656769
48740.2758680895,5656.16799387406,62362.7780571278,62570.9772176183,92694.9624082344
48607.8855317295,5907.97434802591,58124.5439417526,55801.2755715319,88302.3257475112
46453.5267181291,5381.9672359569,53454.5945046712,49764.707093981,75544.7277420033
44916.0729644537,4956.0802649224,47242.0409016489,45098.0007055048,72773.8423892315
44282.8682619599,4813.82525118985,44227.3810551784,42497.9345016592,72067.5224424509
43621.6333962427,4669.1492043692,42475.0478650757,41220.175766249,70901.64332633
43346.2320567864,4585.50421199565,41490.3394512227,40937.1644326299,70478.2537836329
44223.1811999192,4739.98508163189,44794.7146426171,44894.5802414392,72868.7677283693
45242.413324508,4989.48647224091,52874.7293762968,52223.7533113133,77434.2848121849
49188.2007650324,4887.60357666076,104754.873661123,99670.1938041366,138482.386209861
53896.768421158,5620.71817681444,126731.772261142,120828.90433372,154308.235682
53433.4612290974,5213.20510844648,134072.088147487,126321.164933946,165641.925327434
52668.7558326578,5079.02610102754,140097.615238667,134388.278969921,172832.336436433
53219.7804725691,4856.58766477295,142505.376385831,136082.694439248,178695.709058285
53619.6533555554,4864.60083158028,142476.536429038,135623.019715297,177676.209433478
53802.5886945121,4970.28207635613,141424.971401018,135943.161412224,176604.246288135
53119.0429744739,5024.99655240633,136239.88503442,133298.161838233,176415.154751862
52174.7343387838,5077.70145251786,133302.390749066,132643.333945785,177263.332806808
51613.7607403187,5221.8682732125,125446.105717374,127112.058599926,172050.435283325
50808.4411244011,5334.0574748352,118711.258687688,117562.983882658,161957.305871864
52183.5345358665,5451.42031299655,116936.174415539,108471.677755479,150394.4342787
53325.4028041041,5720.12863921576,117332.502983421,102314.629665666,143952.217530498
49763.0196505561,5763.38116861852,73147.5195875274,67517.0862055776,99160.3091426142
49416.3772428689,5809.97193758668,68214.3229809885,65405.8827877904,94866.475656769
48740.2758680895,5656.16799387406,62362.7780571278,62570.9772176183,92694.9624082344
48607.8855317295,5907.97434802591,58124.5439417526,55801.2755715319,88302.3257475112
46453.5267181291,5381.9672359569,53454.5945046712,49764.707093981,75544.7277420033
44916.0729644537,4956.0802649224,47242.0409016489,45098.0007055048,72773.8423892315
44282.8682619599,4813.82525118985,44227.3810551784,42497.9345016592,72067.5224424509
43621.6333962427,4669.1492043692,42475.0478650757,41220.175766249,70901.64332633
43346.2320567864,4585.50421199565,41490.3394512227,40937.1644326299,70478.2537836329
44223.1811999192,4739.98508163189,44794.7146426171,44894.5802414392,72868.7677283693
45242.413324508,4989.48647224091,52874.7293762968,52223.7533113133,77434.2848121849
49188.2007650324,4887.60357666076,104754.873661123,99670.1938041366,138482.386209861
53896.768421158,5620.71817681444,126731.772261142,120828.90433372,154308.235682
53433.4612290974,5213.20510844648,134072.088147487,126321.164933946,165641.925327434
52668.7558326578,5079.02610102754,140097.615238667,134388.278969921,172832.336436433
53219.7804725691,4856.58766477295,142505.376385831,136082.694439248,178695.709058285
53619.6533555554,4864.60083158028,142476.536429038,135623.019715297,177676.209433478
53802.5886945121,4970.28207635613,141424.971401018,135943.161412224,176604.246288135
53119.0429744739,5024.99655240633,136239.88503442,133298.161838233,176415.154751862
52174.7343387838,5077.70145251786,133302.390749066,132643.333945785,177263.332806808
51613.7607403187,5221.8682732125,125446.105717374,127112.058599926,172050.435283325
50808.4411244011,5334.0574748352,118711.258687688,117562.983882658,161957.305871864
52183.5345358665,5451.42031299655,116936.174415539,108471.677755479,150394.4342787
53325.4028041041,5720.12863921576,117332.502983421,102314.629665666,143952.217530498
49763.0196505561,5763.38116861852,73147.5195875274,67517.0862055776,99160.3091426142
49416.3772428689,5809.97193758668,68214.3229809885,65405.8827877904,94866.475656769
48740.2758680895,5656.16799387406,62362.7780571278,62570.9772176183,92694.9624082344
48607.8855317295,5907.97434802591,58124.5439417526,55801.2755715319,88302.3257475112
46453.5267181291,5381.9672359569,53454.5945046712,49764.707093981,75544.7277420033
44916.0729644537,4956.0802649224,47242.0409016489,45098.0007055048,72773.8423892315
44282.8682619599,4813.82525118985,44227.3810551784,42497.9345016592,72067.5224424509
43621.6333962427,4669.1492043692,42475.0478650757,41220.175766249,70901.64332633
43346.2320567864,4585.50421199565,41490.3394512227,40937.1644326299,70478.2537836329
44223.1811999192,4739.98508163189,44794.7146426171,44894.5802414392,72868.7677283693
45242.413324508,4989.48647224091,52874.7293762968,52223.7533113133,77434.2848121849
49188.2007650324,4887.60357666076,104754.873661123,99670.1938041366,138482.386209861
53896.768421158,5620.71817681444,126731.772261142,120828.90433372,154308.235682
53433.4612290974,5213.20510844648,134072.088147487,126321.164933946,165641.925327434
52668.7558326578,5079.02610102754,140097.615238667,134388.278969921,172832.336436433
53219.7804725691,4856.58766477295,142505.376385831,136082.694439248,178695.709058285
53619.6533555554,4864.60083158028,142476.536429038,135623.019715297,177676.209433478
53802.5886945121,4970.28207635613,141424.971401018,135943.161412224,176604.246288135
53119.0429744739,5024.99655240633,136239.88503442,133298.161838233,176415.154751862
52174.7343387838,5077.70145251786,133302.390749066,132643.333945785,177263.332806808
51613.7607403187,5221.8682732125,125446.105717374,127112.058599926,172050.435283325
50808.4411244011,5334.0574748352,118711.258687688,117562.983882658,161957.305871864
52183.5345358665,5451.42031299655,116936.174415539,108471.677755479,150394.4342787
53325.4028041041,5720.12863921576,117332.502983421,102314.629665666,143952.217530498
49763.0196505561,5763.38116861852,73147.5195875274,67517.0862055776,99160.3091426142
49416.3772428689,5809.97193758668,68214.3229809885,65405.8827877904,94866.475656769
48740.2758680895,5656.16799387406,62362.7780571278,62570.9772176183,92694.9624082344
48607.8855317295,5907.97434802591,58124.5439417526,55801.2755715319,88302.3257475112
46453.5267181291,5381.9672359569,53454.5945046712,49764.707093981,75544.7277420033
44916.0729644537,4956.0802649224,47242.0409016489,45098.0007055048,72773.8423892315
44282.8682619599,4813.82525118985,44227.3810551784,42497.9345016592,72067.5224424509
43621.6333962427,4669.1492043692,42475.0478650757,41220.175766249,70901.64332633
43346.2320567864,4585.50421199565,41490.3394512227,40937.1644326299,70478.2537836329
44223.1811999192,4739.98508163189,44794.7146426171,44894.5802414392,72868.7677283693
45242.413324508,4989.48647224091,52874.7293762968,52223.7533113133,77434.2848121849
49188.2007650324,4887.60357666076,104754.873661123,99670.1938041366,138482.386209861
53896.768421158,5620.71817681444,126731.772261142,120828.90433372,154308.235682
53433.4612290974,5213.20510844648,134072.088147487,126321.164933946,165641.925327434
52668.7558326578,5079.02610102754,140097.615238667,134388.278969921,172832.336436433
53219.7804725691,4856.58766477295,142505.376385831,136082.694439248,178695.709058285
53619.6533555554,4864.60083158028,142476.536429038,135623.019715297,177676.209433478
53802.5886945121,4970.28207635613,141424.971401018,135943.161412224,176604.246288135
53119.0429744739,5024.99655240633,136239.88503442,133298.161838233,176415.154751862
52174.7343387838,5077.70145251786,133302.390749066,132643.333945785,177263.332806808
51613.7607403187,5221.8682732125,125446.105717374,127112.058599926,172050.435283325
50808.4411244011,5334.0574748352,118711.258687688,117562.983882658,161957.305871864
52183.5345358665,5451.42031299655,116936.174415539,108471.677755479,150394.4342787
53325.4028041041,5720.12863921576,117332.502983421,102314.629665666,143952.217530498
49763.0196505561,5763.38116861852,73147.5195875274,67517.0862055776,99160.3091426142
49416.3772428689,5809.97193758668,68214.3229809885,65405.8827877904,94866.475656769
48740.2758680895,5656.16799387406,62362.7780571278,62570.9772176183,92694.9624082344
48607.8855317295,5907.97434802591,58124.5439417526,55801.2755715319,88302.3257475112
46453.5267181291,5381.9672359569,53454.5945046712,49764.707093981,75544.7277420033
44916.0729644537,4956.0802649224,47242.0409016489,45098.0007055048,72773.8423892315
44282.8682619599,4813.82525118985,44227.3810551784,42497.9345016592,72067.5224424509
43621.6333962427,4669.1492043692,42475.0478650757,41220.175766249,70901.64332633
43346.2320567864,4585.50421199565,41490.3394512227,40937.1644326299,70478.2537836329
44223.1811999192,4739.98508163189,44794.7146426171,44894.5802414392,72868.7677283693
45242.413324508,4989.48647224091,52874.7293762968,52223.7533113133,77434.2848121849
49188.2007650324,4887.60357666076,104754.873661123,99670.1938041366,138482.386209861
53896.768421158,5620.71817681444,126731.772261142,120828.90433372,154308.235682
53433.4612290974,5213.20510844648,134072.088147487,126321.164933946,165641.925327434
52668.7558326578,5079.02610102754,140097.615238667,134388.278969921,172832.336436433
53219.7804725691,4856.58766477295,142505.376385831,136082.694439248,178695.709058285
53619.6533555554,4864.60083158028,142476.536429038,135623.019715297,177676.209433478
53802.5886945121,4970.28207635613,141424.971401018,135943.161412224,176604.246288135
53119.0429744739,5024.99655240633,136239.88503442,133298.161838233,176415.154751862
52174.7343387838,5077.70145251786,133302.390749066,132643.333945785,177263.332806808
51613.7607403187,5221.8682732125,125446.105717374,127112.058599926,172050.435283325
50808.4411244011,5334.0574748352,118711.258687688,117562.983882658,161957.305871864
52183.5345358665,5451.42031299655,116936.174415539,108471.677755479,150394.4342787
53325.4028041041,5720.12863921576,117332.502983421,102314.629665666,143952.217530498
49763.0196505561,5763.38116861852,73147.5195875274,67517.0862055776,99160.3091426142
49416.3772428689,5809.97193758668,68214.3229809885,65405.8827877904,94866.475656769
48740.2758680895,5656.16799387406,62362.7780571278,62570.9772176183,92694.9624082344
48607.8855317295,5907.97434802591,58124.5439417526,55801.2755715319,88302.3257475112
46453.5267181291,5381.9672359569,53454.5945046712,49764.707093981,75544.7277420033
44916.0729644537,4956.0802649224,47242.0409016489,45098.0007055048,72773.8423892315
44282.8682619599,4813.82525118985,44227.3810551784,42497.9345016592,72067.5224424509
43621.6333962427,4669.1492043692,42475.0478650757,41220.175766249,70901.64332633
43346.2320567864,4585.50421199565,41490.3394512227,40937.1644326299,70478.2537836329
44223.1811999192,4739.98508163189,44794.7146426171,44894.5802414392,72868.7677283693
45242.413324508,4989.48647224091,52874.7293762968,52223.7533113133,77434.2848121849
49188.2007650324,4887.60357666076,104754.873661123,99670.1938041366,138482.386209861
53896.768421158,5620.71817681444,126731.772261142,120828.90433372,154308.235682
53433.4612290974,5213.20510844648,134072.088147487,126321.164933946,165641.925327434
52668.7558326578,5079.02610102754,140097.615238667,134388.278969921,172832.336436433
53219.7804725691,4856.58766477295,142505.376385831,136082.694439248,178695.709058285
53619.6533555554,4864.60083158028,142476.536429038,135623.019715297,177676.209433478
53802.5886945121,4970.28207635613,141424.971401018,135943.161412224,176604.246288135
53119.0429744739,5024.99655240633,136239.88503442,133298.161838233,176415.154751862
52174.7343387838,5077.70145251786,133302.390749066,132643.333945785,177263.332806808
51613.7607403187,5221.8682732125,125446.105717374,127112.058599926,172050.435283325
50808.4411244011,5334.0574748352,118711.258687688,117562.983882658,161957.305871864
52183.5345358665,5451.42031299655,116936.174415539,108471.677755479,150394.4342787
53325.4028041041,5720.12863921576,117332.502983421,102314.629665666,143952.217530498
49763.0196505561,5763.38116861852,73147.5195875274,67517.0862055776,99160.3091426142
49416.3772428689,5809.97193758668,68214.3229809885,65405.8827877904,94866.475656769
48740.2758680895,5656.16799387406,62362.7780571278,62570.9772176183,92694.9624082344
48607.8855317295,5907.97434802591,58124.5439417526,55801.2755715319,88302.3257475112
46453.5267181291,5381.9672359569,53454.5945046712,49764.707093981,75544.7277420033
44916.0729644537,4956.0802649224,47242.0409016489,45098.0007055048,72773.8423892315
44282.8682619599,4813.82525118985,44227.3810551784,42497.9345016592,72067.5224424509
43621.6333962427,4669.1492043692,42475.0478650757,41220.175766249,70901.64332633
43346.2320567864,4585.50421199565,41490.3394512227,40937.1644326299,70478.2537836329
44223.1811999192,4739.98508163189,44794.7146426171,44894.5802414392,72868.7677283693
45242.413324508,4989.48647224091,52874.7293762968,52223.7533113133,77434.2848121849
49188.2007650324,4887.60357666076,104754.873661123,99670.1938041366,138482.386209861
53896.768421158,5620.71817681444,126731.772261142,120828.90433372,154308.235682
53433.4612290974,5213.20510844648,134072.088147487,126321.164933946,165641.925327434
52668.7558326578,5079.02610102754,140097.615238667,134388.278969921,172832.336436433
53219.7804725691,4856.58766477295,142505.376385831,136082.694439248,178695.709058285
53619.6533555554,4864.60083158028,142476.536429038,135623.019715297,177676.209433478
53802.5886945121,4970.28207635613,141424.971401018,135943.161412224,176604.246288135
53119.0429744739,5024.99655240633,136239.88503442,133298.161838233,176415.154751862
52174.7343387838,5077.70145251786,133302.390749066,132643.333945785,177263.332806808
51613.7607403187,5221.8682732125,125446.105717374,127112.058599926,172050.435283325
50808.4411244011,5334.0574748352,118711.258687688,117562.983882658,161957.305871864
52183.5345358665,5451.42031299655,116936.174415539,108471.677755479,150394.4342787
53325.4028041041,5720.12863921576,117332.502983421,102314.629665666,143952.217530498
49763.0196505561,5763.38116861852,73147.5195875274,67517.0862055776,99160.3091426142
49416.3772428689,5809.97193758668,68214.3229809885,65405.8827877904,94866.475656769
48740.2758680895,5656.16799387406,62362.7780571278,62570.9772176183,92694.9624082344
48607.8855317295,5907.97434802591,58124.5439417526,55801.2755715319,88302.3257475112
46453.5267181291,5381.9672359569,53454.5945046712,49764.707093981,75544.7277420033
44916.0729644537,4956.0802649224,47242.0409016489,45098.0007055048,72773.8423892315
44282.8682619599,4813.82525118985,44227.3810551784,42497.9345016592,72067.5224424509
43621.6333962427,4669.1492043692,42475.0478650757,41220.175766249,70901.64332633
43346.2320567864,4585.50421199565,41490.3394512227,40937.1644326299,70478.2537836329
44223.1811999192,4739.98508163189,44794.7146426171,44894.5802414392,72868.7677283693
45242.413324508,4989.48647224091,52874.7293762968,52223.7533113133,77434.2848121849
49188.2007650324,4887.60357666076,104754.873661123,99670.1938041366,138482.386209861
53896.768421158,5620.71817681444,126731.772261142,120828.90433372,154308.235682
53433.4612290974,5213.20510844648,134072.088147487,126321.164933946,165641.925327434
52668.7558326578,5079.02610102754,140097.615238667,134388.278969921,172832.336436433
53219.7804725691,4856.58766477295,142505.376385831,136082.694439248,178695.709058285
53619.6533555554,4864.60083158028,142476.536429038,135623.019715297,177676.209433478
53802.5886945121,4970.28207635613,141424.971401018,135943.161412224,176604.246288135
53119.0429744739,5024.99655240633,136239.88503442,133298.161838233,176415.154751862
52174.7343387838,5077.70145251786,133302.390749066,132643.333945785,177263.332806808
51613.7607403187,5221.8682732125,125446.105717374,127112.058599926,172050.435283325
50808.4411244011,5334.0574748352,118711.258687688,117562.983882658,161957.305871864
52183.5345358665,5451.42031299655,116936.174415539,108471.677755479,150394.4342787
53325.4028041041,5720.12863921576,117332.502983421,102314.629665666,143952.217530498
49763.0196505561,5763.38116861852,73147.5195875274,67517.0862055776,99160.3091426142
49416.3772428689,5809.97193758668,68214.3229809885,65405.8827877904,94866.475656769
48740.2758680895,5656.16799387406,62362.7780571278,62570.9772176183,92694.9624082344
48607.8855317295,5907.97434802591,58124.5439417526,55801.2755715319,88302.3257475112
46453.5267181291,5381.9672359569,53454.5945046712,49764.707093981,75544.7277420033
44916.0729644537,4956.0802649224,47242.0409016489,45098.0007055048,72773.8423892315
44282.8682619599,4813.82525118985,44227.3810551784,42497.9345016592,72067.5224424509
43621.6333962427,4669.1492043692,42475.0478650757,41220.175766249,70901.64332633
43346.2320567864,4585.50421199565,41490.3394512227,40937.1644326299,70478.2537836329
44223.1811999192,4739.98508163189,44794.7146426171,44894.5802414392,72868.7677283693
45242.413324508,4989.48647224091,52874.7293762968,52223.7533113133,77434.2848121849
49188.2007650324,4887.60357666076,104754.873661123,99670.1938041366,138482.386209861
53896.768421158,5620.71817681444,126731.772261142,120828.90433372,154308.235682
53433.4612290974,5213.20510844648,134072.088147487,126321.164933946,165641.925327434
52668.7558326578,5079.02610102754,140097.615238667,134388.278969921,172832.336436433
53219.7804725691,4856.58766477295,142505.376385831,136082.694439248,178695.709058285
53619.6533555554,4864.60083158028,142476.536429038,135623.019715297,177676.209433478
53802.5886945121,4970.28207635613,141424.971401018,135943.161412224,176604.246288135
53119.0429744739,5024.99655240633,136239.88503442,133298.161838233,176415.154751862
52174.7343387838,5077.70145251786,133302.390749066,132643.333945785,177263.332806808
51613.7607403187,5221.8682732125,125446.105717374,127112.058599926,172050.435283325
50808.4411244011,5334.0574748352,118711.258687688,117562.983882658,161957.305871864
52183.5345358665,5451.42031299655,116936.174415539,108471.677755479,150394.4342787
53325.4028041041,5720.12863921576,117332.502983421,102314.629665666,143952.217530498
49763.0196505561,5763.38116861852,73147.5195875274,67517.0862055776,99160.3091426142
49416.3772428689,5809.97193758668,68214.3229809885,65405.8827877904,94866.475656769
48740.2758680895,5656.16799387406,62362.7780571278,62570.9772176183,92694.9624082344
48607.8855317295,5907.97434802591,58124.5439417526,55801.2755715319,88302.3257475112
46453.5267181291,5381.9672359569,53454.5945046712,49764.707093981,75544.7277420033
44916.0729644537,4956.0802649224,47242.0409016489,45098.0007055048,72773.8423892315
44282.8682619599,4813.82525118985,44227.3810551784,42497.9345016592,72067.5224424509
43621.6333962427,4669.1492043692,42475.0478650757,41220.175766249,70901.64332633
43346.2320567864,4585.50421199565,41490.3394512227,40937.1644326299,70478.2537836329
44223.1811999192,4739.98508163189,44794.7146426171,44894.5802414392,72868.7677283693
45242.413324508,4989.48647224091,52874.7293762968,52223.7533113133,77434.2848121849
49188.2007650324,4887.60357666076,104754.873661123,99670.1938041366,138482.386209861
53896.768421158,5620.71817681444,126731.772261142,120828.90433372,154308.235682
53433.4612290974,5213.20510844648,134072.088147487,126321.164933946,165641.925327434
52668.7558326578,5079.02610102754,140097.615238667,134388.278969921,172832.336436433
53219.7804725691,4856.58766477295,142505.376385831,136082.694439248,178695.709058285
53619.6533555554,4864.60083158028,142476.536429038,135623.019715297,177676.209433478
53802.5886945121,4970.28207635613,141424.971401018,135943.161412224,176604.246288135
53119.0429744739,5024.99655240633,136239.88503442,133298.161838233,176415.154751862
52174.7343387838,5077.70145251786,133302.390749066,132643.333945785,177263.332806808
51613.7607403187,5221.8682732125,125446.105717374,127112.058599926,172050.435283325
50808.4411244011,5334.0574748352,118711.258687688,117562.983882658,161957.305871864
52183.5345358665,5451.42031299655,116936.174415539,108471.677755479,150394.4342787
53325.4028041041,5720.12863921576,117332.502983421,102314.629665666,143952.217530498
49763.0196505561,5763.38116861852,73147.5195875274,67517.0862055776,99160.3091426142
49416.3772428689,5809.97193758668,68214.3229809885,65405.8827877904,94866.475656769
48740.2758680895,5656.16799387406,62362.7780571278,62570.9772176183,92694.9624082344
48607.8855317295,5907.97434802591,58124.5439417526,55801.2755715319,88302.3257475112
46453.5267181291,5381.9672359569,53454.5945046712,49764.707093981,75544.7277420033
44916.0729644537,4956.0802649224,47242.0409016489,45098.0007055048,72773.8423892315
44282.8682619599,4813.82525118985,44227.3810551784,42497.9345016592,72067.5224424509
43621.6333962427,4669.1492043692,42475.0478650757,41220.175766249,70901.64332633
43346.2320567864,4585.50421199565,41490.3394512227,40937.1644326299,70478.2537836329
44223.1811999192,4739.98508163189,44794.7146426171,44894.5802414392,72868.7677283693
45242.413324508,4989.48647224091,52874.7293762968,52223.7533113133,77434.2848121849
49188.2007650324,4887.60357666076,104754.873661123,99670.1938041366,138482.386209861
53896.768421158,5620.71817681444,126731.772261142,120828.90433372,154308.235682
53433.4612290974,5213.20510844648,134072.088147487,126321.164933946,165641.925327434
52668.7558326578,5079.02610102754,140097.615238667,134388.278969921,172832.336436433
53219.7804725691,4856.58766477295,142505.376385831,136082.694439248,178695.709058285
53619.6533555554,4864.60083158028,142476.536429038,135623.019715297,177676.209433478
53802.5886945121,4970.28207635613,141424.971401018,135943.161412224,176604.246288135
53119.0429744739,5024.99655240633,136239.88503442,133298.161838233,176415.154751862
52174.7343387838,5077.70145251786,133302.390749066,132643.333945785,177263.332806808
51613.7607403187,5221.8682732125,125446.105717374,127112.058599926,172050.435283325
50808.4411244011,5334.0574748352,118711.258687688,117562.983882658,161957.305871864
52183.5345358665,5451.42031299655,116936.174415539,108471.677755479,150394.4342787
53325.4028041041,5720.12863921576,117332.502983421,102314.629665666,143952.217530498
49763.0196505561,5763.38116861852,73147.5195875274,67517.0862055776,99160.3091426142
49416.3772428689,5809.97193758668,68214.3229809885,65405.8827877904,94866.475656769
48740.2758680895,5656.16799387406,62362.7780571278,62570.9772176183,92694.9624082344
48607.8855317295,5907.97434802591,58124.5439417526,55801.2755715319,88302.3257475112
46453.5267181291,5381.9672359569,53454.5945046712,49764.707093981,75544.7277420033
44916.0729644537,4956.0802649224,47242.0409016489,45098.0007055048,72773.8423892315
44282.8682619599,4813.82525118985,44227.3810551784,42497.9345016592,72067.5224424509
43621.6333962427,4669.1492043692,42475.0478650757,41220.175766249,70901.64332633
43346.2320567864,4585.50421199565,41490.3394512227,40937.1644326299,70478.2537836329
44223.1811999192,4739.98508163189,44794.7146426171,44894.5802414392,72868.7677283693
45242.413324508,4989.48647224091,52874.7293762968,52223.7533113133,77434.2848121849
49188.2007650324,4887.60357666076,104754.873661123,99670.1938041366,138482.386209861
53896.768421158,5620.71817681444,126731.772261142,120828.90433372,154308.235682
53433.4612290974,5213.20510844648,134072.088147487,126321.164933946,165641.925327434
52668.7558326578,5079.02610102754,140097.615238667,134388.278969921,172832.336436433
53219.7804725691,4856.58766477295,142505.376385831,136082.694439248,178695.709058285
53619.6533555554,4864.60083158028,142476.536429038,135623.019715297,177676.209433478
53802.5886945121,4970.28207635613,141424.971401018,135943.161412224,176604.246288135
53119.0429744739,5024.99655240633,136239.88503442,133298.161838233,176415.154751862
52174.7343387838,5077.70145251786,133302.390749066,132643.333945785,177263.332806808
51613.7607403187,5221.8682732125,125446.105717374,127112.058599926,172050.435283325
50808.4411244011,5334.0574748352,118711.258687688,117562.983882658,161957.305871864
52183.5345358665,5451.42031299655,116936.174415539,108471.677755479,150394.4342787
53325.4028041041,5720.12863921576,117332.502983421,102314.629665666,143952.217530498
49763.0196505561,5763.38116861852,73147.5195875274,67517.0862055776,99160.3091426142
49416.3772428689,5809.97193758668,68214.3229809885,65405.8827877904,94866.475656769
48740.2758680895,5656.16799387406,62362.7780571278,62570.9772176183,92694.9624082344
48607.8855317295,5907.97434802591,58124.5439417526,55801.2755715319,88302.3257475112
46453.5267181291,5381.9672359569,53454.5945046712,49764.707093981,75544.7277420033
44916.0729644537,4956.0802649224,47242.0409016489,45098.0007055048,72773.8423892315
44282.8682619599,4813.82525118985,44227.3810551784,42497.9345016592,72067.5224424509
43621.6333962427,4669.1492043692,42475.0478650757,41220.175766249,70901.64332633
43346.2320567864,4585.50421199565,41490.3394512227,40937.1644326299,70478.2537836329
44223.1811999192,4739.98508163189,44794.7146426171,44894.5802414392,72868.7677283693
45242.413324508,4989.48647224091,52874.7293762968,52223.7533113133,77434.2848121849
49188.2007650324,4887.60357666076,104754.873661123,99670.1938041366,138482.386209861
53896.768421158,5620.71817681444,126731.772261142,120828.90433372,154308.235682
53433.4612290974,5213.20510844648,134072.088147487,126321.164933946,165641.925327434
52668.7558326578,5079.02610102754,140097.615238667,134388.278969921,172832.336436433
53219.7804725691,4856.58766477295,142505.376385831,136082.694439248,178695.709058285
53619.6533555554,4864.60083158028,142476.536429038,135623.019715297,177676.209433478
53802.5886945121,4970.28207635613,141424.971401018,135943.161412224,176604.246288135
53119.0429744739,5024.99655240633,136239.88503442,133298.161838233,176415.154751862
52174.7343387838,5077.70145251786,133302.390749066,132643.333945785,177263.332806808
51613.7607403187,5221.8682732125,125446.105717374,127112.058599926,172050.435283325
50808.4411244011,5334.0574748352,118711.258687688,117562.983882658,161957.305871864
52183.5345358665,5451.42031299655,116936.174415539,108471.677755479,150394.4342787
53325.4028041041,5720.12863921576,117332.502983421,102314.629665666,143952.217530498
49763.0196505561,5763.38116861852,73147.5195875274,67517.0862055776,99160.3091426142
49416.3772428689,5809.97193758668,68214.3229809885,65405.8827877904,94866.475656769
48740.2758680895,5656.16799387406,62362.7780571278,62570.9772176183,92694.9624082344
48607.8855317295,5907.97434802591,58124.5439417526,55801.2755715319,88302.3257475112
46453.5267181291,5381.9672359569,53454.5945046712,49764.707093981,75544.7277420033
44916.0729644537,4956.0802649224,47242.0409016489,45098.0007055048,72773.8423892315
44282.8682619599,4813.82525118985,44227.3810551784,42497.9345016592,72067.5224424509
43621.6333962427,4669.1492043692,42475.0478650757,41220.175766249,70901.64332633
43346.2320567864,4585.50421199565,41490.3394512227,40937.1644326299,70478.2537836329
44223.1811999192,4739.98508163189,44794.7146426171,44894.5802414392,72868.7677283693
45242.413324508,4989.48647224091,52874.7293762968,52223.7533113133,77434.2848121849
49188.2007650324,4887.60357666076,104754.873661123,99670.1938041366,138482.386209861
53896.768421158,5620.71817681444,126731.772261142,120828.90433372,154308.235682
53433.4612290974,5213.20510844648,134072.088147487,126321.164933946,165641.925327434
52668.7558326578,5079.02610102754,140097.615238667,134388.278969921,172832.336436433
53219.7804725691,4856.58766477295,142505.376385831,136082.694439248,178695.709058285
53619.6533555554,4864.60083158028,142476.536429038,135623.019715297,177676.209433478
53802.5886945121,4970.28207635613,141424.971401018,135943.161412224,176604.246288135
53119.0429744739,5024.99655240633,136239.88503442,133298.161838233,176415.154751862
52174.7343387838,5077.70145251786,133302.390749066,132643.333945785,177263.332806808
51613.7607403187,5221.8682732125,125446.105717374,127112.058599926,172050.435283325
50808.4411244011,5334.0574748352,118711.258687688,117562.983882658,161957.305871864
52183.5345358665,5451.42031299655,116936.174415539,108471.677755479,150394.4342787
53325.4028041041,5720.12863921576,117332.502983421,102314.629665666,143952.217530498
49763.0196505561,5763.38116861852,73147.5195875274,67517.0862055776,99160.3091426142
49416.3772428689,5809.97193758668,68214.3229809885,65405.8827877904,94866.475656769
48740.2758680895,5656.16799387406,62362.7780571278,62570.9772176183,92694.9624082344
48607.8855317295,5907.97434802591,58124.5439417526,55801.2755715319,88302.3257475112
46453.5267181291,5381.9672359569,53454.5945046712,49764.707093981,75544.7277420033
44916.0729644537,4956.0802649224,47242.0409016489,45098.0007055048,72773.8423892315
44282.8682619599,4813.82525118985,44227.3810551784,42497.9345016592,72067.5224424509
43621.6333962427,4669.1492043692,42475.0478650757,41220.175766249,70901.64332633
43346.2320567864,4585.50421199565,41490.3394512227,40937.1644326299,70478.2537836329
44223.1811999192,4739.98508163189,44794.7146426171,44894.5802414392,72868.7677283693
45242.413324508,4989.48647224091,52874.7293762968,52223.7533113133,77434.2848121849
49188.2007650324,4887.60357666076,104754.873661123,99670.1938041366,138482.386209861
53896.768421158,5620.71817681444,126731.772261142,120828.90433372,154308.235682
53433.4612290974,5213.20510844648,134072.088147487,126321.164933946,165641.925327434
52668.7558326578,5079.02610102754,140097.615238667,134388.278969921,172832.336436433
53219.7804725691,4856.58766477295,142505.376385831,136082.694439248,178695.709058285
53619.6533555554,4864.60083158028,142476.536429038,135623.019715297,177676.209433478
53802.5886945121,4970.28207635613,141424.971401018,135943.161412224,176604.246288135
53119.0429744739,5024.99655240633,136239.88503442,133298.161838233,176415.154751862
52174.7343387838,5077.70145251786,133302.390749066,132643.333945785,177263.332806808
51613.7607403187,5221.8682732125,125446.105717374,127112.058599926,172050.435283325
50808.4411244011,5334.0574748352,118711.258687688,117562.983882658,161957.305871864
52183.5345358665,5451.42031299655,116936.174415539,108471.677755479,150394.4342787
53325.4028041041,5720.12863921576,117332.502983421,102314.629665666,143952.217530498
49763.0196505561,5763.38116861852,73147.5195875274,67517.0862055776,99160.3091426142
49416.3772428689,5809.97193758668,68214.3229809885,65405.8827877904,94866.475656769
48740.2758680895,5656.16799387406,62362.7780571278,62570.9772176183,92694.9624082344
48607.8855317295,5907.97434802591,58124.5439417526,55801.2755715319,88302.3257475112
46453.5267181291,5381.9672359569,53454.5945046712,49764.707093981,75544.7277420033
44916.0729644537,4956.0802649224,47242.0409016489,45098.0007055048,72773.8423892315
44282.8682619599,4813.82525118985,44227.3810551784,42497.9345016592,72067.5224424509
43621.6333962427,4669.1492043692,42475.0478650757,41220.175766249,70901.64332633
43346.2320567864,4585.50421199565,41490.3394512227,40937.1644326299,70478.2537836329
44223.1811999192,4739.98508163189,44794.7146426171,44894.5802414392,72868.7677283693
45242.413324508,4989.48647224091,52874.7293762968,52223.7533113133,77434.2848121849
49188.2007650324,4887.60357666076,104754.873661123,99670.1938041366,138482.386209861
53896.768421158,5620.71817681444,126731.772261142,120828.90433372,154308.235682
53433.4612290974,5213.20510844648,134072.088147487,126321.164933946,165641.925327434
52668.7558326578,5079.02610102754,140097.615238667,134388.278969921,172832.336436433
53219.7804725691,4856.58766477295,142505.376385831,136082.694439248,178695.709058285
53619.6533555554,4864.60083158028,142476.536429038,135623.019715297,177676.209433478
53802.5886945121,4970.28207635613,141424.971401018,135943.161412224,176604.246288135
53119.0429744739,5024.99655240633,136239.88503442,133298.161838233,176415.154751862
52174.7343387838,5077.70145251786,133302.390749066,132643.333945785,177263.332806808
51613.7607403187,5221.8682732125,125446.105717374,127112.058599926,172050.435283325
50808.4411244011,5334.0574748352,118711.258687688,117562.983882658,161957.305871864
52183.5345358665,5451.42031299655,116936.174415539,108471.677755479,150394.4342787
53325.4028041041,5720.12863921576,117332.502983421,102314.629665666,143952.217530498
49763.0196505561,5763.38116861852,73147.5195875274,67517.0862055776,99160.3091426142
49416.3772428689,5809.97193758668,68214.3229809885,65405.8827877904,94866.475656769
48740.2758680895,5656.16799387406,62362.7780571278,62570.9772176183,92694.9624082344
48607.8855317295,5907.97434802591,58124.5439417526,55801.2755715319,88302.3257475112
46453.5267181291,5381.9672359569,53454.5945046712,49764.707093981,75544.7277420033
44916.0729644537,4956.0802649224,47242.0409016489,45098.0007055048,72773.8423892315
44282.8682619599,4813.82525118985,44227.3810551784,42497.9345016592,72067.5224424509
43621.6333962427,4669.1492043692,42475.0478650757,41220.175766249,70901.64332633
43346.2320567864,4585.50421199565,41490.3394512227,40937.1644326299,70478.2537836329
44223.1811999192,4739.98508163189,44794.7146426171,44894.5802414392,72868.7677283693
45242.413324508,4989.48647224091,52874.7293762968,52223.7533113133,77434.2848121849
49188.2007650324,4887.60357666076,104754.873661123,99670.1938041366,138482.386209861
53896.768421158,5620.71817681444,126731.772261142,120828.90433372,154308.235682
53433.4612290974,5213.20510844648,134072.088147487,126321.164933946,165641.925327434
52668.7558326578,5079.02610102754,140097.615238667,134388.278969921,172832.336436433
53219.7804725691,4856.58766477295,142505.376385831,136082.694439248,178695.709058285
53619.6533555554,4864.60083158028,142476.536429038,135623.019715297,177676.209433478
53802.5886945121,4970.28207635613,141424.971401018,135943.161412224,176604.246288135
53119.0429744739,5024.99655240633,136239.88503442,133298.161838233,176415.154751862
52174.7343387838,5077.70145251786,133302.390749066,132643.333945785,177263.332806808
51613.7607403187,5221.8682732125,125446.105717374,127112.058599926,172050.435283325
50808.4411244011,5334.0574748352,118711.258687688,117562.983882658,161957.305871864
52183.5345358665,5451.42031299655,116936.174415539,108471.677755479,150394.4342787
53325.4028041041,5720.12863921576,117332.502983421,102314.629665666,143952.217530498
49763.0196505561,5763.38116861852,73147.5195875274,67517.0862055776,99160.3091426142
49416.3772428689,5809.97193758668,68214.3229809885,65405.8827877904,94866.475656769
48740.2758680895,5656.16799387406,62362.7780571278,62570.9772176183,92694.9624082344
48607.8855317295,5907.97434802591,58124.5439417526,55801.2755715319,88302.3257475112
46453.5267181291,5381.9672359569,53454.5945046712,49764.707093981,75544.7277420033
44916.0729644537,4956.0802649224,47242.0409016489,45098.0007055048,72773.8423892315
44282.8682619599,4813.82525118985,44227.3810551784,42497.9345016592,72067.5224424509
43621.6333962427,4669.1492043692,42475.0478650757,41220.175766249,70901.64332633
43346.2320567864,4585.50421199565,41490.3394512227,40937.1644326299,70478.2537836329
44223.1811999192,4739.98508163189,44794.7146426171,44894.5802414392,72868.7677283693
45242.413324508,4989.48647224091,52874.7293762968,52223.7533113133,77434.2848121849
49188.2007650324,4887.60357666076,104754.873661123,99670.1938041366,138482.386209861
53896.768421158,5620.71817681444,126731.772261142,120828.90433372,154308.235682
53433.4612290974,5213.20510844648,134072.088147487,126321.164933946,165641.925327434
52668.7558326578,5079.02610102754,140097.615238667,134388.278969921,172832.336436433
53219.7804725691,4856.58766477295,142505.376385831,136082.694439248,178695.709058285
53619.6533555554,4864.60083158028,142476.536429038,135623.019715297,177676.209433478
53802.5886945121,4970.28207635613,141424.971401018,135943.161412224,176604.246288135
53119.0429744739,5024.99655240633,136239.88503442,133298.161838233,176415.154751862
52174.7343387838,5077.70145251786,133302.390749066,132643.333945785,177263.332806808
51613.7607403187,5221.8682732125,125446.105717374,127112.058599926,172050.435283325
50808.4411244011,5334.0574748352,118711.258687688,117562.983882658,161957.305871864
52183.5345358665,5451.42031299655,116936.174415539,108471.677755479,150394.4342787
53325.4028041041,5720.12863921576,117332.502983421,102314.629665666,143952.217530498
49763.0196505561,5763.38116861852,73147.5195875274,67517.0862055776,99160.3091426142
49416.3772428689,5809.97193758668,68214.3229809885,65405.8827877904,94866.475656769
48740.2758680895,5656.16799387406,62362.7780571278,62570.9772176183,92694.9624082344
48607.8855317295,5907.97434802591,58124.5439417526,55801.2755715319,88302.3257475112
46453.5267181291,5381.9672359569,53454.5945046712,49764.707093981,75544.7277420033
44916.0729644537,4956.0802649224,47242.0409016489,45098.0007055048,72773.8423892315
44282.8682619599,4813.82525118985,44227.3810551784,42497.9345016592,72067.5224424509
43621.6333962427,4669.1492043692,42475.0478650757,41220.175766249,70901.64332633
43346.2320567864,4585.50421199565,41490.3394512227,40937.1644326299,70478.2537836329
44223.1811999192,4739.98508163189,44794.7146426171,44894.5802414392,72868.7677283693
45242.413324508,4989.48647224091,52874.7293762968,52223.7533113133,77434.2848121849
49188.2007650324,4887.60357666076,104754.873661123,99670.1938041366,138482.386209861
53896.768421158,5620.71817681444,126731.772261142,120828.90433372,154308.235682
53433.4612290974,5213.20510844648,134072.088147487,126321.164933946,165641.925327434
52668.7558326578,5079.02610102754,140097.615238667,134388.278969921,172832.336436433
53219.7804725691,4856.58766477295,142505.376385831,136082.694439248,178695.709058285
53619.6533555554,4864.60083158028,142476.536429038,135623.019715297,177676.209433478
53802.5886945121,4970.28207635613,141424.971401018,135943.161412224,176604.246288135
53119.0429744739,5024.99655240633,136239.88503442,133298.161838233,176415.154751862
52174.7343387838,5077.70145251786,133302.390749066,132643.333945785,177263.332806808
51613.7607403187,5221.8682732125,125446.105717374,127112.058599926,172050.435283325
50808.4411244011,5334.0574748352,118711.258687688,117562.983882658,161957.305871864
52183.5345358665,5451.42031299655,116936.174415539,108471.677755479,150394.4342787
53325.4028041041,5720.12863921576,117332.502983421,102314.629665666,143952.217530498
49763.0196505561,5763.38116861852,73147.5195875274,67517.0862055776,99160.3091426142
49416.3772428689,5809.97193758668,68214.3229809885,65405.8827877904,94866.475656769
48740.2758680895,5656.16799387406,62362.7780571278,62570.9772176183,92694.9624082344
48607.8855317295,5907.97434802591,58124.5439417526,55801.2755715319,88302.3257475112
46453.5267181291,5381.9672359569,53454.5945046712,49764.707093981,75544.7277420033
44916.0729644537,4956.0802649224,47242.0409016489,45098.0007055048,72773.8423892315
44282.8682619599,4813.82525118985,44227.3810551784,42497.9345016592,72067.5224424509
43621.6333962427,4669.1492043692,42475.0478650757,41220.175766249,70901.64332633
43346.2320567864,4585.50421199565,41490.3394512227,40937.1644326299,70478.2537836329
44223.1811999192,4739.98508163189,44794.7146426171,44894.5802414392,72868.7677283693
45242.413324508,4989.48647224091,52874.7293762968,52223.7533113133,77434.2848121849
49188.2007650324,4887.60357666076,104754.873661123,99670.1938041366,138482.386209861
53896.768421158,5620.71817681444,126731.772261142,120828.90433372,154308.235682
53433.4612290974,5213.20510844648,134072.088147487,126321.164933946,165641.925327434
52668.7558326578,5079.02610102754,140097.615238667,134388.278969921,172832.336436433
53219.7804725691,4856.58766477295,142505.376385831,136082.694439248,178695.709058285
53619.6533555554,4864.60083158028,142476.536429038,135623.019715297,177676.209433478
53802.5886945121,4970.28207635613,141424.971401018,135943.161412224,176604.246288135
53119.0429744739,5024.99655240633,136239.88503442,133298.161838233,176415.154751862
52174.7343387838,5077.70145251786,133302.390749066,132643.333945785,177263.332806808
51613.7607403187,5221.8682732125,125446.105717374,127112.058599926,172050.435283325
50808.4411244011,5334.0574748352,118711.258687688,117562.983882658,161957.305871864
52183.5345358665,5451.42031299655,116936.174415539,108471.677755479,150394.4342787
53325.4028041041,5720.12863921576,117332.502983421,102314.629665666,143952.217530498
49763.0196505561,5763.38116861852,73147.5195875274,67517.0862055776,99160.3091426142
49416.3772428689,5809.97193758668,68214.3229809885,65405.8827877904,94866.475656769
48740.2758680895,5656.16799387406,62362.7780571278,62570.9772176183,92694.9624082344
48607.8855317295,5907.97434802591,58124.5439417526,55801.2755715319,88302.3257475112
46453.5267181291,5381.9672359569,53454.5945046712,49764.707093981,75544.7277420033
44916.0729644537,4956.0802649224,47242.0409016489,45098.0007055048,72773.8423892315
44282.8682619599,4813.82525118985,44227.3810551784,42497.9345016592,72067.5224424509
43621.6333962427,4669.1492043692,42475.0478650757,41220.175766249,70901.64332633
43346.2320567864,4585.50421199565,41490.3394512227,40937.1644326299,70478.2537836329
44223.1811999192,4739.98508163189,44794.7146426171,44894.5802414392,72868.7677283693
45242.413324508,4989.48647224091,52874.7293762968,52223.7533113133,77434.2848121849
49188.2007650324,4887.60357666076,104754.873661123,99670.1938041366,138482.386209861
53896.768421158,5620.71817681444,126731.772261142,120828.90433372,154308.235682
53433.4612290974,5213.20510844648,134072.088147487,126321.164933946,165641.925327434
52668.7558326578,5079.02610102754,140097.615238667,134388.278969921,172832.336436433
53219.7804725691,4856.58766477295,142505.376385831,136082.694439248,178695.709058285
53619.6533555554,4864.60083158028,142476.536429038,135623.019715297,177676.209433478
53802.5886945121,4970.28207635613,141424.971401018,135943.161412224,176604.246288135
53119.0429744739,5024.99655240633,136239.88503442,133298.161838233,176415.154751862
52174.7343387838,5077.70145251786,133302.390749066,132643.333945785,177263.332806808
51613.7607403187,5221.8682732125,125446.105717374,127112.058599926,172050.435283325
50808.4411244011,5334.0574748352,118711.258687688,117562.983882658,161957.305871864
52183.5345358665,5451.42031299655,116936.174415539,108471.677755479,150394.4342787
53325.4028041041,5720.12863921576,117332.502983421,102314.629665666,143952.217530498
49763.0196505561,5763.38116861852,73147.5195875274,67517.0862055776,99160.3091426142
49416.3772428689,5809.97193758668,68214.3229809885,65405.8827877904,94866.475656769
48740.2758680895,5656.16799387406,62362.7780571278,62570.9772176183,92694.9624082344
48607.8855317295,5907.97434802591,58124.5439417526,55801.2755715319,88302.3257475112
46453.5267181291,5381.9672359569,53454.5945046712,49764.707093981,75544.7277420033
44916.0729644537,4956.0802649224,47242.0409016489,45098.0007055048,72773.8423892315
44282.8682619599,4813.82525118985,44227.3810551784,42497.9345016592,72067.5224424509
43621.6333962427,4669.1492043692,42475.0478650757,41220.175766249,70901.64332633
43346.2320567864,4585.50421199565,41490.3394512227,40937.1644326299,70478.2537836329
44223.1811999192,4739.98508163189,44794.7146426171,44894.5802414392,72868.7677283693
45242.413324508,4989.48647224091,52874.7293762968,52223.7533113133,77434.2848121849
49188.2007650324,4887.60357666076,104754.873661123,99670.1938041366,138482.386209861
53896.768421158,5620.71817681444,126731.772261142,120828.90433372,154308.235682
53433.4612290974,5213.20510844648,134072.088147487,126321.164933946,165641.925327434
52668.7558326578,5079.02610102754,140097.615238667,134388.278969921,172832.336436433
53219.7804725691,4856.58766477295,142505.376385831,136082.694439248,178695.709058285
53619.6533555554,4864.60083158028,142476.536429038,135623.019715297,177676.209433478
53802.5886945121,4970.28207635613,141424.971401018,135943.161412224,176604.246288135
53119.0429744739,5024.99655240633,136239.88503442,133298.161838233,176415.154751862
52174.7343387838,5077.70145251786,133302.390749066,132643.333945785,177263.332806808
51613.7607403187,5221.8682732125,125446.105717374,127112.058599926,172050.435283325
50808.4411244011,5334.0574748352,118711.258687688,117562.983882658,161957.305871864
52183.5345358665,5451.42031299655,116936.174415539,108471.677755479,150394.4342787
53325.4028041041,5720.12863921576,117332.502983421,102314.629665666,143952.217530498
49763.0196505561,5763.38116861852,73147.5195875274,67517.0862055776,99160.3091426142
49416.3772428689,5809.97193758668,68214.3229809885,65405.8827877904,94866.475656769
48740.2758680895,5656.16799387406,62362.7780571278,62570.9772176183,92694.9624082344
48607.8855317295,5907.97434802591,58124.5439417526,55801.2755715319,88302.3257475112
46453.5267181291,5381.9672359569,53454.5945046712,49764.707093981,75544.7277420033
44916.0729644537,4956.0802649224,47242.0409016489,45098.0007055048,72773.8423892315
44282.8682619599,4813.82525118985,44227.3810551784,42497.9345016592,72067.5224424509
43621.6333962427,4669.1492043692,42475.0478650757,41220.175766249,70901.64332633
43346.2320567864,4585.50421199565,41490.3394512227,40937.1644326299,70478.2537836329
44223.1811999192,4739.98508163189,44794.7146426171,44894.5802414392,72868.7677283693
45242.413324508,4989.48647224091,52874.7293762968,52223.7533113133,77434.2848121849
49188.2007650324,4887.60357666076,104754.873661123,99670.1938041366,138482.386209861
53896.768421158,5620.71817681444,126731.772261142,120828.90433372,154308.235682
53433.4612290974,5213.20510844648,134072.088147487,126321.164933946,165641.925327434
52668.7558326578,5079.02610102754,140097.615238667,134388.278969921,172832.336436433
53219.7804725691,4856.58766477295,142505.376385831,136082.694439248,178695.709058285
53619.6533555554,4864.60083158028,142476.536429038,135623.019715297,177676.209433478
53802.5886945121,4970.28207635613,141424.971401018,135943.161412224,176604.246288135
53119.0429744739,5024.99655240633,136239.88503442,133298.161838233,176415.154751862
52174.7343387838,5077.70145251786,133302.390749066,132643.333945785,177263.332806808
51613.7607403187,5221.8682732125,125446.105717374,127112.058599926,172050.435283325
50808.4411244011,5334.0574748352,118711.258687688,117562.983882658,161957.305871864
52183.5345358665,5451.42031299655,116936.174415539,108471.677755479,150394.4342787
53325.4028041041,5720.12863921576,117332.502983421,102314.629665666,143952.217530498
49763.0196505561,5763.38116861852,73147.5195875274,67517.0862055776,99160.3091426142
49416.3772428689,5809.97193758668,68214.3229809885,65405.8827877904,94866.475656769
48740.2758680895,5656.16799387406,62362.7780571278,62570.9772176183,92694.9624082344
48607.8855317295,5907.97434802591,58124.5439417526,55801.2755715319,88302.3257475112
46453.5267181291,5381.9672359569,53454.5945046712,49764.707093981,75544.7277420033
44916.0729644537,4956.0802649224,47242.0409016489,45098.0007055048,72773.8423892315
44282.8682619599,4813.82525118985,44227.3810551784,42497.9345016592,72067.5224424509
43621.6333962427,4669.1492043692,42475.0478650757,41220.175766249,70901.64332633
43346.2320567864,4585.50421199565,41490.3394512227,40937.1644326299,70478.2537836329
44223.1811999192,4739.98508163189,44794.7146426171,44894.5802414392,72868.7677283693
45242.413324508,4989.48647224091,52874.7293762968,52223.7533113133,77434.2848121849
49188.2007650324,4887.60357666076,104754.873661123,99670.1938041366,138482.386209861
53896.768421158,5620.71817681444,126731.772261142,120828.90433372,154308.235682
53433.4612290974,5213.20510844648,134072.088147487,126321.164933946,165641.925327434
52668.7558326578,5079.02610102754,140097.615238667,134388.278969921,172832.336436433
53219.7804725691,4856.58766477295,142505.376385831,136082.694439248,178695.709058285
53619.6533555554,4864.60083158028,142476.536429038,135623.019715297,177676.209433478
53802.5886945121,4970.28207635613,141424.971401018,135943.161412224,176604.246288135
53119.0429744739,5024.99655240633,136239.88503442,133298.161838233,176415.154751862
52174.7343387838,5077.70145251786,133302.390749066,132643.333945785,177263.332806808
51613.7607403187,5221.8682732125,125446.105717374,127112.058599926,172050.435283325
50808.4411244011,5334.0574748352,118711.258687688,117562.983882658,161957.305871864
52183.5345358665,5451.42031299655,116936.174415539,108471.677755479,150394.4342787
53325.4028041041,5720.12863921576,117332.502983421,102314.629665666,143952.217530498
49763.0196505561,5763.38116861852,73147.5195875274,67517.0862055776,99160.3091426142
49416.3772428689,5809.97193758668,68214.3229809885,65405.8827877904,94866.475656769
48740.2758680895,5656.16799387406,62362.7780571278,62570.9772176183,92694.9624082344
48607.8855317295,5907.97434802591,58124.5439417526,55801.2755715319,88302.3257475112
46453.5267181291,5381.9672359569,53454.5945046712,49764.707093981,75544.7277420033
44916.0729644537,4956.0802649224,47242.0409016489,45098.0007055048,72773.8423892315
44282.8682619599,4813.82525118985,44227.3810551784,42497.9345016592,72067.5224424509
43621.6333962427,4669.1492043692,42475.0478650757,41220.175766249,70901.64332633
43346.2320567864,4585.50421199565,41490.3394512227,40937.1644326299,70478.2537836329
44223.1811999192,4739.98508163189,44794.7146426171,44894.5802414392,72868.7677283693
45242.413324508,4989.48647224091,52874.7293762968,52223.7533113133,77434.2848121849
49188.2007650324,4887.60357666076,104754.873661123,99670.1938041366,138482.386209861
53896.768421158,5620.71817681444,126731.772261142,120828.90433372,154308.235682
53433.4612290974,5213.20510844648,134072.088147487,126321.164933946,165641.925327434
52668.7558326578,5079.02610102754,140097.615238667,134388.278969921,172832.336436433
53219.7804725691,4856.58766477295,142505.376385831,136082.694439248,178695.709058285
53619.6533555554,4864.60083158028,142476.536429038,135623.019715297,177676.209433478
53802.5886945121,4970.28207635613,141424.971401018,135943.161412224,176604.246288135
53119.0429744739,5024.99655240633,136239.88503442,133298.161838233,176415.154751862
52174.7343387838,5077.70145251786,133302.390749066,132643.333945785,177263.332806808
51613.7607403187,5221.8682732125,125446.105717374,127112.058599926,172050.435283325
50808.4411244011,5334.0574748352,118711.258687688,117562.983882658,161957.305871864
52183.5345358665,5451.42031299655,116936.174415539,108471.677755479,150394.4342787
53325.4028041041,5720.12863921576,117332.502983421,102314.629665666,143952.217530498
49763.0196505561,5763.38116861852,73147.5195875274,67517.0862055776,99160.3091426142
49416.3772428689,5809.97193758668,68214.3229809885,65405.8827877904,94866.475656769
48740.2758680895,5656.16799387406,62362.7780571278,62570.9772176183,92694.9624082344
48607.8855317295,5907.97434802591,58124.5439417526,55801.2755715319,88302.3257475112
46453.5267181291,5381.9672359569,53454.5945046712,49764.707093981,75544.7277420033
44916.0729644537,4956.0802649224,47242.0409016489,45098.0007055048,72773.8423892315
44282.8682619599,4813.82525118985,44227.3810551784,42497.9345016592,72067.5224424509
43621.6333962427,4669.1492043692,42475.0478650757,41220.175766249,70901.64332633
43346.2320567864,4585.50421199565,41490.3394512227,40937.1644326299,70478.2537836329
44223.1811999192,4739.98508163189,44794.7146426171,44894.5802414392,72868.7677283693
45242.413324508,4989.48647224091,52874.7293762968,52223.7533113133,77434.2848121849
49188.2007650324,4887.60357666076,104754.873661123,99670.1938041366,138482.386209861
53896.768421158,5620.71817681444,126731.772261142,120828.90433372,154308.235682
53433.4612290974,5213.20510844648,134072.088147487,126321.164933946,165641.925327434
52668.7558326578,5079.02610102754,140097.615238667,134388.278969921,172832.336436433
53219.7804725691,4856.58766477295,142505.376385831,136082.694439248,178695.709058285
53619.6533555554,4864.60083158028,142476.536429038,135623.019715297,177676.209433478
53802.5886945121,4970.28207635613,141424.971401018,135943.161412224,176604.246288135
53119.0429744739,5024.99655240633,136239.88503442,133298.161838233,176415.154751862
52174.7343387838,5077.70145251786,133302.390749066,132643.333945785,177263.332806808
51613.7607403187,5221.8682732125,125446.105717374,127112.058599926,172050.435283325
50808.4411244011,5334.0574748352,118711.258687688,117562.983882658,161957.305871864
52183.5345358665,5451.42031299655,116936.174415539,108471.677755479,150394.4342787
53325.4028041041,5720.12863921576,117332.502983421,102314.629665666,143952.217530498
49763.0196505561,5763.38116861852,73147.5195875274,67517.0862055776,99160.3091426142
49416.3772428689,5809.97193758668,68214.3229809885,65405.8827877904,94866.475656769
48740.2758680895,5656.16799387406,62362.7780571278,62570.9772176183,92694.9624082344
48607.8855317295,5907.97434802591,58124.5439417526,55801.2755715319,88302.3257475112
46453.5267181291,5381.9672359569,53454.5945046712,49764.707093981,75544.7277420033
44916.0729644537,4956.0802649224,47242.0409016489,45098.0007055048,72773.8423892315
44282.8682619599,4813.82525118985,44227.3810551784,42497.9345016592,72067.5224424509
43621.6333962427,4669.1492043692,42475.0478650757,41220.175766249,70901.64332633
43346.2320567864,4585.50421199565,41490.3394512227,40937.1644326299,70478.2537836329
44223.1811999192,4739.98508163189,44794.7146426171,44894.5802414392,72868.7677283693
45242.413324508,4989.48647224091,52874.7293762968,52223.7533113133,77434.2848121849
49188.2007650324,4887.60357666076,104754.873661123,99670.1938041366,138482.386209861
53896.768421158,5620.71817681444,126731.772261142,120828.90433372,154308.235682
53433.4612290974,5213.20510844648,134072.088147487,126321.164933946,165641.925327434
52668.7558326578,5079.02610102754,140097.615238667,134388.278969921,172832.336436433
53219.7804725691,4856.58766477295,142505.376385831,136082.694439248,178695.709058285
53619.6533555554,4864.60083158028,142476.536429038,135623.019715297,177676.209433478
53802.5886945121,4970.28207635613,141424.971401018,135943.161412224,176604.246288135
53119.0429744739,5024.99655240633,136239.88503442,133298.161838233,176415.154751862
52174.7343387838,5077.70145251786,133302.390749066,132643.333945785,177263.332806808
51613.7607403187,5221.8682732125,125446.105717374,127112.058599926,172050.435283325
50808.4411244011,5334.0574748352,118711.258687688,117562.983882658,161957.305871864
52183.5345358665,5451.42031299655,116936.174415539,108471.677755479,150394.4342787
53325.4028041041,5720.12863921576,117332.502983421,102314.629665666,143952.217530498
49763.0196505561,5763.38116861852,73147.5195875274,67517.0862055776,99160.3091426142
49416.3772428689,5809.97193758668,68214.3229809885,65405.8827877904,94866.475656769
48740.2758680895,5656.16799387406,62362.7780571278,62570.9772176183,92694.9624082344
48607.8855317295,5907.97434802591,58124.5439417526,55801.2755715319,88302.3257475112
46453.5267181291,5381.9672359569,53454.5945046712,49764.707093981,75544.7277420033
44916.0729644537,4956.0802649224,47242.0409016489,45098.0007055048,72773.8423892315
44282.8682619599,4813.82525118985,44227.3810551784,42497.9345016592,72067.5224424509
43621.6333962427,4669.1492043692,42475.0478650757,41220.175766249,70901.64332633
43346.2320567864,4585.50421199565,41490.3394512227,40937.1644326299,70478.2537836329
44223.1811999192,4739.98508163189,44794.7146426171,44894.5802414392,72868.7677283693
45242.413324508,4989.48647224091,52874.7293762968,52223.7533113133,77434.2848121849
49188.2007650324,4887.60357666076,104754.873661123,99670.1938041366,138482.386209861
53896.768421158,5620.71817681444,126731.772261142,120828.90433372,154308.235682
53433.4612290974,5213.20510844648,134072.088147487,126321.164933946,165641.925327434
52668.7558326578,5079.02610102754,140097.615238667,134388.278969921,172832.336436433
53219.7804725691,4856.58766477295,142505.376385831,136082.694439248,178695.709058285
53619.6533555554,4864.60083158028,142476.536429038,135623.019715297,177676.209433478
53802.5886945121,4970.28207635613,141424.971401018,135943.161412224,176604.246288135
53119.0429744739,5024.99655240633,136239.88503442,133298.161838233,176415.154751862
52174.7343387838,5077.70145251786,133302.390749066,132643.333945785,177263.332806808
51613.7607403187,5221.8682732125,125446.105717374,127112.058599926,172050.435283325
50808.4411244011,5334.0574748352,118711.258687688,117562.983882658,161957.305871864
52183.5345358665,5451.42031299655,116936.174415539,108471.677755479,150394.4342787
53325.4028041041,5720.12863921576,117332.502983421,102314.629665666,143952.217530498
49763.0196505561,5763.38116861852,73147.5195875274,67517.0862055776,99160.3091426142
49416.3772428689,5809.97193758668,68214.3229809885,65405.8827877904,94866.475656769
48740.2758680895,5656.16799387406,62362.7780571278,62570.9772176183,92694.9624082344
48607.8855317295,5907.97434802591,58124.5439417526,55801.2755715319,88302.3257475112
46453.5267181291,5381.9672359569,53454.5945046712,49764.707093981,75544.7277420033
45054.6205202137,5043.80652552592,49890.6906476337,47407.4189121409,74190.5340485879
44297.904566944,4797.93503496309,45416.0965799393,45865.4821560204,73310.1116505372
43550.329687797,4626.64106308472,43119.9497034105,44819.3228488105,72079.4425218238
43233.9269973709,4521.12588837695,42484.2031809384,44808.3810171904,71590.5825915504
43926.8920922979,4643.71078550347,46705.0123686682,48397.3844807529,73702.4832602636
44150.5627427516,4997.66574892746,55238.9020164488,54800.6049441933,77410.4754659732
50033.6129845318,4990.10299207428,103403.162453576,104790.065917838,136029.628769167
56518.1001806608,6377.23291278261,123835.228973448,126855.484327237,151470.826719976
56854.4228779743,5990.10739832467,135616.209483152,135098.013524635,163604.243146188
56875.1421483383,5552.57834276918,147602.481245531,146416.01052068,169880.963071189
56116.1175359864,4753.41595015286,153716.632761866,150675.983714031,177088.161297809
55631.457445954,4583.46429893915,153633.035403077,149809.230593799,175252.402338213
56030.460735486,4518.83620494667,152792.382833537,150145.19918553,173563.565939758
55455.0638899367,4283.46688674825,149770.437535042,149121.934106659,174073.941127107
54506.7942008117,4219.925135136,146728.557489798,148012.382561847,174836.628262593
52877.3743134573,4249.72099973272,138454.382382191,141213.189230086,170072.78940663
51705.5453071595,5118.14640105596,128014.339816315,128413.2385573,160219.78609857
53344.582984437,6284.29064531944,125191.062242686,115105.27599624,148287.697667737
54311.2702707526,6436.9752170524,121126.843770984,105295.936142543,144340.727584083
50571.7124951367,6324.42357220212,78623.932551399,65446.6277157437,99019.4991060748
50154.9015921383,6225.82291058905,76832.7484986697,62988.5727730695,96126.9034673493
48864.5913219886,5840.56298617414,71433.9564787005,60527.1040660598,94225.6973329652
48574.7120915675,5873.82619388716,65631.4316778003,56940.6579701442,88697.7886076856
46810.7741466286,5594.46819110126,58452.3705213683,51362.201862304,77380.581580128
45054.6205202137,5043.80652552592,49890.6906476337,47407.4189121409,74190.5340485879
44297.904566944,4797.93503496309,45416.0965799393,45865.4821560204,73310.1116505372
43550.329687797,4626.64106308472,43119.9497034105,44819.3228488105,72079.4425218238
43233.9269973709,4521.12588837695,42484.2031809384,44808.3810171904,71590.5825915504
43926.8920922979,4643.71078550347,46705.0123686682,48397.3844807529,73702.4832602636
44150.5627427516,4997.66574892746,55238.9020164488,54800.6049441933,77410.4754659732
50033.6129845318,4990.10299207428,103403.162453576,104790.065917838,136029.628769167
56518.1001806608,6377.23291278261,123835.228973448,126855.484327237,151470.826719976
56854.4228779743,5990.10739832467,135616.209483152,135098.013524635,163604.243146188
56875.1421483383,5552.57834276918,147602.481245531,146416.01052068,169880.963071189
56116.1175359864,4753.41595015286,153716.632761866,150675.983714031,177088.161297809
55631.457445954,4583.46429893915,153633.035403077,149809.230593799,175252.402338213
56030.460735486,4518.83620494667,152792.382833537,150145.19918553,173563.565939758
55455.0638899367,4283.46688674825,149770.437535042,149121.934106659,174073.941127107
54506.7942008117,4219.925135136,146728.557489798,148012.382561847,174836.628262593
52877.3743134573,4249.72099973272,138454.382382191,141213.189230086,170072.78940663
51705.5453071595,5118.14640105596,128014.339816315,128413.2385573,160219.78609857
53344.582984437,6284.29064531944,125191.062242686,115105.27599624,148287.697667737
54311.2702707526,6436.9752170524,121126.843770984,105295.936142543,144340.727584083
50571.7124951367,6324.42357220212,78623.932551399,65446.6277157437,99019.4991060748
50154.9015921383,6225.82291058905,76832.7484986697,62988.5727730695,96126.9034673493
48864.5913219886,5840.56298617414,71433.9564787005,60527.1040660598,94225.6973329652
48574.7120915675,5873.82619388716,65631.4316778003,56940.6579701442,88697.7886076856
46810.7741466286,5594.46819110126,58452.3705213683,51362.201862304,77380.581580128
45054.6205202137,5043.80652552592,49890.6906476337,47407.4189121409,74190.5340485879
44297.904566944,4797.93503496309,45416.0965799393,45865.4821560204,73310.1116505372
43550.329687797,4626.64106308472,43119.9497034105,44819.3228488105,72079.4425218238
43233.9269973709,4521.12588837695,42484.2031809384,44808.3810171904,71590.5825915504
43926.8920922979,4643.71078550347,46705.0123686682,48397.3844807529,73702.4832602636
44150.5627427516,4997.66574892746,55238.9020164488,54800.6049441933,77410.4754659732
50033.6129845318,4990.10299207428,103403.162453576,104790.065917838,136029.628769167
56518.1001806608,6377.23291278261,123835.228973448,126855.484327237,151470.826719976
56854.4228779743,5990.10739832467,135616.209483152,135098.013524635,163604.243146188
56875.1421483383,5552.57834276918,147602.481245531,146416.01052068,169880.963071189
56116.1175359864,4753.41595015286,153716.632761866,150675.983714031,177088.161297809
55631.457445954,4583.46429893915,153633.035403077,149809.230593799,175252.402338213
56030.460735486,4518.83620494667,152792.382833537,150145.19918553,173563.565939758
55455.0638899367,4283.46688674825,149770.437535042,149121.934106659,174073.941127107
54506.7942008117,4219.925135136,146728.557489798,148012.382561847,174836.628262593
52877.3743134573,4249.72099973272,138454.382382191,141213.189230086,170072.78940663
51705.5453071595,5118.14640105596,128014.339816315,128413.2385573,160219.78609857
53344.582984437,6284.29064531944,125191.062242686,115105.27599624,148287.697667737
54311.2702707526,6436.9752170524,121126.843770984,105295.936142543,144340.727584083
50571.7124951367,6324.42357220212,78623.932551399,65446.6277157437,99019.4991060748
50154.9015921383,6225.82291058905,76832.7484986697,62988.5727730695,96126.9034673493
48864.5913219886,5840.56298617414,71433.9564787005,60527.1040660598,94225.6973329652
48574.7120915675,5873.82619388716,65631.4316778003,56940.6579701442,88697.7886076856
46810.7741466286,5594.46819110126,58452.3705213683,51362.201862304,77380.581580128
45054.6205202137,5043.80652552592,49890.6906476337,47407.4189121409,74190.5340485879
44297.904566944,4797.93503496309,45416.0965799393,45865.4821560204,73310.1116505372
43550.329687797,4626.64106308472,43119.9497034105,44819.3228488105,72079.4425218238
43233.9269973709,4521.12588837695,42484.2031809384,44808.3810171904,71590.5825915504
43926.8920922979,4643.71078550347,46705.0123686682,48397.3844807529,73702.4832602636
44150.5627427516,4997.66574892746,55238.9020164488,54800.6049441933,77410.4754659732
50033.6129845318,4990.10299207428,103403.162453576,104790.065917838,136029.628769167
56518.1001806608,6377.23291278261,123835.228973448,126855.484327237,151470.826719976
56854.4228779743,5990.10739832467,135616.209483152,135098.013524635,163604.243146188
56875.1421483383,5552.57834276918,147602.481245531,146416.01052068,169880.963071189
56116.1175359864,4753.41595015286,153716.632761866,150675.983714031,177088.161297809
55631.457445954,4583.46429893915,153633.035403077,149809.230593799,175252.402338213
56030.460735486,4518.83620494667,152792.382833537,150145.19918553,173563.565939758
55455.0638899367,4283.46688674825,149770.437535042,149121.934106659,174073.941127107
54506.7942008117,4219.925135136,146728.557489798,148012.382561847,174836.628262593
52877.3743134573,4249.72099973272,138454.382382191,141213.189230086,170072.78940663
51705.5453071595,5118.14640105596,128014.339816315,128413.2385573,160219.78609857
53344.582984437,6284.29064531944,125191.062242686,115105.27599624,148287.697667737
54311.2702707526,6436.9752170524,121126.843770984,105295.936142543,144340.727584083
50571.7124951367,6324.42357220212,78623.932551399,65446.6277157437,99019.4991060748
50154.9015921383,6225.82291058905,76832.7484986697,62988.5727730695,96126.9034673493
48864.5913219886,5840.56298617414,71433.9564787005,60527.1040660598,94225.6973329652
48574.7120915675,5873.82619388716,65631.4316778003,56940.6579701442,88697.7886076856
46810.7741466286,5594.46819110126,58452.3705213683,51362.201862304,77380.581580128
45054.6205202137,5043.80652552592,49890.6906476337,47407.4189121409,74190.5340485879
44297.904566944,4797.93503496309,45416.0965799393,45865.4821560204,73310.1116505372
43550.329687797,4626.64106308472,43119.9497034105,44819.3228488105,72079.4425218238
43233.9269973709,4521.12588837695,42484.2031809384,44808.3810171904,71590.5825915504
43926.8920922979,4643.71078550347,46705.0123686682,48397.3844807529,73702.4832602636
44150.5627427516,4997.66574892746,55238.9020164488,54800.6049441933,77410.4754659732
50033.6129845318,4990.10299207428,103403.162453576,104790.065917838,136029.628769167
56518.1001806608,6377.23291278261,123835.228973448,126855.484327237,151470.826719976
56854.4228779743,5990.10739832467,135616.209483152,135098.013524635,163604.243146188
56875.1421483383,5552.57834276918,147602.481245531,146416.01052068,169880.963071189
56116.1175359864,4753.41595015286,153716.632761866,150675.983714031,177088.161297809
55631.457445954,4583.46429893915,153633.035403077,149809.230593799,175252.402338213
56030.460735486,4518.83620494667,152792.382833537,150145.19918553,173563.565939758
55455.0638899367,4283.46688674825,149770.437535042,149121.934106659,174073.941127107
54506.7942008117,4219.925135136,146728.557489798,148012.382561847,174836.628262593
52877.3743134573,4249.72099973272,138454.382382191,141213.189230086,170072.78940663
51705.5453071595,5118.14640105596,128014.339816315,128413.2385573,160219.78609857
53344.582984437,6284.29064531944,125191.062242686,115105.27599624,148287.697667737
54311.2702707526,6436.9752170524,121126.843770984,105295.936142543,144340.727584083
50571.7124951367,6324.42357220212,78623.932551399,65446.6277157437,99019.4991060748
50154.9015921383,6225.82291058905,76832.7484986697,62988.5727730695,96126.9034673493
48864.5913219886,5840.56298617414,71433.9564787005,60527.1040660598,94225.6973329652
48574.7120915675,5873.82619388716,65631.4316778003,56940.6579701442,88697.7886076856
46810.7741466286,5594.46819110126,58452.3705213683,51362.201862304,77380.581580128
45054.6205202137,5043.80652552592,49890.6906476337,47407.4189121409,74190.5340485879
44297.904566944,4797.93503496309,45416.0965799393,45865.4821560204,73310.1116505372
43550.329687797,4626.64106308472,43119.9497034105,44819.3228488105,72079.4425218238
43233.9269973709,4521.12588837695,42484.2031809384,44808.3810171904,71590.5825915504
43926.8920922979,4643.71078550347,46705.0123686682,48397.3844807529,73702.4832602636
44150.5627427516,4997.66574892746,55238.9020164488,54800.6049441933,77410.4754659732
50033.6129845318,4990.10299207428,103403.162453576,104790.065917838,136029.628769167
56518.1001806608,6377.23291278261,123835.228973448,126855.484327237,151470.826719976
56854.4228779743,5990.10739832467,135616.209483152,135098.013524635,163604.243146188
56875.1421483383,5552.57834276918,147602.481245531,146416.01052068,169880.963071189
56116.1175359864,4753.41595015286,153716.632761866,150675.983714031,177088.161297809
55631.457445954,4583.46429893915,153633.035403077,149809.230593799,175252.402338213
56030.460735486,4518.83620494667,152792.382833537,150145.19918553,173563.565939758
55455.0638899367,4283.46688674825,149770.437535042,149121.934106659,174073.941127107
54506.7942008117,4219.925135136,146728.557489798,148012.382561847,174836.628262593
52877.3743134573,4249.72099973272,138454.382382191,141213.189230086,170072.78940663
51705.5453071595,5118.14640105596,128014.339816315,128413.2385573,160219.78609857
53344.582984437,6284.29064531944,125191.062242686,115105.27599624,148287.697667737
54311.2702707526,6436.9752170524,121126.843770984,105295.936142543,144340.727584083
50571.7124951367,6324.42357220212,78623.932551399,65446.6277157437,99019.4991060748
50154.9015921383,6225.82291058905,76832.7484986697,62988.5727730695,96126.9034673493
48864.5913219886,5840.56298617414,71433.9564787005,60527.1040660598,94225.6973329652
48574.7120915675,5873.82619388716,65631.4316778003,56940.6579701442,88697.7886076856
46810.7741466286,5594.46819110126,58452.3705213683,51362.201862304,77380.581580128
45054.6205202137,5043.80652552592,49890.6906476337,47407.4189121409,74190.5340485879
44297.904566944,4797.93503496309,45416.0965799393,45865.4821560204,73310.1116505372
43550.329687797,4626.64106308472,43119.9497034105,44819.3228488105,72079.4425218238
43233.9269973709,4521.12588837695,42484.2031809384,44808.3810171904,71590.5825915504
43926.8920922979,4643.71078550347,46705.0123686682,48397.3844807529,73702.4832602636
44150.5627427516,4997.66574892746,55238.9020164488,54800.6049441933,77410.4754659732
50033.6129845318,4990.10299207428,103403.162453576,104790.065917838,136029.628769167
56518.1001806608,6377.23291278261,123835.228973448,126855.484327237,151470.826719976
56854.4228779743,5990.10739832467,135616.209483152,135098.013524635,163604.243146188
56875.1421483383,5552.57834276918,147602.481245531,146416.01052068,169880.963071189
56116.1175359864,4753.41595015286,153716.632761866,150675.983714031,177088.161297809
55631.457445954,4583.46429893915,153633.035403077,149809.230593799,175252.402338213
56030.460735486,4518.83620494667,152792.382833537,150145.19918553,173563.565939758
55455.0638899367,4283.46688674825,149770.437535042,149121.934106659,174073.941127107
54506.7942008117,4219.925135136,146728.557489798,148012.382561847,174836.628262593
52877.3743134573,4249.72099973272,138454.382382191,141213.189230086,170072.78940663
51705.5453071595,5118.14640105596,128014.339816315,128413.2385573,160219.78609857
53344.582984437,6284.29064531944,125191.062242686,115105.27599624,148287.697667737
54311.2702707526,6436.9752170524,121126.843770984,105295.936142543,144340.727584083
50571.7124951367,6324.42357220212,78623.932551399,65446.6277157437,99019.4991060748
50154.9015921383,6225.82291058905,76832.7484986697,62988.5727730695,96126.9034673493
48864.5913219886,5840.56298617414,71433.9564787005,60527.1040660598,94225.6973329652
48574.7120915675,5873.82619388716,65631.4316778003,56940.6579701442,88697.7886076856
46810.7741466286,5594.46819110126,58452.3705213683,51362.201862304,77380.581580128
45054.6205202137,5043.80652552592,49890.6906476337,47407.4189121409,74190.5340485879
44297.904566944,4797.93503496309,45416.0965799393,45865.4821560204,73310.1116505372
43550.329687797,4626.64106308472,43119.9497034105,44819.3228488105,72079.4425218238
43233.9269973709,4521.12588837695,42484.2031809384,44808.3810171904,71590.5825915504
43926.8920922979,4643.71078550347,46705.0123686682,48397.3844807529,73702.4832602636
44150.5627427516,4997.66574892746,55238.9020164488,54800.6049441933,77410.4754659732
50033.6129845318,4990.10299207428,103403.162453576,104790.065917838,136029.628769167
56518.1001806608,6377.23291278261,123835.228973448,126855.484327237,151470.826719976
56854.4228779743,5990.10739832467,135616.209483152,135098.013524635,163604.243146188
56875.1421483383,5552.57834276918,147602.481245531,146416.01052068,169880.963071189
56116.1175359864,4753.41595015286,153716.632761866,150675.983714031,177088.161297809
55631.457445954,4583.46429893915,153633.035403077,149809.230593799,175252.402338213
56030.460735486,4518.83620494667,152792.382833537,150145.19918553,173563.565939758
55455.0638899367,4283.46688674825,149770.437535042,149121.934106659,174073.941127107
54506.7942008117,4219.925135136,146728.557489798,148012.382561847,174836.628262593
52877.3743134573,4249.72099973272,138454.382382191,141213.189230086,170072.78940663
51705.5453071595,5118.14640105596,128014.339816315,128413.2385573,160219.78609857
53344.582984437,6284.29064531944,125191.062242686,115105.27599624,148287.697667737
54311.2702707526,6436.9752170524,121126.843770984,105295.936142543,144340.727584083
50571.7124951367,6324.42357220212,78623.932551399,65446.6277157437,99019.4991060748
50154.9015921383,6225.82291058905,76832.7484986697,62988.5727730695,96126.9034673493
48864.5913219886,5840.56298617414,71433.9564787005,60527.1040660598,94225.6973329652
48574.7120915675,5873.82619388716,65631.4316778003,56940.6579701442,88697.7886076856
46810.7741466286,5594.46819110126,58452.3705213683,51362.201862304,77380.581580128
45054.6205202137,5043.80652552592,49890.6906476337,47407.4189121409,74190.5340485879
44297.904566944,4797.93503496309,45416.0965799393,45865.4821560204,73310.1116505372
43550.329687797,4626.64106308472,43119.9497034105,44819.3228488105,72079.4425218238
43233.9269973709,4521.12588837695,42484.2031809384,44808.3810171904,71590.5825915504
43926.8920922979,4643.71078550347,46705.0123686682,48397.3844807529,73702.4832602636
44150.5627427516,4997.66574892746,55238.9020164488,54800.6049441933,77410.4754659732
50033.6129845318,4990.10299207428,103403.162453576,104790.065917838,136029.628769167
56518.1001806608,6377.23291278261,123835.228973448,126855.484327237,151470.826719976
56854.4228779743,5990.10739832467,135616.209483152,135098.013524635,163604.243146188
56875.1421483383,5552.57834276918,147602.481245531,146416.01052068,169880.963071189
56116.1175359864,4753.41595015286,153716.632761866,150675.983714031,177088.161297809
55631.457445954,4583.46429893915,153633.035403077,149809.230593799,175252.402338213
56030.460735486,4518.83620494667,152792.382833537,150145.19918553,173563.565939758
55455.0638899367,4283.46688674825,149770.437535042,149121.934106659,174073.941127107
54506.7942008117,4219.925135136,146728.557489798,148012.382561847,174836.628262593
52877.3743134573,4249.72099973272,138454.382382191,141213.189230086,170072.78940663
51705.5453071595,5118.14640105596,128014.339816315,128413.2385573,160219.78609857
53344.582984437,6284.29064531944,125191.062242686,115105.27599624,148287.697667737
54311.2702707526,6436.9752170524,121126.843770984,105295.936142543,144340.727584083
50571.7124951367,6324.42357220212,78623.932551399,65446.6277157437,99019.4991060748
50154.9015921383,6225.82291058905,76832.7484986697,62988.5727730695,96126.9034673493
48864.5913219886,5840.56298617414,71433.9564787005,60527.1040660598,94225.6973329652
48574.7120915675,5873.82619388716,65631.4316778003,56940.6579701442,88697.7886076856
46810.7741466286,5594.46819110126,58452.3705213683,51362.201862304,77380.581580128
45054.6205202137,5043.80652552592,49890.6906476337,47407.4189121409,74190.5340485879
44297.904566944,4797.93503496309,45416.0965799393,45865.4821560204,73310.1116505372
43550.329687797,4626.64106308472,43119.9497034105,44819.3228488105,72079.4425218238
43233.9269973709,4521.12588837695,42484.2031809384,44808.3810171904,71590.5825915504
43926.8920922979,4643.71078550347,46705.0123686682,48397.3844807529,73702.4832602636
44150.5627427516,4997.66574892746,55238.9020164488,54800.6049441933,77410.4754659732
50033.6129845318,4990.10299207428,103403.162453576,104790.065917838,136029.628769167
56518.1001806608,6377.23291278261,123835.228973448,126855.484327237,151470.826719976
56854.4228779743,5990.10739832467,135616.209483152,135098.013524635,163604.243146188
56875.1421483383,5552.57834276918,147602.481245531,146416.01052068,169880.963071189
56116.1175359864,4753.41595015286,153716.632761866,150675.983714031,177088.161297809
55631.457445954,4583.46429893915,153633.035403077,149809.230593799,175252.402338213
56030.460735486,4518.83620494667,152792.382833537,150145.19918553,173563.565939758
55455.0638899367,4283.46688674825,149770.437535042,149121.934106659,174073.941127107
54506.7942008117,4219.925135136,146728.557489798,148012.382561847,174836.628262593
52877.3743134573,4249.72099973272,138454.382382191,141213.189230086,170072.78940663
51705.5453071595,5118.14640105596,128014.339816315,128413.2385573,160219.78609857
53344.582984437,6284.29064531944,125191.062242686,115105.27599624,148287.697667737
54311.2702707526,6436.9752170524,121126.843770984,105295.936142543,144340.727584083
50571.7124951367,6324.42357220212,78623.932551399,65446.6277157437,99019.4991060748
50154.9015921383,6225.82291058905,76832.7484986697,62988.5727730695,96126.9034673493
48864.5913219886,5840.56298617414,71433.9564787005,60527.1040660598,94225.6973329652
48574.7120915675,5873.82619388716,65631.4316778003,56940.6579701442,88697.7886076856
46810.7741466286,5594.46819110126,58452.3705213683,51362.201862304,77380.581580128
45054.6205202137,5043.80652552592,49890.6906476337,47407.4189121409,74190.5340485879
44297.904566944,4797.93503496309,45416.0965799393,45865.4821560204,73310.1116505372
43550.329687797,4626.64106308472,43119.9497034105,44819.3228488105,72079.4425218238
43233.9269973709,4521.12588837695,42484.2031809384,44808.3810171904,71590.5825915504
43926.8920922979,4643.71078550347,46705.0123686682,48397.3844807529,73702.4832602636
44150.5627427516,4997.66574892746,55238.9020164488,54800.6049441933,77410.4754659732
50033.6129845318,4990.10299207428,103403.162453576,104790.065917838,136029.628769167
56518.1001806608,6377.23291278261,123835.228973448,126855.484327237,151470.826719976
56854.4228779743,5990.10739832467,135616.209483152,135098.013524635,163604.243146188
56875.1421483383,5552.57834276918,147602.481245531,146416.01052068,169880.963071189
56116.1175359864,4753.41595015286,153716.632761866,150675.983714031,177088.161297809
55631.457445954,4583.46429893915,153633.035403077,149809.230593799,175252.402338213
56030.460735486,4518.83620494667,152792.382833537,150145.19918553,173563.565939758
55455.0638899367,4283.46688674825,149770.437535042,149121.934106659,174073.941127107
54506.7942008117,4219.925135136,146728.557489798,148012.382561847,174836.628262593
52877.3743134573,4249.72099973272,138454.382382191,141213.189230086,170072.78940663
51705.5453071595,5118.14640105596,128014.339816315,128413.2385573,160219.78609857
53344.582984437,6284.29064531944,125191.062242686,115105.27599624,148287.697667737
54311.2702707526,6436.9752170524,121126.843770984,105295.936142543,144340.727584083
50571.7124951367,6324.42357220212,78623.932551399,65446.6277157437,99019.4991060748
50154.9015921383,6225.82291058905,76832.7484986697,62988.5727730695,96126.9034673493
48864.5913219886,5840.56298617414,71433.9564787005,60527.1040660598,94225.6973329652
48574.7120915675,5873.82619388716,65631.4316778003,56940.6579701442,88697.7886076856
46810.7741466286,5594.46819110126,58452.3705213683,51362.201862304,77380.581580128
45054.6205202137,5043.80652552592,49890.6906476337,47407.4189121409,74190.5340485879
44297.904566944,4797.93503496309,45416.0965799393,45865.4821560204,73310.1116505372
43550.329687797,4626.64106308472,43119.9497034105,44819.3228488105,72079.4425218238
43233.9269973709,4521.12588837695,42484.2031809384,44808.3810171904,71590.5825915504
43926.8920922979,4643.71078550347,46705.0123686682,48397.3844807529,73702.4832602636
44150.5627427516,4997.66574892746,55238.9020164488,54800.6049441933,77410.4754659732
50033.6129845318,4990.10299207428,103403.162453576,104790.065917838,136029.628769167
56518.1001806608,6377.23291278261,123835.228973448,126855.484327237,151470.826719976
56854.4228779743,5990.10739832467,135616.209483152,135098.013524635,163604.243146188
56875.1421483383,5552.57834276918,147602.481245531,146416.01052068,169880.963071189
56116.1175359864,4753.41595015286,153716.632761866,150675.983714031,177088.161297809
55631.457445954,4583.46429893915,153633.035403077,149809.230593799,175252.402338213
56030.460735486,4518.83620494667,152792.382833537,150145.19918553,173563.565939758
55455.0638899367,4283.46688674825,149770.437535042,149121.934106659,174073.941127107
54506.7942008117,4219.925135136,146728.557489798,148012.382561847,174836.628262593
52877.3743134573,4249.72099973272,138454.382382191,141213.189230086,170072.78940663
51705.5453071595,5118.14640105596,128014.339816315,128413.2385573,160219.78609857
53344.582984437,6284.29064531944,125191.062242686,115105.27599624,148287.697667737
54311.2702707526,6436.9752170524,121126.843770984,105295.936142543,144340.727584083
50571.7124951367,6324.42357220212,78623.932551399,65446.6277157437,99019.4991060748
50154.9015921383,6225.82291058905,76832.7484986697,62988.5727730695,96126.9034673493
48864.5913219886,5840.56298617414,71433.9564787005,60527.1040660598,94225.6973329652
48574.7120915675,5873.82619388716,65631.4316778003,56940.6579701442,88697.7886076856
46810.7741466286,5594.46819110126,58452.3705213683,51362.201862304,77380.581580128
45054.6205202137,5043.80652552592,49890.6906476337,47407.4189121409,74190.5340485879
44297.904566944,4797.93503496309,45416.0965799393,45865.4821560204,73310.1116505372
43550.329687797,4626.64106308472,43119.9497034105,44819.3228488105,72079.4425218238
43233.9269973709,4521.12588837695,42484.2031809384,44808.3810171904,71590.5825915504
43926.8920922979,4643.71078550347,46705.0123686682,48397.3844807529,73702.4832602636
44150.5627427516,4997.66574892746,55238.9020164488,54800.6049441933,77410.4754659732
50033.6129845318,4990.10299207428,103403.162453576,104790.065917838,136029.628769167
56518.1001806608,6377.23291278261,123835.228973448,126855.484327237,151470.826719976
56854.4228779743,5990.10739832467,135616.209483152,135098.013524635,163604.243146188
56875.1421483383,5552.57834276918,147602.481245531,146416.01052068,169880.963071189
56116.1175359864,4753.41595015286,153716.632761866,150675.983714031,177088.161297809
55631.457445954,4583.46429893915,153633.035403077,149809.230593799,175252.402338213
56030.460735486,4518.83620494667,152792.382833537,150145.19918553,173563.565939758
55455.0638899367,4283.46688674825,149770.437535042,149121.934106659,174073.941127107
54506.7942008117,4219.925135136,146728.557489798,148012.382561847,174836.628262593
52877.3743134573,4249.72099973272,138454.382382191,141213.189230086,170072.78940663
51705.5453071595,5118.14640105596,128014.339816315,128413.2385573,160219.78609857
53344.582984437,6284.29064531944,125191.062242686,115105.27599624,148287.697667737
54311.2702707526,6436.9752170524,121126.843770984,105295.936142543,144340.727584083
50571.7124951367,6324.42357220212,78623.932551399,65446.6277157437,99019.4991060748
50154.9015921383,6225.82291058905,76832.7484986697,62988.5727730695,96126.9034673493
48864.5913219886,5840.56298617414,71433.9564787005,60527.1040660598,94225.6973329652
48574.7120915675,5873.82619388716,65631.4316778003,56940.6579701442,88697.7886076856
46810.7741466286,5594.46819110126,58452.3705213683,51362.201862304,77380.581580128
45054.6205202137,5043.80652552592,49890.6906476337,47407.4189121409,74190.5340485879
44297.904566944,4797.93503496309,45416.0965799393,45865.4821560204,73310.1116505372
43550.329687797,4626.64106308472,43119.9497034105,44819.3228488105,72079.4425218238
43233.9269973709,4521.12588837695,42484.2031809384,44808.3810171904,71590.5825915504
43926.8920922979,4643.71078550347,46705.0123686682,48397.3844807529,73702.4832602636
44150.5627427516,4997.66574892746,55238.9020164488,54800.6049441933,77410.4754659732
50033.6129845318,4990.10299207428,103403.162453576,104790.065917838,136029.628769167
56518.1001806608,6377.23291278261,123835.228973448,126855.484327237,151470.826719976
56854.4228779743,5990.10739832467,135616.209483152,135098.013524635,163604.243146188
56875.1421483383,5552.57834276918,147602.481245531,146416.01052068,169880.963071189
56116.1175359864,4753.41595015286,153716.632761866,150675.983714031,177088.161297809
55631.457445954,4583.46429893915,153633.035403077,149809.230593799,175252.402338213
56030.460735486,4518.83620494667,152792.382833537,150145.19918553,173563.565939758
55455.0638899367,4283.46688674825,149770.437535042,149121.934106659,174073.941127107
54506.7942008117,4219.925135136,146728.557489798,148012.382561847,174836.628262593
52877.3743134573,4249.72099973272,138454.382382191,141213.189230086,170072.78940663
51705.5453071595,5118.14640105596,128014.339816315,128413.2385573,160219.78609857
53344.582984437,6284.29064531944,125191.062242686,115105.27599624,148287.697667737
54311.2702707526,6436.9752170524,121126.843770984,105295.936142543,144340.727584083
50571.7124951367,6324.42357220212,78623.932551399,65446.6277157437,99019.4991060748
50154.9015921383,6225.82291058905,76832.7484986697,62988.5727730695,96126.9034673493
48864.5913219886,5840.56298617414,71433.9564787005,60527.1040660598,94225.6973329652
48574.7120915675,5873.82619388716,65631.4316778003,56940.6579701442,88697.7886076856
46810.7741466286,5594.46819110126,58452.3705213683,51362.201862304,77380.581580128
45054.6205202137,5043.80652552592,49890.6906476337,47407.4189121409,74190.5340485879
44297.904566944,4797.93503496309,45416.0965799393,45865.4821560204,73310.1116505372
43550.329687797,4626.64106308472,43119.9497034105,44819.3228488105,72079.4425218238
43233.9269973709,4521.12588837695,42484.2031809384,44808.3810171904,71590.5825915504
43926.8920922979,4643.71078550347,46705.0123686682,48397.3844807529,73702.4832602636
44150.5627427516,4997.66574892746,55238.9020164488,54800.6049441933,77410.4754659732
50033.6129845318,4990.10299207428,103403.162453576,104790.065917838,136029.628769167
56518.1001806608,6377.23291278261,123835.228973448,126855.484327237,151470.826719976
56854.4228779743,5990.10739832467,135616.209483152,135098.013524635,163604.243146188
56875.1421483383,5552.57834276918,147602.481245531,146416.01052068,169880.963071189
56116.1175359864,4753.41595015286,153716.632761866,150675.983714031,177088.161297809
55631.457445954,4583.46429893915,153633.035403077,149809.230593799,175252.402338213
56030.460735486,4518.83620494667,152792.382833537,150145.19918553,173563.565939758
55455.0638899367,4283.46688674825,149770.437535042,149121.934106659,174073.941127107
54506.7942008117,4219.925135136,146728.557489798,148012.382561847,174836.628262593
52877.3743134573,4249.72099973272,138454.382382191,141213.189230086,170072.78940663
51705.5453071595,5118.14640105596,128014.339816315,128413.2385573,160219.78609857
53344.582984437,6284.29064531944,125191.062242686,115105.27599624,148287.697667737
54311.2702707526,6436.9752170524,121126.843770984,105295.936142543,144340.727584083
50571.7124951367,6324.42357220212,78623.932551399,65446.6277157437,99019.4991060748
50154.9015921383,6225.82291058905,76832.7484986697,62988.5727730695,96126.9034673493
48864.5913219886,5840.56298617414,71433.9564787005,60527.1040660598,94225.6973329652
48574.7120915675,5873.82619388716,65631.4316778003,56940.6579701442,88697.7886076856
46810.7741466286,5594.46819110126,58452.3705213683,51362.201862304,77380.581580128
45054.6205202137,5043.80652552592,49890.6906476337,47407.4189121409,74190.5340485879
44297.904566944,4797.93503496309,45416.0965799393,45865.4821560204,73310.1116505372
43550.329687797,4626.64106308472,43119.9497034105,44819.3228488105,72079.4425218238
43233.9269973709,4521.12588837695,42484.2031809384,44808.3810171904,71590.5825915504
43926.8920922979,4643.71078550347,46705.0123686682,48397.3844807529,73702.4832602636
44150.5627427516,4997.66574892746,55238.9020164488,54800.6049441933,77410.4754659732
50033.6129845318,4990.10299207428,103403.162453576,104790.065917838,136029.628769167
56518.1001806608,6377.23291278261,123835.228973448,126855.484327237,151470.826719976
56854.4228779743,5990.10739832467,135616.209483152,135098.013524635,163604.243146188
56875.1421483383,5552.57834276918,147602.481245531,146416.01052068,169880.963071189
56116.1175359864,4753.41595015286,153716.632761866,150675.983714031,177088.161297809
55631.457445954,4583.46429893915,153633.035403077,149809.230593799,175252.402338213
56030.460735486,4518.83620494667,152792.382833537,150145.19918553,173563.565939758
55455.0638899367,4283.46688674825,149770.437535042,149121.934106659,174073.941127107
54506.7942008117,4219.925135136,146728.557489798,148012.382561847,174836.628262593
52877.3743134573,4249.72099973272,138454.382382191,141213.189230086,170072.78940663
51705.5453071595,5118.14640105596,128014.339816315,128413.2385573,160219.78609857
53344.582984437,6284.29064531944,125191.062242686,115105.27599624,148287.697667737
54311.2702707526,6436.9752170524,121126.843770984,105295.936142543,144340.727584083
50571.7124951367,6324.42357220212,78623.932551399,65446.6277157437,99019.4991060748
50154.9015921383,6225.82291058905,76832.7484986697,62988.5727730695,96126.9034673493
48864.5913219886,5840.56298617414,71433.9564787005,60527.1040660598,94225.6973329652
48574.7120915675,5873.82619388716,65631.4316778003,56940.6579701442,88697.7886076856
46810.7741466286,5594.46819110126,58452.3705213683,51362.201862304,77380.581580128
45054.6205202137,5043.80652552592,49890.6906476337,47407.4189121409,74190.5340485879
44297.904566944,4797.93503496309,45416.0965799393,45865.4821560204,73310.1116505372
43550.329687797,4626.64106308472,43119.9497034105,44819.3228488105,72079.4425218238
43233.9269973709,4521.12588837695,42484.2031809384,44808.3810171904,71590.5825915504
43926.8920922979,4643.71078550347,46705.0123686682,48397.3844807529,73702.4832602636
44150.5627427516,4997.66574892746,55238.9020164488,54800.6049441933,77410.4754659732
50033.6129845318,4990.10299207428,103403.162453576,104790.065917838,136029.628769167
56518.1001806608,6377.23291278261,123835.228973448,126855.484327237,151470.826719976
56854.4228779743,5990.10739832467,135616.209483152,135098.013524635,163604.243146188
56875.1421483383,5552.57834276918,147602.481245531,146416.01052068,169880.963071189
56116.1175359864,4753.41595015286,153716.632761866,150675.983714031,177088.161297809
55631.457445954,4583.46429893915,153633.035403077,149809.230593799,175252.402338213
56030.460735486,4518.83620494667,152792.382833537,150145.19918553,173563.565939758
55455.0638899367,4283.46688674825,149770.437535042,149121.934106659,174073.941127107
54506.7942008117,4219.925135136,146728.557489798,148012.382561847,174836.628262593
52877.3743134573,4249.72099973272,138454.382382191,141213.189230086,170072.78940663
51705.5453071595,5118.14640105596,128014.339816315,128413.2385573,160219.78609857
53344.582984437,6284.29064531944,125191.062242686,115105.27599624,148287.697667737
54311.2702707526,6436.9752170524,121126.843770984,105295.936142543,144340.727584083
50571.7124951367,6324.42357220212,78623.932551399,65446.6277157437,99019.4991060748
50154.9015921383,6225.82291058905,76832.7484986697,62988.5727730695,96126.9034673493
48864.5913219886,5840.56298617414,71433.9564787005,60527.1040660598,94225.6973329652
48574.7120915675,5873.82619388716,65631.4316778003,56940.6579701442,88697.7886076856
46810.7741466286,5594.46819110126,58452.3705213683,51362.201862304,77380.581580128
45054.6205202137,5043.80652552592,49890.6906476337,47407.4189121409,74190.5340485879
44297.904566944,4797.93503496309,45416.0965799393,45865.4821560204,73310.1116505372
43550.329687797,4626.64106308472,43119.9497034105,44819.3228488105,72079.4425218238
43233.9269973709,4521.12588837695,42484.2031809384,44808.3810171904,71590.5825915504
43926.8920922979,4643.71078550347,46705.0123686682,48397.3844807529,73702.4832602636
44150.5627427516,4997.66574892746,55238.9020164488,54800.6049441933,77410.4754659732
50033.6129845318,4990.10299207428,103403.162453576,104790.065917838,136029.628769167
56518.1001806608,6377.23291278261,123835.228973448,126855.484327237,151470.826719976
56854.4228779743,5990.10739832467,135616.209483152,135098.013524635,163604.243146188
56875.1421483383,5552.57834276918,147602.481245531,146416.01052068,169880.963071189
56116.1175359864,4753.41595015286,153716.632761866,150675.983714031,177088.161297809
55631.457445954,4583.46429893915,153633.035403077,149809.230593799,175252.402338213
56030.460735486,4518.83620494667,152792.382833537,150145.19918553,173563.565939758
55455.0638899367,4283.46688674825,149770.437535042,149121.934106659,174073.941127107
54506.7942008117,4219.925135136,146728.557489798,148012.382561847,174836.628262593
52877.3743134573,4249.72099973272,138454.382382191,141213.189230086,170072.78940663
51705.5453071595,5118.14640105596,128014.339816315,128413.2385573,160219.78609857
53344.582984437,6284.29064531944,125191.062242686,115105.27599624,148287.697667737
54311.2702707526,6436.9752170524,121126.843770984,105295.936142543,144340.727584083
50571.7124951367,6324.42357220212,78623.932551399,65446.6277157437,99019.4991060748
50154.9015921383,6225.82291058905,76832.7484986697,62988.5727730695,96126.9034673493
48864.5913219886,5840.56298617414,71433.9564787005,60527.1040660598,94225.6973329652
48574.7120915675,5873.82619388716,65631.4316778003,56940.6579701442,88697.7886076856
46810.7741466286,5594.46819110126,58452.3705213683,51362.201862304,77380.581580128
45054.6205202137,5043.80652552592,49890.6906476337,47407.4189121409,74190.5340485879
44297.904566944,4797.93503496309,45416.0965799393,45865.4821560204,73310.1116505372
43550.329687797,4626.64106308472,43119.9497034105,44819.3228488105,72079.4425218238
43233.9269973709,4521.12588837695,42484.2031809384,44808.3810171904,71590.5825915504
43926.8920922979,4643.71078550347,46705.0123686682,48397.3844807529,73702.4832602636
44150.5627427516,4997.66574892746,55238.9020164488,54800.6049441933,77410.4754659732
50033.6129845318,4990.10299207428,103403.162453576,104790.065917838,136029.628769167
56518.1001806608,6377.23291278261,123835.228973448,126855.484327237,151470.826719976
56854.4228779743,5990.10739832467,135616.209483152,135098.013524635,163604.243146188
56875.1421483383,5552.57834276918,147602.481245531,146416.01052068,169880.963071189
56116.1175359864,4753.41595015286,153716.632761866,150675.983714031,177088.161297809
55631.457445954,4583.46429893915,153633.035403077,149809.230593799,175252.402338213
56030.460735486,4518.83620494667,152792.382833537,150145.19918553,173563.565939758
55455.0638899367,4283.46688674825,149770.437535042,149121.934106659,174073.941127107
54506.7942008117,4219.925135136,146728.557489798,148012.382561847,174836.628262593
52877.3743134573,4249.72099973272,138454.382382191,141213.189230086,170072.78940663
51705.5453071595,5118.14640105596,128014.339816315,128413.2385573,160219.78609857
53344.582984437,6284.29064531944,125191.062242686,115105.27599624,148287.697667737
54311.2702707526,6436.9752170524,121126.843770984,105295.936142543,144340.727584083
50571.7124951367,6324.42357220212,78623.932551399,65446.6277157437,99019.4991060748
50154.9015921383,6225.82291058905,76832.7484986697,62988.5727730695,96126.9034673493
48864.5913219886,5840.56298617414,71433.9564787005,60527.1040660598,94225.6973329652
48574.7120915675,5873.82619388716,65631.4316778003,56940.6579701442,88697.7886076856
46810.7741466286,5594.46819110126,58452.3705213683,51362.201862304,77380.581580128
45054.6205202137,5043.80652552592,49890.6906476337,47407.4189121409,74190.5340485879
44297.904566944,4797.93503496309,45416.0965799393,45865.4821560204,73310.1116505372
43550.329687797,4626.64106308472,43119.9497034105,44819.3228488105,72079.4425218238
43233.9269973709,4521.12588837695,42484.2031809384,44808.3810171904,71590.5825915504
43926.8920922979,4643.71078550347,46705.0123686682,48397.3844807529,73702.4832602636
44150.5627427516,4997.66574892746,55238.9020164488,54800.6049441933,77410.4754659732
50033.6129845318,4990.10299207428,103403.162453576,104790.065917838,136029.628769167
56518.1001806608,6377.23291278261,123835.228973448,126855.484327237,151470.826719976
56854.4228779743,5990.10739832467,135616.209483152,135098.013524635,163604.243146188
56875.1421483383,5552.57834276918,147602.481245531,146416.01052068,169880.963071189
56116.1175359864,4753.41595015286,153716.632761866,150675.983714031,177088.161297809
55631.457445954,4583.46429893915,153633.035403077,149809.230593799,175252.402338213
56030.460735486,4518.83620494667,152792.382833537,150145.19918553,173563.565939758
55455.0638899367,4283.46688674825,149770.437535042,149121.934106659,174073.941127107
54506.7942008117,4219.925135136,146728.557489798,148012.382561847,174836.628262593
52877.3743134573,4249.72099973272,138454.382382191,141213.189230086,170072.78940663
51705.5453071595,5118.14640105596,128014.339816315,128413.2385573,160219.78609857
53344.582984437,6284.29064531944,125191.062242686,115105.27599624,148287.697667737
54311.2702707526,6436.9752170524,121126.843770984,105295.936142543,144340.727584083
50571.7124951367,6324.42357220212,78623.932551399,65446.6277157437,99019.4991060748
50154.9015921383,6225.82291058905,76832.7484986697,62988.5727730695,96126.9034673493
48864.5913219886,5840.56298617414,71433.9564787005,60527.1040660598,94225.6973329652
48574.7120915675,5873.82619388716,65631.4316778003,56940.6579701442,88697.7886076856
46810.7741466286,5594.46819110126,58452.3705213683,51362.201862304,77380.581580128
45054.6205202137,5043.80652552592,49890.6906476337,47407.4189121409,74190.5340485879
44297.904566944,4797.93503496309,45416.0965799393,45865.4821560204,73310.1116505372
43550.329687797,4626.64106308472,43119.9497034105,44819.3228488105,72079.4425218238
43233.9269973709,4521.12588837695,42484.2031809384,44808.3810171904,71590.5825915504
43926.8920922979,4643.71078550347,46705.0123686682,48397.3844807529,73702.4832602636
44150.5627427516,4997.66574892746,55238.9020164488,54800.6049441933,77410.4754659732
50033.6129845318,4990.10299207428,103403.162453576,104790.065917838,136029.628769167
56518.1001806608,6377.23291278261,123835.228973448,126855.484327237,151470.826719976
56854.4228779743,5990.10739832467,135616.209483152,135098.013524635,163604.243146188
56875.1421483383,5552.57834276918,147602.481245531,146416.01052068,169880.963071189
56116.1175359864,4753.41595015286,153716.632761866,150675.983714031,177088.161297809
55631.457445954,4583.46429893915,153633.035403077,149809.230593799,175252.402338213
56030.460735486,4518.83620494667,152792.382833537,150145.19918553,173563.565939758
55455.0638899367,4283.46688674825,149770.437535042,149121.934106659,174073.941127107
54506.7942008117,4219.925135136,146728.557489798,148012.382561847,174836.628262593
52877.3743134573,4249.72099973272,138454.382382191,141213.189230086,170072.78940663
51705.5453071595,5118.14640105596,128014.339816315,128413.2385573,160219.78609857
53344.582984437,6284.29064531944,125191.062242686,115105.27599624,148287.697667737
54311.2702707526,6436.9752170524,121126.843770984,105295.936142543,144340.727584083
50571.7124951367,6324.42357220212,78623.932551399,65446.6277157437,99019.4991060748
50154.9015921383,6225.82291058905,76832.7484986697,62988.5727730695,96126.9034673493
48864.5913219886,5840.56298617414,71433.9564787005,60527.1040660598,94225.6973329652
48574.7120915675,5873.82619388716,65631.4316778003,56940.6579701442,88697.7886076856
46810.7741466286,5594.46819110126,58452.3705213683,51362.201862304,77380.581580128
45054.6205202137,5043.80652552592,49890.6906476337,47407.4189121409,74190.5340485879
44297.904566944,4797.93503496309,45416.0965799393,45865.4821560204,73310.1116505372
43550.329687797,4626.64106308472,43119.9497034105,44819.3228488105,72079.4425218238
43233.9269973709,4521.12588837695,42484.2031809384,44808.3810171904,71590.5825915504
43926.8920922979,4643.71078550347,46705.0123686682,48397.3844807529,73702.4832602636
44150.5627427516,4997.66574892746,55238.9020164488,54800.6049441933,77410.4754659732
50033.6129845318,4990.10299207428,103403.162453576,104790.065917838,136029.628769167
56518.1001806608,6377.23291278261,123835.228973448,126855.484327237,151470.826719976
56854.4228779743,5990.10739832467,135616.209483152,135098.013524635,163604.243146188
56875.1421483383,5552.57834276918,147602.481245531,146416.01052068,169880.963071189
56116.1175359864,4753.41595015286,153716.632761866,150675.983714031,177088.161297809
55631.457445954,4583.46429893915,153633.035403077,149809.230593799,175252.402338213
56030.460735486,4518.83620494667,152792.382833537,150145.19918553,173563.565939758
55455.0638899367,4283.46688674825,149770.437535042,149121.934106659,174073.941127107
54506.7942008117,4219.925135136,146728.557489798,148012.382561847,174836.628262593
52877.3743134573,4249.72099973272,138454.382382191,141213.189230086,170072.78940663
51705.5453071595,5118.14640105596,128014.339816315,128413.2385573,160219.78609857
53344.582984437,6284.29064531944,125191.062242686,115105.27599624,148287.697667737
54311.2702707526,6436.9752170524,121126.843770984,105295.936142543,144340.727584083
50571.7124951367,6324.42357220212,78623.932551399,65446.6277157437,99019.4991060748
50154.9015921383,6225.82291058905,76832.7484986697,62988.5727730695,96126.9034673493
48864.5913219886,5840.56298617414,71433.9564787005,60527.1040660598,94225.6973329652
48574.7120915675,5873.82619388716,65631.4316778003,56940.6579701442,88697.7886076856
46810.7741466286,5594.46819110126,58452.3705213683,51362.201862304,77380.581580128
45054.6205202137,5043.80652552592,49890.6906476337,47407.4189121409,74190.5340485879
44297.904566944,4797.93503496309,45416.0965799393,45865.4821560204,73310.1116505372
43550.329687797,4626.64106308472,43119.9497034105,44819.3228488105,72079.4425218238
43233.9269973709,4521.12588837695,42484.2031809384,44808.3810171904,71590.5825915504
43926.8920922979,4643.71078550347,46705.0123686682,48397.3844807529,73702.4832602636
44150.5627427516,4997.66574892746,55238.9020164488,54800.6049441933,77410.4754659732
50033.6129845318,4990.10299207428,103403.162453576,104790.065917838,136029.628769167
56518.1001806608,6377.23291278261,123835.228973448,126855.484327237,151470.826719976
56854.4228779743,5990.10739832467,135616.209483152,135098.013524635,163604.243146188
56875.1421483383,5552.57834276918,147602.481245531,146416.01052068,169880.963071189
56116.1175359864,4753.41595015286,153716.632761866,150675.983714031,177088.161297809
55631.457445954,4583.46429893915,153633.035403077,149809.230593799,175252.402338213
56030.460735486,4518.83620494667,152792.382833537,150145.19918553,173563.565939758
55455.0638899367,4283.46688674825,149770.437535042,149121.934106659,174073.941127107
54506.7942008117,4219.925135136,146728.557489798,148012.382561847,174836.628262593
52877.3743134573,4249.72099973272,138454.382382191,141213.189230086,170072.78940663
51705.5453071595,5118.14640105596,128014.339816315,128413.2385573,160219.78609857
53344.582984437,6284.29064531944,125191.062242686,115105.27599624,148287.697667737
54311.2702707526,6436.9752170524,121126.843770984,105295.936142543,144340.727584083
50571.7124951367,6324.42357220212,78623.932551399,65446.6277157437,99019.4991060748
50154.9015921383,6225.82291058905,76832.7484986697,62988.5727730695,96126.9034673493
48864.5913219886,5840.56298617414,71433.9564787005,60527.1040660598,94225.6973329652
48574.7120915675,5873.82619388716,65631.4316778003,56940.6579701442,88697.7886076856
46810.7741466286,5594.46819110126,58452.3705213683,51362.201862304,77380.581580128
45054.6205202137,5043.80652552592,49890.6906476337,47407.4189121409,74190.5340485879
44297.904566944,4797.93503496309,45416.0965799393,45865.4821560204,73310.1116505372
43550.329687797,4626.64106308472,43119.9497034105,44819.3228488105,72079.4425218238
43233.9269973709,4521.12588837695,42484.2031809384,44808.3810171904,71590.5825915504
43926.8920922979,4643.71078550347,46705.0123686682,48397.3844807529,73702.4832602636
44150.5627427516,4997.66574892746,55238.9020164488,54800.6049441933,77410.4754659732
50033.6129845318,4990.10299207428,103403.162453576,104790.065917838,136029.628769167
56518.1001806608,6377.23291278261,123835.228973448,126855.484327237,151470.826719976
56854.4228779743,5990.10739832467,135616.209483152,135098.013524635,163604.243146188
56875.1421483383,5552.57834276918,147602.481245531,146416.01052068,169880.963071189
56116.1175359864,4753.41595015286,153716.632761866,150675.983714031,177088.161297809
55631.457445954,4583.46429893915,153633.035403077,149809.230593799,175252.402338213
56030.460735486,4518.83620494667,152792.382833537,150145.19918553,173563.565939758
55455.0638899367,4283.46688674825,149770.437535042,149121.934106659,174073.941127107
54506.7942008117,4219.925135136,146728.557489798,148012.382561847,174836.628262593
52877.3743134573,4249.72099973272,138454.382382191,141213.189230086,170072.78940663
51705.5453071595,5118.14640105596,128014.339816315,128413.2385573,160219.78609857
53344.582984437,6284.29064531944,125191.062242686,115105.27599624,148287.697667737
54311.2702707526,6436.9752170524,121126.843770984,105295.936142543,144340.727584083
50571.7124951367,6324.42357220212,78623.932551399,65446.6277157437,99019.4991060748
50154.9015921383,6225.82291058905,76832.7484986697,62988.5727730695,96126.9034673493
48864.5913219886,5840.56298617414,71433.9564787005,60527.1040660598,94225.6973329652
48574.7120915675,5873.82619388716,65631.4316778003,56940.6579701442,88697.7886076856
46810.7741466286,5594.46819110126,58452.3705213683,51362.201862304,77380.581580128
45054.6205202137,5043.80652552592,49890.6906476337,47407.4189121409,74190.5340485879
44297.904566944,4797.93503496309,45416.0965799393,45865.4821560204,73310.1116505372
43550.329687797,4626.64106308472,43119.9497034105,44819.3228488105,72079.4425218238
43233.9269973709,4521.12588837695,42484.2031809384,44808.3810171904,71590.5825915504
43926.8920922979,4643.71078550347,46705.0123686682,48397.3844807529,73702.4832602636
44150.5627427516,4997.66574892746,55238.9020164488,54800.6049441933,77410.4754659732
50033.6129845318,4990.10299207428,103403.162453576,104790.065917838,136029.628769167
56518.1001806608,6377.23291278261,123835.228973448,126855.484327237,151470.826719976
56854.4228779743,5990.10739832467,135616.209483152,135098.013524635,163604.243146188
56875.1421483383,5552.57834276918,147602.481245531,146416.01052068,169880.963071189
56116.1175359864,4753.41595015286,153716.632761866,150675.983714031,177088.161297809
55631.457445954,4583.46429893915,153633.035403077,149809.230593799,175252.402338213
56030.460735486,4518.83620494667,152792.382833537,150145.19918553,173563.565939758
55455.0638899367,4283.46688674825,149770.437535042,149121.934106659,174073.941127107
54506.7942008117,4219.925135136,146728.557489798,148012.382561847,174836.628262593
52877.3743134573,4249.72099973272,138454.382382191,141213.189230086,170072.78940663
51705.5453071595,5118.14640105596,128014.339816315,128413.2385573,160219.78609857
53344.582984437,6284.29064531944,125191.062242686,115105.27599624,148287.697667737
54311.2702707526,6436.9752170524,121126.843770984,105295.936142543,144340.727584083
50571.7124951367,6324.42357220212,78623.932551399,65446.6277157437,99019.4991060748
50154.9015921383,6225.82291058905,76832.7484986697,62988.5727730695,96126.9034673493
48864.5913219886,5840.56298617414,71433.9564787005,60527.1040660598,94225.6973329652
48574.7120915675,5873.82619388716,65631.4316778003,56940.6579701442,88697.7886076856
46810.7741466286,5594.46819110126,58452.3705213683,51362.201862304,77380.581580128
45054.6205202137,5043.80652552592,49890.6906476337,47407.4189121409,74190.5340485879
44297.904566944,4797.93503496309,45416.0965799393,45865.4821560204,73310.1116505372
43550.329687797,4626.64106308472,43119.9497034105,44819.3228488105,72079.4425218238
43233.9269973709,4521.12588837695,42484.2031809384,44808.3810171904,71590.5825915504
43926.8920922979,4643.71078550347,46705.0123686682,48397.3844807529,73702.4832602636
44150.5627427516,4997.66574892746,55238.9020164488,54800.6049441933,77410.4754659732
50033.6129845318,4990.10299207428,103403.162453576,104790.065917838,136029.628769167
56518.1001806608,6377.23291278261,123835.228973448,126855.484327237,151470.826719976
56854.4228779743,5990.10739832467,135616.209483152,135098.013524635,163604.243146188
56875.1421483383,5552.57834276918,147602.481245531,146416.01052068,169880.963071189
56116.1175359864,4753.41595015286,153716.632761866,150675.983714031,177088.161297809
55631.457445954,4583.46429893915,153633.035403077,149809.230593799,175252.402338213
56030.460735486,4518.83620494667,152792.382833537,150145.19918553,173563.565939758
55455.0638899367,4283.46688674825,149770.437535042,149121.934106659,174073.941127107
54506.7942008117,4219.925135136,146728.557489798,148012.382561847,174836.628262593
52877.3743134573,4249.72099973272,138454.382382191,141213.189230086,170072.78940663
51705.5453071595,5118.14640105596,128014.339816315,128413.2385573,160219.78609857
53344.582984437,6284.29064531944,125191.062242686,115105.27599624,148287.697667737
54311.2702707526,6436.9752170524,121126.843770984,105295.936142543,144340.727584083
50571.7124951367,6324.42357220212,78623.932551399,65446.6277157437,99019.4991060748
50154.9015921383,6225.82291058905,76832.7484986697,62988.5727730695,96126.9034673493
48864.5913219886,5840.56298617414,71433.9564787005,60527.1040660598,94225.6973329652
48574.7120915675,5873.82619388716,65631.4316778003,56940.6579701442,88697.7886076856
46810.7741466286,5594.46819110126,58452.3705213683,51362.201862304,77380.581580128
45054.6205202137,5043.80652552592,49890.6906476337,47407.4189121409,74190.5340485879
44297.904566944,4797.93503496309,45416.0965799393,45865.4821560204,73310.1116505372
43550.329687797,4626.64106308472,43119.9497034105,44819.3228488105,72079.4425218238
43233.9269973709,4521.12588837695,42484.2031809384,44808.3810171904,71590.5825915504
43926.8920922979,4643.71078550347,46705.0123686682,48397.3844807529,73702.4832602636
44150.5627427516,4997.66574892746,55238.9020164488,54800.6049441933,77410.4754659732
50033.6129845318,4990.10299207428,103403.162453576,104790.065917838,136029.628769167
56518.1001806608,6377.23291278261,123835.228973448,126855.484327237,151470.826719976
56854.4228779743,5990.10739832467,135616.209483152,135098.013524635,163604.243146188
56875.1421483383,5552.57834276918,147602.481245531,146416.01052068,169880.963071189
56116.1175359864,4753.41595015286,153716.632761866,150675.983714031,177088.161297809
55631.457445954,4583.46429893915,153633.035403077,149809.230593799,175252.402338213
56030.460735486,4518.83620494667,152792.382833537,150145.19918553,173563.565939758
55455.0638899367,4283.46688674825,149770.437535042,149121.934106659,174073.941127107
54506.7942008117,4219.925135136,146728.557489798,148012.382561847,174836.628262593
52877.3743134573,4249.72099973272,138454.382382191,141213.189230086,170072.78940663
51705.5453071595,5118.14640105596,128014.339816315,128413.2385573,160219.78609857
53344.582984437,6284.29064531944,125191.062242686,115105.27599624,148287.697667737
54311.2702707526,6436.9752170524,121126.843770984,105295.936142543,144340.727584083
50571.7124951367,6324.42357220212,78623.932551399,65446.6277157437,99019.4991060748
50154.9015921383,6225.82291058905,76832.7484986697,62988.5727730695,96126.9034673493
48864.5913219886,5840.56298617414,71433.9564787005,60527.1040660598,94225.6973329652
48574.7120915675,5873.82619388716,65631.4316778003,56940.6579701442,88697.7886076856
46810.7741466286,5594.46819110126,58452.3705213683,51362.201862304,77380.581580128
45054.6205202137,5043.80652552592,49890.6906476337,47407.4189121409,74190.5340485879
44297.904566944,4797.93503496309,45416.0965799393,45865.4821560204,73310.1116505372
43550.329687797,4626.64106308472,43119.9497034105,44819.3228488105,72079.4425218238
43233.9269973709,4521.12588837695,42484.2031809384,44808.3810171904,71590.5825915504
43926.8920922979,4643.71078550347,46705.0123686682,48397.3844807529,73702.4832602636
44150.5627427516,4997.66574892746,55238.9020164488,54800.6049441933,77410.4754659732
50033.6129845318,4990.10299207428,103403.162453576,104790.065917838,136029.628769167
56518.1001806608,6377.23291278261,123835.228973448,126855.484327237,151470.826719976
56854.4228779743,5990.10739832467,135616.209483152,135098.013524635,163604.243146188
56875.1421483383,5552.57834276918,147602.481245531,146416.01052068,169880.963071189
56116.1175359864,4753.41595015286,153716.632761866,150675.983714031,177088.161297809
55631.457445954,4583.46429893915,153633.035403077,149809.230593799,175252.402338213
56030.460735486,4518.83620494667,152792.382833537,150145.19918553,173563.565939758
55455.0638899367,4283.46688674825,149770.437535042,149121.934106659,174073.941127107
54506.7942008117,4219.925135136,146728.557489798,148012.382561847,174836.628262593
52877.3743134573,4249.72099973272,138454.382382191,141213.189230086,170072.78940663
51705.5453071595,5118.14640105596,128014.339816315,128413.2385573,160219.78609857
53344.582984437,6284.29064531944,125191.062242686,115105.27599624,148287.697667737
54311.2702707526,6436.9752170524,121126.843770984,105295.936142543,144340.727584083
50571.7124951367,6324.42357220212,78623.932551399,65446.6277157437,99019.4991060748
50154.9015921383,6225.82291058905,76832.7484986697,62988.5727730695,96126.9034673493
48864.5913219886,5840.56298617414,71433.9564787005,60527.1040660598,94225.6973329652
48574.7120915675,5873.82619388716,65631.4316778003,56940.6579701442,88697.7886076856
46810.7741466286,5594.46819110126,58452.3705213683,51362.201862304,77380.581580128
45054.6205202137,5043.80652552592,49890.6906476337,47407.4189121409,74190.5340485879
44297.904566944,4797.93503496309,45416.0965799393,45865.4821560204,73310.1116505372
43550.329687797,4626.64106308472,43119.9497034105,44819.3228488105,72079.4425218238
43233.9269973709,4521.12588837695,42484.2031809384,44808.3810171904,71590.5825915504
43926.8920922979,4643.71078550347,46705.0123686682,48397.3844807529,73702.4832602636
44150.5627427516,4997.66574892746,55238.9020164488,54800.6049441933,77410.4754659732
50033.6129845318,4990.10299207428,103403.162453576,104790.065917838,136029.628769167
56518.1001806608,6377.23291278261,123835.228973448,126855.484327237,151470.826719976
56854.4228779743,5990.10739832467,135616.209483152,135098.013524635,163604.243146188
56875.1421483383,5552.57834276918,147602.481245531,146416.01052068,169880.963071189
56116.1175359864,4753.41595015286,153716.632761866,150675.983714031,177088.161297809
55631.457445954,4583.46429893915,153633.035403077,149809.230593799,175252.402338213
56030.460735486,4518.83620494667,152792.382833537,150145.19918553,173563.565939758
55455.0638899367,4283.46688674825,149770.437535042,149121.934106659,174073.941127107
54506.7942008117,4219.925135136,146728.557489798,148012.382561847,174836.628262593
52877.3743134573,4249.72099973272,138454.382382191,141213.189230086,170072.78940663
51705.5453071595,5118.14640105596,128014.339816315,128413.2385573,160219.78609857
53344.582984437,6284.29064531944,125191.062242686,115105.27599624,148287.697667737
54311.2702707526,6436.9752170524,121126.843770984,105295.936142543,144340.727584083
50571.7124951367,6324.42357220212,78623.932551399,65446.6277157437,99019.4991060748
50154.9015921383,6225.82291058905,76832.7484986697,62988.5727730695,96126.9034673493
48864.5913219886,5840.56298617414,71433.9564787005,60527.1040660598,94225.6973329652
48574.7120915675,5873.82619388716,65631.4316778003,56940.6579701442,88697.7886076856
46810.7741466286,5594.46819110126,58452.3705213683,51362.201862304,77380.581580128
45054.6205202137,5043.80652552592,49890.6906476337,47407.4189121409,74190.5340485879
44297.904566944,4797.93503496309,45416.0965799393,45865.4821560204,73310.1116505372
43550.329687797,4626.64106308472,43119.9497034105,44819.3228488105,72079.4425218238
43233.9269973709,4521.12588837695,42484.2031809384,44808.3810171904,71590.5825915504
43926.8920922979,4643.71078550347,46705.0123686682,48397.3844807529,73702.4832602636
44150.5627427516,4997.66574892746,55238.9020164488,54800.6049441933,77410.4754659732
50033.6129845318,4990.10299207428,103403.162453576,104790.065917838,136029.628769167
56518.1001806608,6377.23291278261,123835.228973448,126855.484327237,151470.826719976
56854.4228779743,5990.10739832467,135616.209483152,135098.013524635,163604.243146188
56875.1421483383,5552.57834276918,147602.481245531,146416.01052068,169880.963071189
56116.1175359864,4753.41595015286,153716.632761866,150675.983714031,177088.161297809
55631.457445954,4583.46429893915,153633.035403077,149809.230593799,175252.402338213
56030.460735486,4518.83620494667,152792.382833537,150145.19918553,173563.565939758
55455.0638899367,4283.46688674825,149770.437535042,149121.934106659,174073.941127107
54506.7942008117,4219.925135136,146728.557489798,148012.382561847,174836.628262593
52877.3743134573,4249.72099973272,138454.382382191,141213.189230086,170072.78940663
51705.5453071595,5118.14640105596,128014.339816315,128413.2385573,160219.78609857
53344.582984437,6284.29064531944,125191.062242686,115105.27599624,148287.697667737
54311.2702707526,6436.9752170524,121126.843770984,105295.936142543,144340.727584083
50571.7124951367,6324.42357220212,78623.932551399,65446.6277157437,99019.4991060748
50154.9015921383,6225.82291058905,76832.7484986697,62988.5727730695,96126.9034673493
48864.5913219886,5840.56298617414,71433.9564787005,60527.1040660598,94225.6973329652
48574.7120915675,5873.82619388716,65631.4316778003,56940.6579701442,88697.7886076856
46810.7741466286,5594.46819110126,58452.3705213683,51362.201862304,77380.581580128
45054.6205202137,5043.80652552592,49890.6906476337,47407.4189121409,74190.5340485879
44297.904566944,4797.93503496309,45416.0965799393,45865.4821560204,73310.1116505372
43550.329687797,4626.64106308472,43119.9497034105,44819.3228488105,72079.4425218238
43233.9269973709,4521.12588837695,42484.2031809384,44808.3810171904,71590.5825915504
43926.8920922979,4643.71078550347,46705.0123686682,48397.3844807529,73702.4832602636
44150.5627427516,4997.66574892746,55238.9020164488,54800.6049441933,77410.4754659732
50033.6129845318,4990.10299207428,103403.162453576,104790.065917838,136029.628769167
56518.1001806608,6377.23291278261,123835.228973448,126855.484327237,151470.826719976
56854.4228779743,5990.10739832467,135616.209483152,135098.013524635,163604.243146188
56875.1421483383,5552.57834276918,147602.481245531,146416.01052068,169880.963071189
56116.1175359864,4753.41595015286,153716.632761866,150675.983714031,177088.161297809
55631.457445954,4583.46429893915,153633.035403077,149809.230593799,175252.402338213
56030.460735486,4518.83620494667,152792.382833537,150145.19918553,173563.565939758
55455.0638899367,4283.46688674825,149770.437535042,149121.934106659,174073.941127107
54506.7942008117,4219.925135136,146728.557489798,148012.382561847,174836.628262593
52877.3743134573,4249.72099973272,138454.382382191,141213.189230086,170072.78940663
51705.5453071595,5118.14640105596,128014.339816315,128413.2385573,160219.78609857
53344.582984437,6284.29064531944,125191.062242686,115105.27599624,148287.697667737
54311.2702707526,6436.9752170524,121126.843770984,105295.936142543,144340.727584083
50571.7124951367,6324.42357220212,78623.932551399,65446.6277157437,99019.4991060748
50154.9015921383,6225.82291058905,76832.7484986697,62988.5727730695,96126.9034673493
48864.5913219886,5840.56298617414,71433.9564787005,60527.1040660598,94225.6973329652
48574.7120915675,5873.82619388716,65631.4316778003,56940.6579701442,88697.7886076856
46810.7741466286,5594.46819110126,58452.3705213683,51362.201862304,77380.581580128
48099.0400812666,4954.20317283355,47301.8765690863,61840.8538983191,81542.2892183685
47615.5275688064,4822.12339051781,44197.9717161922,59776.6248554034,80710.7479383976
46825.2722205024,4687.53094319684,42640.4871432824,58408.8237160779,79263.7023301955
46546.0883499144,4600.06380498995,41997.6515289662,58249.8961650995,78595.1079087011
47261.2746479528,4751.10388725104,45557.9836700935,60520.9048793449,80970.7743246923
47814.179742874,4990.54463367383,52346.5652603622,64220.5569587638,85028.1939607364
52929.9609449313,4874.42517327597,107212.472306786,119803.62518413,147222.209886517
56255.4223897669,5478.33900891037,125870.974526277,140335.44063395,160585.488224269
56211.773490346,5117.24070562756,136270.296683256,149324.232945745,166924.187402927
55806.4218740939,5019.30818988376,147642.058703604,161996.163312184,174452.697718878
56065.5105130192,4805.7065861644,153815.540066598,168986.927157346,184702.76965498
56262.6611042807,4773.39198458453,153290.402192943,168759.854276504,184938.363467768
56295.2456341836,4902.74539953564,150875.716503943,169235.565424523,184734.832992047
55331.107249912,4971.98571404442,148207.811197009,168109.729026441,184690.925095996
54718.7295231514,5006.44033809362,147273.203316862,167775.154724133,185557.027142951
53757.5397959607,5059.34279969599,138411.5707185,160319.96733084,180602.501879932
52858.6948438022,4813.95247409722,126915.044238906,146410.490238566,169695.270806445
53737.6528637777,5125.98978835254,119704.345432473,131271.949761519,160182.735256265
55908.5243908446,5575.18958631204,112198.285179118,119363.601997015,154477.160820168
51977.4103927491,5672.4887389154,69457.1887849866,75041.6583323927,105943.068231461
51132.8319358925,5776.26671924342,66527.6107698644,72726.2633890226,101403.883902646
49777.8460554279,5657.64030206659,62088.4461990973,71591.9441106293,98927.5036755666
50566.7159501241,5904.42849669226,58082.3887149049,68697.2948688898,95259.4130967164
49484.1356155767,5346.16402803928,53608.0649529851,65087.5118860707,84939.5060819026
48099.0400812666,4954.20317283355,47301.8765690863,61840.8538983191,81542.2892183685
47615.5275688064,4822.12339051781,44197.9717161922,59776.6248554034,80710.7479383976
46825.2722205024,4687.53094319684,42640.4871432824,58408.8237160779,79263.7023301955
46546.0883499144,4600.06380498995,41997.6515289662,58249.8961650995,78595.1079087011
47261.2746479528,4751.10388725104,45557.9836700935,60520.9048793449,80970.7743246923
47814.179742874,4990.54463367383,52346.5652603622,64220.5569587638,85028.1939607364
52929.9609449313,4874.42517327597,107212.472306786,119803.62518413,147222.209886517
56255.4223897669,5478.33900891037,125870.974526277,140335.44063395,160585.488224269
56211.773490346,5117.24070562756,136270.296683256,149324.232945745,166924.187402927
55806.4218740939,5019.30818988376,147642.058703604,161996.163312184,174452.697718878
56065.5105130192,4805.7065861644,153815.540066598,168986.927157346,184702.76965498
56262.6611042807,4773.39198458453,153290.402192943,168759.854276504,184938.363467768
56295.2456341836,4902.74539953564,150875.716503943,169235.565424523,184734.832992047
55331.107249912,4971.98571404442,148207.811197009,168109.729026441,184690.925095996
54718.7295231514,5006.44033809362,147273.203316862,167775.154724133,185557.027142951
53757.5397959607,5059.34279969599,138411.5707185,160319.96733084,180602.501879932
52858.6948438022,4813.95247409722,126915.044238906,146410.490238566,169695.270806445
53737.6528637777,5125.98978835254,119704.345432473,131271.949761519,160182.735256265
55908.5243908446,5575.18958631204,112198.285179118,119363.601997015,154477.160820168
51977.4103927491,5672.4887389154,69457.1887849866,75041.6583323927,105943.068231461
51132.8319358925,5776.26671924342,66527.6107698644,72726.2633890226,101403.883902646
49777.8460554279,5657.64030206659,62088.4461990973,71591.9441106293,98927.5036755666
50566.7159501241,5904.42849669226,58082.3887149049,68697.2948688898,95259.4130967164
49484.1356155767,5346.16402803928,53608.0649529851,65087.5118860707,84939.5060819026
48099.0400812666,4954.20317283355,47301.8765690863,61840.8538983191,81542.2892183685
47615.5275688064,4822.12339051781,44197.9717161922,59776.6248554034,80710.7479383976
46825.2722205024,4687.53094319684,42640.4871432824,58408.8237160779,79263.7023301955
46546.0883499144,4600.06380498995,41997.6515289662,58249.8961650995,78595.1079087011
47261.2746479528,4751.10388725104,45557.9836700935,60520.9048793449,80970.7743246923
47814.179742874,4990.54463367383,52346.5652603622,64220.5569587638,85028.1939607364
52929.9609449313,4874.42517327597,107212.472306786,119803.62518413,147222.209886517
56255.4223897669,5478.33900891037,125870.974526277,140335.44063395,160585.488224269
56211.773490346,5117.24070562756,136270.296683256,149324.232945745,166924.187402927
55806.4218740939,5019.30818988376,147642.058703604,161996.163312184,174452.697718878
56065.5105130192,4805.7065861644,153815.540066598,168986.927157346,184702.76965498
56262.6611042807,4773.39198458453,153290.402192943,168759.854276504,184938.363467768
56295.2456341836,4902.74539953564,150875.716503943,169235.565424523,184734.832992047
55331.107249912,4971.98571404442,148207.811197009,168109.729026441,184690.925095996
54718.7295231514,5006.44033809362,147273.203316862,167775.154724133,185557.027142951
53757.5397959607,5059.34279969599,138411.5707185,160319.96733084,180602.501879932
52858.6948438022,4813.95247409722,126915.044238906,146410.490238566,169695.270806445
53737.6528637777,5125.98978835254,119704.345432473,131271.949761519,160182.735256265
55908.5243908446,5575.18958631204,112198.285179118,119363.601997015,154477.160820168
51977.4103927491,5672.4887389154,69457.1887849866,75041.6583323927,105943.068231461
51132.8319358925,5776.26671924342,66527.6107698644,72726.2633890226,101403.883902646
49777.8460554279,5657.64030206659,62088.4461990973,71591.9441106293,98927.5036755666
50566.7159501241,5904.42849669226,58082.3887149049,68697.2948688898,95259.4130967164
49484.1356155767,5346.16402803928,53608.0649529851,65087.5118860707,84939.5060819026
48099.0400812666,4954.20317283355,47301.8765690863,61840.8538983191,81542.2892183685
47615.5275688064,4822.12339051781,44197.9717161922,59776.6248554034,80710.7479383976
46825.2722205024,4687.53094319684,42640.4871432824,58408.8237160779,79263.7023301955
46546.0883499144,4600.06380498995,41997.6515289662,58249.8961650995,78595.1079087011
47261.2746479528,4751.10388725104,45557.9836700935,60520.9048793449,80970.7743246923
47814.179742874,4990.54463367383,52346.5652603622,64220.5569587638,85028.1939607364
52929.9609449313,4874.42517327597,107212.472306786,119803.62518413,147222.209886517
56255.4223897669,5478.33900891037,125870.974526277,140335.44063395,160585.488224269
56211.773490346,5117.24070562756,136270.296683256,149324.232945745,166924.187402927
55806.4218740939,5019.30818988376,147642.058703604,161996.163312184,174452.697718878
56065.5105130192,4805.7065861644,153815.540066598,168986.927157346,184702.76965498
56262.6611042807,4773.39198458453,153290.402192943,168759.854276504,184938.363467768
56295.2456341836,4902.74539953564,150875.716503943,169235.565424523,184734.832992047
55331.107249912,4971.98571404442,148207.811197009,168109.729026441,184690.925095996
54718.7295231514,5006.44033809362,147273.203316862,167775.154724133,185557.027142951
53757.5397959607,5059.34279969599,138411.5707185,160319.96733084,180602.501879932
52858.6948438022,4813.95247409722,126915.044238906,146410.490238566,169695.270806445
53737.6528637777,5125.98978835254,119704.345432473,131271.949761519,160182.735256265
55908.5243908446,5575.18958631204,112198.285179118,119363.601997015,154477.160820168
51977.4103927491,5672.4887389154,69457.1887849866,75041.6583323927,105943.068231461
51132.8319358925,5776.26671924342,66527.6107698644,72726.2633890226,101403.883902646
49777.8460554279,5657.64030206659,62088.4461990973,71591.9441106293,98927.5036755666
50566.7159501241,5904.42849669226,58082.3887149049,68697.2948688898,95259.4130967164
49484.1356155767,5346.16402803928,53608.0649529851,65087.5118860707,84939.5060819026
48099.0400812666,4954.20317283355,47301.8765690863,61840.8538983191,81542.2892183685
47615.5275688064,4822.12339051781,44197.9717161922,59776.6248554034,80710.7479383976
46825.2722205024,4687.53094319684,42640.4871432824,58408.8237160779,79263.7023301955
46546.0883499144,4600.06380498995,41997.6515289662,58249.8961650995,78595.1079087011
47261.2746479528,4751.10388725104,45557.9836700935,60520.9048793449,80970.7743246923
47814.179742874,4990.54463367383,52346.5652603622,64220.5569587638,85028.1939607364
52929.9609449313,4874.42517327597,107212.472306786,119803.62518413,147222.209886517
56255.4223897669,5478.33900891037,125870.974526277,140335.44063395,160585.488224269
56211.773490346,5117.24070562756,136270.296683256,149324.232945745,166924.187402927
55806.4218740939,5019.30818988376,147642.058703604,161996.163312184,174452.697718878
56065.5105130192,4805.7065861644,153815.540066598,168986.927157346,184702.76965498
56262.6611042807,4773.39198458453,153290.402192943,168759.854276504,184938.363467768
56295.2456341836,4902.74539953564,150875.716503943,169235.565424523,184734.832992047
55331.107249912,4971.98571404442,148207.811197009,168109.729026441,184690.925095996
54718.7295231514,5006.44033809362,147273.203316862,167775.154724133,185557.027142951
53757.5397959607,5059.34279969599,138411.5707185,160319.96733084,180602.501879932
52858.6948438022,4813.95247409722,126915.044238906,146410.490238566,169695.270806445
53737.6528637777,5125.98978835254,119704.345432473,131271.949761519,160182.735256265
55908.5243908446,5575.18958631204,112198.285179118,119363.601997015,154477.160820168
51977.4103927491,5672.4887389154,69457.1887849866,75041.6583323927,105943.068231461
51132.8319358925,5776.26671924342,66527.6107698644,72726.2633890226,101403.883902646
49777.8460554279,5657.64030206659,62088.4461990973,71591.9441106293,98927.5036755666
50566.7159501241,5904.42849669226,58082.3887149049,68697.2948688898,95259.4130967164
49484.1356155767,5346.16402803928,53608.0649529851,65087.5118860707,84939.5060819026
48099.0400812666,4954.20317283355,47301.8765690863,61840.8538983191,81542.2892183685
47615.5275688064,4822.12339051781,44197.9717161922,59776.6248554034,80710.7479383976
46825.2722205024,4687.53094319684,42640.4871432824,58408.8237160779,79263.7023301955
46546.0883499144,4600.06380498995,41997.6515289662,58249.8961650995,78595.1079087011
47261.2746479528,4751.10388725104,45557.9836700935,60520.9048793449,80970.7743246923
47814.179742874,4990.54463367383,52346.5652603622,64220.5569587638,85028.1939607364
52929.9609449313,4874.42517327597,107212.472306786,119803.62518413,147222.209886517
56255.4223897669,5478.33900891037,125870.974526277,140335.44063395,160585.488224269
56211.773490346,5117.24070562756,136270.296683256,149324.232945745,166924.187402927
55806.4218740939,5019.30818988376,147642.058703604,161996.163312184,174452.697718878
56065.5105130192,4805.7065861644,153815.540066598,168986.927157346,184702.76965498
56262.6611042807,4773.39198458453,153290.402192943,168759.854276504,184938.363467768
56295.2456341836,4902.74539953564,150875.716503943,169235.565424523,184734.832992047
55331.107249912,4971.98571404442,148207.811197009,168109.729026441,184690.925095996
54718.7295231514,5006.44033809362,147273.203316862,167775.154724133,185557.027142951
53757.5397959607,5059.34279969599,138411.5707185,160319.96733084,180602.501879932
52858.6948438022,4813.95247409722,126915.044238906,146410.490238566,169695.270806445
53737.6528637777,5125.98978835254,119704.345432473,131271.949761519,160182.735256265
55908.5243908446,5575.18958631204,112198.285179118,119363.601997015,154477.160820168
51977.4103927491,5672.4887389154,69457.1887849866,75041.6583323927,105943.068231461
51132.8319358925,5776.26671924342,66527.6107698644,72726.2633890226,101403.883902646
49777.8460554279,5657.64030206659,62088.4461990973,71591.9441106293,98927.5036755666
50566.7159501241,5904.42849669226,58082.3887149049,68697.2948688898,95259.4130967164
49484.1356155767,5346.16402803928,53608.0649529851,65087.5118860707,84939.5060819026
48099.0400812666,4954.20317283355,47301.8765690863,61840.8538983191,81542.2892183685
47615.5275688064,4822.12339051781,44197.9717161922,59776.6248554034,80710.7479383976
46825.2722205024,4687.53094319684,42640.4871432824,58408.8237160779,79263.7023301955
46546.0883499144,4600.06380498995,41997.6515289662,58249.8961650995,78595.1079087011
47261.2746479528,4751.10388725104,45557.9836700935,60520.9048793449,80970.7743246923
47814.179742874,4990.54463367383,52346.5652603622,64220.5569587638,85028.1939607364
52929.9609449313,4874.42517327597,107212.472306786,119803.62518413,147222.209886517
56255.4223897669,5478.33900891037,125870.974526277,140335.44063395,160585.488224269
56211.773490346,5117.24070562756,136270.296683256,149324.232945745,166924.187402927
55806.4218740939,5019.30818988376,147642.058703604,161996.163312184,174452.697718878
56065.5105130192,4805.7065861644,153815.540066598,168986.927157346,184702.76965498
56262.6611042807,4773.39198458453,153290.402192943,168759.854276504,184938.363467768
56295.2456341836,4902.74539953564,150875.716503943,169235.565424523,184734.832992047
55331.107249912,4971.98571404442,148207.811197009,168109.729026441,184690.925095996
54718.7295231514,5006.44033809362,147273.203316862,167775.154724133,185557.027142951
53757.5397959607,5059.34279969599,138411.5707185,160319.96733084,180602.501879932
52858.6948438022,4813.95247409722,126915.044238906,146410.490238566,169695.270806445
53737.6528637777,5125.98978835254,119704.345432473,131271.949761519,160182.735256265
55908.5243908446,5575.18958631204,112198.285179118,119363.601997015,154477.160820168
51977.4103927491,5672.4887389154,69457.1887849866,75041.6583323927,105943.068231461
51132.8319358925,5776.26671924342,66527.6107698644,72726.2633890226,101403.883902646
49777.8460554279,5657.64030206659,62088.4461990973,71591.9441106293,98927.5036755666
50566.7159501241,5904.42849669226,58082.3887149049,68697.2948688898,95259.4130967164
49484.1356155767,5346.16402803928,53608.0649529851,65087.5118860707,84939.5060819026
48099.0400812666,4954.20317283355,47301.8765690863,61840.8538983191,81542.2892183685
47615.5275688064,4822.12339051781,44197.9717161922,59776.6248554034,80710.7479383976
46825.2722205024,4687.53094319684,42640.4871432824,58408.8237160779,79263.7023301955
46546.0883499144,4600.06380498995,41997.6515289662,58249.8961650995,78595.1079087011
47261.2746479528,4751.10388725104,45557.9836700935,60520.9048793449,80970.7743246923
47814.179742874,4990.54463367383,52346.5652603622,64220.5569587638,85028.1939607364
52929.9609449313,4874.42517327597,107212.472306786,119803.62518413,147222.209886517
56255.4223897669,5478.33900891037,125870.974526277,140335.44063395,160585.488224269
56211.773490346,5117.24070562756,136270.296683256,149324.232945745,166924.187402927
55806.4218740939,5019.30818988376,147642.058703604,161996.163312184,174452.697718878
56065.5105130192,4805.7065861644,153815.540066598,168986.927157346,184702.76965498
56262.6611042807,4773.39198458453,153290.402192943,168759.854276504,184938.363467768
56295.2456341836,4902.74539953564,150875.716503943,169235.565424523,184734.832992047
55331.107249912,4971.98571404442,148207.811197009,168109.729026441,184690.925095996
54718.7295231514,5006.44033809362,147273.203316862,167775.154724133,185557.027142951
53757.5397959607,5059.34279969599,138411.5707185,160319.96733084,180602.501879932
52858.6948438022,4813.95247409722,126915.044238906,146410.490238566,169695.270806445
53737.6528637777,5125.98978835254,119704.345432473,131271.949761519,160182.735256265
55908.5243908446,5575.18958631204,112198.285179118,119363.601997015,154477.160820168
51977.4103927491,5672.4887389154,69457.1887849866,75041.6583323927,105943.068231461
51132.8319358925,5776.26671924342,66527.6107698644,72726.2633890226,101403.883902646
49777.8460554279,5657.64030206659,62088.4461990973,71591.9441106293,98927.5036755666
50566.7159501241,5904.42849669226,58082.3887149049,68697.2948688898,95259.4130967164
49484.1356155767,5346.16402803928,53608.0649529851,65087.5118860707,84939.5060819026
48099.0400812666,4954.20317283355,47301.8765690863,61840.8538983191,81542.2892183685
47615.5275688064,4822.12339051781,44197.9717161922,59776.6248554034,80710.7479383976
46825.2722205024,4687.53094319684,42640.4871432824,58408.8237160779,79263.7023301955
46546.0883499144,4600.06380498995,41997.6515289662,58249.8961650995,78595.1079087011
47261.2746479528,4751.10388725104,45557.9836700935,60520.9048793449,80970.7743246923
47814.179742874,4990.54463367383,52346.5652603622,64220.5569587638,85028.1939607364
52929.9609449313,4874.42517327597,107212.472306786,119803.62518413,147222.209886517
56255.4223897669,5478.33900891037,125870.974526277,140335.44063395,160585.488224269
56211.773490346,5117.24070562756,136270.296683256,149324.232945745,166924.187402927
55806.4218740939,5019.30818988376,147642.058703604,161996.163312184,174452.697718878
56065.5105130192,4805.7065861644,153815.540066598,168986.927157346,184702.76965498
56262.6611042807,4773.39198458453,153290.402192943,168759.854276504,184938.363467768
56295.2456341836,4902.74539953564,150875.716503943,169235.565424523,184734.832992047
55331.107249912,4971.98571404442,148207.811197009,168109.729026441,184690.925095996
54718.7295231514,5006.44033809362,147273.203316862,167775.154724133,185557.027142951
53757.5397959607,5059.34279969599,138411.5707185,160319.96733084,180602.501879932
52858.6948438022,4813.95247409722,126915.044238906,146410.490238566,169695.270806445
53737.6528637777,5125.98978835254,119704.345432473,131271.949761519,160182.735256265
55908.5243908446,5575.18958631204,112198.285179118,119363.601997015,154477.160820168
51977.4103927491,5672.4887389154,69457.1887849866,75041.6583323927,105943.068231461
51132.8319358925,5776.26671924342,66527.6107698644,72726.2633890226,101403.883902646
49777.8460554279,5657.64030206659,62088.4461990973,71591.9441106293,98927.5036755666
50566.7159501241,5904.42849669226,58082.3887149049,68697.2948688898,95259.4130967164
49484.1356155767,5346.16402803928,53608.0649529851,65087.5118860707,84939.5060819026
48099.0400812666,4954.20317283355,47301.8765690863,61840.8538983191,81542.2892183685
47615.5275688064,4822.12339051781,44197.9717161922,59776.6248554034,80710.7479383976
46825.2722205024,4687.53094319684,42640.4871432824,58408.8237160779,79263.7023301955
46546.0883499144,4600.06380498995,41997.6515289662,58249.8961650995,78595.1079087011
47261.2746479528,4751.10388725104,45557.9836700935,60520.9048793449,80970.7743246923
47814.179742874,4990.54463367383,52346.5652603622,64220.5569587638,85028.1939607364
52929.9609449313,4874.42517327597,107212.472306786,119803.62518413,147222.209886517
56255.4223897669,5478.33900891037,125870.974526277,140335.44063395,160585.488224269
56211.773490346,5117.24070562756,136270.296683256,149324.232945745,166924.187402927
55806.4218740939,5019.30818988376,147642.058703604,161996.163312184,174452.697718878
56065.5105130192,4805.7065861644,153815.540066598,168986.927157346,184702.76965498
56262.6611042807,4773.39198458453,153290.402192943,168759.854276504,184938.363467768
56295.2456341836,4902.74539953564,150875.716503943,169235.565424523,184734.832992047
55331.107249912,4971.98571404442,148207.811197009,168109.729026441,184690.925095996
54718.7295231514,5006.44033809362,147273.203316862,167775.154724133,185557.027142951
53757.5397959607,5059.34279969599,138411.5707185,160319.96733084,180602.501879932
52858.6948438022,4813.95247409722,126915.044238906,146410.490238566,169695.270806445
53737.6528637777,5125.98978835254,119704.345432473,131271.949761519,160182.735256265
55908.5243908446,5575.18958631204,112198.285179118,119363.601997015,154477.160820168
51977.4103927491,5672.4887389154,69457.1887849866,75041.6583323927,105943.068231461
51132.8319358925,5776.26671924342,66527.6107698644,72726.2633890226,101403.883902646
49777.8460554279,5657.64030206659,62088.4461990973,71591.9441106293,98927.5036755666
50566.7159501241,5904.42849669226,58082.3887149049,68697.2948688898,95259.4130967164
49484.1356155767,5346.16402803928,53608.0649529851,65087.5118860707,84939.5060819026
48099.0400812666,4954.20317283355,47301.8765690863,61840.8538983191,81542.2892183685
47615.5275688064,4822.12339051781,44197.9717161922,59776.6248554034,80710.7479383976
46825.2722205024,4687.53094319684,42640.4871432824,58408.8237160779,79263.7023301955
46546.0883499144,4600.06380498995,41997.6515289662,58249.8961650995,78595.1079087011
47261.2746479528,4751.10388725104,45557.9836700935,60520.9048793449,80970.7743246923
47814.179742874,4990.54463367383,52346.5652603622,64220.5569587638,85028.1939607364
52929.9609449313,4874.42517327597,107212.472306786,119803.62518413,147222.209886517
56255.4223897669,5478.33900891037,125870.974526277,140335.44063395,160585.488224269
56211.773490346,5117.24070562756,136270.296683256,149324.232945745,166924.187402927
55806.4218740939,5019.30818988376,147642.058703604,161996.163312184,174452.697718878
56065.5105130192,4805.7065861644,153815.540066598,168986.927157346,184702.76965498
56262.6611042807,4773.39198458453,153290.402192943,168759.854276504,184938.363467768
56295.2456341836,4902.74539953564,150875.716503943,169235.565424523,184734.832992047
55331.107249912,4971.98571404442,148207.811197009,168109.729026441,184690.925095996
54718.7295231514,5006.44033809362,147273.203316862,167775.154724133,185557.027142951
53757.5397959607,5059.34279969599,138411.5707185,160319.96733084,180602.501879932
52858.6948438022,4813.95247409722,126915.044238906,146410.490238566,169695.270806445
53737.6528637777,5125.98978835254,119704.345432473,131271.949761519,160182.735256265
55908.5243908446,5575.18958631204,112198.285179118,119363.601997015,154477.160820168
51977.4103927491,5672.4887389154,69457.1887849866,75041.6583323927,105943.068231461
51132.8319358925,5776.26671924342,66527.6107698644,72726.2633890226,101403.883902646
49777.8460554279,5657.64030206659,62088.4461990973,71591.9441106293,98927.5036755666
50566.7159501241,5904.42849669226,58082.3887149049,68697.2948688898,95259.4130967164
49484.1356155767,5346.16402803928,53608.0649529851,65087.5118860707,84939.5060819026
48099.0400812666,4954.20317283355,47301.8765690863,61840.8538983191,81542.2892183685
47615.5275688064,4822.12339051781,44197.9717161922,59776.6248554034,80710.7479383976
46825.2722205024,4687.53094319684,42640.4871432824,58408.8237160779,79263.7023301955
46546.0883499144,4600.06380498995,41997.6515289662,58249.8961650995,78595.1079087011
47261.2746479528,4751.10388725104,45557.9836700935,60520.9048793449,80970.7743246923
47814.179742874,4990.54463367383,52346.5652603622,64220.5569587638,85028.1939607364
52929.9609449313,4874.42517327597,107212.472306786,119803.62518413,147222.209886517
56255.4223897669,5478.33900891037,125870.974526277,140335.44063395,160585.488224269
56211.773490346,5117.24070562756,136270.296683256,149324.232945745,166924.187402927
55806.4218740939,5019.30818988376,147642.058703604,161996.163312184,174452.697718878
56065.5105130192,4805.7065861644,153815.540066598,168986.927157346,184702.76965498
56262.6611042807,4773.39198458453,153290.402192943,168759.854276504,184938.363467768
56295.2456341836,4902.74539953564,150875.716503943,169235.565424523,184734.832992047
55331.107249912,4971.98571404442,148207.811197009,168109.729026441,184690.925095996
54718.7295231514,5006.44033809362,147273.203316862,167775.154724133,185557.027142951
53757.5397959607,5059.34279969599,138411.5707185,160319.96733084,180602.501879932
52858.6948438022,4813.95247409722,126915.044238906,146410.490238566,169695.270806445
53737.6528637777,5125.98978835254,119704.345432473,131271.949761519,160182.735256265
55908.5243908446,5575.18958631204,112198.285179118,119363.601997015,154477.160820168
51977.4103927491,5672.4887389154,69457.1887849866,75041.6583323927,105943.068231461
51132.8319358925,5776.26671924342,66527.6107698644,72726.2633890226,101403.883902646
49777.8460554279,5657.64030206659,62088.4461990973,71591.9441106293,98927.5036755666
50566.7159501241,5904.42849669226,58082.3887149049,68697.2948688898,95259.4130967164
49484.1356155767,5346.16402803928,53608.0649529851,65087.5118860707,84939.5060819026
48099.0400812666,4954.20317283355,47301.8765690863,61840.8538983191,81542.2892183685
47615.5275688064,4822.12339051781,44197.9717161922,59776.6248554034,80710.7479383976
46825.2722205024,4687.53094319684,42640.4871432824,58408.8237160779,79263.7023301955
46546.0883499144,4600.06380498995,41997.6515289662,58249.8961650995,78595.1079087011
47261.2746479528,4751.10388725104,45557.9836700935,60520.9048793449,80970.7743246923
47814.179742874,4990.54463367383,52346.5652603622,64220.5569587638,85028.1939607364
52929.9609449313,4874.42517327597,107212.472306786,119803.62518413,147222.209886517
56255.4223897669,5478.33900891037,125870.974526277,140335.44063395,160585.488224269
56211.773490346,5117.24070562756,136270.296683256,149324.232945745,166924.187402927
55806.4218740939,5019.30818988376,147642.058703604,161996.163312184,174452.697718878
56065.5105130192,4805.7065861644,153815.540066598,168986.927157346,184702.76965498
56262.6611042807,4773.39198458453,153290.402192943,168759.854276504,184938.363467768
56295.2456341836,4902.74539953564,150875.716503943,169235.565424523,184734.832992047
55331.107249912,4971.98571404442,148207.811197009,168109.729026441,184690.925095996
54718.7295231514,5006.44033809362,147273.203316862,167775.154724133,185557.027142951
53757.5397959607,5059.34279969599,138411.5707185,160319.96733084,180602.501879932
52858.6948438022,4813.95247409722,126915.044238906,146410.490238566,169695.270806445
53737.6528637777,5125.98978835254,119704.345432473,131271.949761519,160182.735256265
55908.5243908446,5575.18958631204,112198.285179118,119363.601997015,154477.160820168
51977.4103927491,5672.4887389154,69457.1887849866,75041.6583323927,105943.068231461
51132.8319358925,5776.26671924342,66527.6107698644,72726.2633890226,101403.883902646
49777.8460554279,5657.64030206659,62088.4461990973,71591.9441106293,98927.5036755666
50566.7159501241,5904.42849669226,58082.3887149049,68697.2948688898,95259.4130967164
49484.1356155767,5346.16402803928,53608.0649529851,65087.5118860707,84939.5060819026
48099.0400812666,4954.20317283355,47301.8765690863,61840.8538983191,81542.2892183685
47615.5275688064,4822.12339051781,44197.9717161922,59776.6248554034,80710.7479383976
46825.2722205024,4687.53094319684,42640.4871432824,58408.8237160779,79263.7023301955
46546.0883499144,4600.06380498995,41997.6515289662,58249.8961650995,78595.1079087011
47261.2746479528,4751.10388725104,45557.9836700935,60520.9048793449,80970.7743246923
47814.179742874,4990.54463367383,52346.5652603622,64220.5569587638,85028.1939607364
52929.9609449313,4874.42517327597,107212.472306786,119803.62518413,147222.209886517
56255.4223897669,5478.33900891037,125870.974526277,140335.44063395,160585.488224269
56211.773490346,5117.24070562756,136270.296683256,149324.232945745,166924.187402927
55806.4218740939,5019.30818988376,147642.058703604,161996.163312184,174452.697718878
56065.5105130192,4805.7065861644,153815.540066598,168986.927157346,184702.76965498
56262.6611042807,4773.39198458453,153290.402192943,168759.854276504,184938.363467768
56295.2456341836,4902.74539953564,150875.716503943,169235.565424523,184734.832992047
55331.107249912,4971.98571404442,148207.811197009,168109.729026441,184690.925095996
54718.7295231514,5006.44033809362,147273.203316862,167775.154724133,185557.027142951
53757.5397959607,5059.34279969599,138411.5707185,160319.96733084,180602.501879932
52858.6948438022,4813.95247409722,126915.044238906,146410.490238566,169695.270806445
53737.6528637777,5125.98978835254,119704.345432473,131271.949761519,160182.735256265
55908.5243908446,5575.18958631204,112198.285179118,119363.601997015,154477.160820168
51977.4103927491,5672.4887389154,69457.1887849866,75041.6583323927,105943.068231461
51132.8319358925,5776.26671924342,66527.6107698644,72726.2633890226,101403.883902646
49777.8460554279,5657.64030206659,62088.4461990973,71591.9441106293,98927.5036755666
50566.7159501241,5904.42849669226,58082.3887149049,68697.2948688898,95259.4130967164
49484.1356155767,5346.16402803928,53608.0649529851,65087.5118860707,84939.5060819026
48099.0400812666,4954.20317283355,47301.8765690863,61840.8538983191,81542.2892183685
47615.5275688064,4822.12339051781,44197.9717161922,59776.6248554034,80710.7479383976
46825.2722205024,4687.53094319684,42640.4871432824,58408.8237160779,79263.7023301955
46546.0883499144,4600.06380498995,41997.6515289662,58249.8961650995,78595.1079087011
47261.2746479528,4751.10388725104,45557.9836700935,60520.9048793449,80970.7743246923
47814.179742874,4990.54463367383,52346.5652603622,64220.5569587638,85028.1939607364
52929.9609449313,4874.42517327597,107212.472306786,119803.62518413,147222.209886517
56255.4223897669,5478.33900891037,125870.974526277,140335.44063395,160585.488224269
56211.773490346,5117.24070562756,136270.296683256,149324.232945745,166924.187402927
55806.4218740939,5019.30818988376,147642.058703604,161996.163312184,174452.697718878
56065.5105130192,4805.7065861644,153815.540066598,168986.927157346,184702.76965498
56262.6611042807,4773.39198458453,153290.402192943,168759.854276504,184938.363467768
56295.2456341836,4902.74539953564,150875.716503943,169235.565424523,184734.832992047
55331.107249912,4971.98571404442,148207.811197009,168109.729026441,184690.925095996
54718.7295231514,5006.44033809362,147273.203316862,167775.154724133,185557.027142951
53757.5397959607,5059.34279969599,138411.5707185,160319.96733084,180602.501879932
52858.6948438022,4813.95247409722,126915.044238906,146410.490238566,169695.270806445
53737.6528637777,5125.98978835254,119704.345432473,131271.949761519,160182.735256265
55908.5243908446,5575.18958631204,112198.285179118,119363.601997015,154477.160820168
51977.4103927491,5672.4887389154,69457.1887849866,75041.6583323927,105943.068231461
51132.8319358925,5776.26671924342,66527.6107698644,72726.2633890226,101403.883902646
49777.8460554279,5657.64030206659,62088.4461990973,71591.9441106293,98927.5036755666
50566.7159501241,5904.42849669226,58082.3887149049,68697.2948688898,95259.4130967164
49484.1356155767,5346.16402803928,53608.0649529851,65087.5118860707,84939.5060819026
48099.0400812666,4954.20317283355,47301.8765690863,61840.8538983191,81542.2892183685
47615.5275688064,4822.12339051781,44197.9717161922,59776.6248554034,80710.7479383976
46825.2722205024,4687.53094319684,42640.4871432824,58408.8237160779,79263.7023301955
46546.0883499144,4600.06380498995,41997.6515289662,58249.8961650995,78595.1079087011
47261.2746479528,4751.10388725104,45557.9836700935,60520.9048793449,80970.7743246923
47814.179742874,4990.54463367383,52346.5652603622,64220.5569587638,85028.1939607364
52929.9609449313,4874.42517327597,107212.472306786,119803.62518413,147222.209886517
56255.4223897669,5478.33900891037,125870.974526277,140335.44063395,160585.488224269
56211.773490346,5117.24070562756,136270.296683256,149324.232945745,166924.187402927
55806.4218740939,5019.30818988376,147642.058703604,161996.163312184,174452.697718878
56065.5105130192,4805.7065861644,153815.540066598,168986.927157346,184702.76965498
56262.6611042807,4773.39198458453,153290.402192943,168759.854276504,184938.363467768
56295.2456341836,4902.74539953564,150875.716503943,169235.565424523,184734.832992047
55331.107249912,4971.98571404442,148207.811197009,168109.729026441,184690.925095996
54718.7295231514,5006.44033809362,147273.203316862,167775.154724133,185557.027142951
53757.5397959607,5059.34279969599,138411.5707185,160319.96733084,180602.501879932
52858.6948438022,4813.95247409722,126915.044238906,146410.490238566,169695.270806445
53737.6528637777,5125.98978835254,119704.345432473,131271.949761519,160182.735256265
55908.5243908446,5575.18958631204,112198.285179118,119363.601997015,154477.160820168
51977.4103927491,5672.4887389154,69457.1887849866,75041.6583323927,105943.068231461
51132.8319358925,5776.26671924342,66527.6107698644,72726.2633890226,101403.883902646
49777.8460554279,5657.64030206659,62088.4461990973,71591.9441106293,98927.5036755666
50566.7159501241,5904.42849669226,58082.3887149049,68697.2948688898,95259.4130967164
49484.1356155767,5346.16402803928,53608.0649529851,65087.5118860707,84939.5060819026
48099.0400812666,4954.20317283355,47301.8765690863,61840.8538983191,81542.2892183685
47615.5275688064,4822.12339051781,44197.9717161922,59776.6248554034,80710.7479383976
46825.2722205024,4687.53094319684,42640.4871432824,58408.8237160779,79263.7023301955
46546.0883499144,4600.06380498995,41997.6515289662,58249.8961650995,78595.1079087011
47261.2746479528,4751.10388725104,45557.9836700935,60520.9048793449,80970.7743246923
47814.179742874,4990.54463367383,52346.5652603622,64220.5569587638,85028.1939607364
52929.9609449313,4874.42517327597,107212.472306786,119803.62518413,147222.209886517
56255.4223897669,5478.33900891037,125870.974526277,140335.44063395,160585.488224269
56211.773490346,5117.24070562756,136270.296683256,149324.232945745,166924.187402927
55806.4218740939,5019.30818988376,147642.058703604,161996.163312184,174452.697718878
56065.5105130192,4805.7065861644,153815.540066598,168986.927157346,184702.76965498
56262.6611042807,4773.39198458453,153290.402192943,168759.854276504,184938.363467768
56295.2456341836,4902.74539953564,150875.716503943,169235.565424523,184734.832992047
55331.107249912,4971.98571404442,148207.811197009,168109.729026441,184690.925095996
54718.7295231514,5006.44033809362,147273.203316862,167775.154724133,185557.027142951
53757.5397959607,5059.34279969599,138411.5707185,160319.96733084,180602.501879932
52858.6948438022,4813.95247409722,126915.044238906,146410.490238566,169695.270806445
53737.6528637777,5125.98978835254,119704.345432473,131271.949761519,160182.735256265
55908.5243908446,5575.18958631204,112198.285179118,119363.601997015,154477.160820168
51977.4103927491,5672.4887389154,69457.1887849866,75041.6583323927,105943.068231461
51132.8319358925,5776.26671924342,66527.6107698644,72726.2633890226,101403.883902646
49777.8460554279,5657.64030206659,62088.4461990973,71591.9441106293,98927.5036755666
50566.7159501241,5904.42849669226,58082.3887149049,68697.2948688898,95259.4130967164
49484.1356155767,5346.16402803928,53608.0649529851,65087.5118860707,84939.5060819026
48099.0400812666,4954.20317283355,47301.8765690863,61840.8538983191,81542.2892183685
47615.5275688064,4822.12339051781,44197.9717161922,59776.6248554034,80710.7479383976
46825.2722205024,4687.53094319684,42640.4871432824,58408.8237160779,79263.7023301955
46546.0883499144,4600.06380498995,41997.6515289662,58249.8961650995,78595.1079087011
47261.2746479528,4751.10388725104,45557.9836700935,60520.9048793449,80970.7743246923
47814.179742874,4990.54463367383,52346.5652603622,64220.5569587638,85028.1939607364
52929.9609449313,4874.42517327597,107212.472306786,119803.62518413,147222.209886517
56255.4223897669,5478.33900891037,125870.974526277,140335.44063395,160585.488224269
56211.773490346,5117.24070562756,136270.296683256,149324.232945745,166924.187402927
55806.4218740939,5019.30818988376,147642.058703604,161996.163312184,174452.697718878
56065.5105130192,4805.7065861644,153815.540066598,168986.927157346,184702.76965498
56262.6611042807,4773.39198458453,153290.402192943,168759.854276504,184938.363467768
56295.2456341836,4902.74539953564,150875.716503943,169235.565424523,184734.832992047
55331.107249912,4971.98571404442,148207.811197009,168109.729026441,184690.925095996
54718.7295231514,5006.44033809362,147273.203316862,167775.154724133,185557.027142951
53757.5397959607,5059.34279969599,138411.5707185,160319.96733084,180602.501879932
52858.6948438022,4813.95247409722,126915.044238906,146410.490238566,169695.270806445
53737.6528637777,5125.98978835254,119704.345432473,131271.949761519,160182.735256265
55908.5243908446,5575.18958631204,112198.285179118,119363.601997015,154477.160820168
51977.4103927491,5672.4887389154,69457.1887849866,75041.6583323927,105943.068231461
51132.8319358925,5776.26671924342,66527.6107698644,72726.2633890226,101403.883902646
49777.8460554279,5657.64030206659,62088.4461990973,71591.9441106293,98927.5036755666
50566.7159501241,5904.42849669226,58082.3887149049,68697.2948688898,95259.4130967164
49484.1356155767,5346.16402803928,53608.0649529851,65087.5118860707,84939.5060819026
48099.0400812666,4954.20317283355,47301.8765690863,61840.8538983191,81542.2892183685
47615.5275688064,4822.12339051781,44197.9717161922,59776.6248554034,80710.7479383976
46825.2722205024,4687.53094319684,42640.4871432824,58408.8237160779,79263.7023301955
46546.0883499144,4600.06380498995,41997.6515289662,58249.8961650995,78595.1079087011
47261.2746479528,4751.10388725104,45557.9836700935,60520.9048793449,80970.7743246923
47814.179742874,4990.54463367383,52346.5652603622,64220.5569587638,85028.1939607364
52929.9609449313,4874.42517327597,107212.472306786,119803.62518413,147222.209886517
56255.4223897669,5478.33900891037,125870.974526277,140335.44063395,160585.488224269
56211.773490346,5117.24070562756,136270.296683256,149324.232945745,166924.187402927
55806.4218740939,5019.30818988376,147642.058703604,161996.163312184,174452.697718878
56065.5105130192,4805.7065861644,153815.540066598,168986.927157346,184702.76965498
56262.6611042807,4773.39198458453,153290.402192943,168759.854276504,184938.363467768
56295.2456341836,4902.74539953564,150875.716503943,169235.565424523,184734.832992047
55331.107249912,4971.98571404442,148207.811197009,168109.729026441,184690.925095996
54718.7295231514,5006.44033809362,147273.203316862,167775.154724133,185557.027142951
53757.5397959607,5059.34279969599,138411.5707185,160319.96733084,180602.501879932
52858.6948438022,4813.95247409722,126915.044238906,146410.490238566,169695.270806445
53737.6528637777,5125.98978835254,119704.345432473,131271.949761519,160182.735256265
55908.5243908446,5575.18958631204,112198.285179118,119363.601997015,154477.160820168
51977.4103927491,5672.4887389154,69457.1887849866,75041.6583323927,105943.068231461
51132.8319358925,5776.26671924342,66527.6107698644,72726.2633890226,101403.883902646
49777.8460554279,5657.64030206659,62088.4461990973,71591.9441106293,98927.5036755666
50566.7159501241,5904.42849669226,58082.3887149049,68697.2948688898,95259.4130967164
49484.1356155767,5346.16402803928,53608.0649529851,65087.5118860707,84939.5060819026
48099.0400812666,4954.20317283355,47301.8765690863,61840.8538983191,81542.2892183685
47615.5275688064,4822.12339051781,44197.9717161922,59776.6248554034,80710.7479383976
46825.2722205024,4687.53094319684,42640.4871432824,58408.8237160779,79263.7023301955
46546.0883499144,4600.06380498995,41997.6515289662,58249.8961650995,78595.1079087011
47261.2746479528,4751.10388725104,45557.9836700935,60520.9048793449,80970.7743246923
47814.179742874,4990.54463367383,52346.5652603622,64220.5569587638,85028.1939607364
52929.9609449313,4874.42517327597,107212.472306786,119803.62518413,147222.209886517
56255.4223897669,5478.33900891037,125870.974526277,140335.44063395,160585.488224269
56211.773490346,5117.24070562756,136270.296683256,149324.232945745,166924.187402927
55806.4218740939,5019.30818988376,147642.058703604,161996.163312184,174452.697718878
56065.5105130192,4805.7065861644,153815.540066598,168986.927157346,184702.76965498
56262.6611042807,4773.39198458453,153290.402192943,168759.854276504,184938.363467768
56295.2456341836,4902.74539953564,150875.716503943,169235.565424523,184734.832992047
55331.107249912,4971.98571404442,148207.811197009,168109.729026441,184690.925095996
54718.7295231514,5006.44033809362,147273.203316862,167775.154724133,185557.027142951
53757.5397959607,5059.34279969599,138411.5707185,160319.96733084,180602.501879932
52858.6948438022,4813.95247409722,126915.044238906,146410.490238566,169695.270806445
53737.6528637777,5125.98978835254,119704.345432473,131271.949761519,160182.735256265
55908.5243908446,5575.18958631204,112198.285179118,119363.601997015,154477.160820168
51977.4103927491,5672.4887389154,69457.1887849866,75041.6583323927,105943.068231461
51132.8319358925,5776.26671924342,66527.6107698644,72726.2633890226,101403.883902646
49777.8460554279,5657.64030206659,62088.4461990973,71591.9441106293,98927.5036755666
50566.7159501241,5904.42849669226,58082.3887149049,68697.2948688898,95259.4130967164
49484.1356155767,5346.16402803928,53608.0649529851,65087.5118860707,84939.5060819026
48099.0400812666,4954.20317283355,47301.8765690863,61840.8538983191,81542.2892183685
47615.5275688064,4822.12339051781,44197.9717161922,59776.6248554034,80710.7479383976
46825.2722205024,4687.53094319684,42640.4871432824,58408.8237160779,79263.7023301955
46546.0883499144,4600.06380498995,41997.6515289662,58249.8961650995,78595.1079087011
47261.2746479528,4751.10388725104,45557.9836700935,60520.9048793449,80970.7743246923
47814.179742874,4990.54463367383,52346.5652603622,64220.5569587638,85028.1939607364
52929.9609449313,4874.42517327597,107212.472306786,119803.62518413,147222.209886517
56255.4223897669,5478.33900891037,125870.974526277,140335.44063395,160585.488224269
56211.773490346,5117.24070562756,136270.296683256,149324.232945745,166924.187402927
55806.4218740939,5019.30818988376,147642.058703604,161996.163312184,174452.697718878
56065.5105130192,4805.7065861644,153815.540066598,168986.927157346,184702.76965498
56262.6611042807,4773.39198458453,153290.402192943,168759.854276504,184938.363467768
56295.2456341836,4902.74539953564,150875.716503943,169235.565424523,184734.832992047
55331.107249912,4971.98571404442,148207.811197009,168109.729026441,184690.925095996
54718.7295231514,5006.44033809362,147273.203316862,167775.154724133,185557.027142951
53757.5397959607,5059.34279969599,138411.5707185,160319.96733084,180602.501879932
52858.6948438022,4813.95247409722,126915.044238906,146410.490238566,169695.270806445
53737.6528637777,5125.98978835254,119704.345432473,131271.949761519,160182.735256265
55908.5243908446,5575.18958631204,112198.285179118,119363.601997015,154477.160820168
51977.4103927491,5672.4887389154,69457.1887849866,75041.6583323927,105943.068231461
51132.8319358925,5776.26671924342,66527.6107698644,72726.2633890226,101403.883902646
49777.8460554279,5657.64030206659,62088.4461990973,71591.9441106293,98927.5036755666
50566.7159501241,5904.42849669226,58082.3887149049,68697.2948688898,95259.4130967164
49484.1356155767,5346.16402803928,53608.0649529851,65087.5118860707,84939.5060819026
48099.0400812666,4954.20317283355,47301.8765690863,61840.8538983191,81542.2892183685
47615.5275688064,4822.12339051781,44197.9717161922,59776.6248554034,80710.7479383976
46825.2722205024,4687.53094319684,42640.4871432824,58408.8237160779,79263.7023301955
46546.0883499144,4600.06380498995,41997.6515289662,58249.8961650995,78595.1079087011
47261.2746479528,4751.10388725104,45557.9836700935,60520.9048793449,80970.7743246923
47814.179742874,4990.54463367383,52346.5652603622,64220.5569587638,85028.1939607364
52929.9609449313,4874.42517327597,107212.472306786,119803.62518413,147222.209886517
56255.4223897669,5478.33900891037,125870.974526277,140335.44063395,160585.488224269
56211.773490346,5117.24070562756,136270.296683256,149324.232945745,166924.187402927
55806.4218740939,5019.30818988376,147642.058703604,161996.163312184,174452.697718878
56065.5105130192,4805.7065861644,153815.540066598,168986.927157346,184702.76965498
56262.6611042807,4773.39198458453,153290.402192943,168759.854276504,184938.363467768
56295.2456341836,4902.74539953564,150875.716503943,169235.565424523,184734.832992047
55331.107249912,4971.98571404442,148207.811197009,168109.729026441,184690.925095996
54718.7295231514,5006.44033809362,147273.203316862,167775.154724133,185557.027142951
53757.5397959607,5059.34279969599,138411.5707185,160319.96733084,180602.501879932
52858.6948438022,4813.95247409722,126915.044238906,146410.490238566,169695.270806445
53737.6528637777,5125.98978835254,119704.345432473,131271.949761519,160182.735256265
55908.5243908446,5575.18958631204,112198.285179118,119363.601997015,154477.160820168
51977.4103927491,5672.4887389154,69457.1887849866,75041.6583323927,105943.068231461
51132.8319358925,5776.26671924342,66527.6107698644,72726.2633890226,101403.883902646
49777.8460554279,5657.64030206659,62088.4461990973,71591.9441106293,98927.5036755666
50566.7159501241,5904.42849669226,58082.3887149049,68697.2948688898,95259.4130967164
49484.1356155767,5346.16402803928,53608.0649529851,65087.5118860707,84939.5060819026
48099.0400812666,4954.20317283355,47301.8765690863,61840.8538983191,81542.2892183685
47615.5275688064,4822.12339051781,44197.9717161922,59776.6248554034,80710.7479383976
46825.2722205024,4687.53094319684,42640.4871432824,58408.8237160779,79263.7023301955
46546.0883499144,4600.06380498995,41997.6515289662,58249.8961650995,78595.1079087011
47261.2746479528,4751.10388725104,45557.9836700935,60520.9048793449,80970.7743246923
47814.179742874,4990.54463367383,52346.5652603622,64220.5569587638,85028.1939607364
52929.9609449313,4874.42517327597,107212.472306786,119803.62518413,147222.209886517
56255.4223897669,5478.33900891037,125870.974526277,140335.44063395,160585.488224269
56211.773490346,5117.24070562756,136270.296683256,149324.232945745,166924.187402927
55806.4218740939,5019.30818988376,147642.058703604,161996.163312184,174452.697718878
56065.5105130192,4805.7065861644,153815.540066598,168986.927157346,184702.76965498
56262.6611042807,4773.39198458453,153290.402192943,168759.854276504,184938.363467768
56295.2456341836,4902.74539953564,150875.716503943,169235.565424523,184734.832992047
55331.107249912,4971.98571404442,148207.811197009,168109.729026441,184690.925095996
54718.7295231514,5006.44033809362,147273.203316862,167775.154724133,185557.027142951
53757.5397959607,5059.34279969599,138411.5707185,160319.96733084,180602.501879932
52858.6948438022,4813.95247409722,126915.044238906,146410.490238566,169695.270806445
53737.6528637777,5125.98978835254,119704.345432473,131271.949761519,160182.735256265
55908.5243908446,5575.18958631204,112198.285179118,119363.601997015,154477.160820168
51977.4103927491,5672.4887389154,69457.1887849866,75041.6583323927,105943.068231461
51132.8319358925,5776.26671924342,66527.6107698644,72726.2633890226,101403.883902646
49777.8460554279,5657.64030206659,62088.4461990973,71591.9441106293,98927.5036755666
50566.7159501241,5904.42849669226,58082.3887149049,68697.2948688898,95259.4130967164
49484.1356155767,5346.16402803928,53608.0649529851,65087.5118860707,84939.5060819026
48099.0400812666,4954.20317283355,47301.8765690863,61840.8538983191,81542.2892183685
47615.5275688064,4822.12339051781,44197.9717161922,59776.6248554034,80710.7479383976
46825.2722205024,4687.53094319684,42640.4871432824,58408.8237160779,79263.7023301955
46546.0883499144,4600.06380498995,41997.6515289662,58249.8961650995,78595.1079087011
47261.2746479528,4751.10388725104,45557.9836700935,60520.9048793449,80970.7743246923
47814.179742874,4990.54463367383,52346.5652603622,64220.5569587638,85028.1939607364
52929.9609449313,4874.42517327597,107212.472306786,119803.62518413,147222.209886517
56255.4223897669,5478.33900891037,125870.974526277,140335.44063395,160585.488224269
56211.773490346,5117.24070562756,136270.296683256,149324.232945745,166924.187402927
55806.4218740939,5019.30818988376,147642.058703604,161996.163312184,174452.697718878
56065.5105130192,4805.7065861644,153815.540066598,168986.927157346,184702.76965498
56262.6611042807,4773.39198458453,153290.402192943,168759.854276504,184938.363467768
56295.2456341836,4902.74539953564,150875.716503943,169235.565424523,184734.832992047
55331.107249912,4971.98571404442,148207.811197009,168109.729026441,184690.925095996
54718.7295231514,5006.44033809362,147273.203316862,167775.154724133,185557.027142951
53757.5397959607,5059.34279969599,138411.5707185,160319.96733084,180602.501879932
52858.6948438022,4813.95247409722,126915.044238906,146410.490238566,169695.270806445
53737.6528637777,5125.98978835254,119704.345432473,131271.949761519,160182.735256265
55908.5243908446,5575.18958631204,112198.285179118,119363.601997015,154477.160820168
51977.4103927491,5672.4887389154,69457.1887849866,75041.6583323927,105943.068231461
51132.8319358925,5776.26671924342,66527.6107698644,72726.2633890226,101403.883902646
49777.8460554279,5657.64030206659,62088.4461990973,71591.9441106293,98927.5036755666
50566.7159501241,5904.42849669226,58082.3887149049,68697.2948688898,95259.4130967164
49484.1356155767,5346.16402803928,53608.0649529851,65087.5118860707,84939.5060819026
48099.0400812666,4954.20317283355,47301.8765690863,61840.8538983191,81542.2892183685
47615.5275688064,4822.12339051781,44197.9717161922,59776.6248554034,80710.7479383976
46825.2722205024,4687.53094319684,42640.4871432824,58408.8237160779,79263.7023301955
46546.0883499144,4600.06380498995,41997.6515289662,58249.8961650995,78595.1079087011
47261.2746479528,4751.10388725104,45557.9836700935,60520.9048793449,80970.7743246923
47814.179742874,4990.54463367383,52346.5652603622,64220.5569587638,85028.1939607364
52929.9609449313,4874.42517327597,107212.472306786,119803.62518413,147222.209886517
56255.4223897669,5478.33900891037,125870.974526277,140335.44063395,160585.488224269
56211.773490346,5117.24070562756,136270.296683256,149324.232945745,166924.187402927
55806.4218740939,5019.30818988376,147642.058703604,161996.163312184,174452.697718878
56065.5105130192,4805.7065861644,153815.540066598,168986.927157346,184702.76965498
56262.6611042807,4773.39198458453,153290.402192943,168759.854276504,184938.363467768
56295.2456341836,4902.74539953564,150875.716503943,169235.565424523,184734.832992047
55331.107249912,4971.98571404442,148207.811197009,168109.729026441,184690.925095996
54718.7295231514,5006.44033809362,147273.203316862,167775.154724133,185557.027142951
53757.5397959607,5059.34279969599,138411.5707185,160319.96733084,180602.501879932
52858.6948438022,4813.95247409722,126915.044238906,146410.490238566,169695.270806445
53737.6528637777,5125.98978835254,119704.345432473,131271.949761519,160182.735256265
55908.5243908446,5575.18958631204,112198.285179118,119363.601997015,154477.160820168
51977.4103927491,5672.4887389154,69457.1887849866,75041.6583323927,105943.068231461
51132.8319358925,5776.26671924342,66527.6107698644,72726.2633890226,101403.883902646
49777.8460554279,5657.64030206659,62088.4461990973,71591.9441106293,98927.5036755666
50566.7159501241,5904.42849669226,58082.3887149049,68697.2948688898,95259.4130967164
49484.1356155767,5346.16402803928,53608.0649529851,65087.5118860707,84939.5060819026
48099.0400812666,4954.20317283355,47301.8765690863,61840.8538983191,81542.2892183685
47615.5275688064,4822.12339051781,44197.9717161922,59776.6248554034,80710.7479383976
46825.2722205024,4687.53094319684,42640.4871432824,58408.8237160779,79263.7023301955
46546.0883499144,4600.06380498995,41997.6515289662,58249.8961650995,78595.1079087011
47261.2746479528,4751.10388725104,45557.9836700935,60520.9048793449,80970.7743246923
47814.179742874,4990.54463367383,52346.5652603622,64220.5569587638,85028.1939607364
52929.9609449313,4874.42517327597,107212.472306786,119803.62518413,147222.209886517
56255.4223897669,5478.33900891037,125870.974526277,140335.44063395,160585.488224269
56211.773490346,5117.24070562756,136270.296683256,149324.232945745,166924.187402927
55806.4218740939,5019.30818988376,147642.058703604,161996.163312184,174452.697718878
56065.5105130192,4805.7065861644,153815.540066598,168986.927157346,184702.76965498
56262.6611042807,4773.39198458453,153290.402192943,168759.854276504,184938.363467768
56295.2456341836,4902.74539953564,150875.716503943,169235.565424523,184734.832992047
55331.107249912,4971.98571404442,148207.811197009,168109.729026441,184690.925095996
54718.7295231514,5006.44033809362,147273.203316862,167775.154724133,185557.027142951
53757.5397959607,5059.34279969599,138411.5707185,160319.96733084,180602.501879932
52858.6948438022,4813.95247409722,126915.044238906,146410.490238566,169695.270806445
53737.6528637777,5125.98978835254,119704.345432473,131271.949761519,160182.735256265
55908.5243908446,5575.18958631204,112198.285179118,119363.601997015,154477.160820168
51977.4103927491,5672.4887389154,69457.1887849866,75041.6583323927,105943.068231461
51132.8319358925,5776.26671924342,66527.6107698644,72726.2633890226,101403.883902646
49777.8460554279,5657.64030206659,62088.4461990973,71591.9441106293,98927.5036755666
50566.7159501241,5904.42849669226,58082.3887149049,68697.2948688898,95259.4130967164
49484.1356155767,5346.16402803928,53608.0649529851,65087.5118860707,84939.5060819026
48099.0400812666,4954.20317283355,47301.8765690863,61840.8538983191,81542.2892183685
47615.5275688064,4822.12339051781,44197.9717161922,59776.6248554034,80710.7479383976
46825.2722205024,4687.53094319684,42640.4871432824,58408.8237160779,79263.7023301955
46546.0883499144,4600.06380498995,41997.6515289662,58249.8961650995,78595.1079087011
47261.2746479528,4751.10388725104,45557.9836700935,60520.9048793449,80970.7743246923
47814.179742874,4990.54463367383,52346.5652603622,64220.5569587638,85028.1939607364
52929.9609449313,4874.42517327597,107212.472306786,119803.62518413,147222.209886517
56255.4223897669,5478.33900891037,125870.974526277,140335.44063395,160585.488224269
56211.773490346,5117.24070562756,136270.296683256,149324.232945745,166924.187402927
55806.4218740939,5019.30818988376,147642.058703604,161996.163312184,174452.697718878
56065.5105130192,4805.7065861644,153815.540066598,168986.927157346,184702.76965498
56262.6611042807,4773.39198458453,153290.402192943,168759.854276504,184938.363467768
56295.2456341836,4902.74539953564,150875.716503943,169235.565424523,184734.832992047
55331.107249912,4971.98571404442,148207.811197009,168109.729026441,184690.925095996
54718.7295231514,5006.44033809362,147273.203316862,167775.154724133,185557.027142951
53757.5397959607,5059.34279969599,138411.5707185,160319.96733084,180602.501879932
52858.6948438022,4813.95247409722,126915.044238906,146410.490238566,169695.270806445
53737.6528637777,5125.98978835254,119704.345432473,131271.949761519,160182.735256265
55908.5243908446,5575.18958631204,112198.285179118,119363.601997015,154477.160820168
51977.4103927491,5672.4887389154,69457.1887849866,75041.6583323927,105943.068231461
51132.8319358925,5776.26671924342,66527.6107698644,72726.2633890226,101403.883902646
49777.8460554279,5657.64030206659,62088.4461990973,71591.9441106293,98927.5036755666
50566.7159501241,5904.42849669226,58082.3887149049,68697.2948688898,95259.4130967164
49484.1356155767,5346.16402803928,53608.0649529851,65087.5118860707,84939.5060819026
48099.0400812666,4954.20317283355,47301.8765690863,61840.8538983191,81542.2892183685
47615.5275688064,4822.12339051781,44197.9717161922,59776.6248554034,80710.7479383976
46825.2722205024,4687.53094319684,42640.4871432824,58408.8237160779,79263.7023301955
46546.0883499144,4600.06380498995,41997.6515289662,58249.8961650995,78595.1079087011
47261.2746479528,4751.10388725104,45557.9836700935,60520.9048793449,80970.7743246923
47814.179742874,4990.54463367383,52346.5652603622,64220.5569587638,85028.1939607364
52929.9609449313,4874.42517327597,107212.472306786,119803.62518413,147222.209886517
56255.4223897669,5478.33900891037,125870.974526277,140335.44063395,160585.488224269
56211.773490346,5117.24070562756,136270.296683256,149324.232945745,166924.187402927
55806.4218740939,5019.30818988376,147642.058703604,161996.163312184,174452.697718878
56065.5105130192,4805.7065861644,153815.540066598,168986.927157346,184702.76965498
56262.6611042807,4773.39198458453,153290.402192943,168759.854276504,184938.363467768
56295.2456341836,4902.74539953564,150875.716503943,169235.565424523,184734.832992047
55331.107249912,4971.98571404442,148207.811197009,168109.729026441,184690.925095996
54718.7295231514,5006.44033809362,147273.203316862,167775.154724133,185557.027142951
53757.5397959607,5059.34279969599,138411.5707185,160319.96733084,180602.501879932
52858.6948438022,4813.95247409722,126915.044238906,146410.490238566,169695.270806445
53737.6528637777,5125.98978835254,119704.345432473,131271.949761519,160182.735256265
55908.5243908446,5575.18958631204,112198.285179118,119363.601997015,154477.160820168
51977.4103927491,5672.4887389154,69457.1887849866,75041.6583323927,105943.068231461
51132.8319358925,5776.26671924342,66527.6107698644,72726.2633890226,101403.883902646
49777.8460554279,5657.64030206659,62088.4461990973,71591.9441106293,98927.5036755666
50566.7159501241,5904.42849669226,58082.3887149049,68697.2948688898,95259.4130967164
49484.1356155767,5346.16402803928,53608.0649529851,65087.5118860707,84939.5060819026
49580.4983849757,4683.85784107887,54932.6269369337,73773.7444719964,87157.8060327105
49019.8238329172,4568.4566349796,52765.0534500721,72776.0774649428,84269.7532941543
48462.5352327554,4449.90160842635,51366.1617475875,70938.0490759818,82773.6062597533
48037.4933476226,4362.49590877319,50670.7682135459,70612.8040115819,82007.3826554427
48492.877681568,4510.05762119203,52710.0371020264,74592.5067718369,82893.4129211018
48503.2813633159,4721.51492494324,55275.0265265002,78454.6613152621,85050.2759356433
48935.8364054916,4341.92344554743,84341.7301159754,120480.405330884,130156.465981149
54279.8661109712,5031.30198206299,101860.857702028,134091.786511574,144571.324443355
53378.8245056784,4669.4833853597,106360.000796777,138838.951327933,150465.253398591
52194.8477084148,4719.28196253688,107628.968058639,151481.697843162,153133.796653313
53791.6022597742,4581.85793664255,116600.910024525,159956.329490101,165300.122542974
54314.9211477671,4594.35712525525,117232.491374054,160664.772954805,165483.656095287
54895.5554475857,4710.37640726884,117872.804840694,161116.09627859,165011.509196305
55105.7201556286,4784.43025155597,120058.44018846,159051.443159713,165967.228880124
55138.2676835101,4793.48511621597,120696.682360576,159871.76858376,167023.964690605
55089.4332224323,4845.97987479238,117893.321598787,155584.688887032,163630.168102509
53973.5550005484,4702.96027930553,113680.603233268,144710.304449063,156486.12152264
53549.0360010743,4784.30329579409,109782.555025944,132060.286331046,147913.154786994
57999.8052049804,5455.86207643485,102296.396546996,118805.654477431,147516.197066527
54620.3199535875,5213.28155893019,74565.1007268449,85029.3035606196,110983.247972003
54228.1213677283,5271.69909907956,72076.1865560494,82838.1585765845,110259.875039946
53577.0119872857,5214.84570208923,70042.0914438311,83640.7078843834,110309.557545824
52905.6856307786,5548.55175117781,64405.886095767,81796.8035670237,99356.1333389729
50782.2207841185,5005.48128543736,59159.0341576612,78145.4065764528,89695.3835039914
49580.4983849757,4683.85784107887,54932.6269369337,73773.7444719964,87157.8060327105
49019.8238329172,4568.4566349796,52765.0534500721,72776.0774649428,84269.7532941543
48462.5352327554,4449.90160842635,51366.1617475875,70938.0490759818,82773.6062597533
48037.4933476226,4362.49590877319,50670.7682135459,70612.8040115819,82007.3826554427
48492.877681568,4510.05762119203,52710.0371020264,74592.5067718369,82893.4129211018
48503.2813633159,4721.51492494324,55275.0265265002,78454.6613152621,85050.2759356433
48935.8364054916,4341.92344554743,84341.7301159754,120480.405330884,130156.465981149
54279.8661109712,5031.30198206299,101860.857702028,134091.786511574,144571.324443355
53378.8245056784,4669.4833853597,106360.000796777,138838.951327933,150465.253398591
52194.8477084148,4719.28196253688,107628.968058639,151481.697843162,153133.796653313
53791.6022597742,4581.85793664255,116600.910024525,159956.329490101,165300.122542974
54314.9211477671,4594.35712525525,117232.491374054,160664.772954805,165483.656095287
54895.5554475857,4710.37640726884,117872.804840694,161116.09627859,165011.509196305
55105.7201556286,4784.43025155597,120058.44018846,159051.443159713,165967.228880124
55138.2676835101,4793.48511621597,120696.682360576,159871.76858376,167023.964690605
55089.4332224323,4845.97987479238,117893.321598787,155584.688887032,163630.168102509
53973.5550005484,4702.96027930553,113680.603233268,144710.304449063,156486.12152264
53549.0360010743,4784.30329579409,109782.555025944,132060.286331046,147913.154786994
57999.8052049804,5455.86207643485,102296.396546996,118805.654477431,147516.197066527
54620.3199535875,5213.28155893019,74565.1007268449,85029.3035606196,110983.247972003
54228.1213677283,5271.69909907956,72076.1865560494,82838.1585765845,110259.875039946
53577.0119872857,5214.84570208923,70042.0914438311,83640.7078843834,110309.557545824
52905.6856307786,5548.55175117781,64405.886095767,81796.8035670237,99356.1333389729
50782.2207841185,5005.48128543736,59159.0341576612,78145.4065764528,89695.3835039914
49580.4983849757,4683.85784107887,54932.6269369337,73773.7444719964,87157.8060327105
49019.8238329172,4568.4566349796,52765.0534500721,72776.0774649428,84269.7532941543
48462.5352327554,4449.90160842635,51366.1617475875,70938.0490759818,82773.6062597533
48037.4933476226,4362.49590877319,50670.7682135459,70612.8040115819,82007.3826554427
48492.877681568,4510.05762119203,52710.0371020264,74592.5067718369,82893.4129211018
48503.2813633159,4721.51492494324,55275.0265265002,78454.6613152621,85050.2759356433
48935.8364054916,4341.92344554743,84341.7301159754,120480.405330884,130156.465981149
54279.8661109712,5031.30198206299,101860.857702028,134091.786511574,144571.324443355
53378.8245056784,4669.4833853597,106360.000796777,138838.951327933,150465.253398591
52194.8477084148,4719.28196253688,107628.968058639,151481.697843162,153133.796653313
53791.6022597742,4581.85793664255,116600.910024525,159956.329490101,165300.122542974
54314.9211477671,4594.35712525525,117232.491374054,160664.772954805,165483.656095287
54895.5554475857,4710.37640726884,117872.804840694,161116.09627859,165011.509196305
55105.7201556286,4784.43025155597,120058.44018846,159051.443159713,165967.228880124
55138.2676835101,4793.48511621597,120696.682360576,159871.76858376,167023.964690605
55089.4332224323,4845.97987479238,117893.321598787,155584.688887032,163630.168102509
53973.5550005484,4702.96027930553,113680.603233268,144710.304449063,156486.12152264
53549.0360010743,4784.30329579409,109782.555025944,132060.286331046,147913.154786994
57999.8052049804,5455.86207643485,102296.396546996,118805.654477431,147516.197066527
54620.3199535875,5213.28155893019,74565.1007268449,85029.3035606196,110983.247972003
54228.1213677283,5271.69909907956,72076.1865560494,82838.1585765845,110259.875039946
53577.0119872857,5214.84570208923,70042.0914438311,83640.7078843834,110309.557545824
52905.6856307786,5548.55175117781,64405.886095767,81796.8035670237,99356.1333389729
50782.2207841185,5005.48128543736,59159.0341576612,78145.4065764528,89695.3835039914
49580.4983849757,4683.85784107887,54932.6269369337,73773.7444719964,87157.8060327105
49019.8238329172,4568.4566349796,52765.0534500721,72776.0774649428,84269.7532941543
48462.5352327554,4449.90160842635,51366.1617475875,70938.0490759818,82773.6062597533
48037.4933476226,4362.49590877319,50670.7682135459,70612.8040115819,82007.3826554427
48492.877681568,4510.05762119203,52710.0371020264,74592.5067718369,82893.4129211018
48503.2813633159,4721.51492494324,55275.0265265002,78454.6613152621,85050.2759356433
48935.8364054916,4341.92344554743,84341.7301159754,120480.405330884,130156.465981149
54279.8661109712,5031.30198206299,101860.857702028,134091.786511574,144571.324443355
53378.8245056784,4669.4833853597,106360.000796777,138838.951327933,150465.253398591
52194.8477084148,4719.28196253688,107628.968058639,151481.697843162,153133.796653313
53791.6022597742,4581.85793664255,116600.910024525,159956.329490101,165300.122542974
54314.9211477671,4594.35712525525,117232.491374054,160664.772954805,165483.656095287
54895.5554475857,4710.37640726884,117872.804840694,161116.09627859,165011.509196305
55105.7201556286,4784.43025155597,120058.44018846,159051.443159713,165967.228880124
55138.2676835101,4793.48511621597,120696.682360576,159871.76858376,167023.964690605
55089.4332224323,4845.97987479238,117893.321598787,155584.688887032,163630.168102509
53973.5550005484,4702.96027930553,113680.603233268,144710.304449063,156486.12152264
53549.0360010743,4784.30329579409,109782.555025944,132060.286331046,147913.154786994
57999.8052049804,5455.86207643485,102296.396546996,118805.654477431,147516.197066527
54620.3199535875,5213.28155893019,74565.1007268449,85029.3035606196,110983.247972003
54228.1213677283,5271.69909907956,72076.1865560494,82838.1585765845,110259.875039946
53577.0119872857,5214.84570208923,70042.0914438311,83640.7078843834,110309.557545824
52905.6856307786,5548.55175117781,64405.886095767,81796.8035670237,99356.1333389729
50782.2207841185,5005.48128543736,59159.0341576612,78145.4065764528,89695.3835039914
49580.4983849757,4683.85784107887,54932.6269369337,73773.7444719964,87157.8060327105
49019.8238329172,4568.4566349796,52765.0534500721,72776.0774649428,84269.7532941543
48462.5352327554,4449.90160842635,51366.1617475875,70938.0490759818,82773.6062597533
48037.4933476226,4362.49590877319,50670.7682135459,70612.8040115819,82007.3826554427
48492.877681568,4510.05762119203,52710.0371020264,74592.5067718369,82893.4129211018
48503.2813633159,4721.51492494324,55275.0265265002,78454.6613152621,85050.2759356433
48935.8364054916,4341.92344554743,84341.7301159754,120480.405330884,130156.465981149
54279.8661109712,5031.30198206299,101860.857702028,134091.786511574,144571.324443355
53378.8245056784,4669.4833853597,106360.000796777,138838.951327933,150465.253398591
52194.8477084148,4719.28196253688,107628.968058639,151481.697843162,153133.796653313
53791.6022597742,4581.85793664255,116600.910024525,159956.329490101,165300.122542974
54314.9211477671,4594.35712525525,117232.491374054,160664.772954805,165483.656095287
54895.5554475857,4710.37640726884,117872.804840694,161116.09627859,165011.509196305
55105.7201556286,4784.43025155597,120058.44018846,159051.443159713,165967.228880124
55138.2676835101,4793.48511621597,120696.682360576,159871.76858376,167023.964690605
55089.4332224323,4845.97987479238,117893.321598787,155584.688887032,163630.168102509
53973.5550005484,4702.96027930553,113680.603233268,144710.304449063,156486.12152264
53549.0360010743,4784.30329579409,109782.555025944,132060.286331046,147913.154786994
57999.8052049804,5455.86207643485,102296.396546996,118805.654477431,147516.197066527
54620.3199535875,5213.28155893019,74565.1007268449,85029.3035606196,110983.247972003
54228.1213677283,5271.69909907956,72076.1865560494,82838.1585765845,110259.875039946
53577.0119872857,5214.84570208923,70042.0914438311,83640.7078843834,110309.557545824
52905.6856307786,5548.55175117781,64405.886095767,81796.8035670237,99356.1333389729
50782.2207841185,5005.48128543736,59159.0341576612,78145.4065764528,89695.3835039914
49580.4983849757,4683.85784107887,54932.6269369337,73773.7444719964,87157.8060327105
49019.8238329172,4568.4566349796,52765.0534500721,72776.0774649428,84269.7532941543
48462.5352327554,4449.90160842635,51366.1617475875,70938.0490759818,82773.6062597533
48037.4933476226,4362.49590877319,50670.7682135459,70612.8040115819,82007.3826554427
48492.877681568,4510.05762119203,52710.0371020264,74592.5067718369,82893.4129211018
48503.2813633159,4721.51492494324,55275.0265265002,78454.6613152621,85050.2759356433
48935.8364054916,4341.92344554743,84341.7301159754,120480.405330884,130156.465981149
54279.8661109712,5031.30198206299,101860.857702028,134091.786511574,144571.324443355
53378.8245056784,4669.4833853597,106360.000796777,138838.951327933,150465.253398591
52194.8477084148,4719.28196253688,107628.968058639,151481.697843162,153133.796653313
53791.6022597742,4581.85793664255,116600.910024525,159956.329490101,165300.122542974
54314.9211477671,4594.35712525525,117232.491374054,160664.772954805,165483.656095287
54895.5554475857,4710.37640726884,117872.804840694,161116.09627859,165011.509196305
55105.7201556286,4784.43025155597,120058.44018846,159051.443159713,165967.228880124
55138.2676835101,4793.48511621597,120696.682360576,159871.76858376,167023.964690605
55089.4332224323,4845.97987479238,117893.321598787,155584.688887032,163630.168102509
53973.5550005484,4702.96027930553,113680.603233268,144710.304449063,156486.12152264
53549.0360010743,4784.30329579409,109782.555025944,132060.286331046,147913.154786994
57999.8052049804,5455.86207643485,102296.396546996,118805.654477431,147516.197066527
54620.3199535875,5213.28155893019,74565.1007268449,85029.3035606196,110983.247972003
54228.1213677283,5271.69909907956,72076.1865560494,82838.1585765845,110259.875039946
53577.0119872857,5214.84570208923,70042.0914438311,83640.7078843834,110309.557545824
52905.6856307786,5548.55175117781,64405.886095767,81796.8035670237,99356.1333389729
50782.2207841185,5005.48128543736,59159.0341576612,78145.4065764528,89695.3835039914
49580.4983849757,4683.85784107887,54932.6269369337,73773.7444719964,87157.8060327105
49019.8238329172,4568.4566349796,52765.0534500721,72776.0774649428,84269.7532941543
48462.5352327554,4449.90160842635,51366.1617475875,70938.0490759818,82773.6062597533
48037.4933476226,4362.49590877319,50670.7682135459,70612.8040115819,82007.3826554427
48492.877681568,4510.05762119203,52710.0371020264,74592.5067718369,82893.4129211018
48503.2813633159,4721.51492494324,55275.0265265002,78454.6613152621,85050.2759356433
48935.8364054916,4341.92344554743,84341.7301159754,120480.405330884,130156.465981149
54279.8661109712,5031.30198206299,101860.857702028,134091.786511574,144571.324443355
53378.8245056784,4669.4833853597,106360.000796777,138838.951327933,150465.253398591
52194.8477084148,4719.28196253688,107628.968058639,151481.697843162,153133.796653313
53791.6022597742,4581.85793664255,116600.910024525,159956.329490101,165300.122542974
54314.9211477671,4594.35712525525,117232.491374054,160664.772954805,165483.656095287
54895.5554475857,4710.37640726884,117872.804840694,161116.09627859,165011.509196305
55105.7201556286,4784.43025155597,120058.44018846,159051.443159713,165967.228880124
55138.2676835101,4793.48511621597,120696.682360576,159871.76858376,167023.964690605
55089.4332224323,4845.97987479238,117893.321598787,155584.688887032,163630.168102509
53973.5550005484,4702.96027930553,113680.603233268,144710.304449063,156486.12152264
53549.0360010743,4784.30329579409,109782.555025944,132060.286331046,147913.154786994
57999.8052049804,5455.86207643485,102296.396546996,118805.654477431,147516.197066527
54620.3199535875,5213.28155893019,74565.1007268449,85029.3035606196,110983.247972003
54228.1213677283,5271.69909907956,72076.1865560494,82838.1585765845,110259.875039946
53577.0119872857,5214.84570208923,70042.0914438311,83640.7078843834,110309.557545824
52905.6856307786,5548.55175117781,64405.886095767,81796.8035670237,99356.1333389729
50782.2207841185,5005.48128543736,59159.0341576612,78145.4065764528,89695.3835039914
49580.4983849757,4683.85784107887,54932.6269369337,73773.7444719964,87157.8060327105
49019.8238329172,4568.4566349796,52765.0534500721,72776.0774649428,84269.7532941543
48462.5352327554,4449.90160842635,51366.1617475875,70938.0490759818,82773.6062597533
48037.4933476226,4362.49590877319,50670.7682135459,70612.8040115819,82007.3826554427
48492.877681568,4510.05762119203,52710.0371020264,74592.5067718369,82893.4129211018
48503.2813633159,4721.51492494324,55275.0265265002,78454.6613152621,85050.2759356433
48935.8364054916,4341.92344554743,84341.7301159754,120480.405330884,130156.465981149
54279.8661109712,5031.30198206299,101860.857702028,134091.786511574,144571.324443355
53378.8245056784,4669.4833853597,106360.000796777,138838.951327933,150465.253398591
52194.8477084148,4719.28196253688,107628.968058639,151481.697843162,153133.796653313
53791.6022597742,4581.85793664255,116600.910024525,159956.329490101,165300.122542974
54314.9211477671,4594.35712525525,117232.491374054,160664.772954805,165483.656095287
54895.5554475857,4710.37640726884,117872.804840694,161116.09627859,165011.509196305
55105.7201556286,4784.43025155597,120058.44018846,159051.443159713,165967.228880124
55138.2676835101,4793.48511621597,120696.682360576,159871.76858376,167023.964690605
55089.4332224323,4845.97987479238,117893.321598787,155584.688887032,163630.168102509
53973.5550005484,4702.96027930553,113680.603233268,144710.304449063,156486.12152264
53549.0360010743,4784.30329579409,109782.555025944,132060.286331046,147913.154786994
57999.8052049804,5455.86207643485,102296.396546996,118805.654477431,147516.197066527
54620.3199535875,5213.28155893019,74565.1007268449,85029.3035606196,110983.247972003
54228.1213677283,5271.69909907956,72076.1865560494,82838.1585765845,110259.875039946
53577.0119872857,5214.84570208923,70042.0914438311,83640.7078843834,110309.557545824
52905.6856307786,5548.55175117781,64405.886095767,81796.8035670237,99356.1333389729
50782.2207841185,5005.48128543736,59159.0341576612,78145.4065764528,89695.3835039914
49580.4983849757,4683.85784107887,54932.6269369337,73773.7444719964,87157.8060327105
49019.8238329172,4568.4566349796,52765.0534500721,72776.0774649428,84269.7532941543
48462.5352327554,4449.90160842635,51366.1617475875,70938.0490759818,82773.6062597533
48037.4933476226,4362.49590877319,50670.7682135459,70612.8040115819,82007.3826554427
48492.877681568,4510.05762119203,52710.0371020264,74592.5067718369,82893.4129211018
48503.2813633159,4721.51492494324,55275.0265265002,78454.6613152621,85050.2759356433
48935.8364054916,4341.92344554743,84341.7301159754,120480.405330884,130156.465981149
54279.8661109712,5031.30198206299,101860.857702028,134091.786511574,144571.324443355
53378.8245056784,4669.4833853597,106360.000796777,138838.951327933,150465.253398591
52194.8477084148,4719.28196253688,107628.968058639,151481.697843162,153133.796653313
53791.6022597742,4581.85793664255,116600.910024525,159956.329490101,165300.122542974
54314.9211477671,4594.35712525525,117232.491374054,160664.772954805,165483.656095287
54895.5554475857,4710.37640726884,117872.804840694,161116.09627859,165011.509196305
55105.7201556286,4784.43025155597,120058.44018846,159051.443159713,165967.228880124
55138.2676835101,4793.48511621597,120696.682360576,159871.76858376,167023.964690605
55089.4332224323,4845.97987479238,117893.321598787,155584.688887032,163630.168102509
53973.5550005484,4702.96027930553,113680.603233268,144710.304449063,156486.12152264
53549.0360010743,4784.30329579409,109782.555025944,132060.286331046,147913.154786994
57999.8052049804,5455.86207643485,102296.396546996,118805.654477431,147516.197066527
54620.3199535875,5213.28155893019,74565.1007268449,85029.3035606196,110983.247972003
54228.1213677283,5271.69909907956,72076.1865560494,82838.1585765845,110259.875039946
53577.0119872857,5214.84570208923,70042.0914438311,83640.7078843834,110309.557545824
52905.6856307786,5548.55175117781,64405.886095767,81796.8035670237,99356.1333389729
50782.2207841185,5005.48128543736,59159.0341576612,78145.4065764528,89695.3835039914
49580.4983849757,4683.85784107887,54932.6269369337,73773.7444719964,87157.8060327105
49019.8238329172,4568.4566349796,52765.0534500721,72776.0774649428,84269.7532941543
48462.5352327554,4449.90160842635,51366.1617475875,70938.0490759818,82773.6062597533
48037.4933476226,4362.49590877319,50670.7682135459,70612.8040115819,82007.3826554427
48492.877681568,4510.05762119203,52710.0371020264,74592.5067718369,82893.4129211018
48503.2813633159,4721.51492494324,55275.0265265002,78454.6613152621,85050.2759356433
48935.8364054916,4341.92344554743,84341.7301159754,120480.405330884,130156.465981149
54279.8661109712,5031.30198206299,101860.857702028,134091.786511574,144571.324443355
53378.8245056784,4669.4833853597,106360.000796777,138838.951327933,150465.253398591
52194.8477084148,4719.28196253688,107628.968058639,151481.697843162,153133.796653313
53791.6022597742,4581.85793664255,116600.910024525,159956.329490101,165300.122542974
54314.9211477671,4594.35712525525,117232.491374054,160664.772954805,165483.656095287
54895.5554475857,4710.37640726884,117872.804840694,161116.09627859,165011.509196305
55105.7201556286,4784.43025155597,120058.44018846,159051.443159713,165967.228880124
55138.2676835101,4793.48511621597,120696.682360576,159871.76858376,167023.964690605
55089.4332224323,4845.97987479238,117893.321598787,155584.688887032,163630.168102509
53973.5550005484,4702.96027930553,113680.603233268,144710.304449063,156486.12152264
53549.0360010743,4784.30329579409,109782.555025944,132060.286331046,147913.154786994
57999.8052049804,5455.86207643485,102296.396546996,118805.654477431,147516.197066527
54620.3199535875,5213.28155893019,74565.1007268449,85029.3035606196,110983.247972003
54228.1213677283,5271.69909907956,72076.1865560494,82838.1585765845,110259.875039946
53577.0119872857,5214.84570208923,70042.0914438311,83640.7078843834,110309.557545824
52905.6856307786,5548.55175117781,64405.886095767,81796.8035670237,99356.1333389729
50782.2207841185,5005.48128543736,59159.0341576612,78145.4065764528,89695.3835039914
49580.4983849757,4683.85784107887,54932.6269369337,73773.7444719964,87157.8060327105
49019.8238329172,4568.4566349796,52765.0534500721,72776.0774649428,84269.7532941543
48462.5352327554,4449.90160842635,51366.1617475875,70938.0490759818,82773.6062597533
48037.4933476226,4362.49590877319,50670.7682135459,70612.8040115819,82007.3826554427
48492.877681568,4510.05762119203,52710.0371020264,74592.5067718369,82893.4129211018
48503.2813633159,4721.51492494324,55275.0265265002,78454.6613152621,85050.2759356433
48935.8364054916,4341.92344554743,84341.7301159754,120480.405330884,130156.465981149
54279.8661109712,5031.30198206299,101860.857702028,134091.786511574,144571.324443355
53378.8245056784,4669.4833853597,106360.000796777,138838.951327933,150465.253398591
52194.8477084148,4719.28196253688,107628.968058639,151481.697843162,153133.796653313
53791.6022597742,4581.85793664255,116600.910024525,159956.329490101,165300.122542974
54314.9211477671,4594.35712525525,117232.491374054,160664.772954805,165483.656095287
54895.5554475857,4710.37640726884,117872.804840694,161116.09627859,165011.509196305
55105.7201556286,4784.43025155597,120058.44018846,159051.443159713,165967.228880124
55138.2676835101,4793.48511621597,120696.682360576,159871.76858376,167023.964690605
55089.4332224323,4845.97987479238,117893.321598787,155584.688887032,163630.168102509
53973.5550005484,4702.96027930553,113680.603233268,144710.304449063,156486.12152264
53549.0360010743,4784.30329579409,109782.555025944,132060.286331046,147913.154786994
57999.8052049804,5455.86207643485,102296.396546996,118805.654477431,147516.197066527
54620.3199535875,5213.28155893019,74565.1007268449,85029.3035606196,110983.247972003
54228.1213677283,5271.69909907956,72076.1865560494,82838.1585765845,110259.875039946
53577.0119872857,5214.84570208923,70042.0914438311,83640.7078843834,110309.557545824
52905.6856307786,5548.55175117781,64405.886095767,81796.8035670237,99356.1333389729
50782.2207841185,5005.48128543736,59159.0341576612,78145.4065764528,89695.3835039914
49580.4983849757,4683.85784107887,54932.6269369337,73773.7444719964,87157.8060327105
49019.8238329172,4568.4566349796,52765.0534500721,72776.0774649428,84269.7532941543
48462.5352327554,4449.90160842635,51366.1617475875,70938.0490759818,82773.6062597533
48037.4933476226,4362.49590877319,50670.7682135459,70612.8040115819,82007.3826554427
48492.877681568,4510.05762119203,52710.0371020264,74592.5067718369,82893.4129211018
48503.2813633159,4721.51492494324,55275.0265265002,78454.6613152621,85050.2759356433
48935.8364054916,4341.92344554743,84341.7301159754,120480.405330884,130156.465981149
54279.8661109712,5031.30198206299,101860.857702028,134091.786511574,144571.324443355
53378.8245056784,4669.4833853597,106360.000796777,138838.951327933,150465.253398591
52194.8477084148,4719.28196253688,107628.968058639,151481.697843162,153133.796653313
53791.6022597742,4581.85793664255,116600.910024525,159956.329490101,165300.122542974
54314.9211477671,4594.35712525525,117232.491374054,160664.772954805,165483.656095287
54895.5554475857,4710.37640726884,117872.804840694,161116.09627859,165011.509196305
55105.7201556286,4784.43025155597,120058.44018846,159051.443159713,165967.228880124
55138.2676835101,4793.48511621597,120696.682360576,159871.76858376,167023.964690605
55089.4332224323,4845.97987479238,117893.321598787,155584.688887032,163630.168102509
53973.5550005484,4702.96027930553,113680.603233268,144710.304449063,156486.12152264
53549.0360010743,4784.30329579409,109782.555025944,132060.286331046,147913.154786994
57999.8052049804,5455.86207643485,102296.396546996,118805.654477431,147516.197066527
54620.3199535875,5213.28155893019,74565.1007268449,85029.3035606196,110983.247972003
54228.1213677283,5271.69909907956,72076.1865560494,82838.1585765845,110259.875039946
53577.0119872857,5214.84570208923,70042.0914438311,83640.7078843834,110309.557545824
52905.6856307786,5548.55175117781,64405.886095767,81796.8035670237,99356.1333389729
50782.2207841185,5005.48128543736,59159.0341576612,78145.4065764528,89695.3835039914
49580.4983849757,4683.85784107887,54932.6269369337,73773.7444719964,87157.8060327105
49019.8238329172,4568.4566349796,52765.0534500721,72776.0774649428,84269.7532941543
48462.5352327554,4449.90160842635,51366.1617475875,70938.0490759818,82773.6062597533
48037.4933476226,4362.49590877319,50670.7682135459,70612.8040115819,82007.3826554427
48492.877681568,4510.05762119203,52710.0371020264,74592.5067718369,82893.4129211018
48503.2813633159,4721.51492494324,55275.0265265002,78454.6613152621,85050.2759356433
48935.8364054916,4341.92344554743,84341.7301159754,120480.405330884,130156.465981149
54279.8661109712,5031.30198206299,101860.857702028,134091.786511574,144571.324443355
53378.8245056784,4669.4833853597,106360.000796777,138838.951327933,150465.253398591
52194.8477084148,4719.28196253688,107628.968058639,151481.697843162,153133.796653313
53791.6022597742,4581.85793664255,116600.910024525,159956.329490101,165300.122542974
54314.9211477671,4594.35712525525,117232.491374054,160664.772954805,165483.656095287
54895.5554475857,4710.37640726884,117872.804840694,161116.09627859,165011.509196305
55105.7201556286,4784.43025155597,120058.44018846,159051.443159713,165967.228880124
55138.2676835101,4793.48511621597,120696.682360576,159871.76858376,167023.964690605
55089.4332224323,4845.97987479238,117893.321598787,155584.688887032,163630.168102509
53973.5550005484,4702.96027930553,113680.603233268,144710.304449063,156486.12152264
53549.0360010743,4784.30329579409,109782.555025944,132060.286331046,147913.154786994
57999.8052049804,5455.86207643485,102296.396546996,118805.654477431,147516.197066527
54620.3199535875,5213.28155893019,74565.1007268449,85029.3035606196,110983.247972003
54228.1213677283,5271.69909907956,72076.1865560494,82838.1585765845,110259.875039946
53577.0119872857,5214.84570208923,70042.0914438311,83640.7078843834,110309.557545824
52905.6856307786,5548.55175117781,64405.886095767,81796.8035670237,99356.1333389729
50782.2207841185,5005.48128543736,59159.0341576612,78145.4065764528,89695.3835039914
49580.4983849757,4683.85784107887,54932.6269369337,73773.7444719964,87157.8060327105
49019.8238329172,4568.4566349796,52765.0534500721,72776.0774649428,84269.7532941543
48462.5352327554,4449.90160842635,51366.1617475875,70938.0490759818,82773.6062597533
48037.4933476226,4362.49590877319,50670.7682135459,70612.8040115819,82007.3826554427
48492.877681568,4510.05762119203,52710.0371020264,74592.5067718369,82893.4129211018
48503.2813633159,4721.51492494324,55275.0265265002,78454.6613152621,85050.2759356433
48935.8364054916,4341.92344554743,84341.7301159754,120480.405330884,130156.465981149
54279.8661109712,5031.30198206299,101860.857702028,134091.786511574,144571.324443355
53378.8245056784,4669.4833853597,106360.000796777,138838.951327933,150465.253398591
52194.8477084148,4719.28196253688,107628.968058639,151481.697843162,153133.796653313
53791.6022597742,4581.85793664255,116600.910024525,159956.329490101,165300.122542974
54314.9211477671,4594.35712525525,117232.491374054,160664.772954805,165483.656095287
54895.5554475857,4710.37640726884,117872.804840694,161116.09627859,165011.509196305
55105.7201556286,4784.43025155597,120058.44018846,159051.443159713,165967.228880124
55138.2676835101,4793.48511621597,120696.682360576,159871.76858376,167023.964690605
55089.4332224323,4845.97987479238,117893.321598787,155584.688887032,163630.168102509
53973.5550005484,4702.96027930553,113680.603233268,144710.304449063,156486.12152264
53549.0360010743,4784.30329579409,109782.555025944,132060.286331046,147913.154786994
57999.8052049804,5455.86207643485,102296.396546996,118805.654477431,147516.197066527
54620.3199535875,5213.28155893019,74565.1007268449,85029.3035606196,110983.247972003
54228.1213677283,5271.69909907956,72076.1865560494,82838.1585765845,110259.875039946
53577.0119872857,5214.84570208923,70042.0914438311,83640.7078843834,110309.557545824
52905.6856307786,5548.55175117781,64405.886095767,81796.8035670237,99356.1333389729
50782.2207841185,5005.48128543736,59159.0341576612,78145.4065764528,89695.3835039914
49580.4983849757,4683.85784107887,54932.6269369337,73773.7444719964,87157.8060327105
49019.8238329172,4568.4566349796,52765.0534500721,72776.0774649428,84269.7532941543
48462.5352327554,4449.90160842635,51366.1617475875,70938.0490759818,82773.6062597533
48037.4933476226,4362.49590877319,50670.7682135459,70612.8040115819,82007.3826554427
48492.877681568,4510.05762119203,52710.0371020264,74592.5067718369,82893.4129211018
48503.2813633159,4721.51492494324,55275.0265265002,78454.6613152621,85050.2759356433
48935.8364054916,4341.92344554743,84341.7301159754,120480.405330884,130156.465981149
54279.8661109712,5031.30198206299,101860.857702028,134091.786511574,144571.324443355
53378.8245056784,4669.4833853597,106360.000796777,138838.951327933,150465.253398591
52194.8477084148,4719.28196253688,107628.968058639,151481.697843162,153133.796653313
53791.6022597742,4581.85793664255,116600.910024525,159956.329490101,165300.122542974
54314.9211477671,4594.35712525525,117232.491374054,160664.772954805,165483.656095287
54895.5554475857,4710.37640726884,117872.804840694,161116.09627859,165011.509196305
55105.7201556286,4784.43025155597,120058.44018846,159051.443159713,165967.228880124
55138.2676835101,4793.48511621597,120696.682360576,159871.76858376,167023.964690605
55089.4332224323,4845.97987479238,117893.321598787,155584.688887032,163630.168102509
53973.5550005484,4702.96027930553,113680.603233268,144710.304449063,156486.12152264
53549.0360010743,4784.30329579409,109782.555025944,132060.286331046,147913.154786994
57999.8052049804,5455.86207643485,102296.396546996,118805.654477431,147516.197066527
54620.3199535875,5213.28155893019,74565.1007268449,85029.3035606196,110983.247972003
54228.1213677283,5271.69909907956,72076.1865560494,82838.1585765845,110259.875039946
53577.0119872857,5214.84570208923,70042.0914438311,83640.7078843834,110309.557545824
52905.6856307786,5548.55175117781,64405.886095767,81796.8035670237,99356.1333389729
50782.2207841185,5005.48128543736,59159.0341576612,78145.4065764528,89695.3835039914
49580.4983849757,4683.85784107887,54932.6269369337,73773.7444719964,87157.8060327105
49019.8238329172,4568.4566349796,52765.0534500721,72776.0774649428,84269.7532941543
48462.5352327554,4449.90160842635,51366.1617475875,70938.0490759818,82773.6062597533
48037.4933476226,4362.49590877319,50670.7682135459,70612.8040115819,82007.3826554427
48492.877681568,4510.05762119203,52710.0371020264,74592.5067718369,82893.4129211018
48503.2813633159,4721.51492494324,55275.0265265002,78454.6613152621,85050.2759356433
48935.8364054916,4341.92344554743,84341.7301159754,120480.405330884,130156.465981149
54279.8661109712,5031.30198206299,101860.857702028,134091.786511574,144571.324443355
53378.8245056784,4669.4833853597,106360.000796777,138838.951327933,150465.253398591
52194.8477084148,4719.28196253688,107628.968058639,151481.697843162,153133.796653313
53791.6022597742,4581.85793664255,116600.910024525,159956.329490101,165300.122542974
54314.9211477671,4594.35712525525,117232.491374054,160664.772954805,165483.656095287
54895.5554475857,4710.37640726884,117872.804840694,161116.09627859,165011.509196305
55105.7201556286,4784.43025155597,120058.44018846,159051.443159713,165967.228880124
55138.2676835101,4793.48511621597,120696.682360576,159871.76858376,167023.964690605
55089.4332224323,4845.97987479238,117893.321598787,155584.688887032,163630.168102509
53973.5550005484,4702.96027930553,113680.603233268,144710.304449063,156486.12152264
53549.0360010743,4784.30329579409,109782.555025944,132060.286331046,147913.154786994
57999.8052049804,5455.86207643485,102296.396546996,118805.654477431,147516.197066527
54620.3199535875,5213.28155893019,74565.1007268449,85029.3035606196,110983.247972003
54228.1213677283,5271.69909907956,72076.1865560494,82838.1585765845,110259.875039946
53577.0119872857,5214.84570208923,70042.0914438311,83640.7078843834,110309.557545824
52905.6856307786,5548.55175117781,64405.886095767,81796.8035670237,99356.1333389729
50782.2207841185,5005.48128543736,59159.0341576612,78145.4065764528,89695.3835039914
49580.4983849757,4683.85784107887,54932.6269369337,73773.7444719964,87157.8060327105
49019.8238329172,4568.4566349796,52765.0534500721,72776.0774649428,84269.7532941543
48462.5352327554,4449.90160842635,51366.1617475875,70938.0490759818,82773.6062597533
48037.4933476226,4362.49590877319,50670.7682135459,70612.8040115819,82007.3826554427
48492.877681568,4510.05762119203,52710.0371020264,74592.5067718369,82893.4129211018
48503.2813633159,4721.51492494324,55275.0265265002,78454.6613152621,85050.2759356433
48935.8364054916,4341.92344554743,84341.7301159754,120480.405330884,130156.465981149
54279.8661109712,5031.30198206299,101860.857702028,134091.786511574,144571.324443355
53378.8245056784,4669.4833853597,106360.000796777,138838.951327933,150465.253398591
52194.8477084148,4719.28196253688,107628.968058639,151481.697843162,153133.796653313
53791.6022597742,4581.85793664255,116600.910024525,159956.329490101,165300.122542974
54314.9211477671,4594.35712525525,117232.491374054,160664.772954805,165483.656095287
54895.5554475857,4710.37640726884,117872.804840694,161116.09627859,165011.509196305
55105.7201556286,4784.43025155597,120058.44018846,159051.443159713,165967.228880124
55138.2676835101,4793.48511621597,120696.682360576,159871.76858376,167023.964690605
55089.4332224323,4845.97987479238,117893.321598787,155584.688887032,163630.168102509
53973.5550005484,4702.96027930553,113680.603233268,144710.304449063,156486.12152264
53549.0360010743,4784.30329579409,109782.555025944,132060.286331046,147913.154786994
57999.8052049804,5455.86207643485,102296.396546996,118805.654477431,147516.197066527
54620.3199535875,5213.28155893019,74565.1007268449,85029.3035606196,110983.247972003
54228.1213677283,5271.69909907956,72076.1865560494,82838.1585765845,110259.875039946
53577.0119872857,5214.84570208923,70042.0914438311,83640.7078843834,110309.557545824
52905.6856307786,5548.55175117781,64405.886095767,81796.8035670237,99356.1333389729
50782.2207841185,5005.48128543736,59159.0341576612,78145.4065764528,89695.3835039914
49580.4983849757,4683.85784107887,54932.6269369337,73773.7444719964,87157.8060327105
49019.8238329172,4568.4566349796,52765.0534500721,72776.0774649428,84269.7532941543
48462.5352327554,4449.90160842635,51366.1617475875,70938.0490759818,82773.6062597533
48037.4933476226,4362.49590877319,50670.7682135459,70612.8040115819,82007.3826554427
48492.877681568,4510.05762119203,52710.0371020264,74592.5067718369,82893.4129211018
48503.2813633159,4721.51492494324,55275.0265265002,78454.6613152621,85050.2759356433
48935.8364054916,4341.92344554743,84341.7301159754,120480.405330884,130156.465981149
54279.8661109712,5031.30198206299,101860.857702028,134091.786511574,144571.324443355
53378.8245056784,4669.4833853597,106360.000796777,138838.951327933,150465.253398591
52194.8477084148,4719.28196253688,107628.968058639,151481.697843162,153133.796653313
53791.6022597742,4581.85793664255,116600.910024525,159956.329490101,165300.122542974
54314.9211477671,4594.35712525525,117232.491374054,160664.772954805,165483.656095287
54895.5554475857,4710.37640726884,117872.804840694,161116.09627859,165011.509196305
55105.7201556286,4784.43025155597,120058.44018846,159051.443159713,165967.228880124
55138.2676835101,4793.48511621597,120696.682360576,159871.76858376,167023.964690605
55089.4332224323,4845.97987479238,117893.321598787,155584.688887032,163630.168102509
53973.5550005484,4702.96027930553,113680.603233268,144710.304449063,156486.12152264
53549.0360010743,4784.30329579409,109782.555025944,132060.286331046,147913.154786994
57999.8052049804,5455.86207643485,102296.396546996,118805.654477431,147516.197066527
54620.3199535875,5213.28155893019,74565.1007268449,85029.3035606196,110983.247972003
54228.1213677283,5271.69909907956,72076.1865560494,82838.1585765845,110259.875039946
53577.0119872857,5214.84570208923,70042.0914438311,83640.7078843834,110309.557545824
52905.6856307786,5548.55175117781,64405.886095767,81796.8035670237,99356.1333389729
50782.2207841185,5005.48128543736,59159.0341576612,78145.4065764528,89695.3835039914
49580.4983849757,4683.85784107887,54932.6269369337,73773.7444719964,87157.8060327105
49019.8238329172,4568.4566349796,52765.0534500721,72776.0774649428,84269.7532941543
48462.5352327554,4449.90160842635,51366.1617475875,70938.0490759818,82773.6062597533
48037.4933476226,4362.49590877319,50670.7682135459,70612.8040115819,82007.3826554427
48492.877681568,4510.05762119203,52710.0371020264,74592.5067718369,82893.4129211018
48503.2813633159,4721.51492494324,55275.0265265002,78454.6613152621,85050.2759356433
48935.8364054916,4341.92344554743,84341.7301159754,120480.405330884,130156.465981149
54279.8661109712,5031.30198206299,101860.857702028,134091.786511574,144571.324443355
53378.8245056784,4669.4833853597,106360.000796777,138838.951327933,150465.253398591
52194.8477084148,4719.28196253688,107628.968058639,151481.697843162,153133.796653313
53791.6022597742,4581.85793664255,116600.910024525,159956.329490101,165300.122542974
54314.9211477671,4594.35712525525,117232.491374054,160664.772954805,165483.656095287
54895.5554475857,4710.37640726884,117872.804840694,161116.09627859,165011.509196305
55105.7201556286,4784.43025155597,120058.44018846,159051.443159713,165967.228880124
55138.2676835101,4793.48511621597,120696.682360576,159871.76858376,167023.964690605
55089.4332224323,4845.97987479238,117893.321598787,155584.688887032,163630.168102509
53973.5550005484,4702.96027930553,113680.603233268,144710.304449063,156486.12152264
53549.0360010743,4784.30329579409,109782.555025944,132060.286331046,147913.154786994
57999.8052049804,5455.86207643485,102296.396546996,118805.654477431,147516.197066527
54620.3199535875,5213.28155893019,74565.1007268449,85029.3035606196,110983.247972003
54228.1213677283,5271.69909907956,72076.1865560494,82838.1585765845,110259.875039946
53577.0119872857,5214.84570208923,70042.0914438311,83640.7078843834,110309.557545824
52905.6856307786,5548.55175117781,64405.886095767,81796.8035670237,99356.1333389729
50782.2207841185,5005.48128543736,59159.0341576612,78145.4065764528,89695.3835039914
49580.4983849757,4683.85784107887,54932.6269369337,73773.7444719964,87157.8060327105
49019.8238329172,4568.4566349796,52765.0534500721,72776.0774649428,84269.7532941543
48462.5352327554,4449.90160842635,51366.1617475875,70938.0490759818,82773.6062597533
48037.4933476226,4362.49590877319,50670.7682135459,70612.8040115819,82007.3826554427
48492.877681568,4510.05762119203,52710.0371020264,74592.5067718369,82893.4129211018
48503.2813633159,4721.51492494324,55275.0265265002,78454.6613152621,85050.2759356433
48935.8364054916,4341.92344554743,84341.7301159754,120480.405330884,130156.465981149
54279.8661109712,5031.30198206299,101860.857702028,134091.786511574,144571.324443355
53378.8245056784,4669.4833853597,106360.000796777,138838.951327933,150465.253398591
52194.8477084148,4719.28196253688,107628.968058639,151481.697843162,153133.796653313
53791.6022597742,4581.85793664255,116600.910024525,159956.329490101,165300.122542974
54314.9211477671,4594.35712525525,117232.491374054,160664.772954805,165483.656095287
54895.5554475857,4710.37640726884,117872.804840694,161116.09627859,165011.509196305
55105.7201556286,4784.43025155597,120058.44018846,159051.443159713,165967.228880124
55138.2676835101,4793.48511621597,120696.682360576,159871.76858376,167023.964690605
55089.4332224323,4845.97987479238,117893.321598787,155584.688887032,163630.168102509
53973.5550005484,4702.96027930553,113680.603233268,144710.304449063,156486.12152264
53549.0360010743,4784.30329579409,109782.555025944,132060.286331046,147913.154786994
57999.8052049804,5455.86207643485,102296.396546996,118805.654477431,147516.197066527
54620.3199535875,5213.28155893019,74565.1007268449,85029.3035606196,110983.247972003
54228.1213677283,5271.69909907956,72076.1865560494,82838.1585765845,110259.875039946
53577.0119872857,5214.84570208923,70042.0914438311,83640.7078843834,110309.557545824
52905.6856307786,5548.55175117781,64405.886095767,81796.8035670237,99356.1333389729
50782.2207841185,5005.48128543736,59159.0341576612,78145.4065764528,89695.3835039914
49580.4983849757,4683.85784107887,54932.6269369337,73773.7444719964,87157.8060327105
49019.8238329172,4568.4566349796,52765.0534500721,72776.0774649428,84269.7532941543
48462.5352327554,4449.90160842635,51366.1617475875,70938.0490759818,82773.6062597533
48037.4933476226,4362.49590877319,50670.7682135459,70612.8040115819,82007.3826554427
48492.877681568,4510.05762119203,52710.0371020264,74592.5067718369,82893.4129211018
48503.2813633159,4721.51492494324,55275.0265265002,78454.6613152621,85050.2759356433
48935.8364054916,4341.92344554743,84341.7301159754,120480.405330884,130156.465981149
54279.8661109712,5031.30198206299,101860.857702028,134091.786511574,144571.324443355
53378.8245056784,4669.4833853597,106360.000796777,138838.951327933,150465.253398591
52194.8477084148,4719.28196253688,107628.968058639,151481.697843162,153133.796653313
53791.6022597742,4581.85793664255,116600.910024525,159956.329490101,165300.122542974
54314.9211477671,4594.35712525525,117232.491374054,160664.772954805,165483.656095287
54895.5554475857,4710.37640726884,117872.804840694,161116.09627859,165011.509196305
55105.7201556286,4784.43025155597,120058.44018846,159051.443159713,165967.228880124
55138.2676835101,4793.48511621597,120696.682360576,159871.76858376,167023.964690605
55089.4332224323,4845.97987479238,117893.321598787,155584.688887032,163630.168102509
53973.5550005484,4702.96027930553,113680.603233268,144710.304449063,156486.12152264
53549.0360010743,4784.30329579409,109782.555025944,132060.286331046,147913.154786994
57999.8052049804,5455.86207643485,102296.396546996,118805.654477431,147516.197066527
54620.3199535875,5213.28155893019,74565.1007268449,85029.3035606196,110983.247972003
54228.1213677283,5271.69909907956,72076.1865560494,82838.1585765845,110259.875039946
53577.0119872857,5214.84570208923,70042.0914438311,83640.7078843834,110309.557545824
52905.6856307786,5548.55175117781,64405.886095767,81796.8035670237,99356.1333389729
50782.2207841185,5005.48128543736,59159.0341576612,78145.4065764528,89695.3835039914
49580.4983849757,4683.85784107887,54932.6269369337,73773.7444719964,87157.8060327105
49019.8238329172,4568.4566349796,52765.0534500721,72776.0774649428,84269.7532941543
48462.5352327554,4449.90160842635,51366.1617475875,70938.0490759818,82773.6062597533
48037.4933476226,4362.49590877319,50670.7682135459,70612.8040115819,82007.3826554427
48492.877681568,4510.05762119203,52710.0371020264,74592.5067718369,82893.4129211018
48503.2813633159,4721.51492494324,55275.0265265002,78454.6613152621,85050.2759356433
48935.8364054916,4341.92344554743,84341.7301159754,120480.405330884,130156.465981149
54279.8661109712,5031.30198206299,101860.857702028,134091.786511574,144571.324443355
53378.8245056784,4669.4833853597,106360.000796777,138838.951327933,150465.253398591
52194.8477084148,4719.28196253688,107628.968058639,151481.697843162,153133.796653313
53791.6022597742,4581.85793664255,116600.910024525,159956.329490101,165300.122542974
54314.9211477671,4594.35712525525,117232.491374054,160664.772954805,165483.656095287
54895.5554475857,4710.37640726884,117872.804840694,161116.09627859,165011.509196305
55105.7201556286,4784.43025155597,120058.44018846,159051.443159713,165967.228880124
55138.2676835101,4793.48511621597,120696.682360576,159871.76858376,167023.964690605
55089.4332224323,4845.97987479238,117893.321598787,155584.688887032,163630.168102509
53973.5550005484,4702.96027930553,113680.603233268,144710.304449063,156486.12152264
53549.0360010743,4784.30329579409,109782.555025944,132060.286331046,147913.154786994
57999.8052049804,5455.86207643485,102296.396546996,118805.654477431,147516.197066527
54620.3199535875,5213.28155893019,74565.1007268449,85029.3035606196,110983.247972003
54228.1213677283,5271.69909907956,72076.1865560494,82838.1585765845,110259.875039946
53577.0119872857,5214.84570208923,70042.0914438311,83640.7078843834,110309.557545824
52905.6856307786,5548.55175117781,64405.886095767,81796.8035670237,99356.1333389729
50782.2207841185,5005.48128543736,59159.0341576612,78145.4065764528,89695.3835039914
49580.4983849757,4683.85784107887,54932.6269369337,73773.7444719964,87157.8060327105
49019.8238329172,4568.4566349796,52765.0534500721,72776.0774649428,84269.7532941543
48462.5352327554,4449.90160842635,51366.1617475875,70938.0490759818,82773.6062597533
48037.4933476226,4362.49590877319,50670.7682135459,70612.8040115819,82007.3826554427
48492.877681568,4510.05762119203,52710.0371020264,74592.5067718369,82893.4129211018
48503.2813633159,4721.51492494324,55275.0265265002,78454.6613152621,85050.2759356433
48935.8364054916,4341.92344554743,84341.7301159754,120480.405330884,130156.465981149
54279.8661109712,5031.30198206299,101860.857702028,134091.786511574,144571.324443355
53378.8245056784,4669.4833853597,106360.000796777,138838.951327933,150465.253398591
52194.8477084148,4719.28196253688,107628.968058639,151481.697843162,153133.796653313
53791.6022597742,4581.85793664255,116600.910024525,159956.329490101,165300.122542974
54314.9211477671,4594.35712525525,117232.491374054,160664.772954805,165483.656095287
54895.5554475857,4710.37640726884,117872.804840694,161116.09627859,165011.509196305
55105.7201556286,4784.43025155597,120058.44018846,159051.443159713,165967.228880124
55138.2676835101,4793.48511621597,120696.682360576,159871.76858376,167023.964690605
55089.4332224323,4845.97987479238,117893.321598787,155584.688887032,163630.168102509
53973.5550005484,4702.96027930553,113680.603233268,144710.304449063,156486.12152264
53549.0360010743,4784.30329579409,109782.555025944,132060.286331046,147913.154786994
57999.8052049804,5455.86207643485,102296.396546996,118805.654477431,147516.197066527
54620.3199535875,5213.28155893019,74565.1007268449,85029.3035606196,110983.247972003
54228.1213677283,5271.69909907956,72076.1865560494,82838.1585765845,110259.875039946
53577.0119872857,5214.84570208923,70042.0914438311,83640.7078843834,110309.557545824
52905.6856307786,5548.55175117781,64405.886095767,81796.8035670237,99356.1333389729
50782.2207841185,5005.48128543736,59159.0341576612,78145.4065764528,89695.3835039914
49580.4983849757,4683.85784107887,54932.6269369337,73773.7444719964,87157.8060327105
49019.8238329172,4568.4566349796,52765.0534500721,72776.0774649428,84269.7532941543
48462.5352327554,4449.90160842635,51366.1617475875,70938.0490759818,82773.6062597533
48037.4933476226,4362.49590877319,50670.7682135459,70612.8040115819,82007.3826554427
48492.877681568,4510.05762119203,52710.0371020264,74592.5067718369,82893.4129211018
48503.2813633159,4721.51492494324,55275.0265265002,78454.6613152621,85050.2759356433
48935.8364054916,4341.92344554743,84341.7301159754,120480.405330884,130156.465981149
54279.8661109712,5031.30198206299,101860.857702028,134091.786511574,144571.324443355
53378.8245056784,4669.4833853597,106360.000796777,138838.951327933,150465.253398591
52194.8477084148,4719.28196253688,107628.968058639,151481.697843162,153133.796653313
53791.6022597742,4581.85793664255,116600.910024525,159956.329490101,165300.122542974
54314.9211477671,4594.35712525525,117232.491374054,160664.772954805,165483.656095287
54895.5554475857,4710.37640726884,117872.804840694,161116.09627859,165011.509196305
55105.7201556286,4784.43025155597,120058.44018846,159051.443159713,165967.228880124
55138.2676835101,4793.48511621597,120696.682360576,159871.76858376,167023.964690605
55089.4332224323,4845.97987479238,117893.321598787,155584.688887032,163630.168102509
53973.5550005484,4702.96027930553,113680.603233268,144710.304449063,156486.12152264
53549.0360010743,4784.30329579409,109782.555025944,132060.286331046,147913.154786994
57999.8052049804,5455.86207643485,102296.396546996,118805.654477431,147516.197066527
54620.3199535875,5213.28155893019,74565.1007268449,85029.3035606196,110983.247972003
54228.1213677283,5271.69909907956,72076.1865560494,82838.1585765845,110259.875039946
53577.0119872857,5214.84570208923,70042.0914438311,83640.7078843834,110309.557545824
52905.6856307786,5548.55175117781,64405.886095767,81796.8035670237,99356.1333389729
50782.2207841185,5005.48128543736,59159.0341576612,78145.4065764528,89695.3835039914
49580.4983849757,4683.85784107887,54932.6269369337,73773.7444719964,87157.8060327105
49019.8238329172,4568.4566349796,52765.0534500721,72776.0774649428,84269.7532941543
48462.5352327554,4449.90160842635,51366.1617475875,70938.0490759818,82773.6062597533
48037.4933476226,4362.49590877319,50670.7682135459,70612.8040115819,82007.3826554427
48492.877681568,4510.05762119203,52710.0371020264,74592.5067718369,82893.4129211018
48503.2813633159,4721.51492494324,55275.0265265002,78454.6613152621,85050.2759356433
48935.8364054916,4341.92344554743,84341.7301159754,120480.405330884,130156.465981149
54279.8661109712,5031.30198206299,101860.857702028,134091.786511574,144571.324443355
53378.8245056784,4669.4833853597,106360.000796777,138838.951327933,150465.253398591
52194.8477084148,4719.28196253688,107628.968058639,151481.697843162,153133.796653313
53791.6022597742,4581.85793664255,116600.910024525,159956.329490101,165300.122542974
54314.9211477671,4594.35712525525,117232.491374054,160664.772954805,165483.656095287
54895.5554475857,4710.37640726884,117872.804840694,161116.09627859,165011.509196305
55105.7201556286,4784.43025155597,120058.44018846,159051.443159713,165967.228880124
55138.2676835101,4793.48511621597,120696.682360576,159871.76858376,167023.964690605
55089.4332224323,4845.97987479238,117893.321598787,155584.688887032,163630.168102509
53973.5550005484,4702.96027930553,113680.603233268,144710.304449063,156486.12152264
53549.0360010743,4784.30329579409,109782.555025944,132060.286331046,147913.154786994
57999.8052049804,5455.86207643485,102296.396546996,118805.654477431,147516.197066527
54620.3199535875,5213.28155893019,74565.1007268449,85029.3035606196,110983.247972003
54228.1213677283,5271.69909907956,72076.1865560494,82838.1585765845,110259.875039946
53577.0119872857,5214.84570208923,70042.0914438311,83640.7078843834,110309.557545824
52905.6856307786,5548.55175117781,64405.886095767,81796.8035670237,99356.1333389729
50782.2207841185,5005.48128543736,59159.0341576612,78145.4065764528,89695.3835039914
49580.4983849757,4683.85784107887,54932.6269369337,73773.7444719964,87157.8060327105
49019.8238329172,4568.4566349796,52765.0534500721,72776.0774649428,84269.7532941543
48462.5352327554,4449.90160842635,51366.1617475875,70938.0490759818,82773.6062597533
48037.4933476226,4362.49590877319,50670.7682135459,70612.8040115819,82007.3826554427
48492.877681568,4510.05762119203,52710.0371020264,74592.5067718369,82893.4129211018
48503.2813633159,4721.51492494324,55275.0265265002,78454.6613152621,85050.2759356433
48935.8364054916,4341.92344554743,84341.7301159754,120480.405330884,130156.465981149
54279.8661109712,5031.30198206299,101860.857702028,134091.786511574,144571.324443355
53378.8245056784,4669.4833853597,106360.000796777,138838.951327933,150465.253398591
52194.8477084148,4719.28196253688,107628.968058639,151481.697843162,153133.796653313
53791.6022597742,4581.85793664255,116600.910024525,159956.329490101,165300.122542974
54314.9211477671,4594.35712525525,117232.491374054,160664.772954805,165483.656095287
54895.5554475857,4710.37640726884,117872.804840694,161116.09627859,165011.509196305
55105.7201556286,4784.43025155597,120058.44018846,159051.443159713,165967.228880124
55138.2676835101,4793.48511621597,120696.682360576,159871.76858376,167023.964690605
55089.4332224323,4845.97987479238,117893.321598787,155584.688887032,163630.168102509
53973.5550005484,4702.96027930553,113680.603233268,144710.304449063,156486.12152264
53549.0360010743,4784.30329579409,109782.555025944,132060.286331046,147913.154786994
57999.8052049804,5455.86207643485,102296.396546996,118805.654477431,147516.197066527
54620.3199535875,5213.28155893019,74565.1007268449,85029.3035606196,110983.247972003
54228.1213677283,5271.69909907956,72076.1865560494,82838.1585765845,110259.875039946
53577.0119872857,5214.84570208923,70042.0914438311,83640.7078843834,110309.557545824
52905.6856307786,5548.55175117781,64405.886095767,81796.8035670237,99356.1333389729
50782.2207841185,5005.48128543736,59159.0341576612,78145.4065764528,89695.3835039914
49580.4983849757,4683.85784107887,54932.6269369337,73773.7444719964,87157.8060327105
49019.8238329172,4568.4566349796,52765.0534500721,72776.0774649428,84269.7532941543
48462.5352327554,4449.90160842635,51366.1617475875,70938.0490759818,82773.6062597533
48037.4933476226,4362.49590877319,50670.7682135459,70612.8040115819,82007.3826554427
48492.877681568,4510.05762119203,52710.0371020264,74592.5067718369,82893.4129211018
48503.2813633159,4721.51492494324,55275.0265265002,78454.6613152621,85050.2759356433
48935.8364054916,4341.92344554743,84341.7301159754,120480.405330884,130156.465981149
54279.8661109712,5031.30198206299,101860.857702028,134091.786511574,144571.324443355
53378.8245056784,4669.4833853597,106360.000796777,138838.951327933,150465.253398591
52194.8477084148,4719.28196253688,107628.968058639,151481.697843162,153133.796653313
53791.6022597742,4581.85793664255,116600.910024525,159956.329490101,165300.122542974
54314.9211477671,4594.35712525525,117232.491374054,160664.772954805,165483.656095287
54895.5554475857,4710.37640726884,117872.804840694,161116.09627859,165011.509196305
55105.7201556286,4784.43025155597,120058.44018846,159051.443159713,165967.228880124
55138.2676835101,4793.48511621597,120696.682360576,159871.76858376,167023.964690605
55089.4332224323,4845.97987479238,117893.321598787,155584.688887032,163630.168102509
53973.5550005484,4702.96027930553,113680.603233268,144710.304449063,156486.12152264
53549.0360010743,4784.30329579409,109782.555025944,132060.286331046,147913.154786994
57999.8052049804,5455.86207643485,102296.396546996,118805.654477431,147516.197066527
54620.3199535875,5213.28155893019,74565.1007268449,85029.3035606196,110983.247972003
54228.1213677283,5271.69909907956,72076.1865560494,82838.1585765845,110259.875039946
53577.0119872857,5214.84570208923,70042.0914438311,83640.7078843834,110309.557545824
52905.6856307786,5548.55175117781,64405.886095767,81796.8035670237,99356.1333389729
50782.2207841185,5005.48128543736,59159.0341576612,78145.4065764528,89695.3835039914
49580.4983849757,4683.85784107887,54932.6269369337,73773.7444719964,87157.8060327105
49019.8238329172,4568.4566349796,52765.0534500721,72776.0774649428,84269.7532941543
48462.5352327554,4449.90160842635,51366.1617475875,70938.0490759818,82773.6062597533
48037.4933476226,4362.49590877319,50670.7682135459,70612.8040115819,82007.3826554427
48492.877681568,4510.05762119203,52710.0371020264,74592.5067718369,82893.4129211018
48503.2813633159,4721.51492494324,55275.0265265002,78454.6613152621,85050.2759356433
48935.8364054916,4341.92344554743,84341.7301159754,120480.405330884,130156.465981149
54279.8661109712,5031.30198206299,101860.857702028,134091.786511574,144571.324443355
53378.8245056784,4669.4833853597,106360.000796777,138838.951327933,150465.253398591
52194.8477084148,4719.28196253688,107628.968058639,151481.697843162,153133.796653313
53791.6022597742,4581.85793664255,116600.910024525,159956.329490101,165300.122542974
54314.9211477671,4594.35712525525,117232.491374054,160664.772954805,165483.656095287
54895.5554475857,4710.37640726884,117872.804840694,161116.09627859,165011.509196305
55105.7201556286,4784.43025155597,120058.44018846,159051.443159713,165967.228880124
55138.2676835101,4793.48511621597,120696.682360576,159871.76858376,167023.964690605
55089.4332224323,4845.97987479238,117893.321598787,155584.688887032,163630.168102509
53973.5550005484,4702.96027930553,113680.603233268,144710.304449063,156486.12152264
53549.0360010743,4784.30329579409,109782.555025944,132060.286331046,147913.154786994
57999.8052049804,5455.86207643485,102296.396546996,118805.654477431,147516.197066527
54620.3199535875,5213.28155893019,74565.1007268449,85029.3035606196,110983.247972003
54228.1213677283,5271.69909907956,72076.1865560494,82838.1585765845,110259.875039946
53577.0119872857,5214.84570208923,70042.0914438311,83640.7078843834,110309.557545824
52905.6856307786,5548.55175117781,64405.886095767,81796.8035670237,99356.1333389729
50782.2207841185,5005.48128543736,59159.0341576612,78145.4065764528,89695.3835039914
49580.4983849757,4683.85784107887,54932.6269369337,73773.7444719964,87157.8060327105
49019.8238329172,4568.4566349796,52765.0534500721,72776.0774649428,84269.7532941543
48462.5352327554,4449.90160842635,51366.1617475875,70938.0490759818,82773.6062597533
48037.4933476226,4362.49590877319,50670.7682135459,70612.8040115819,82007.3826554427
48492.877681568,4510.05762119203,52710.0371020264,74592.5067718369,82893.4129211018
48503.2813633159,4721.51492494324,55275.0265265002,78454.6613152621,85050.2759356433
48935.8364054916,4341.92344554743,84341.7301159754,120480.405330884,130156.465981149
54279.8661109712,5031.30198206299,101860.857702028,134091.786511574,144571.324443355
53378.8245056784,4669.4833853597,106360.000796777,138838.951327933,150465.253398591
52194.8477084148,4719.28196253688,107628.968058639,151481.697843162,153133.796653313
53791.6022597742,4581.85793664255,116600.910024525,159956.329490101,165300.122542974
54314.9211477671,4594.35712525525,117232.491374054,160664.772954805,165483.656095287
54895.5554475857,4710.37640726884,117872.804840694,161116.09627859,165011.509196305
55105.7201556286,4784.43025155597,120058.44018846,159051.443159713,165967.228880124
55138.2676835101,4793.48511621597,120696.682360576,159871.76858376,167023.964690605
55089.4332224323,4845.97987479238,117893.321598787,155584.688887032,163630.168102509
53973.5550005484,4702.96027930553,113680.603233268,144710.304449063,156486.12152264
53549.0360010743,4784.30329579409,109782.555025944,132060.286331046,147913.154786994
57999.8052049804,5455.86207643485,102296.396546996,118805.654477431,147516.197066527
54620.3199535875,5213.28155893019,74565.1007268449,85029.3035606196,110983.247972003
54228.1213677283,5271.69909907956,72076.1865560494,82838.1585765845,110259.875039946
53577.0119872857,5214.84570208923,70042.0914438311,83640.7078843834,110309.557545824
52905.6856307786,5548.55175117781,64405.886095767,81796.8035670237,99356.1333389729
50782.2207841185,5005.48128543736,59159.0341576612,78145.4065764528,89695.3835039914
49580.4983849757,4683.85784107887,54932.6269369337,73773.7444719964,87157.8060327105
49019.8238329172,4568.4566349796,52765.0534500721,72776.0774649428,84269.7532941543
48462.5352327554,4449.90160842635,51366.1617475875,70938.0490759818,82773.6062597533
48037.4933476226,4362.49590877319,50670.7682135459,70612.8040115819,82007.3826554427
48492.877681568,4510.05762119203,52710.0371020264,74592.5067718369,82893.4129211018
48503.2813633159,4721.51492494324,55275.0265265002,78454.6613152621,85050.2759356433
48935.8364054916,4341.92344554743,84341.7301159754,120480.405330884,130156.465981149
54279.8661109712,5031.30198206299,101860.857702028,134091.786511574,144571.324443355
53378.8245056784,4669.4833853597,106360.000796777,138838.951327933,150465.253398591
52194.8477084148,4719.28196253688,107628.968058639,151481.697843162,153133.796653313
53791.6022597742,4581.85793664255,116600.910024525,159956.329490101,165300.122542974
54314.9211477671,4594.35712525525,117232.491374054,160664.772954805,165483.656095287
54895.5554475857,4710.37640726884,117872.804840694,161116.09627859,165011.509196305
55105.7201556286,4784.43025155597,120058.44018846,159051.443159713,165967.228880124
55138.2676835101,4793.48511621597,120696.682360576,159871.76858376,167023.964690605
55089.4332224323,4845.97987479238,117893.321598787,155584.688887032,163630.168102509
53973.5550005484,4702.96027930553,113680.603233268,144710.304449063,156486.12152264
53549.0360010743,4784.30329579409,109782.555025944,132060.286331046,147913.154786994
57999.8052049804,5455.86207643485,102296.396546996,118805.654477431,147516.197066527
54620.3199535875,5213.28155893019,74565.1007268449,85029.3035606196,110983.247972003
54228.1213677283,5271.69909907956,72076.1865560494,82838.1585765845,110259.875039946
53577.0119872857,5214.84570208923,70042.0914438311,83640.7078843834,110309.557545824
52905.6856307786,5548.55175117781,64405.886095767,81796.8035670237,99356.1333389729
50782.2207841185,5005.48128543736,59159.0341576612,78145.4065764528,89695.3835039914
49580.4983849757,4683.85784107887,54932.6269369337,73773.7444719964,87157.8060327105
49019.8238329172,4568.4566349796,52765.0534500721,72776.0774649428,84269.7532941543
48462.5352327554,4449.90160842635,51366.1617475875,70938.0490759818,82773.6062597533
48037.4933476226,4362.49590877319,50670.7682135459,70612.8040115819,82007.3826554427
48492.877681568,4510.05762119203,52710.0371020264,74592.5067718369,82893.4129211018
48503.2813633159,4721.51492494324,55275.0265265002,78454.6613152621,85050.2759356433
48935.8364054916,4341.92344554743,84341.7301159754,120480.405330884,130156.465981149
54279.8661109712,5031.30198206299,101860.857702028,134091.786511574,144571.324443355
53378.8245056784,4669.4833853597,106360.000796777,138838.951327933,150465.253398591
52194.8477084148,4719.28196253688,107628.968058639,151481.697843162,153133.796653313
53791.6022597742,4581.85793664255,116600.910024525,159956.329490101,165300.122542974
54314.9211477671,4594.35712525525,117232.491374054,160664.772954805,165483.656095287
54895.5554475857,4710.37640726884,117872.804840694,161116.09627859,165011.509196305
55105.7201556286,4784.43025155597,120058.44018846,159051.443159713,165967.228880124
55138.2676835101,4793.48511621597,120696.682360576,159871.76858376,167023.964690605
55089.4332224323,4845.97987479238,117893.321598787,155584.688887032,163630.168102509
53973.5550005484,4702.96027930553,113680.603233268,144710.304449063,156486.12152264
53549.0360010743,4784.30329579409,109782.555025944,132060.286331046,147913.154786994
57999.8052049804,5455.86207643485,102296.396546996,118805.654477431,147516.197066527
54620.3199535875,5213.28155893019,74565.1007268449,85029.3035606196,110983.247972003
54228.1213677283,5271.69909907956,72076.1865560494,82838.1585765845,110259.875039946
53577.0119872857,5214.84570208923,70042.0914438311,83640.7078843834,110309.557545824
52905.6856307786,5548.55175117781,64405.886095767,81796.8035670237,99356.1333389729
50782.2207841185,5005.48128543736,59159.0341576612,78145.4065764528,89695.3835039914
